-0.47176392932621,-0.492741989654611,-0.260150154877317,-0.0780392594427583,0.141045902702621,0.441677304803391,0.637463607591165,0.769507195953931,0.886583859734239,0.978893207674078,0.983223807516806,1.00434506015457,1.02918923543461,1.03253250495395,1.03655938229832,1.05152653908451,1.07241953544103,1.08829809192603,1.10394862433352,1.11807961543427,1.12316975372662,1.12560092693592,1.13448991849514,1.1454304301407,1.15393976857698,1.165487957423,1.18022685792795,1.18539292684489,1.18607630246618,1.1926095870332,1.20005473570652,1.20575255119932,1.21669283064115,1.2316597552236,1.2349268619146,1.23568663256797,1.23561093414713,1.2369786142047,1.23682698515927,1.24275305693333,1.25042669409164,1.25863184562207,1.26227837323227,1.26539292206286,1.27207853228655,1.27739669465641,1.28362672113257,1.29213605956885,1.30064563020887,1.3010257477393,1.30246935842145,1.3015577265189,1.3054327426141,1.31075113718771,1.31979245440359,1.32868167816656,1.33893834978334,1.33909021103251,1.33665880561947,1.33392321330059,1.33468275175022,1.33643008493073,1.34311569515442,1.35132084668485,1.35922227571693,1.35876622756191,1.35534702741799,1.35200375789866,1.35185166444574,1.35261143509911,1.35815785375022,1.36560369903477,1.3728979152739,1.36309752401587,1.32153955538036,1.24176619101743,1.11990287923937,0.957089043822506,0.772622673599493,0.604338814563592,0.463101815532018,0.355141702980948,0.277495324921466,0.227427553442186,0.184881325668301,0.149704780350627,0.116503592290982,0.0886207988049347,0.0619538241272792,0.0378701161118501,0.00786056852610099,-0.019869667099539,-0.0474480414759869,-0.0716836107405976,-0.0957673187560319,-0.114684957854526,-0.134210506357213,-0.152368374802338,-0.173717419313872,-0.19423076254744,-0.215503876434382,-0.236776758117587,-0.255314511889388,-0.271724814950257,-0.288666864586985,-0.304545188868241,-0.318448388095223,-0.338961499125053,-0.358790770126088,-0.377708409224588,-0.396322325824724,-0.416075898404922,-0.431347009893215,-0.446466260132338,-0.461205625044772,-0.476628597782248,-0.492431455846405,-0.508462337988074,-0.523809380100958,-0.536193502428682,-0.546678198122975,-0.555871144384295,-0.564835834364356,-0.575623788149514,-0.592717466831675,-0.611406617445166,-0.630019837434071,-0.645062460437367,-0.661776718200327,-0.677579344060741,-0.695737444709615,-0.71663067326987,-0.747856504071498,-0.776347206961738,-0.802178712565171,-0.81950087973233,-0.833936057738924,-0.841609462693495,-0.849131006398884,-0.856880574181789,-0.875038442626913,-0.89372828985164,-0.911582435798406,-0.921231198010994,-0.929968328321036,-0.933615552542467,-0.936274749829274,-0.939237669614429,-0.957547399308725,-0.976085153080532,-0.994242789321907,-1.00784226605054,-1.02045418025203,-1.02470908167391,-1.02865979618995,-1.0322306253793,-1.04491823800164,-1.0592772531799,-1.07052125512008,-1.07971420138139,-1.08875528639353,-1.09278193153415,-1.09559299007013,-1.10531768290731,-1.11914471930596,-1.13312384915754,-1.14292470482304,-1.15204195266352,-1.15743651006545,-1.16040012646185,-1.16237594812735,-1.17362041447503,-1.18478871799436,-1.18904315500875,-1.19268968261895,-1.19777958870756,-1.19656353769542,-1.19663923611627,-1.21077045942076,-1.2255093599257,-1.23014368226678,-1.23561393808956,-1.23910860445059,-1.23424602582825,-1.22999158881386,-1.24290745771745,-1.25726670509945,-1.2638006862777,-1.26942280334967,-1.27268944563318,-1.26820675233753,-1.26144497928551,-1.27246142155567,-1.28606113048804,-1.29054382378369,-1.28370635231083,-1.23986907171519,-1.15075066763803,-1.00457539156328,-0.85809639299018
-0.788609127507602,-0.51820459222763,-0.226695859282547,0.0522008258688494,0.396932873345834,0.640347348809294,0.807668604826246,0.916301359864657,0.97179483272024,0.958257915127277,0.958257915127271,0.976419181716684,1.00223176072732,1.03208046229078,1.05486659183595,1.07336450178103,1.0904333478323,1.09581475890951,1.10388649005584,1.11834802046844,1.13264148618286,1.14256244296844,1.15895800230836,1.17585801272247,1.18081874809492,1.18317319574734,1.18662083487689,1.1899841846777,1.19267501870613,1.20276481112887,1.21487215086871,1.22428891355976,1.22765174940124,1.23000568309434,1.23690019041446,1.24488814619136,1.2530444236461,1.26641404747988,1.28020409003875,1.28213837594574,1.28020460399807,1.27944779889696,1.28239021601334,1.28600514890208,1.29550594394223,1.30811799173591,1.32014155610631,1.32030987778415,1.31862845986341,1.31703133127142,1.31904939254783,1.32165593724751,1.33090489222006,1.3409946846428,1.3509161553877,1.34999154256807,1.34772164122407,1.34452687008076,1.34267738746185,1.34166848531347,1.3472177041092,1.35394388975147,1.36134259116612,1.36504155640395,1.36546171814939,1.36512507479372,1.36344339989331,1.3647886884177,1.36932926204472,1.37630805869358,1.38337114467119,1.39169522984444,1.39287245367066,1.36773239043239,1.30551247495486,1.20436271065984,1.05822968465709,0.869719941646275,0.68230313313293,0.518597323964043,0.379527640918561,0.276192521587939,0.209516578791808,0.157554777414864,0.113832771882419,0.0782662728657332,0.0444654810985319,0.0138597174542892,-0.0121216971934982,-0.041213850635517,-0.0702217147487744,-0.0979685796663986,-0.12319293223342,-0.147408125672399,-0.168764934344095,-0.1883560357663,-0.206769913362292,-0.227285884583791,-0.248642693255486,-0.269158407497314,-0.290598991538441,-0.30573329470306,-0.319101633638535,-0.33246997257401,-0.346427051912415,-0.358029940578053,-0.381993036969771,-0.405788325642978,-0.430004033041286,-0.4521176468141,-0.475660581460376,-0.490879430933409,-0.505677604701676,-0.518121587797182,-0.532415310491263,-0.546625000836259,-0.562936527827091,-0.579332344146673,-0.590935489791976,-0.600352509462693,-0.608424240609021,-0.615403037257891,-0.622633930954017,-0.639702263045966,-0.6585363023874,-0.678463276226286,-0.698054120668838,-0.715206742089532,-0.728323497937059,-0.739590514186016,-0.750689465736792,-0.762124546683919,-0.777427171526373,-0.792309377643731,-0.808116453560376,-0.818542375379472,-0.829136361896737,-0.836535320291044,-0.843513859960249,-0.84889475707814,-0.862851836416546,-0.875547916559312,-0.889757606904308,-0.899763366977961,-0.911703155978934,-0.918682209607464,-0.925745038605419,-0.930705773977868,-0.943485886469725,-0.954920710437193,-0.967280661183614,-0.977202645887836,-0.98762908166625,-0.99334713609914,-0.998981158182935,-1.00310131308485,-1.01226597872864,-1.02193509544662,-1.02454112618699,-1.02521312800003,-1.02756706169314,-1.02613774081966,-1.02521287102037,-1.03908643196902,-1.05649140741663,-1.07196235393693,-1.08608775495317,-1.09794325462539,-1.10231576355424,-1.10416601711213,-1.10786601026861,-1.11576993369642,-1.12636417719335,-1.12939088363847,-1.13351052458106,-1.13493958847488,-1.13645294169744,-1.13594849062326,-1.15183985586865,-1.16907650963844,-1.18135268501543,-1.19051786461854,-1.20144849449148,-1.20279378301587,-1.20245739663985,-1.21683489470336,-1.23449145323892,-1.24071318780701,-1.24727156573078,-1.25240062278106,-1.25063491553158,-1.24474931035983,-1.25828648493247,-1.27266423997564,-1.27762497534809,-1.24945820566469,-1.18303461689549,-1.08348300911111,-0.944581390763798,-0.764143635878978
-0.643127790619508,-0.561399111103845,-0.437033183608836,-0.307347792429532,-0.210063487588729,0.141432503197785,0.40185047644838,0.605123259966254,0.780266490918232,0.949606446632909,0.969272499439582,1.00046430323541,1.02504680765877,1.04052187983838,1.05293420810826,1.06123610889663,1.07775935732782,1.09799026751283,1.11749570670821,1.1318425421705,1.14780117956323,1.16392092324704,1.1719809182589,1.17617189888596,1.18108859684254,1.18648910635214,1.19060002651345,1.20196467121155,1.21550572887854,1.22469420694763,1.22791805714843,1.22985231800093,1.23549424060727,1.2404912453695,1.24822853511941,1.25967348662314,1.27313325212491,1.27361632465826,1.27466376189015,1.27313226676534,1.27756539950881,1.28183767230108,1.29376692803762,1.30408413550382,1.31827011101492,1.31915693463553,1.31730322692857,1.31391827043668,1.3169812606863,1.3193185336064,1.32971580153835,1.34132185933316,1.35349203548663,1.35462002586407,1.3534109896613,1.34994498734409,1.34680169028882,1.34365839323356,1.34809152597702,1.35260521186602,1.35800572137563,1.3613911705473,1.36413194821477,1.36268149891529,1.36348752305046,1.36775930316295,1.37501302769974,1.38283087059519,1.3931470927018,1.40080382930617,1.40080358296628,1.39838551056076,1.39524196716559,1.37920277662732,1.33140717125475,1.24919541920576,1.12515244331259,0.958391666294509,0.767853916308457,0.594161627335751,0.446986596318692,0.333179782066383,0.25789954197202,0.211715738529912,0.173269471177609,0.140787585353685,0.111690902361536,0.0753402484927063,0.0401986308266372,0.00787785129378995,-0.0240396698315756,-0.0516046113590186,-0.0723183477374716,-0.0931128836013644,-0.113020595844646,-0.133170460204337,-0.159284952432294,-0.18539969100015,-0.209902134957759,-0.234727284177307,-0.253507252383054,-0.271158737531577,-0.287681739622863,-0.304849659558261,-0.320647190659918,-0.345471847199686,-0.367394866120798,-0.389720897109498,-0.410676785604361,-0.429778720052364,-0.443641743961624,-0.457263108434271,-0.470803673421478,-0.485069709398327,-0.504897361175859,-0.523918988818218,-0.543585287964774,-0.561881690957391,-0.578243586757612,-0.589447125164626,-0.602504617618501,-0.614433627015156,-0.627007307916008,-0.641354143378291,-0.657796345984154,-0.672948712901817,-0.682539956698584,-0.691970094204278,-0.701722690632021,-0.70954102620726,-0.716634137132756,-0.736220129473674,-0.75532231026157,-0.773134901701164,-0.791834070421471,-0.809565862375642,-0.818834400910468,-0.828103185785192,-0.836082134971711,-0.844867108293418,-0.855828494584027,-0.869047093328974,-0.881620774229831,-0.890890051784341,-0.897257691720202,-0.901932730240171,-0.904834367858822,-0.908622582758186,-0.921357616290008,-0.934979227102548,-0.949003603642783,-0.9569830455091,-0.963430992250597,-0.964075417414911,-0.965928878781985,-0.967540680712435,-0.983096059697687,-0.999457462818122,-1.01759226683987,-1.02895691153796,-1.0406440151581,-1.04491604161049,-1.05039735060553,-1.05442771762129,-1.06982223665537,-1.08642554555231,-1.10198117087746,-1.11302286397371,-1.12341988556576,-1.12890070188101,-1.13180258583956,-1.13639707121399,-1.14615016032152,-1.15719259243746,-1.15759560450504,-1.15840138230032,-1.15783677126187,-1.15493464096344,-1.15146863864623,-1.16646014561271,-1.18209657042329,-1.19209107262754,-1.19998996134831,-1.20643790808982,-1.20498696611055,-1.20135985750226,-1.20893628730099,-1.21957570734934,-1.23271375294875,-1.23956495809774,-1.24818931780815,-1.25036548443717,-1.25157427430003,-1.2502036391264,-1.25818258831293,-1.25382976237511,-1.2190103572912,-1.15146740694675,-1.05434470107681,-0.905960633856992
-0.794863215756174,-0.61355819788162,-0.394164783632203,-0.142343155126488,0.118939956793955,0.44516007097361,0.693181386818086,0.854674655063376,0.949371051592149,0.98932005890053,0.965302656289764,0.964493952919088,0.991341817327229,1.02773223321415,1.0540141041263,1.06735696826631,1.07099588627564,1.07091481821159,1.07212737895015,1.08563213205954,1.10479780876369,1.12226525782115,1.13091803786519,1.1349615547186,1.14450385903864,1.15776614943207,1.17345454993753,1.19270129470573,1.21122015700858,1.21720436422462,1.21744682694059,1.21558671032453,1.21655705550585,1.21874045574319,1.22650395866997,1.23685521351943,1.24817681355021,1.25278632389959,1.25537407582227,1.25626360009827,1.25731501334365,1.25925595086502,1.26515933717574,1.27227577854248,1.28092855858653,1.28699333954916,1.29079389936913,1.29265376882646,1.29588833515044,1.29888043875846,1.30397536885723,1.31020228594797,1.31820825159071,1.3221709475388,1.32532494011619,1.32718480957351,1.33171349901757,1.33640383027227,1.34376273435498,1.35168763193367,1.35953170860703,1.36139157806436,1.36082533740964,1.35904604169891,1.36228060802289,1.36705176018291,1.37465312698158,1.38322508612031,1.39236328591375,1.39050366361516,1.38735016535523,1.38363067359931,1.38080070611939,1.38023495978214,1.36163552373271,1.30583672126695,1.20936152334491,1.06638736456119,0.872385555471739,0.677009049515621,0.505650440487724,0.365506743501384,0.262804628488604,0.199566101034815,0.154037485354463,0.115220959355506,0.0787494754045336,0.0438148244483259,0.0126809804708244,-0.0182101536319739,-0.0457050796001484,-0.0711782471416236,-0.0943066197938438,-0.117435239604794,-0.137652823871786,-0.161751788864062,-0.184394988925622,-0.207684756229761,-0.229923110288514,-0.2470665342485,-0.261784095255182,-0.276178372640572,-0.289117379412708,-0.302298848900817,-0.326478387639681,-0.350334395598533,-0.374675576148041,-0.400310385500159,-0.419475815045575,-0.432818926344321,-0.445110871556423,-0.45699846508319,-0.467026189152626,-0.489103395718208,-0.510290830849053,-0.531639907790547,-0.551937818645392,-0.569809866546927,-0.579756769711044,-0.589542031064523,-0.59948893422864,-0.610405935415346,-0.626983365879354,-0.645663375675374,-0.664586095346092,-0.683832345796832,-0.701865788350274,-0.716988195359758,-0.730331553817234,-0.743513023305337,-0.75483462333612,-0.767369278422921,-0.779823112604402,-0.791872347941807,-0.797937376063169,-0.804891928460536,-0.810876135676579,-0.81605139236321,-0.822197241389896,-0.8391795178567,-0.855757442638168,-0.872011589480884,-0.880987900304946,-0.890206921003705,-0.893441734486422,-0.896272196283803,-0.898860195365216,-0.915034015620074,-0.929671250038892,-0.945602113260322,-0.954093004334993,-0.962584142568395,-0.964767295647007,-0.967112337694993,-0.96784022016035,-0.983609688729873,-0.99921702117128,-1.01466295896078,-1.02250703563414,-1.03099792670881,-1.0313212103301,-1.03148309929948,-1.03075521683412,-1.04620115462362,-1.06172816047717,-1.07895314681868,-1.09051720956542,-1.10329432736819,-1.10766088068414,-1.11146119334537,-1.11332081564396,-1.12747238315466,-1.14146230885471,-1.14963016346683,-1.15731284548828,-1.16467224388845,-1.16515791079657,-1.16491569523934,-1.17518588202474,-1.18610313037019,-1.19920353179424,-1.20615783703288,-1.21222261799551,-1.21319296317684,-1.21359706770344,-1.21173695108738,-1.22176442799809,-1.23300495996482,-1.23575435369814,-1.23866563640084,-1.24101092560756,-1.23729143385164,-1.23227781897566,-1.2440845915971,-1.25532512356383,-1.25758934470648,-1.22346265564477,-1.16337762645091,-1.05323578645011,-0.928537780094537
-0.731293328843072,-0.516274947697116,-0.260312019263337,0.0124692425590841,0.342227232456128,0.601176964313042,0.777529992194657,0.887397280283238,0.940916185914806,0.933371715024536,0.941230358723613,0.973608652912715,1.00645820631504,1.03805058809558,1.06241267179465,1.07074281490021,1.07530096275391,1.0908618843275,1.11019504134623,1.12803515694331,1.14689705474883,1.16332243193319,1.16473693015263,1.16473668995936,1.16497207937268,1.16952974683982,1.17361591490048,1.18453966503161,1.19648519737119,1.20960983851689,1.21636863719188,1.22226298025611,1.23027895055287,1.23994504867567,1.24866790779223,1.26069174314073,1.27413031690195,1.27916020435541,1.27955364094625,1.27939703492841,1.28065492713001,1.2826199483447,1.28961437662629,1.29841625933161,1.30784672784781,1.31122576689539,1.31114698349992,1.31012520129147,1.30855313628106,1.30808139668131,1.31256100133281,1.31829801779936,1.32505681647435,1.33228735474909,1.33535246118115,1.33613813339643,1.33668793581184,1.33990964826173,1.34501735833756,1.35295454523883,1.36144225513535,1.37048024783384,1.37197376964204,1.36985238260279,1.36702362635718,1.3637231305118,1.36230863229235,1.36513786892452,1.36985310318262,1.37456833744073,1.38061952671607,1.38266285093969,1.38415613255461,1.36733827955253,1.31853484837235,1.22705771848952,1.09337838931054,0.91262429997963,0.718510180089699,0.537756090758784,0.387808951186416,0.272204886824563,0.195659372124611,0.146934003760066,0.110075624532901,0.0776966097639515,0.0493259404332956,0.0227629657196585,-0.0107154136868217,-0.0430151646737307,-0.074214590249994,-0.105492799221738,-0.129462166909812,-0.147066172513732,-0.163491309504808,-0.179051750691839,-0.192883280657341,-0.217167301540777,-0.242472864439373,-0.267542557538092,-0.292612490830084,-0.312023950857735,-0.325776937621039,-0.338429598973699,-0.350610760919872,-0.361455967848805,-0.383382251506539,-0.405858817966244,-0.428021211617142,-0.450026278670362,-0.467237328070004,-0.478318404798814,-0.487906199912701,-0.497336668428905,-0.506610050540712,-0.526493009974844,-0.546611599015574,-0.567830273273673,-0.589127490733975,-0.606338299940334,-0.618440678491027,-0.629521515026565,-0.63997376575121,-0.649875973867177,-0.667558282480018,-0.683511679871331,-0.700250989671215,-0.715418474653962,-0.729721504025951,-0.739780798546319,-0.750233049270964,-0.760135257386931,-0.77215957312198,-0.785284214267681,-0.798801571424381,-0.812004755772284,-0.820020966262323,-0.827565437152592,-0.834323995634306,-0.840296881900732,-0.84729106998905,-0.864187466193325,-0.879512037580479,-0.895229324978632,-0.904345140299478,-0.91149665498547,-0.913697065613484,-0.915661846634888,-0.916840955441014,-0.930280009588794,-0.945683364371428,-0.961322588953934,-0.970989167463307,-0.982149027587592,-0.987964827449617,-0.993152281694037,-0.998182409340778,-1.01743678296403,-1.03488346197027,-1.05099394576598,-1.05987413148023,-1.06710418936842,-1.06655414675974,-1.06600410415105,-1.06726175615938,-1.08172211212904,-1.09728255331607,-1.11300032110079,-1.12541735284685,-1.13539810416501,-1.13807025439278,-1.14027066502079,-1.140741924234,-1.14797174192891,-1.15598747203239,-1.15583014543471,-1.15630188503448,-1.15724512404072,-1.15441612760183,-1.15182276076953,-1.1664402031436,-1.17940703730506,-1.19103791644927,-1.20078279796756,-1.20950613747068,-1.20879876826432,-1.2091131812664,-1.2135142427157,-1.22208049581442,-1.23245420333687,-1.2385841760077,-1.24455706227412,-1.24754362550397,-1.24801536510373,-1.24612960767108,-1.23410577232259,-1.192689485435,-1.11370769030716,-0.983485943377952,-0.806032349892419
-0.581229496464759,-0.303899276657961,-0.0291795911023932,0.239132946951235,0.514802027580389,0.701560876058612,0.833344020042819,0.945272791472124,1.00649729007537,1.00388675582415,1.01068942416653,1.02366207256315,1.03086026174596,1.05182214100626,1.08203886946745,1.10418731124905,1.11478707636396,1.11708138735156,1.11723974074428,1.12174882338178,1.13211142104897,1.1464289853596,1.16019267543709,1.16675841809265,1.16889437568754,1.17585539742264,1.18305358660546,1.1929411240945,1.20607188412293,1.22078448575218,1.22521378729106,1.22845676806953,1.23431028309923,1.24229927220201,1.24902288472848,1.2619167190701,1.27520607425215,1.27837024097562,1.27663028774298,1.27481127869443,1.27607689703163,1.27757968281656,1.28461976036756,1.29411177701618,1.30439459358475,1.30407812856023,1.30225887775077,1.29862013437096,1.29925306442001,1.30012340367769,1.30740064867641,1.31610162364415,1.32749218867903,1.32931143948848,1.32907403027986,1.32828298859899,1.33160502519337,1.33445224337051,1.34212476744876,1.35066738902379,1.36039681488102,1.36023894501012,1.35747102440979,1.35446569460084,1.35177682981643,1.349166779087,1.35177707157733,1.35652283814073,1.36190129299228,1.36672611537159,1.36862418023604,1.37028507765278,1.37115517514955,1.35003518425744,1.29150003396042,1.19230674348001,1.04778836030781,0.856679024345721,0.658134089992179,0.483635904045608,0.340541250842431,0.232251222792942,0.165093911583177,0.119452353866863,0.0806927620697405,0.0462043601796809,0.0166993758225446,-0.0154949568408166,-0.0457119270629098,-0.0749797439723313,-0.10274453333592,-0.12876912770595,-0.151234034512077,-0.173619885502302,-0.19426529973807,-0.214040616477069,-0.234606974896928,-0.255727207549944,-0.274869594239879,-0.294961376003405,-0.314499283533775,-0.334037191064145,-0.351439140999634,-0.369948839401424,-0.386718101048758,-0.404515813585585,-0.421759651889252,-0.439873829450607,-0.455377472760731,-0.471276878672199,-0.486148075455071,-0.5003075281339,-0.513043009082794,-0.529417233411499,-0.546266034396554,-0.562165440308011,-0.578064846219474,-0.589297541383444,-0.598236409081619,-0.604960263369004,-0.612712568545879,-0.618645381152393,-0.635968517032877,-0.652658481103398,-0.672038035241054,-0.68951904099244,-0.707791330185612,-0.718469909355523,-0.730414348623551,-0.739036509536296,-0.750743781356594,-0.764270062225461,-0.779932300689203,-0.79337976750306,-0.804375053458406,-0.811177721800791,-0.817031478591397,-0.820116347738063,-0.825257876902803,-0.839575199452535,-0.856661409646202,-0.873035392214009,-0.890596179064015,-0.905783599110515,-0.913930941606013,-0.921049591451112,-0.927931315609401,-0.935287374663124,-0.943672126367245,-0.9547464681385,-0.96471354496526,-0.973572873325715,-0.981324936741686,-0.990263320918054,-0.996037538370944,-1.00402676923463,-1.01446842271773,-1.02696673621891,-1.03685475722976,-1.04919471733822,-1.05900319901136,-1.06786228561091,-1.073478391432,-1.08162573392749,-1.08945709492027,-1.09918700429931,-1.10061121779015,-1.10369632869771,-1.10417114711496,-1.10361727288181,-1.10203494775916,-1.114216312714,-1.12734683098152,-1.14166367000944,-1.15107638908124,-1.15819528068724,-1.16056816396894,-1.15961901065627,-1.15914467576083,-1.16792519006629,-1.18097737780062,-1.18176866124239,-1.18445825130953,-1.18485377214996,-1.1806613962979,-1.17362107698599,-1.1865937253826,-1.19956637377921,-1.21032425052594,-1.21957934148774,-1.22772716750504,-1.22661990256055,-1.22400961007023,-1.22859750676272,-1.23627027260188,-1.21783938825509,-1.16840073376625,-1.09127658749063,-0.968431827682787,-0.825099523510082
-0.615795976933312,-0.419892536159802,-0.189978322998762,0.0601993636538894,0.370952132394658,0.649770480996805,0.84445629699028,0.984008701956081,1.06513371886525,1.07021736797385,1.07164923694146,1.09470510658569,1.11468211874784,1.13473091037222,1.1534193936514,1.16136743721469,1.16079473339561,1.1607231727732,1.16537723930753,1.17139161418705,1.17855183438438,1.18657121973024,1.195163527735,1.19809926397227,1.20017583506101,1.20704959392889,1.21420981412622,1.22115513361651,1.23146577191833,1.24299359732053,1.24506994956945,1.24442524744831,1.24471148993794,1.24578533695369,1.24693096343167,1.25359004043233,1.26261236869101,1.26619280704941,1.26583500393738,1.26425979488512,1.26590656455977,1.26805425859127,1.27356727143431,1.2825173825511,1.29196863686457,1.29225487935419,1.29067945146213,1.28788683646967,1.2862398479552,1.28552380405149,1.28996318871859,1.29490393542219,1.30192103437471,1.3032097820975,1.30292332076805,1.30113321100876,1.30277998068341,1.3032813427199,1.30743470373721,1.31180296546155,1.31910674458335,1.31946498537503,1.31917852404558,1.31760309615351,1.31946432885555,1.32025171454186,1.32476265983137,1.32963184591256,1.33557487900951,1.33457259261616,1.33199487833075,1.32891580200884,1.32648099012842,1.30872345146,1.2587450313235,1.16795364055399,1.03369978540383,0.851758981912949,0.651130132822536,0.472483087520781,0.325627122273011,0.217149753457491,0.148196826392005,0.106237791601364,0.0717969989599144,0.0409366446768704,0.00642472909265212,-0.0252232297165186,-0.0551526393888095,-0.0818600703342085,-0.105846884589206,-0.124964731602831,-0.14415413923886,-0.162197920396909,-0.182676075755732,-0.204013396263087,-0.224921134196179,-0.245112828225552,-0.261223378379504,-0.275042675577493,-0.288289268956406,-0.301249401005865,-0.313207027822157,-0.333327161229121,-0.353805097748122,-0.373924793475442,-0.394474290616847,-0.4138783801201,-0.428843084956243,-0.443378426057945,-0.456983041388717,-0.469943173438181,-0.48505121835896,-0.49972968070548,-0.514551264296815,-0.525363264635126,-0.535459002229906,-0.54455223459151,-0.553502345708305,-0.561664852298973,-0.578491008676997,-0.595603845224288,-0.612573560526765,-0.629256814499793,-0.64479444199484,-0.655749563577969,-0.666131762502194,-0.675511456193252,-0.684819589261906,-0.696275854041703,-0.707947019528545,-0.720405789541509,-0.730072163401844,-0.739666976639775,-0.748259284644539,-0.756278669990393,-0.763295768942908,-0.776685483566635,-0.790146758812771,-0.802891990155184,-0.814276913152404,-0.830244342061542,-0.84642667167772,-0.866117441350244,-0.890534057019327,-0.921394848982026,-0.947243333618716,-0.971301489656295,-0.987698282299868,-0.999655690276337,-1.00581318640068,-1.01232870447688,-1.01576558391081,-1.02629090407985,-1.03645820229703,-1.04691196184367,-1.05557583047084,-1.06438282034282,-1.06968158899828,-1.07455077507947,-1.0795633012453,-1.08808426746748,-1.097607520083,-1.0994691904647,-1.10211846537251,-1.10383679566958,-1.10304897230363,-1.10183178520324,-1.11486325903529,-1.12689222763416,-1.13842005303637,-1.14830110876392,-1.15739434112553,-1.15939913275204,-1.16133236375614,-1.16541350763157,-1.17314643164798,-1.18295592675312,-1.18768177274968,-1.19247917936864,-1.19548669506814,-1.19656076092371,-1.1953433549835,-1.20364898281899,-1.2132435772171,-1.21682357789585,-1.21961597404848,-1.22305307232225,-1.22140630264759,-1.21796942321365,-1.22684797370804,-1.23837601795007,-1.24224247995827,-1.24639540329593,-1.25083478796303,-1.22956902807809,-1.16011495781593,-1.08092317191086,-0.964355075966884,-0.786853438303288
-0.772788469998346,-0.671339965184596,-0.523528880659914,-0.37480412017109,-0.281498200068282,0.0830849193769341,0.359181137277264,0.579027623253324,0.76738453884124,0.95898172827639,0.982079852796046,1.0187208491454,1.04456050943737,1.06350417626575,1.06599685088052,1.06907079405613,1.08743293838371,1.10953409463344,1.12764686992355,1.14642446002025,1.16570078819188,1.1692734694424,1.17143373665388,1.18032417453725,1.18938068915228,1.19627693655584,1.21065120780371,1.22577307828405,1.2275178997264,1.22660396982231,1.22394521847586,1.22211710472773,1.22078772905451,1.22693612328564,1.23457996992167,1.24446712213501,1.25152944627023,1.25751150982975,1.26731562367724,1.27903088963872,1.2895831105986,1.30154774559754,1.31317997319318,1.31475871790387,1.31317997319318,1.31143489781087,1.31010552213766,1.30935792290519,1.3142602337689,1.32057521261161,1.32689019145434,1.33021375760736,1.33278947058797,1.33827305001252,1.34317485299631,1.34849210174923,1.3555541719445,1.36253294983398,1.36336358743228,1.36427751733637,1.36319751070061,1.36627196175614,1.37050996569317,1.37757254376836,1.38421942213445,1.39286023704041,1.39385695137037,1.39344099772132,1.39152984560736,1.39036654666581,1.38812298714854,1.38911995541846,1.39053236945752,1.38222345407495,1.33976621695779,1.25776011704734,1.13279829588476,0.961889848660292,0.766221747779598,0.588001607382441,0.437615063817105,0.321543172657983,0.243192284483979,0.191512202080159,0.148639265253922,0.110668639291388,0.078929445925822,0.0499322962124953,0.0240923819805599,0.000246658228435982,-0.0208570218714543,-0.0498536637048764,-0.0790166362099223,-0.106684156310079,-0.133188377468689,-0.16060678247134,-0.180049187374633,-0.198910069777116,-0.217355506410492,-0.236465757850442,-0.255409678618774,-0.277261465831041,-0.298032992467594,-0.315647029682789,-0.33243017535973,-0.347385715168439,-0.360513395168972,-0.373391706132038,-0.393332595170292,-0.413689183917631,-0.434045518725015,-0.455066668338984,-0.476254148624577,-0.492954763815597,-0.508741195162571,-0.524693957181163,-0.540314057856507,-0.555103266993592,-0.570972736706398,-0.586011314880944,-0.599554186710645,-0.611850975172913,-0.623565987194432,-0.633785546811062,-0.644088144793524,-0.658046462392355,-0.672420225760316,-0.688622102876414,-0.69975559239713,-0.710972120283688,-0.719197743360473,-0.727423366437247,-0.734070244803345,-0.750521237016943,-0.768717304612858,-0.78749489470956,-0.800456497978424,-0.813085693843984,-0.820812832785802,-0.825050074902965,-0.828871871250997,-0.844574756352212,-0.859779157318472,-0.875731411457159,-0.888111238285264,-0.899411058477609,-0.902817916936428,-0.906972628567675,-0.909050111353273,-0.921596268853001,-0.935305471354332,-0.950261011163041,-0.964053505970159,-0.978261446546406,-0.986320992891517,-0.99296812519757,-1.0003628567361,-1.00892063327621,-1.01872474712371,-1.01955563866197,-1.0222976823142,-1.02263034365745,-1.02221515182828,-1.02105210682668,-1.03733727624857,-1.05179433192233,-1.06217996827062,-1.07173471308066,-1.08029248962078,-1.08187072645154,-1.08245199501238,-1.09300370809235,-1.10530024261466,-1.11792918454028,-1.12449302454055,-1.13296776271483,-1.13562651406127,-1.13703918204028,-1.13903337252008,-1.14908685540505,-1.1583097006917,-1.16861280655408,-1.18340252357108,-1.19960465462714,-1.21539133991407,-1.23466741414573,-1.25809743818876,-1.2734679158867,-1.28526571233409,-1.29166296772277,-1.29448754186092,-1.29166245984286,-1.29498577205593,-1.3017987271537,-1.30113391234711,-1.28343658282612,-1.23233853080302,-1.15232662137237,-1.02836202241967,-0.805275262596379
-0.584000780906089,-0.306029232061745,0.0126013975085696,0.334920950434478,0.511819657192185,0.701096450564035,0.797989064031535,0.839303552493055,0.849550060737898,0.914882637110803,0.949721216111892,0.988986553247318,1.01226705691809,1.03030129224697,1.04005624469015,1.04915528832153,1.07161603124661,1.10235605705739,1.11752087923823,1.12366883429276,1.12407846412748,1.12563555857566,1.12924205488806,1.1428495320826,1.15916206941503,1.17211388833589,1.17727848124897,1.17990211649616,1.18785419659033,1.19859326278934,1.21244726949908,1.22826850156797,1.24187622930063,1.24408948309874,1.24081044011599,1.23548224580714,1.23458055909451,1.23597405214694,1.24261381354125,1.25302442425811,1.26417261921559,1.26769718956104,1.26933646051429,1.26990994228289,1.27179499113697,1.27531956148243,1.28343499243424,1.29261596203256,1.3019610341029,1.30573213396356,1.30655214524737,1.30532250412884,1.30728998002611,1.30999529070213,1.31622517172361,1.32393047176444,1.3333572192636,1.33565239902865,1.33737359594884,1.33770129981662,1.34204588144588,1.34737432629286,1.35589938707938,1.3647524022718,1.37368759396929,1.37327771359644,1.36975289271287,1.36680205467414,1.3631136323948,1.36229412218724,1.36704883472747,1.37327871574895,1.37918089290265,1.36934401449252,1.31966806664024,1.2279397955477,1.09145439161512,0.91414605502269,0.722328303984964,0.553217073773158,0.414517914966223,0.310657335160383,0.233930034314794,0.179171670054505,0.131790901967268,0.0883448351364635,0.0519484100728178,0.0230115071491812,-0.0027282787586591,-0.0264184122641511,-0.048469024278269,-0.0765034888748982,-0.103226636924187,-0.12921220073285,-0.15552596948554,-0.179790336374012,-0.199874224105229,-0.219220026519572,-0.238401726461905,-0.254878115728227,-0.274141741637506,-0.293979099853512,-0.313980560541535,-0.333654066823659,-0.354311436323478,-0.373165181859913,-0.39062543434393,-0.407757732422049,-0.42480835507134,-0.442842590400214,-0.460139241488468,-0.477845772949572,-0.492273261427912,-0.506864351302032,-0.520307726024558,-0.533341220374228,-0.54522725011045,-0.563097382967307,-0.579410421375983,-0.595723459784666,-0.612446378566187,-0.624250732873587,-0.632448340330463,-0.640727623216156,-0.648678951695951,-0.656138223297831,-0.674417985989409,-0.692861600614875,-0.712862810764774,-0.730978972060588,-0.747045982030313,-0.757866473120012,-0.768031305936031,-0.775900708448885,-0.786638772495384,-0.801065759897487,-0.814181430752233,-0.827460953540872,-0.836806025611207,-0.844593752695238,-0.850086049476093,-0.856234004530621,-0.862054005179256,-0.87713690139315,-0.89189209373927,-0.906893314524353,-0.91435308720248,-0.921239127573887,-0.922796723098314,-0.923944187711779,-0.925911162532804,-0.942141523360163,-0.960257434117854,-0.97804564100777,-0.989522040909271,-0.999359169857516,-1.00190062859965,-1.00222858300555,-1.00263846337839,-1.01657389497882,-1.03083728098516,-1.04608427967107,-1.05731465113362,-1.0692828573749,-1.07362743900417,-1.07788984412837,-1.07977514352057,-1.09059563461027,-1.10108817129407,-1.10313757315829,-1.10354770406926,-1.10469566975897,-1.10141687731435,-1.09715447219015,-1.11027064412114,-1.12625572812393,-1.14256851599448,-1.15814371962441,-1.1783912087514,-1.19265434421961,-1.20904880751898,-1.22823025692319,-1.25183821392361,-1.27167557213962,-1.28159412597856,-1.28684014378234,-1.28913532354738,-1.28724977361705,-1.2839707306343,-1.29569290843663,-1.30938256213624,-1.31364521779856,-1.31880956017352,-1.32413750394424,-1.32110423886232,-1.29364300549616,-1.25404971395484,-1.18232315408844,-1.08108646006793,-0.932468997960177
-0.753477242645512,-0.572454520414578,-0.359255016541742,-0.114280192808269,0.140885187673217,0.453663399294591,0.684355306632036,0.84965112531482,0.953963992028141,0.994003980201737,0.97274023936868,0.97097522993698,0.979561165771882,1.00050437481014,1.03356378378907,1.06188878856085,1.08363394019208,1.10321237536796,1.10802623810728,1.10914920297983,1.12078374687997,1.13394296267629,1.14317069782795,1.15801546452383,1.17454529163449,1.17751444116757,1.17671200808983,1.17807604622505,1.17976110663983,1.1816068008156,1.19003210288952,1.20102533795766,1.20896922923341,1.21306134363904,1.21586936892638,1.22108493868933,1.2261398746913,1.23296031060974,1.2421882910038,1.25253972675517,1.25518785400868,1.25679296540655,1.25912007038049,1.26273077398795,1.26586006679724,1.27348269055104,1.28158672510301,1.28599961654583,1.28728321517936,1.287122336176,1.29297970525572,1.29988033543345,1.30910831582751,1.3193793120772,1.33165663626363,1.33197814902797,1.32925031799993,1.3268430187667,1.32892929572035,1.3314165439705,1.3391193619836,1.34971113527048,1.3594205264627,1.3606244213217,1.35885941189,1.35653255215846,1.35725454573451,1.35950121120677,1.36495736374761,1.37185774868296,1.38012241699591,1.37948037243677,1.37643078340201,1.37482567200413,1.34874733270462,1.28559790952219,1.18722285139027,1.0463205568346,0.859039003742705,0.672158667189674,0.508788491699569,0.374144537520115,0.274485145027508,0.213903164354532,0.170652953385199,0.132618802663581,0.0989980338695613,0.0672232044936877,0.0344051140197903,0.00190829106784729,-0.0282619173949266,-0.051371107161366,-0.071752465899774,-0.0896463311456433,-0.105454164680239,-0.120298931376117,-0.145735471358871,-0.172455609975157,-0.198132487493425,-0.224531358587751,-0.25052901314321,-0.26962603752094,-0.288081262581902,-0.306857755164812,-0.324511037632785,-0.343207581198793,-0.363348357159295,-0.382847088560651,-0.395926355340065,-0.409326644399046,-0.420801045022974,-0.430911162269305,-0.440459674458167,-0.461081370732073,-0.481542433245007,-0.502645295074705,-0.525032246022699,-0.546295986855761,-0.562745374464739,-0.578231940477381,-0.593156901432554,-0.606156219195055,-0.62100074064854,-0.634400784465145,-0.64731917224119,-0.657509483746816,-0.667940132787956,-0.676846355175286,-0.685913211323594,-0.696344350849492,-0.71239227667722,-0.728199864969435,-0.745933341696709,-0.758451248661041,-0.770247162049299,-0.778592760348693,-0.787098501924301,-0.792875921987103,-0.809084481575803,-0.825051967901855,-0.840698431948329,-0.850968937713244,-0.862282704576194,-0.867097057800268,-0.871109223188993,-0.876806694234882,-0.892213311230605,-0.907138272185778,-0.924149510094606,-0.93915466530908,-0.952153492586806,-0.960658988920032,-0.968923902475362,-0.974701077295782,-0.985774261380837,-0.99668705694729,-1.0011001936325,-1.00703800221389,-1.01626598260795,-1.0242098738837,-1.03440043063171,-1.05903429229434,-1.08286572087923,-1.10469106676976,-1.11969622198423,-1.13357816708376,-1.13847295980952,-1.14200346915769,-1.14513276196698,-1.15756973894486,-1.16816102174698,-1.1708890980174,-1.17409883032838,-1.17626554678371,-1.17265508841863,-1.17032871917185,-1.18429085853069,-1.19648749797305,-1.20041922386009,-1.20627659293981,-1.21076967864193,-1.20683770751251,-1.205393475118,-1.22144164618811,-1.23516295752667,-1.24069979481157,-1.24599604931859,-1.24952680390913,-1.24455206216646,-1.24134257509787,-1.25626729081066,-1.27111156702177,-1.27873419077557,-1.28603603749217,-1.29269583964964,-1.28948635258105,-1.24912534212788,-1.201703067736,-1.11247506001168,-0.927841143688516
-0.619764513510495,-0.351809352727242,-0.0327655075521172,0.300810801942093,0.536704059610431,0.732969484556641,0.841140115439515,0.893202988249909,0.895974674500137,0.919796157036981,0.939946860980582,0.980547966315442,1.01118602036459,1.038228391896,1.05822913264003,1.06107568601431,1.0653458595029,1.07987878172489,1.09868164848402,1.11388883272541,1.13276633765715,1.15074475024587,1.15688705973877,1.15726139535905,1.1572611664076,1.16018281585739,1.16250507041184,1.17074549098991,1.18273132833383,1.19606568971657,1.2007850659495,1.2043809774187,1.20707802549632,1.21134797003346,1.21651677796218,1.22655469637196,1.23606808701043,1.24453242210632,1.24767844397683,1.24730365045365,1.2472287833296,1.2503001670275,1.25382121137263,1.26048827758827,1.26925276803474,1.27696820293862,1.27929022854161,1.28138742382098,1.28191172264082,1.28385941262353,1.28723072272056,1.29314888874419,1.29966644966317,1.30723260822184,1.31022912479568,1.31022912479568,1.3097796930999,1.31292594392185,1.31764532015479,1.32528634583751,1.33360140458818,1.34236589503465,1.34221616078653,1.33832078082111,1.33390087308441,1.32993062599494,1.32768323856456,1.33075416435956,1.33644727110812,1.34258980955247,1.34970607851245,1.35270236613484,1.35427572049728,1.33824476893982,1.29060180386614,1.2025821058783,1.07478506987168,0.903914252873289,0.720533757614036,0.550487165834609,0.410254860788269,0.302458565525673,0.229945291324011,0.184399521529694,0.150689625879751,0.12050054562349,0.0936825465128031,0.0705350970439157,0.0391474559484007,0.00783491092839779,-0.0222039771768546,-0.0512689058150244,-0.0754647239721514,-0.0942669038769382,-0.111121622750456,-0.127077707183863,-0.141910326853517,-0.165957097616882,-0.188805307540993,-0.212477513732621,-0.235924660649186,-0.255251597276714,-0.269784061595799,-0.283791998143591,-0.296526277776633,-0.308961088913446,-0.329786054876441,-0.348887932228901,-0.368664071600765,-0.389189569067536,-0.406194251140625,-0.418779025477003,-0.4322628921564,-0.444922991519734,-0.456234566844258,-0.475262034975561,-0.493690337162966,-0.512193506474425,-0.531295612778328,-0.549648589938783,-0.563506792238458,-0.577215031338573,-0.590548934818414,-0.602160207590606,-0.615644303221467,-0.629428096299985,-0.643361852578069,-0.651377442832526,-0.660666232098831,-0.669131025097625,-0.676247523009052,-0.683064323472812,-0.700893001813418,-0.717673082514331,-0.734303200015688,-0.751607350585002,-0.767263508619282,-0.776627165009646,-0.785915954275951,-0.794755311846476,-0.802995503473094,-0.813707683902267,-0.825918122618362,-0.838577993030247,-0.850713564622288,-0.867942848067543,-0.888168648086641,-0.911915263499426,-0.940231291945591,-0.974764954911608,-1.00368060720457,-1.0298245732473,-1.04615522225243,-1.05701759483261,-1.06128776832121,-1.06585741030603,-1.0678799674128,-1.08053983782468,-1.09387374130452,-1.10833133849955,-1.11911838605278,-1.13117886156931,-1.13604797205036,-1.14039278371157,-1.14346416740947,-1.15410148071458,-1.16391502670363,-1.16848466868846,-1.17103175356651,-1.17425287151253,-1.17290434747372,-1.17110616278767,-1.18241750916074,-1.19747427229968,-1.21178190629514,-1.22137039300912,-1.23073427835094,-1.23230740376191,-1.23148363644585,-1.23058523095717,-1.24002421237449,-1.2511860534509,-1.25493169916821,-1.25890171730623,-1.26227211159746,-1.2603241926633,-1.25642858374643,-1.26901335808281,-1.28227262339004,-1.28781645379339,-1.29118753493897,-1.29478344640816,-1.289764601679,-1.28317240258741,-1.29440865288498,-1.28879018430902,-1.25200890496117,-1.18391508059332,-1.06817852010323,-0.923526536271628
-0.754656788392233,-0.505956147224909,-0.226642523079871,0.0591039963894361,0.401581177025007,0.650592353790319,0.818072421147729,0.92703914929887,0.976407440170233,0.95563732236318,0.958582317854993,0.984390171053332,1.00485046387017,1.02662822350319,1.04662354196546,1.05886897202581,1.06592175419975,1.07994962543085,1.09955766265535,1.11095036338484,1.11901031364623,1.12738032576709,1.13358014174092,1.14047730081199,1.15388481145489,1.16876517514757,1.17628269480684,1.18054539398409,1.18666822744888,1.19418598397741,1.20247830298147,1.214646039925,1.22844130554417,1.23363395343056,1.23448644589216,1.23913690004568,1.24425209168452,1.2500646264206,1.26029477282901,1.27300494037468,1.27540726839511,1.27610461149234,1.27385695909776,1.27486436405446,1.27540703152584,1.28176223373331,1.28935744650939,1.29935522417515,1.30199039467675,1.30354023023558,1.3049351532993,1.30764778004846,1.30958537058357,1.31594057279102,1.32291589871742,1.32911618842978,1.33159620956702,1.33306882574755,1.33275876388808,1.33438629256373,1.33663370808905,1.34081871414948,1.34655355576874,1.3531408898496,1.35500055039864,1.35585280599098,1.35577511287416,1.35685997407842,1.35755731717565,1.36174232323608,1.36724479611268,1.37344484895578,1.37515007074823,1.35314017924182,1.29214729263684,1.19038896976252,1.04546240885994,0.857599978671761,0.670667497192725,0.509465175795226,0.376628184980845,0.277426628883557,0.215193257971434,0.173265030511785,0.136374538443422,0.104444088649539,0.0757686962069365,0.0502706679988077,0.0175651819908779,-0.0131254941036427,-0.0423435540176257,-0.0687715309349064,-0.0952769640997371,-0.116047555645315,-0.136197786602679,-0.155495761967719,-0.177351214717549,-0.197656595039286,-0.218194107234421,-0.238654400051264,-0.255781942400013,-0.270894674835352,-0.286937355979849,-0.302282930896375,-0.316853469598843,-0.337546604896866,-0.358239503325626,-0.377924996797674,-0.394277739801638,-0.411172913407727,-0.424037993448493,-0.436825617241709,-0.449845609777581,-0.468833049544633,-0.486657934990616,-0.505955436617132,-0.525330394491203,-0.542457936839952,-0.557105694920718,-0.571831146118302,-0.584851612392683,-0.596554611850904,-0.611280063048488,-0.625230241162769,-0.637862715591612,-0.647162439552367,-0.657624717834187,-0.665684431226327,-0.673511775875802,-0.683974054157626,-0.701721720225311,-0.718074463229281,-0.734814961209521,-0.746440504420182,-0.756981186426585,-0.763026563643841,-0.76907170399183,-0.776356618039176,-0.79348416038793,-0.809449385284866,-0.826499708255328,-0.840295210743755,-0.853238220770591,-0.860755977299117,-0.868661015065404,-0.875480954758176,-0.8894308960032,-0.902295976043966,-0.913998501763662,-0.928181048620598,-0.945851258440738,-0.963366555765768,-0.984834253539312,-1.01288975913223,-1.03955034166142,-1.06342084119392,-1.07636361435149,-1.08566381205076,-1.08946130000418,-1.09093367931545,-1.09155356616514,-1.10612363112909,-1.12053878359794,-1.13278397678903,-1.1447965643682,-1.15626672134524,-1.1599867530511,-1.16378447787376,-1.17137969064984,-1.18099018707784,-1.19145317596744,-1.19928099435543,-1.20617839029576,-1.21028594010864,-1.21315324248364,-1.2144702355613,-1.22291746706045,-1.23198505914781,-1.23779735701462,-1.2436098917507,-1.24957781272039,-1.25120581513454,-1.25221369382976,-1.26182419025776,-1.27096947546193,-1.2776345026596,-1.2839894679978,-1.29026674021919,-1.29135160142345,-1.29166142641366,-1.29886888421346,-1.30034102665547,-1.30049593915058,-1.3001081841743,-1.30057315852888,-1.26724778567127,-1.13262882742466,-0.910355926305358,-0.603141945931764,-0.215869235461544
0.194016505350499,0.496695883679485,0.718692391829821,0.865496495092387,0.945542697948919,0.975858325033875,1.01142536317837,1.03123816814422,1.04667479722711,1.05630262735805,1.06545332178005,1.08797159808227,1.11828722516722,1.13451908043168,1.13953192363676,1.13929286940542,1.13977000511436,1.14303237796625,1.15417211059591,1.17008587538774,1.1849656029551,1.19156987127705,1.19268367430811,1.20072007932218,1.20971124213101,1.22005477582536,1.23358140294189,1.25060921395322,1.25411015465957,1.25283706320377,1.2517232601727,1.25713395965701,1.26103275664259,1.27272939078778,1.28920030028357,1.30352288314697,1.30591002082227,1.30694430123518,1.30614834548831,1.30606833649329,1.30853451040988,1.3152975807797,1.32341350841193,1.330654444056,1.3309730209055,1.3280292249031,1.32572209622282,1.32142592933489,1.32134664990517,1.32437045490259,1.32962210915057,1.3353508991075,1.34386443983051,1.34593300065632,1.34855846299767,1.35221844894035,1.35898176249861,1.36423317355816,1.37346314740988,1.38452335742138,1.39120739154992,1.39120763473835,1.39049193117494,1.38953741656863,1.38563861958305,1.38722980151148,1.39104883269048,1.39749332621081,1.3846026368511,1.33789537970007,1.24448159496333,1.10953317108226,0.923581566350668,0.730229980738692,0.556691200092567,0.417207555092223,0.308596195503924,0.242474476043142,0.188765580667818,0.143331658161033,0.0988527366374376,0.0613761829034387,0.0277186603484419,0.00400730158543609,-0.0198633456023106,-0.0384825817305098,-0.0596482439587568,-0.0866222187620831,-0.116699521181,-0.143275639705113,-0.172875320038218,-0.192687881815635,-0.208999502886686,-0.222207796342142,-0.237007271726045,-0.248305806403583,-0.27352882447686,-0.297717318948795,-0.323179148064977,-0.347527174150102,-0.368771872619636,-0.381741598220631,-0.394950134864531,-0.406487480584969,-0.418104592111999,-0.437837874459695,-0.459321627160569,-0.479930144684856,-0.502050564707853,-0.518203140542592,-0.531570722422805,-0.542471644009557,-0.554327323391055,-0.563955153521997,-0.584324860003379,-0.601511716251022,-0.621642611689503,-0.639068035791608,-0.654663223733943,-0.663892711208795,-0.674952434843421,-0.682113118304037,-0.692297606762078,-0.706858514291508,-0.723567991641773,-0.73956127905176,-0.75619147697231,-0.769002400525424,-0.781017611520101,-0.790327351178417,-0.799637090836744,-0.811174436557172,-0.826610579263193,-0.840136963191292,-0.855254772236254,-0.864245691856633,-0.873554945138083,-0.879681591374227,-0.886365382314331,-0.890900846622039,-0.907133188263365,-0.920341968095698,-0.936176210269372,-0.943098569063953,-0.951294019314339,-0.952566867581716,-0.954555905789366,-0.953203291715402,-0.967605397196952,-0.98280321523694,-0.998955791071679,-1.00731077293524,-1.01805264928568,-1.02219050050261,-1.02425954770529,-1.02521454868847,-1.04232163912952,-1.05863326020057,-1.07367154662737,-1.08377651246725,-1.09396124411372,-1.0968257606864,-1.0987352762759,-1.10152002704199,-1.11639926823248,-1.13382444914616,-1.14735083307424,-1.15904722403099,-1.1687545767801,-1.17281241900199,-1.17265337376568,-1.17734812649813,-1.18594167621617,-1.19676307518477,-1.19572879477186,-1.19827497768348,-1.19692212042108,-1.19413712646656,-1.18888547221858,-1.20408304707013,-1.21609801487638,-1.22286157162307,-1.22739727911921,-1.2326489333672,-1.22811371224792,-1.22413539264418,-1.2342406016725,-1.24736912932137,-1.260656945395,-1.26869310722064,-1.25779194244545,-1.20368519079091,-1.12300280698912,-1.00134268555855,-0.783881884904353,-0.564192991811164,-0.387550640361021,-0.224832529118183,-0.0986362138145939,-0.167860774514094
-0.198352942960959,-0.161420802580533,-0.0820400956925668,0.0462254765515332,0.350033114234152,0.604112826021605,0.776129961673022,0.898112859433412,0.965923731340498,0.952055151289837,0.950446076577693,0.977187020142052,1.00507710205781,1.0340399785095,1.06116381206867,1.08238786113896,1.08644860273532,1.08920681579888,1.10177286731672,1.11778703643924,1.13188581885374,1.14989242105019,1.16881866178463,1.17395266628389,1.17517885100122,1.17617483335471,1.18054235531389,1.18490987727307,1.19663310243537,1.20973543412944,1.2241405285398,1.22965718885039,1.23126602937905,1.23026981284208,1.23272171390979,1.23410082044157,1.24084343128601,1.25095734755267,1.26237402653563,1.2671246726731,1.27049621227881,1.27195236517652,1.27363848625459,1.27609062150579,1.2819138279957,1.2891161410174,1.29808068474917,1.30175806798376,1.3034432523279,1.30459239067931,1.30704429174702,1.31003270717443,1.31692917656724,1.32328936578383,1.32987928899731,1.33225484624954,1.33125886389606,1.32926666500561,1.33348079678338,1.33861433291568,1.3463529261136,1.35554743802574,1.36504826193374,1.36458832557299,1.36152333214662,1.35792205854403,1.35531676729492,1.35455075312181,1.35899485307996,1.36512460574921,1.37171429477921,1.3766183310981,1.3770014552764,1.35148646224589,1.2875838784877,1.18667257635011,1.04377217569877,0.857197023822543,0.673916365186096,0.51691694793675,0.380758689762881,0.278007876365811,0.21372146587887,0.163227291627116,0.120931646934019,0.0884436065117385,0.0592502935127121,0.0322025695855343,0.00844957308162071,-0.0204369595545918,-0.0490167118279906,-0.0765236695654573,-0.102191818593889,-0.126327705092624,-0.146172881814609,-0.164638952004832,-0.18287528819815,-0.202720699103622,-0.224788042896431,-0.247774791043755,-0.270838351373526,-0.292369414990113,-0.312597950073887,-0.331217176262031,-0.348073937556618,-0.364930464667713,-0.382246693956071,-0.399869235240284,-0.417338854710059,-0.43480870836331,-0.450976267667226,-0.467143826971152,-0.482162247923662,-0.497180434692696,-0.511892075282393,-0.52691002786794,-0.541851402454527,-0.557712181395634,-0.572883524162593,-0.583227408609628,-0.59341790287525,-0.603301850961535,-0.611959848513973,-0.620158143889153,-0.638241089901069,-0.656400848095442,-0.67371777993425,-0.691034711773057,-0.706359444721429,-0.71616704899224,-0.725668107083715,-0.735245977357636,-0.745283549808815,-0.7593052858574,-0.774476628624365,-0.789571393392353,-0.798229625128278,-0.806734466682791,-0.813170765531384,-0.817231741311232,-0.821062748910709,-0.838762570744337,-0.854853552049298,-0.871480813530476,-0.887035280475728,-0.904352212314535,-0.916228827658241,-0.931170202244823,-0.946647857007632,-0.968561576435548,-0.989095955148205,-1.00694869879627,-1.01959132831308,-1.03016518094048,-1.03629516779322,-1.04127601629456,-1.04671633278966,-1.05774988759432,-1.07031593911217,-1.08219255445587,-1.08633010823469,-1.08977822583935,-1.09008477201869,-1.08970164784039,-1.08893516530031,-1.10402946170134,-1.11920057028482,-1.13513792722488,-1.14333645678355,-1.15199468851947,-1.1519181105205,-1.15168790815665,-1.15130454979487,-1.1635638209499,-1.17620645046671,-1.18156995477937,-1.1867805372776,-1.18938606271019,-1.18678123982804,-1.18333335640687,-1.19589964210819,-1.2098450343413,-1.2260889374607,-1.23750585062714,-1.24876960779566,-1.25160463304166,-1.25145124286024,-1.25099130649951,-1.2576571051615,-1.26554885435734,-1.26715769488601,-1.27045242230927,-1.27221488720282,-1.2720617312049,-1.27075920267209,-1.25321277101987,-1.20570701219552,-1.12877820637526,-1.00219828684227,-0.858608215833291
-0.70428658101424,-0.472320514739541,-0.21036075899094,0.0537761667572535,0.375723301453625,0.630507637162778,0.805954271677543,0.920768631501588,0.981158916272707,0.974789307879982,0.97430557446637,0.990430925147078,1.01478023671027,1.04009726152627,1.058399535781,1.07492779228507,1.09169803870873,1.09653561927038,1.10403410324525,1.11508037629587,1.12717494376396,1.13386736966653,1.14668716761666,1.15982929022548,1.1655535100241,1.16813333942147,1.17700244247249,1.18651693411762,1.1966763215057,1.21135096479675,1.22594478049755,1.22989547539665,1.22868577222427,1.2303787159591,1.23392625860928,1.24013470467266,1.25077757904877,1.26537114832398,1.2714990132227,1.27270822354393,1.27109536812261,1.27512664418639,1.27754555768001,1.28447948065101,1.29326824896294,1.30294390293742,1.30141212153192,1.3006866446243,1.29867112980519,1.29963859663241,1.30052548229495,1.30818537502474,1.31407125000386,1.32148915281405,1.32326317056473,1.32503694188981,1.32519785779357,1.32906772510244,1.33156672690956,1.33833899470007,1.34430520441828,1.35131970855396,1.35285173638503,1.35478691646505,1.35406119313184,1.35648010662546,1.35768956337226,1.36188200176539,1.36696157224664,1.37317026473561,1.37397681565906,1.37502535650211,1.37671903951369,1.35398233694624,1.29649469908233,1.20151488776968,1.06452789353089,0.879486679057481,0.69396173117047,0.528593902879115,0.39402606855952,0.296466427849484,0.238656218901316,0.196568208384924,0.163349300919544,0.132307317028194,0.09586343799691,0.0592583966362833,0.0269268676846097,-0.00693668909813973,-0.0381393424676749,-0.0645852428658027,-0.0869998672001509,-0.112720290690656,-0.134731762776072,-0.158275509118138,-0.179480923131257,-0.203588737626018,-0.223826191960764,-0.246401732198876,-0.265590645690567,-0.287117645085636,-0.306387139742002,-0.327269489819696,-0.345410601745085,-0.366615522907043,-0.385401777000965,-0.404188277520465,-0.42095901679529,-0.439664936150122,-0.455307292693959,-0.471675372571003,-0.487317482689262,-0.504975354052208,-0.520536636580225,-0.537548872923477,-0.55375455834328,-0.571572852758827,-0.587052814845424,-0.603984223598429,-0.62019015544381,-0.637122057047977,-0.651957862668361,-0.668648020778506,-0.683564407563569,-0.698803365432896,-0.713155191214101,-0.728796808481203,-0.741777768760675,-0.75669390912016,-0.770320011568158,-0.780156581446388,-0.786606771003787,-0.795314711725463,-0.800716853290981,-0.807328205177717,-0.819986840798509,-0.836838161238002,-0.85102857826428,-0.863283815210551,-0.873201212679034,-0.880135135650044,-0.883279772476864,-0.888359589383692,-0.899405862434313,-0.911338774721899,-0.915692868295526,-0.92190106793333,-0.92544836415793,-0.926657574479159,-0.927302470222107,-0.943911554316426,-0.957618237929104,-0.964471826161014,-0.970680272224396,-0.977533614030738,-0.97390549021589,-0.974308888890401,-0.991160209329893,-1.00712464410684,-1.01276877559195,-1.02050900306083,-1.02526575603223,-1.02212111920542,-1.01889590121392,-1.03550523173383,-1.05082477076782,-1.06090357699123,-1.07307847919841,-1.08928465746937,-1.09976612309056,-1.11468201702446,-1.14564292689998,-1.17386259862319,-1.19087508139203,-1.20256625018559,-1.2104678864094,-1.20716208725324,-1.20425944034601,-1.21659550488254,-1.23070534074414,-1.23675237805261,-1.24384770977853,-1.24957242242832,-1.2478792322679,-1.24263825303173,-1.25408718548012,-1.26464923226598,-1.27214722338969,-1.27795227077855,-1.28690195499424,-1.28480585901047,-1.28432212559687,-1.2898856759173,-1.28585439985352,-1.24941076724782,-1.18603725440479,-1.10089450582153,-0.980839906038057,-0.812972829513993
-0.627694382291254,-0.509767058525569,-0.344879356080356,-0.171412293970039,-0.0415191785727766,0.275160857331764,0.501156601556816,0.668978767020992,0.817008372738726,0.963608468528341,0.98663726394471,1.00770913732272,1.02125555521754,1.02697520499749,1.03254396845197,1.04435910376772,1.06979587013138,1.09538306280123,1.105316949251,1.10697278866733,1.1096820722463,1.11600365726066,1.12473321322232,1.13978435419835,1.15603959565284,1.16529610370546,1.16725279573418,1.16793040414097,1.17523045017452,1.18358417038034,1.19479737046167,1.20954742881566,1.22505007871992,1.22843651068639,1.22873736329878,1.22843651068639,1.23325337261955,1.23807000454306,1.24883192570582,1.26094837365324,1.27306459159101,1.27389216628471,1.27208590056219,1.26802209019857,1.26915097752394,1.27080658693062,1.27795597664834,1.28713727154786,1.29835024161955,1.29887696370087,1.29835024161955,1.29722135429418,1.2954153185813,1.29428666126556,1.29947935895456,1.30519900873452,1.31039193643316,1.31656286513169,1.31987408394506,1.32130405389246,1.32190598912688,1.32785104835647,1.33251702396415,1.33959120052877,1.34764360810292,1.35629818092113,1.35607254146184,1.35562103253362,1.35291174895466,1.34877249542829,1.34711665601196,1.34982593959093,1.35321260156704,1.3477944944284,1.31445643682571,1.23972699400761,1.12541220168697,0.969329728375798,0.790067803332428,0.626458954499495,0.491523107700144,0.385862198168786,0.313765905737982,0.266956183374282,0.224436370852786,0.184475415604055,0.147901122331449,0.112681585853134,0.0813752034226164,0.0538315487336917,0.0289969476140894,0.00657054745141926,-0.0140498169983659,-0.0371535955581872,-0.0598058651897898,-0.0823074785055588,-0.106013422309437,-0.125580342596593,-0.143190570855035,-0.159897781257034,-0.175702203812237,-0.189324064869794,-0.209718789860288,-0.229962858534953,-0.250206927209619,-0.271428996884174,-0.289791126663937,-0.304616398171029,-0.318388225515497,-0.332160052859959,-0.344502140266662,-0.364144273706916,-0.383410111372045,-0.403052244812294,-0.423221100333865,-0.439627228113833,-0.451593249755052,-0.463182975621161,-0.47469748833416,-0.4836531437744,-0.500811633094976,-0.518120548721751,-0.535805530113999,-0.553189428884221,-0.569595096644912,-0.581259575644822,-0.592999497807472,-0.603610762654394,-0.613845731726195,-0.6290477590277,-0.644249786329204,-0.659451583621068,-0.67480403722877,-0.68993085137717,-0.701821429855654,-0.713636795181049,-0.72424806002797,-0.735837325874782,-0.748630462190426,-0.76699282197983,-0.791300701018115,-0.81673746738178,-0.847367161444075,-0.881910469573449,-0.912013441554431,-0.935568729042471,-0.963639565831996,-0.986066196004307,-1.0037514074062,-1.01330899808085,-1.02324311454026,-1.02760823753555,-1.03001666850213,-1.03197359054049,-1.04694997838271,-1.06132420098086,-1.07630035881344,-1.0878898546699,-1.09820003689479,-1.10218840409568,-1.10632719760275,-1.10926189063137,-1.12273240534416,-1.13770810315744,-1.15268403098037,-1.16058578223869,-1.16848753349701,-1.16916491189416,-1.16908969874106,-1.16886405928177,-1.18203441141111,-1.19693558610023,-1.21266456549269,-1.22079264623922,-1.22771639649765,-1.22831833173206,-1.22613577023441,-1.22387776557403,-1.23644526243038,-1.25006643345901,-1.26082789460247,-1.27015961580819,-1.27911504123878,-1.279566550167,-1.27919025439188,-1.28363036053062,-1.29356424698039,-1.30455203761208,-1.30959453900453,-1.3150133361721,-1.31757265346416,-1.31606793038295,-1.31283192472267,-1.32344318956959,-1.3342048807227,-1.32555007789485,-1.27377329730145,-1.19031360849276,-1.05590494379401,-0.857226984788957
-0.825229899668641,-0.643795489247667,-0.428631171685946,-0.219088583769864,-0.0488209031503316,0.277621651546456,0.507571694724204,0.675991512691531,0.829163345171612,0.966856062228831,0.983567086086493,1.01598788456954,1.0455593358016,1.05195094937735,1.05395321247535,1.06227035965926,1.07705632064181,1.09184204625784,1.10924622455579,1.12357016103367,1.13689284827929,1.14413154600804,1.15052339495034,1.15953346120801,1.16908251682673,1.17585919005081,1.1887968176481,1.20373647297685,1.21051314620092,1.21444047217401,1.22406672801562,1.2320760157741,1.2383913705931,1.24971226547379,1.26272732866051,1.26580804121364,1.26627006571833,1.26542274619879,1.26896524789008,1.27212268993304,1.28020870718134,1.28898787886995,1.30038526787394,1.30146301122949,1.30153950535278,1.30161599947607,1.30592814973094,1.31093345442611,1.3201746506194,1.32972394160465,1.33881120808521,1.33996638703019,1.33711727514573,1.33526894176045,1.33896537316446,1.34304662885027,1.35136354066764,1.36160551536012,1.37161659548352,1.37115457097884,1.36899861353467,1.3655335474328,1.36437860385436,1.36376288500349,1.36792157627872,1.37385140071632,1.38093616873237,1.38216854790024,1.38186045310827,1.38093616873237,1.37924176505981,1.37931849454964,1.38262939557225,1.37646844119905,1.33773252326353,1.25741157550804,1.12911398435681,0.955304037412525,0.752923417735378,0.570873523830068,0.41993555511665,0.30503785143394,0.227181426647654,0.18074478647869,0.137234223050544,0.0978818801645642,0.0625342988410859,0.0292661808384958,0.00215901720911461,-0.0201735009276482,-0.0412736398965375,-0.0617580600145537,-0.0807024769058151,-0.107425051619938,-0.133839531542096,-0.159946152038814,-0.186206702248259,-0.209001715622774,-0.227253213440264,-0.243964472664447,-0.259828412369093,-0.273381994183789,-0.292403375931401,-0.311424522312476,-0.331061622910951,-0.351007053667934,-0.371491473785955,-0.388433156846147,-0.404681920832589,-0.420700025616489,-0.435562716088867,-0.451965645154568,-0.469370058819048,-0.487005367052607,-0.500481748644405,-0.515036344324822,-0.527049687546221,-0.538138746391701,-0.548534886163432,-0.566632218901673,-0.582958418477534,-0.600131702206405,-0.618152070088295,-0.631397792477552,-0.640793153750087,-0.651112564031988,-0.661046914665568,-0.668824837121908,-0.685997885484247,-0.702862603688088,-0.719804286748286,-0.732510549043435,-0.746603355585701,-0.7553825272743,-0.763468779889138,-0.770554018638254,-0.786418193709433,-0.801358084404714,-0.816220774877107,-0.831391560141456,-0.845638061029907,-0.854185867416364,-0.862964568371894,-0.871897434406684,-0.88013714600117,-0.890687215485612,-0.902007404266713,-0.912634673974048,-0.921336880806291,-0.93019301735125,-0.93643093658082,-0.942514926097673,-0.949060940119209,-0.959072255609144,-0.969237736178333,-0.979711311539483,-0.990800841118038,-1.00296834941868,-1.01582877679308,-1.03046033732986,-1.04909618869607,-1.06827126478987,-1.0861374675925,-1.09252955190133,-1.0968424082558,-1.0971507384143,-1.09584186512314,-1.09383960202515,-1.10870229249753,-1.12402700747461,-1.14042993654029,-1.15267417433076,-1.16553483707169,-1.16930823333206,-1.17115656671733,-1.17231198102884,-1.18139948287594,-1.19017865456454,-1.19187305823709,-1.19495330005716,-1.19695532778861,-1.19479866424485,-1.19179491654807,-1.20442421398686,-1.21674565200021,-1.22105803762162,-1.22475470439216,-1.22899059589028,-1.22467821026887,-1.2196729055737,-1.23214874403284,-1.24631851543147,-1.2510159607012,-1.25548251140186,-1.26002579159234,-1.24400745144191,-1.19479819351178,-1.13488470101795,-1.03045986659679,-0.903163289311294
-0.851600176445936,-0.604653185997739,-0.312971948143523,-0.0103132424070567,0.341288871042506,0.604743055076637,0.788797834722882,0.910290607980589,0.969964019458646,0.964847238464466,0.974999321441729,0.996128367787245,1.01552415628366,1.04119256734966,1.05893733377908,1.06999678518644,1.08369761964398,1.10086496979971,1.11440082817905,1.1288445595025,1.14312331474774,1.1526974769373,1.16185894667436,1.17399175161801,1.18711516980186,1.19429591757253,1.19974340749411,1.20576881820339,1.21179422891266,1.21831482011353,1.22879710750419,1.24192077794504,1.24745100816272,1.25157793268771,1.25859345212317,1.26692953695523,1.27518262923421,1.28814031456885,1.3015934326521,1.30514218413238,1.30472949167988,1.30208861314369,1.30134596853479,1.3010982521605,1.30687594649548,1.31446913446165,1.32404329665121,1.32825270921528,1.33105932060067,1.33526873316476,1.34022104259474,1.34352232995773,1.3500424166446,1.35705768382307,1.36019399510786,1.36200974099605,1.36341304668875,1.36778768758802,1.37183212407391,1.37818748693959,1.38338726048686,1.39040277992233,1.38891698619054,1.38817383706764,1.38511976156495,1.38553220176046,1.38388117969346,1.38718246705644,1.38974110981054,1.39477565502262,1.39543606384941,1.3979947066035,1.39997568082689,1.3744722458391,1.30893915650097,1.2006522894662,1.04358699079655,0.836422442838391,0.632064254008621,0.45106354986506,0.304975466820656,0.196523371450699,0.133795884469953,0.0886481878404327,0.0524144968306821,0.0195648334800137,-0.00857998455797286,-0.0410989389812354,-0.0718018952593073,-0.101267026436891,-0.126852949463784,-0.152273896412479,-0.172330345992699,-0.191643898707016,-0.208893989158848,-0.229280643152465,-0.247521346844493,-0.266752159262715,-0.285157839032943,-0.304306163412063,-0.321473261310794,-0.339630720192718,-0.356797818091449,-0.37487278893427,-0.391957398793905,-0.408877284832333,-0.425797423127766,-0.443955638780692,-0.459307495305229,-0.47531976065656,-0.491166797672699,-0.506518401940237,-0.518486230805686,-0.533177678503429,-0.547291457670467,-0.561735188993909,-0.574775866881659,-0.591447784288789,-0.60630420806473,-0.621325355661867,-0.635769086985309,-0.65235876861034,-0.666472547777384,-0.680916279100827,-0.695690467094659,-0.709886734300805,-0.721771822870159,-0.733904627813808,-0.747110281779757,-0.758417449561407,-0.770385026169863,-0.783508444353709,-0.796796586358755,-0.799272741073747,-0.803894846090327,-0.806535976883518,-0.809094367380602,-0.810332444738107,-0.829315540782029,-0.845575017993657,-0.864558114037585,-0.877681027707427,-0.892289735109063,-0.896829352086547,-0.902854762795818,-0.905413657806911,-0.917381738929365,-0.928029002398219,-0.932485879079602,-0.935786914185595,-0.940656231062473,-0.94032602664907,-0.940573490766366,-0.955264686207104,-0.971028982927148,-0.983326763948995,-0.995954497127247,-1.0064365322609,-1.00990304795909,-1.01114112531659,-1.01964243848385,-1.02830872772931,-1.03994609992436,-1.04704410739894,-1.0567832456667,-1.06041473744308,-1.06445892167196,-1.06610969148196,-1.07634401024132,-1.08451511899518,-1.09029256107316,-1.09491466608974,-1.10011469189402,-1.09962001591643,-1.09953778013432,-1.10861701408929,-1.11934701785424,-1.12380389453562,-1.1292508799432,-1.13403770878098,-1.13403745652398,-1.1313133331777,-1.14171262801525,-1.15244237952321,-1.16094344043347,-1.16861936869574,-1.1772856579412,-1.1788539397121,-1.17976181265619,-1.18619991581797,-1.19164740573955,-1.19635225105222,-1.2037807151972,-1.21252974473876,-1.22177370251492,-1.20807261580038,-1.16870286576284,-1.09458547070434,-0.973257421267839,-0.808267973447608
-0.549219139650904,-0.317619575559907,-0.0701221750265615,0.183127112053737,0.459544120113837,0.664779792452026,0.821043487153976,0.938480909946191,0.998877061618128,0.989050484631152,0.987372800186436,0.995681135014007,1.00518809492369,1.02683855041966,1.05815565227951,1.08571768077664,1.09594347389913,1.10073650921419,1.11096205816778,1.12414351570642,1.13884297123555,1.15897518457212,1.17695040993247,1.1800660049717,1.18014584819881,1.18158375879332,1.18461951060545,1.18877380010368,1.20027806153538,1.21234171389457,1.22160938829183,1.22656284256776,1.22951923949057,1.2358307611339,1.24381972305308,1.25244767495795,1.26411162284385,1.27713339392827,1.2801691457404,1.2794500683587,1.2792901377356,1.28360386951915,1.28759822839429,1.29686541445377,1.30876913618987,1.31995402471315,1.31947496535053,1.31859620151462,1.31779703673693,1.31827585193065,1.31979311741449,1.32786143422298,1.33600983842746,1.34343940941913,1.34527678031805,1.34495716324076,1.34407839940484,1.34200125465573,1.34160179435132,1.34487756418254,1.34935171492697,1.35334656213988,1.35917902442061,1.36189589166211,1.36277489966691,1.3627751438358,1.36796788362415,1.3732402224707,1.38019000159309,1.38849809225178,1.39776478997348,1.39720539904598,1.39448926431116,1.36469064877959,1.29446792012069,1.1812646300538,1.02667861979656,0.824717984782919,0.625793345750302,0.454750108123221,0.314304650805404,0.211327153861016,0.148693926816869,0.103716063886883,0.064570174899849,0.0317355633872646,0.00113802724689983,-0.0270629912359398,-0.0552637655498908,-0.0833046092407425,-0.111026080023195,-0.136990267302715,-0.158880008311104,-0.179811386425369,-0.197627413669295,-0.215123823835922,-0.231581295374653,-0.253630967006136,-0.274242483874213,-0.297010744549617,-0.318181164007415,-0.335677085836259,-0.350217099080074,-0.364757112323895,-0.378338518504703,-0.392239297593926,-0.414528010568937,-0.435378568780536,-0.455909509914842,-0.47516222690883,-0.489621908587774,-0.497690713734046,-0.507277761039717,-0.516545191268085,-0.525333317964948,-0.5436281604026,-0.563680530512068,-0.581975128780832,-0.60018988382249,-0.617525875028245,-0.628390658136446,-0.638935824167343,-0.649480990198245,-0.660505703929539,-0.674486326245857,-0.690304563629985,-0.705643497482614,-0.717387532764506,-0.72801303036029,-0.737120529965564,-0.745189579280729,-0.752140335078677,-0.76739942570419,-0.78273811538793,-0.798316578921859,-0.812856347996791,-0.825638345231019,-0.832348838840979,-0.838899890165633,-0.843693169649578,-0.84928536974233,-0.859671093487916,-0.872533178118132,-0.885794478883858,-0.893303893102637,-0.901212767625814,-0.906724880322568,-0.910479709516399,-0.913116245193017,-0.929334187050438,-0.943874200294259,-0.958094596460781,-0.964485717162336,-0.972554522308608,-0.971595426907811,-0.971595426907811,-0.970796506299009,-0.985336275373935,-0.997399439395348,-1.01153999233477,-1.01769133918613,-1.02480153726939,-1.02400286082947,-1.02376333114817,-1.02288456731225,-1.03718480670587,-1.0506858813218,-1.06506571977364,-1.07577081642763,-1.08655600047762,-1.08903284970003,-1.09135001246824,-1.09198949079173,-1.1009373039428,-1.10940556939347,-1.11196177350521,-1.11707467006645,-1.12690100288454,-1.13544911156231,-1.14751251975261,-1.17619308593585,-1.20359518380989,-1.22524515096808,-1.2405840848207,-1.25272733623811,-1.25408540360552,-1.25440502068282,-1.25760070311804,-1.26726710531303,-1.27677357688493,-1.28244562020478,-1.28667950876123,-1.29011447670887,-1.28923571287297,-1.28779804644734,-1.26614807928915,-1.215338730754,-1.13089609426635,-1.00475087634215,-0.863026950715131
-0.61662592601483,-0.412609538224588,-0.184909038028464,0.0541381064259191,0.352661217934434,0.605796821403218,0.774096766088605,0.892820370801629,0.964405011104814,0.966461372171924,0.972172865576097,1.00293914601255,1.03088773464612,1.05297237752703,1.07315311168933,1.0885363682834,1.09531432987201,1.10125461817476,1.10955570673826,1.11899914053293,1.12714777674793,1.13666685483766,1.14725216836014,1.16065494093383,1.16758442386422,1.17162010519333,1.17961605630817,1.18806866621345,1.19553161598774,1.20802083822884,1.22431787790717,1.22888725883185,1.23056307090691,1.22995395976796,1.23155342929294,1.23170588164144,1.23947350336104,1.24884036185395,1.26003501926706,1.26551795052433,1.26894452071448,1.27115286862673,1.27412254727475,1.27678778672914,1.28097638591009,1.28706912656134,1.29300941486409,1.29567511982183,1.29712213699832,1.29879725081835,1.30176692946637,1.30526960945494,1.31143776164956,1.31806303813799,1.32545011086556,1.32849636481534,1.33001972454191,1.32963940830154,1.3325334426545,1.33573191620111,1.34159586195378,1.34829748099229,1.355836540565,1.35697888579616,1.35636977465721,1.355836540565,1.35873010941461,1.36276602349539,1.36923884763533,1.37670179740962,1.38203274182174,1.38058595739694,1.37746382640042,1.35804465572557,1.30306149429435,1.21099121513189,1.07756957476216,0.897694190919941,0.703425908869687,0.530252376817662,0.382590523340065,0.270492427867152,0.197689565286073,0.147884895918489,0.105009942232977,0.0696742808718422,0.0367755295698663,0.00494301370064621,-0.0229292323828421,-0.0483643356555011,-0.0737235618814239,-0.0981690050230798,-0.115684499730994,-0.133428556585808,-0.150639612100085,-0.167012761576821,-0.181025110792815,-0.20463288064862,-0.228012321109201,-0.250477745733834,-0.272029387274205,-0.290458665066381,-0.303328669051202,-0.315208547401674,-0.328154661184906,-0.341252994564958,-0.362042839866205,-0.382071121680003,-0.403774750065517,-0.423498592685679,-0.440861867796769,-0.452818321449004,-0.466450121672949,-0.47764501183774,-0.490515015822572,-0.507344824089763,-0.526382980269212,-0.543212788536408,-0.561184942034772,-0.577481981713106,-0.591494563680776,-0.603907908875146,-0.617006475006868,-0.628962695907427,-0.641680247543754,-0.653788455289456,-0.666201334980476,-0.673664284754766,-0.681888798016499,-0.688818746450246,-0.696281696224541,-0.701917079830303,-0.716767335083833,-0.730399135307772,-0.745325500359709,-0.754083480465336,-0.765125918281634,-0.770608849538901,-0.777462455422566,-0.78302149647824,-0.799318303404888,-0.814091983356655,-0.831302573367575,-0.846457035063061,-0.860773823472686,-0.870902245453046,-0.880878447836577,-0.887656176673506,-0.895957265237008,-0.906390591914351,-0.915376668663533,-0.923525072126859,-0.936471418661773,-0.952844335386838,-0.972263506061687,-0.995871508669169,-1.02602867796667,-1.05367259465494,-1.07720425471233,-1.08954125735661,-1.09738498887463,-1.09944111719006,-1.0999741185306,-1.09997435128228,-1.11421526264518,-1.12959828648757,-1.14460052858624,-1.15366271513382,-1.16257221658124,-1.16409487805278,-1.16363775375898,-1.16302817711667,-1.17490805546714,-1.18861573273782,-1.19554568117157,-1.20247562960532,-1.20932970099233,-1.20932970099233,-1.20666446153795,-1.21648844432467,-1.22821633583,-1.24146712155854,-1.24992042971886,-1.25928752096344,-1.26103944283692,-1.26218202081977,-1.25997367290751,-1.26736051288339,-1.27406189917024,-1.27672690587294,-1.27611732923064,-1.27771656600394,-1.27413754346529,-1.27132008441409,-1.27939261083069,-1.27276756709393,-1.22867462388219,-1.14772312508611,-1.0119409172073,-0.815311834896293
-0.649085255318279,-0.342676312720469,-0.0346079131448239,0.256036948916937,0.535978769923674,0.710797135831586,0.837658615152911,0.938550505675126,0.996795569072264,1.00019715157545,1.01463397083062,1.02384365275627,1.0245902055287,1.03686978142957,1.0583590392561,1.07959927710214,1.09984368861078,1.11610580910778,1.1212497707208,1.12606204380587,1.13850771755522,1.15344283035585,1.16729894110257,1.18422494582451,1.20040414418953,1.20446961091765,1.20438643520116,1.20621199002749,1.21085867243306,1.2148414706137,1.22521282314075,1.23890283603899,1.24769714655118,1.24943876490751,1.25151257896082,1.2581498997032,1.26420651193715,1.27250379682638,1.2853645884047,1.2973953979096,1.29739565149409,1.29507281746031,1.29183707922112,1.29133929284466,1.29341361406697,1.30229135388015,1.31274562853919,1.32477618445958,1.32743121419033,1.32585493292898,1.32361476744269,1.32543981510002,1.3277629027183,1.33589383617455,1.34584981728814,1.35588897411821,1.35696772258762,1.35456171283734,1.35116013033414,1.3495841026573,1.34792515284845,1.35124406680414,1.35713483477411,1.36352338912051,1.3657635546068,1.36775470011262,1.36816956435709,1.36742301158464,1.36875052645003,1.37281573959365,1.37696387486927,1.38227368074628,1.38874515722469,1.36352237478251,1.29797636000255,1.18928573172105,1.03628907292113,0.833510226292791,0.637036758294374,0.467030665471513,0.329466145095181,0.225421438465756,0.162944810492004,0.11532011960239,0.0737522945312112,0.0362499361881631,0.00248110246076644,-0.0295453521567828,-0.0591657970240594,-0.0875416491579466,-0.114423888577977,-0.139646417435643,-0.164371159916874,-0.188266173909167,-0.210999770884577,-0.233152912936034,-0.255140464308018,-0.275966345078602,-0.296626381585208,-0.31678863171535,-0.336618686148529,-0.355452660659792,-0.374203966623572,-0.392540408342877,-0.41046173223323,-0.427885523331626,-0.445724432258984,-0.463148223357379,-0.479659110250359,-0.496336094991829,-0.513510612525245,-0.529025673080809,-0.544955597880842,-0.561715504754301,-0.577562761006844,-0.593244172995403,-0.609174604964441,-0.624773094821006,-0.638711874115223,-0.653646226162345,-0.667253063344089,-0.681689629014759,-0.695213797649019,-0.709485026224699,-0.72267775991549,-0.736202435718744,-0.748980305165078,-0.76208986313937,-0.774950401133187,-0.788142627654973,-0.801832640553217,-0.807059524298231,-0.81236933017524,-0.816932329695318,-0.820333912198501,-0.82174434919588,-0.839334238142754,-0.85584563220474,-0.871610219909794,-0.878994854178113,-0.887623827595321,-0.887789671859311,-0.887540651878826,-0.889283030988662,-0.907536296991484,-0.925125932353869,-0.943047509828717,-0.954580279372656,-0.963707039166317,-0.964785787635716,-0.96511772974819,-0.964288001259258,-0.977148285668582,-0.991169987094789,-1.00386417365562,-1.01423527259817,-1.02427468301274,-1.02684704419601,-1.02858967689034,-1.03215761082651,-1.04145046846866,-1.05074307252631,-1.04999601258487,-1.05041062324484,-1.04875091268248,-1.04368936603245,-1.04028727636026,-1.0572959496297,-1.07256224378929,-1.08782879153338,-1.09919571681334,-1.10898636083194,-1.10807396379553,-1.10749350887158,-1.1094019858299,-1.11969041622496,-1.13080857510894,-1.13271705206727,-1.13570402391049,-1.1366166745314,-1.13213634355881,-1.12632824413635,-1.1387734107167,-1.15022300454415,-1.15155026582503,-1.15237974072945,-1.15403919770729,-1.14648922634398,-1.13802660435977,-1.1507215516741,-1.16640347083166,-1.17611119271827,-1.18399335977855,-1.19262207961125,-1.19071334906843,-1.15694400817203,-1.11172507344819,-1.05256710584563,-0.954994129279114,-0.85360470596494
-0.551933895539551,-0.380188825262921,-0.159665461828569,0.0818818204794156,0.40132316252867,0.650432759480695,0.827698518224617,0.945446933043917,1.00224126123343,0.981217342359801,0.98197362005145,1.00231684277535,1.01971099854701,1.04088631164069,1.0652376674486,1.08021136478905,1.09034506981193,1.10357923600711,1.12135106835217,1.12770361605303,1.13277058413258,1.1303505879738,1.12997244912797,1.12997244912797,1.13798871529598,1.14782009415117,1.16332332455751,1.17111284609974,1.1755749307077,1.18434747456735,1.1944053669121,1.2027995407897,1.21535324197137,1.22911694123243,1.23153716852743,1.23168879388371,1.23078158424442,1.23448716002452,1.23932692120588,1.25067016203572,1.26276991169343,1.27509663711312,1.27623105365059,1.27555058863708,1.27229896438094,1.27245012746478,1.27418942747384,1.28258383248767,1.29022195980984,1.30050705905279,1.30141473096449,1.29952426787159,1.29596985517533,1.29899496594192,1.30126379901686,1.30958262248876,1.31896004982,1.32871584713327,1.32750584905387,1.32508585289509,1.32251469365246,1.3194900451583,1.31684330437375,1.32024655398616,1.32387654822434,1.32750654246252,1.33174118903607,1.33461467444638,1.33605141715155,1.33945443562774,1.34437000948723,1.34936162716108,1.35586556908199,1.34732000098433,1.30277681667258,1.21467323923028,1.0844460113626,0.909448854557405,0.720007071205214,0.549925488259508,0.411909201122017,0.305882628250818,0.236458555065294,0.189646768814816,0.152061246811739,0.115912698650031,0.0840746097400085,0.0584379054470023,0.0355991050223891,0.0126089103777248,-0.00690268424881666,-0.0261114904352456,-0.0528828424019277,-0.0801834962982832,-0.10634973365717,-0.133347830249621,-0.156111049132309,-0.174261251459407,-0.19135261879095,-0.207233756906897,-0.221526758097623,-0.241718586601474,-0.262666692796959,-0.283085497062792,-0.30426081015647,-0.323999380544997,-0.342074232466383,-0.356896997859206,-0.372551622485593,-0.387222993658371,-0.405221570629189,-0.420043873749583,-0.438571983786287,-0.453167542280917,-0.468973098854941,-0.481300055410841,-0.495895613905472,-0.50754164317543,-0.524708360912685,-0.539228337865396,-0.55594156635112,-0.572201305585312,-0.583772215585781,-0.592847547885545,-0.602527763656901,-0.611224725974618,-0.617123322151521,-0.633533993333345,-0.647600249898312,-0.663784176454372,-0.677699269935485,-0.694790637267039,-0.705832014201622,-0.719822689224665,-0.731014998106879,-0.746139858531178,-0.759827976250315,-0.774574697828789,-0.788187234006002,-0.805883715945351,-0.825319729029978,-0.849142014044428,-0.876821500195246,-0.907752610602205,-0.938078606401359,-0.964774376826127,-0.988066897638479,-1.00258664345497,-1.01430848540307,-1.02141707965937,-1.02769381468209,-1.0320798554757,-1.04410402359149,-1.05401052171618,-1.06671538598169,-1.07586606868716,-1.08463884368302,-1.0894790671368,-1.09477301097833,-1.09810044791261,-1.10830973447741,-1.11965320644348,-1.12638366185395,-1.13220690762514,-1.13772782722865,-1.13946735837392,-1.14029944874371,-1.14899641106143,-1.15981058109783,-1.17130544728394,-1.17599404538146,-1.17992636578732,-1.18090961924095,-1.17932171345195,-1.17788497074679,-1.18968262537302,-1.20253911499481,-1.20828654808787,-1.21531956080224,-1.22114257543722,-1.22061327350755,-1.21978141427398,-1.23104953583433,-1.24330091084832,-1.25736716741327,-1.26689575782836,-1.27574365209371,-1.27831481133634,-1.27869271904595,-1.27740713942463,-1.28391085020934,-1.29132223290575,-1.29283501942526,-1.29510408363642,-1.29691919632361,-1.2721899328061,-1.2034465557703,-1.10626764602824,-0.964545551974437,-0.760886348973434
-0.608746257796688,-0.330889959138171,-0.0353551819279184,0.265911228783165,0.533111539714036,0.738960846330942,0.86053310807753,0.932863061173451,0.956354098532216,0.951429744305401,0.956192247919819,0.992034016689981,1.02432395403325,1.05201274492751,1.07768358436022,1.09447484522571,1.09649353685775,1.0991579038749,1.10731137519779,1.11715983692792,1.12579737974703,1.13919742618055,1.15429270974482,1.16333389220094,1.16777392820805,1.17116440246953,1.17681535738766,1.18230495514038,1.1916690986508,1.20385871962029,1.21758222055511,1.22234521761652,1.22395977616455,1.22460569827317,1.22702728937174,1.22888388366788,1.23687550437837,1.24623964788879,1.25455447637709,1.25891383380149,1.26149702878896,1.26399954519371,1.26835865589462,1.27320183809173,1.2801441437801,1.28886261190541,1.29459399868275,1.29596627475918,1.29725811897641,1.29556288184566,1.29548195653947,1.29661219686779,1.30040631076628,1.30516906110419,1.3140488863949,1.31768164312799,1.32196007524619,1.32470462739906,1.32777189388274,1.3300318810924,1.33552098539813,1.34092965784466,1.34706493098251,1.34964837269346,1.35021361621937,1.34916430119724,1.35198953193281,1.35659092510533,1.36361415609989,1.37144466636848,1.3807281312962,1.38056677413079,1.37766061808902,1.36490600031712,1.31856984770821,1.23275916959606,1.10981487849652,0.942148746612626,0.746309505614756,0.568229668474804,0.416708381900803,0.297234996921951,0.214249302821883,0.162665588208359,0.11834714033751,0.0798407578266996,0.04537052496249,0.0138066948635473,-0.0196137295315491,-0.0490786828627445,-0.0774133958656196,-0.104940582870975,-0.125364107022561,-0.142316478329962,-0.159349528220068,-0.175413694947255,-0.190186510904202,-0.215615067865304,-0.24104362482641,-0.265987863567801,-0.290851423726491,-0.312485866789108,-0.328711884128687,-0.343888339722645,-0.358903191427699,-0.373433724913042,-0.39458360303245,-0.415490951956761,-0.436721261935376,-0.458355211551001,-0.478616885090195,-0.494519447928477,-0.509937939270547,-0.524630076644789,-0.537707902194493,-0.552965283094656,-0.569352904323139,-0.584690963805996,-0.598091256963013,-0.612944504779174,-0.625699122551075,-0.637242821411955,-0.649109481327134,-0.665174141501307,-0.678655359964528,-0.692862685672074,-0.706020696357497,-0.715142310672816,-0.722003691054987,-0.730076237071677,-0.738068351229159,-0.74759409862848,-0.7654346745161,-0.782144763351897,-0.799904167209826,-0.811851258984218,-0.82379835075861,-0.83082133502968,-0.838490488132852,-0.844545329411492,-0.860206349948654,-0.874333737243984,-0.888864517452825,-0.903152768466564,-0.916552814900094,-0.925836033104322,-0.935280608473951,-0.943837225986864,-0.952555694112164,-0.962404402565795,-0.971365153162699,-0.980406582342314,-0.988963693302208,-0.997036239318898,-1.00478582428129,-1.01277744499178,-1.02004271173445,-1.02932617666218,-1.0385287162837,-1.04248418734759,-1.04506762905855,-1.04813514226572,-1.05031469761618,-1.05265585685553,-1.06557183179284,-1.08082847252251,-1.09624671714109,-1.10351149043677,-1.11029219223624,-1.11214903325588,-1.11223020528557,-1.11311865658928,-1.12950652454125,-1.14653982115485,-1.16155467285991,-1.17535835893045,-1.18674020717893,-1.1894038340256,-1.19085678868474,-1.19432794152892,-1.20062481855566,-1.20934353340446,-1.21224993616973,-1.21507541362879,-1.21636725784602,-1.21572133573741,-1.21289585827834,-1.22347067397629,-1.23485301567177,-1.23759756782463,-1.24034236670099,-1.24308716557736,-1.2367907819976,-1.22976755100304,-1.24034236670099,-1.23356117145454,-1.19432818825242,-1.12587278091419,-1.01414898089773,-0.840186218710586
-0.674196187628573,-0.459661016003739,-0.216537488394409,0.0103561322700952,0.215994127074085,0.490342630877642,0.677031759227225,0.806297409510463,0.926170839965278,1.0144899370265,1.0103712094197,1.01160730612581,1.01885744514779,1.01877510584796,1.02627226276946,1.05065854463875,1.07998820612389,1.09852512427698,1.10528072389567,1.10552799359732,1.11063605181285,1.11870983563534,1.13156206867189,1.14705067011604,1.16237434115839,1.16764682617145,1.17094216077989,1.17967516260536,1.19046790593743,1.20101363136999,1.21526689151446,1.2309209269647,1.23388715617594,1.2319100057713,1.2305918215675,1.23487573137825,1.23940665908852,1.25052875961994,1.26568800386475,1.27788127070046,1.27903477630459,1.2760687988955,1.27417373598856,1.27475011108741,1.27804519389371,1.28718989221836,1.29897121075275,1.30844576988102,1.30877537888251,1.30688081957985,1.30342080637173,1.30548054787835,1.31001172739075,1.31998057412018,1.33151462295292,1.34354295938683,1.34378997728633,1.34065932127757,1.33645775076666,1.33299773755854,1.33011460305357,1.33390472886744,1.3386010905838,1.34436811500017,1.34667462260415,1.34823932110318,1.34774452989774,1.34947415879859,1.35268715410719,1.35861910892537,1.36471624594751,1.37287287267411,1.37806352199164,1.37765157369031,1.35137022891408,1.28801429242528,1.18148763441032,1.03294350867118,0.842464506309861,0.653386027452182,0.488694334068071,0.35662814038183,0.258011342996106,0.196303955119014,0.149755811486719,0.113753393286999,0.0812933275952231,0.0523756144113861,0.0262589482348298,0.00286073796358209,-0.0283644900327945,-0.0595897180291655,-0.0895788493194275,-0.119403050207878,-0.142388808573531,-0.160925726726614,-0.178226799975728,-0.19453954982466,-0.210110994172928,-0.236557521153108,-0.261685612127344,-0.286813451299436,-0.312435326270553,-0.333937718228446,-0.349673337572104,-0.365326617615929,-0.379579625958255,-0.392844059098262,-0.412946682958933,-0.433213733617139,-0.453316105675666,-0.473583156333871,-0.492861631789762,-0.507526336631273,-0.521037787670786,-0.534137290408981,-0.54731913244701,-0.562807733891162,-0.579861789240763,-0.597739741193017,-0.616112232548566,-0.633990436302959,-0.650303437954029,-0.664968646399818,-0.678480349241475,-0.690426346375538,-0.702949222212737,-0.714812880046967,-0.727582773783678,-0.735244609304845,-0.742989035927985,-0.749826974846517,-0.757241792468178,-0.763256086586196,-0.780145715138269,-0.797858988490839,-0.816149140546549,-0.832214620693842,-0.848280100841123,-0.858742983369577,-0.868052612096033,-0.876208735218358,-0.887248496449947,-0.899441763285655,-0.910728794218895,-0.923086991456421,-0.933715056188819,-0.941789091813454,-0.949039230835437,-0.956701569960888,-0.962551185479233,-0.971696135606021,-0.98298316653925,-0.994022927770839,-1.00143749359036,-1.00951127741285,-1.01569025013054,-1.01972714204179,-1.02269311945088,-1.03274430548015,-1.04279549150941,-1.05235238993752,-1.06116773106282,-1.07031242938747,-1.07624413240351,-1.08217583541955,-1.09066156754337,-1.10277249507924,-1.1168608248219,-1.12163952583809,-1.12633563575231,-1.12905459526189,-1.1292195256637,-1.1283958808632,-1.14437902171065,-1.1608567019614,-1.1776637394115,-1.18936271864605,-1.20040247987762,-1.2024619695821,-1.20312068398079,-1.20254355347552,-1.21218253940132,-1.220091392822,-1.21910256581754,-1.21934983551919,-1.21852619071869,-1.21218253940132,-1.20781629029073,-1.22231682013685,-1.23549891397702,-1.24003034529156,-1.24423216760462,-1.24711580571388,-1.23961839699024,-1.23236825796825,-1.20962951750211,-1.16151566816223,-1.07212590840099,-0.923252929066792
-0.66546649197522,-0.394364258983766,-0.0788522337028732,0.249941960289044,0.54467525643796,0.752871233703417,0.879173869433968,0.933198614986483,0.934909816164266,0.929124207874204,0.941998437780218,0.979155735600422,1.01932824411184,1.05583353717532,1.07001202564166,1.07066427944528,1.07644988773534,1.08810229360145,1.10374791729387,1.12501602356371,1.147180200542,1.15223236574248,1.15206948907673,1.15158036098576,1.15663202809246,1.16037993473259,1.17064689275239,1.18221761123874,1.19419577043632,1.19769961112475,1.20128513919294,1.20381122179318,1.2078039415257,1.21253010434782,1.22149355094796,1.23037531016833,1.23966451009994,1.24447211125492,1.24650931481106,1.24765019861188,1.25205060810252,1.25612526426169,1.26329632039807,1.27201545199959,1.28089746026686,1.28285297644325,1.2851342459511,1.28488943285872,1.28594862927979,1.28814870950166,1.29426032017009,1.30053480750425,1.30892818577431,1.31259515217537,1.3132469078852,1.31340978455093,1.31821738570592,1.3235136168581,1.33239512703158,1.34298808742975,1.35390680115938,1.35496599758045,1.35358079878102,1.35089208856194,1.34787737596449,1.34649267525885,1.34950788595007,1.35407117210645,1.35830845588446,1.36327918275207,1.36384950012903,1.36409406417453,1.36303486775347,1.35570118399825,1.31552867548683,1.23909518891052,1.1217559997801,0.961392466206552,0.768597797634909,0.591855944420022,0.44192274362578,0.323116917363075,0.244646476277528,0.197303409723511,0.157864344301671,0.123395756700557,0.0928384504990978,0.0539697024542279,0.0176270370095949,-0.0160266691690603,-0.048946932258138,-0.0755927080130368,-0.0955568047694538,-0.114298579392177,-0.131247714504251,-0.146811401770019,-0.171419973968787,-0.195620856409437,-0.220718058605416,-0.246548454844091,-0.272297412749895,-0.293401895213344,-0.313528868635491,-0.332515207303707,-0.352071863348884,-0.37187308343956,-0.391266613772113,-0.410904459103277,-0.430704932053289,-0.449039016917895,-0.466721097025782,-0.483833108803592,-0.501026558914273,-0.5180573814061,-0.534599075806951,-0.550652140210589,-0.567682713655529,-0.584061531390644,-0.6001143467474,-0.617307796858081,-0.633686116499414,-0.648923801386818,-0.664161486274221,-0.678258287360806,-0.69227389916142,-0.707348956429981,-0.722098011320184,-0.736928504543246,-0.752166438477542,-0.765774609566921,-0.778812214232452,-0.791768380565113,-0.804643108564909,-0.817680713230434,-0.831044071227431,-0.844651993269927,-0.849622471090642,-0.854592948911363,-0.858341353645288,-0.861193687670772,-0.862579384563972,-0.880180524432765,-0.895744460745421,-0.913345351567331,-0.925893828141874,-0.938116302338053,-0.942108773023696,-0.946752999419159,-0.948463951550054,-0.96150155621558,-0.975028039925205,-0.983258043435751,-0.990673414570726,-0.997762783327348,-0.998170473085465,-0.998659601176453,-1.00884561895716,-1.02147628100524,-1.03622533589543,-1.04551453582704,-1.05464061004602,-1.06034428190944,-1.06425506521532,-1.06800322090235,-1.08478947934869,-1.10133167184332,-1.10744353155863,-1.11347395294108,-1.11811892647722,-1.1160002845882,-1.11412570865091,-1.13001514924815,-1.14639346888948,-1.154704661686,-1.1600008928382,-1.16480849399318,-1.15934888808147,-1.15258552170322,-1.16342304614687,-1.17784609865871,-1.18786899072679,-1.19691387565979,-1.20555131988156,-1.20335123965969,-1.1997657115915,-1.20408393560861,-1.21321000982759,-1.22160289000387,-1.22836625638213,-1.23480386942891,-1.23749332678867,-1.23659725608023,-1.23977534343719,-1.24930910741429,-1.25338326547968,-1.23708613512432,-1.18110562434853,-1.0926122911949,-0.969487493774408,-0.80513099142144
-0.62092419045067,-0.442810979010298,-0.232349630812724,-0.00433031733820539,0.214751560324582,0.492756504580762,0.692224030780743,0.831424236998413,0.931711921450812,0.997120569490885,0.994906092724838,1.00297354688816,1.01720991788037,1.03199960590321,1.05106015687797,1.06592913191961,1.08000692887422,1.09258214013101,1.10199384768326,1.10927012375955,1.12485074814071,1.14486080951139,1.15474727226159,1.15585463150898,1.15545916332982,1.15664580959601,1.15735770066424,1.16447588616034,1.17728871674483,1.1904182119471,1.19437289373867,1.19611309876418,1.20402246234732,1.21240633939971,1.22031546125414,1.23304924654854,1.24807679562779,1.25163600924021,1.25100340519078,1.24918439660389,1.25258527790741,1.25622329508119,1.26436955280588,1.27512575547577,1.28683098508416,1.28809619318301,1.28493220602104,1.28168917356898,1.28319151753808,1.28706667058214,1.29473841483758,1.30533676865601,1.31664701354267,1.31791270509895,1.31395850676481,1.31111142594934,1.30850148100414,1.30889694918329,1.31308900857384,1.32084003984809,1.32843298054216,1.33555140776699,1.33531427189672,1.33705423519352,1.33618425354512,1.34053416178714,1.3451212058994,1.35484909461201,1.36267892944763,1.37319799624727,1.37248610517904,1.37098351948122,1.36702932114708,1.36362868157227,1.33610496652632,1.28026684180482,1.18409217145289,1.0467109738221,0.863852385960568,0.679570257691296,0.515139858483812,0.381080255137755,0.280159724907221,0.220445480226808,0.176944947434405,0.140958068317255,0.108135176362085,0.0780805616610271,0.0426479664893603,0.00911366692339883,-0.023313273395179,-0.05431691503474,-0.080970406703577,-0.102483053772083,-0.123837610260407,-0.142819599402517,-0.160298519389366,-0.184263020822901,-0.208385612836618,-0.229819214615038,-0.253467293159506,-0.273477354530195,-0.289691066418204,-0.304876706077623,-0.321011372675546,-0.335959634735989,-0.358105369311355,-0.379223031658136,-0.400577829875185,-0.421853341073424,-0.4383834758505,-0.452382469243736,-0.465590526278661,-0.478956915622487,-0.49074167397839,-0.51091006765797,-0.528468516392338,-0.547292173225548,-0.563426598094751,-0.577583682068169,-0.587469661360943,-0.598225622302124,-0.607162816385125,-0.619421846481562,-0.638166458024686,-0.65635751080848,-0.673757627233958,-0.693213888116587,-0.7092692676957,-0.720025470365601,-0.73062358245532,-0.741142649254954,-0.749842707467692,-0.761469133514704,-0.775626459216837,-0.789388316739816,-0.799670005940462,-0.809793362832218,-0.818809602205315,-0.825294941923292,-0.832413127419399,-0.846807830720512,-0.861993712108652,-0.876546747718662,-0.895845401478549,-0.911505554607217,-0.926374771377581,-0.941797546907267,-0.959355753912916,-0.971693829299445,-0.991624845380037,-1.00783879899676,-1.02175898882863,-1.0265836522686,-1.03124998339969,-1.03077546993044,-1.02990524655333,-1.03124949994226,-1.04572300680474,-1.06272765505106,-1.0775966300927,-1.08645477888562,-1.09325678322137,-1.09444318775885,-1.09270298273332,-1.09531292767854,-1.11192186601698,-1.12940078600383,-1.1449816521137,-1.15534262833315,-1.16214463266891,-1.16095871158887,-1.1581909177922,-1.1547902782174,-1.16467698269632,-1.17646174105223,-1.18792983479035,-1.19702511945353,-1.20730680865418,-1.20944224013014,-1.21078673524779,-1.21339692192171,-1.22296720351157,-1.23206297163218,-1.23332842145974,-1.23443553897841,-1.23372340618146,-1.22897754630286,-1.22431073171435,-1.23767687932946,-1.25056875520403,-1.26251160414011,-1.27057905830343,-1.27848818015785,-1.27611537108291,-1.27358422969908,-1.22826468831978,-1.1647543358854,-1.06343882093314,-0.875835098379145
-0.773877765616766,-0.642168511524589,-0.467665457777388,-0.283986418675881,-0.199779696830797,0.142406156599221,0.397705929249662,0.597463107403837,0.757918636659512,0.941516520669175,0.96141068630361,0.996083516798313,1.0198756086485,1.0393639988237,1.05463009059648,1.05982749100461,1.07062806728012,1.09076669091293,1.1093621268971,1.12186720828212,1.13875689825325,1.15832594715888,1.16547106977135,1.17001798854117,1.17318452620745,1.17724451442619,1.17968065626585,1.18893804489272,1.20071273045112,1.21289343964944,1.21825290206056,1.21987699662033,1.22742863923417,1.23481772348359,1.24391205738465,1.25633598367781,1.27135836199434,1.2736319454696,1.273794503834,1.27127745508319,1.27468795438644,1.27915421442583,1.28946711560813,1.3014038631695,1.3147209918344,1.31634508639418,1.31415265801076,1.3109044688912,1.31204138471919,1.31382803764338,1.32186735535041,1.33136820925282,1.34338636008675,1.34525391992207,1.34436046936963,1.341680365893,1.3440348562794,1.34655190503021,1.35386008236849,1.36319837790651,1.3738361476369,1.37537908710483,1.37359268236136,1.37204999107414,1.36993871778257,1.36888295704644,1.3719688359823,1.37619163074614,1.38073904587737,1.38512415082492,1.3864233768366,1.38772235466757,1.38829019212979,1.38122498370562,1.34184143517315,1.26478033230195,1.14622515214885,0.985120382158396,0.791859830424046,0.614433704286101,0.464941061489635,0.347929068985169,0.266077582068616,0.216138411620434,0.174968954705906,0.138752936562558,0.103592679155346,0.0700562681272095,0.0374130594708026,0.00720599265406884,-0.0173983946567144,-0.0390797095767478,-0.0588120613889033,-0.076595698273894,-0.0935675360597176,-0.119471397562884,-0.145781034525293,-0.171359779299656,-0.197100586077011,-0.219268335186701,-0.236645203889635,-0.252722846580877,-0.26904420272837,-0.284716318141081,-0.307046873795896,-0.329052560902605,-0.351058496190032,-0.373632765301093,-0.39539473895155,-0.413746461479478,-0.431286384908218,-0.448582346700004,-0.464335617204565,-0.481956695725159,-0.49925265751694,-0.516873239676114,-0.529784344701067,-0.543507248825199,-0.554956321293356,-0.566162176666694,-0.576149961120185,-0.594988862379903,-0.612691095992337,-0.630799601425428,-0.648014656306083,-0.662144080431575,-0.671563531061431,-0.680576958051348,-0.689752695224953,-0.700065100045837,-0.717766837296855,-0.735468822728586,-0.754226568896455,-0.765757292817872,-0.776070194000177,-0.782404262055589,-0.787601166102312,-0.791660906140342,-0.809362395210647,-0.827226442645365,-0.844116132616498,-0.857514416373241,-0.870425769578902,-0.875542014895191,-0.880251988390826,-0.885286830434563,-0.89868536237202,-0.91322056195675,-0.92913614264501,-0.939692509102853,-0.949680293556349,-0.955445531426707,-0.959992946557941,-0.962753708764997,-0.976314302705434,-0.991580146297498,-1.00595303569853,-1.01350467831236,-1.02276181875852,-1.02690321024982,-1.02998908918568,-1.03413023249625,-1.05337515739592,-1.0713208562839,-1.08926655517188,-1.10282714911231,-1.11606312268536,-1.12061028963589,-1.12523861167826,-1.1288114211652,-1.14042354835919,-1.15187336536947,-1.15544667121784,-1.15837023997001,-1.16129356054146,-1.15991293125723,-1.15658333886511,-1.17014393280555,-1.18427286056963,-1.19271795373591,-1.19953895234241,-1.20733430841249,-1.20611598931194,-1.20441073966032,-1.21488570284561,-1.22860885515045,-1.24070816107622,-1.2498032395194,-1.25841089105007,-1.2601161407017,-1.25897947305442,-1.26206510380957,-1.27156546135057,-1.27773672286087,-1.28114747034483,-1.26734316294814,-1.21553643266463,-1.12800086296957,-1.01651039487921,-0.861495234945799
-0.783184430581564,-0.620147543412365,-0.429354460768524,-0.208388355122243,0.0202457708242417,0.35890452426063,0.60996060391876,0.801086392028103,0.935199812326821,1.005132412216,0.980210327234385,0.980710149687175,0.986461419663817,0.996963550457006,1.02280248610509,1.04730779762454,1.06281146471519,1.07623126449502,1.08940089829696,1.09665239988649,1.10490431063611,1.11765691622438,1.12990944460835,1.13907820602443,1.15108107793352,1.16583450184197,1.17341998265454,1.17808804923197,1.18700689942165,1.19600905335346,1.20367732840515,1.21517961360694,1.22901593209744,1.23226656130111,1.23251647252749,1.23460033983831,1.23843460473991,1.24210200740573,1.25185414976824,1.26327313122789,1.26985769337735,1.27302476408738,1.27419152598023,1.27877577931252,1.2846106077828,1.29294607702606,1.3030319438601,1.31386779912482,1.31595166643563,1.31528498174707,1.31345128041416,1.31553514772498,1.31886933542228,1.32628769924758,1.33445605150356,1.34429149760819,1.34387472414603,1.34087400616876,1.33762337696509,1.33920716707162,1.33937377455588,1.34554181799468,1.35412719846433,1.36337926362255,1.36296249016038,1.36346282211618,1.36304604865402,1.36487974998693,1.36704666628837,1.37479824508219,1.38138280723165,1.38838414284328,1.38830058434964,1.38688365647889,1.35904415726214,1.29494664059474,1.191007007553,1.04747516936332,0.858433248564789,0.672308487249888,0.50968888304586,0.375158944036487,0.274386381704778,0.211288764694463,0.167695687160656,0.130353956807794,0.0987632416800605,0.0704234105074991,0.0451676010543493,0.0132434162065857,-0.0170969785346503,-0.0473538147822598,-0.0736930823861353,-0.101032759150105,-0.12328759587448,-0.144625581932393,-0.164463081625934,-0.189551774091808,-0.211556190086785,-0.2331440873711,-0.25573239381551,-0.275820314238456,-0.292407439479821,-0.310328188849813,-0.328082330735535,-0.343669046816817,-0.364423651928313,-0.385094953297681,-0.40559964718278,-0.420852893544026,-0.436939686829595,-0.449359077449336,-0.461528302091187,-0.471863825400114,-0.491868442080914,-0.510706296868872,-0.529794062883221,-0.548798779906939,-0.567970104414921,-0.581139992968365,-0.594976566210365,-0.608313062248072,-0.621065922587842,-0.635819091744796,-0.651238945590305,-0.666075418489393,-0.677077626486881,-0.688163138226503,-0.697165037406809,-0.706333798822886,-0.715252394261058,-0.732922977653154,-0.750510002551612,-0.769597513814458,-0.782433677896358,-0.794603157289707,-0.801021366706414,-0.806856449928203,-0.810190637625504,-0.824527033320294,-0.840613826605868,-0.857617470557899,-0.868119601351089,-0.879205367842214,-0.885123500054623,-0.889207930934118,-0.891958737684998,-0.90771231600204,-0.924299441243411,-0.93996971581833,-0.949471692202928,-0.959390442049696,-0.962724374995494,-0.964891291296934,-0.966641434136216,-0.981061388324637,-0.99614802720162,-1.01181830177654,-1.02440480938356,-1.0373245319591,-1.04382579036643,-1.04882681716088,-1.05191058412878,-1.0617455207304,-1.07208078928783,-1.0743312640829,-1.07783205926447,-1.08266673332616,-1.08458424790422,-1.08666836996654,-1.10633951692731,-1.12592736014595,-1.1445147942045,-1.16068514598371,-1.17593864709646,-1.18152356434035,-1.18627493465991,-1.19352694575245,-1.20486287822147,-1.21719921985058,-1.22295048982722,-1.22870175980387,-1.23145231180324,-1.23103579309258,-1.22936869924393,-1.23987108478863,-1.25078998904398,-1.2554572913669,-1.25945765424975,-1.26304149842194,-1.26029069167106,-1.2562898192852,-1.26645898986137,-1.27887863523262,-1.28504667867143,-1.28988084323011,-1.24928822892207,-1.16910340946609,-1.05482774361241,-0.90079326512653
-0.72932689052614,-0.536251210309472,-0.322441521492683,-0.0869852914527897,0.149300329348859,0.44024133115898,0.654465968837944,0.821168188844581,0.934293590706815,0.993510367423683,0.972361409961393,0.972278521581471,0.976839917289861,0.992348662698391,1.02021487419083,1.04584208550031,1.06093638900924,1.07345988533427,1.0793485090465,1.0865641072813,1.10124396889064,1.12305628687356,1.1340867784349,1.14097056966873,1.14760544228152,1.15689426393942,1.16469008083365,1.17903788196075,1.19487843437024,1.20217666750367,1.20259110940327,1.20939201225717,1.21544641272924,1.22274489934396,1.23385853276651,1.24870442461697,1.25044609452041,1.25210487604392,1.25077815500265,1.25293477376824,1.25459380877304,1.26255616287096,1.27002093320808,1.27897820134631,1.28179792715126,1.2834564551935,1.28503184137453,1.28843178583892,1.29232956754539,1.29929624715915,1.30642870353273,1.31306357614551,1.3160493321916,1.31737630671415,1.3201960325191,1.32542104222942,1.33089497056077,1.33844212231524,1.3469844415913,1.35179475592073,1.35129691867865,1.35055041629681,1.3499699441561,1.35096536515898,1.35295570020218,1.35917613091537,1.36464980576544,1.36821603395223,1.36763556181152,1.36763606877408,1.36547995697105,1.3658120174533,1.36830018973857,1.37327628082785,1.35171237450339,1.29448593282971,1.19263994114986,1.04551078546192,0.852185933142924,0.668896658344959,0.509907873815203,0.383844533728345,0.293029033609845,0.239701134086485,0.191183295411275,0.146563238442537,0.105675693382998,0.0664471833282591,0.0302870642182417,-0.000979598701150202,-0.0288458101935792,-0.0568783054084228,-0.0813448259177479,-0.107055432569715,-0.130112343657848,-0.153583950126862,-0.169591039740048,-0.187173769015548,-0.202268326005769,-0.217362629514701,-0.231876207401637,-0.256590886088152,-0.279812813492275,-0.302951852516476,-0.32716920092347,-0.347986351384812,-0.36374452237695,-0.379668470128921,-0.396255778401544,-0.410769609769752,-0.430010613606204,-0.449832343064653,-0.469736960903023,-0.483338513129564,-0.497188730495854,-0.508633917438086,-0.518254292615668,-0.526962388651566,-0.546120250626814,-0.565610173084303,-0.584851430402033,-0.605751469243285,-0.624992980042297,-0.63876106947253,-0.651367961140036,-0.663891710946344,-0.674175953607126,-0.687777505833673,-0.70096410919805,-0.715809240604663,-0.726010087922958,-0.737621051625017,-0.746992761662845,-0.756447613561871,-0.764161049038746,-0.780582580551526,-0.796589416683413,-0.814171892477636,-0.826363328320408,-0.838139815301028,-0.845603825194289,-0.851657972185076,-0.85439480961011,-0.868079250216573,-0.882842000205828,-0.897438719953969,-0.907971627754512,-0.919748621697691,-0.924890743028088,-0.929369503837844,-0.932604178504958,-0.946205730731499,-0.960304866718837,-0.975399170227769,-0.987093022309755,-0.999533630254858,-1.00509070044742,-1.01031596363901,-1.01454605930901,-1.02491319034971,-1.03569476329002,-1.04075348927793,-1.04606113388687,-1.05194950411782,-1.0550184020251,-1.05709213241078,-1.07459222678765,-1.09225809792435,-1.11017263420081,-1.12642813547246,-1.14417638802652,-1.15296737244234,-1.1615096917184,-1.17038356451414,-1.18348753297988,-1.19584499906378,-1.20256276005649,-1.20861690704728,-1.21292963761591,-1.21317830275567,-1.21251494223503,-1.22362857565758,-1.23441040207916,-1.2392207164086,-1.24477727963859,-1.24942131024561,-1.24684999609913,-1.24469337733353,-1.25555783865375,-1.26650544183517,-1.27330634468908,-1.28035616616404,-1.28674262711836,-1.2859963782178,-1.28525012931724,-1.29520256497707,-1.26766740004175,-1.21284598879214,-1.13073883819082,-1.00044565591525
-0.789421776020172,-0.649851291634705,-0.475467322548117,-0.260177152249604,-0.0325438806951029,0.318915057650022,0.597660888545237,0.810102632259879,0.946270916661593,1.01107135187694,0.977127944334217,0.968503830465398,0.976890958337762,1.0022893279513,1.04351207474421,1.06629924559277,1.07310364556026,1.07254963033794,1.07247031257587,1.07587227073716,1.09090516305287,1.10997334651426,1.12643057303312,1.13339312487988,1.13624130964131,1.14541943873244,1.15602166020429,1.16733604877772,1.18260665255721,1.19779818039706,1.19969697023801,1.20001351581899,1.19930134871741,1.20112106261873,1.2042067170215,1.21362231575398,1.22367076382596,1.23482700052012,1.23902044354507,1.24131509672908,1.24210633977029,1.2454294638144,1.24922728531876,1.2569020042671,1.26600081559615,1.27620741554739,1.28071716233087,1.28324904333377,1.28404052819743,1.28712642442265,1.28965854724801,1.29551403593992,1.30239799549193,1.31125982082453,1.31292186649148,1.31442551845671,1.31450483621879,1.31798635396461,1.32123040206909,1.32937981847767,1.33768738676551,1.34646965251359,1.34686503221175,1.3455990917103,1.34243411954546,1.33895284362207,1.3380034487016,1.34195942208522,1.34678547262722,1.35248184215009,1.35881106101245,1.36086776091023,1.36110474690668,1.36047141392228,1.33760516713409,1.2797672837655,1.18513780809277,1.05078947941481,0.873873871147767,0.695692080556829,0.539822521531764,0.411803895361071,0.315117236145672,0.258307823637196,0.217797485768323,0.182746531425854,0.152126247927251,0.125462179634702,0.0915190139144253,0.0589211064576738,0.0272725939213961,-0.00374282745292575,-0.0289034856026803,-0.0474181374866529,-0.0652999400311188,-0.0815992564931604,-0.0963954046348564,-0.12155630460706,-0.147587523560098,-0.172906575411561,-0.199175022183508,-0.220379706949643,-0.234700673986209,-0.248863247321067,-0.262551365018126,-0.274815148512036,-0.297522759776078,-0.32157562930364,-0.344204406450491,-0.366753624012814,-0.38431839733142,-0.395474634025586,-0.405048384637328,-0.415175908648932,-0.424828977022747,-0.444451417528902,-0.464864859253827,-0.486702635181908,-0.50830294146865,-0.5258679566097,-0.539081135024083,-0.551265600755904,-0.561630110763963,-0.571599241073863,-0.589718029614773,-0.605225861213167,-0.621920799195816,-0.639486056159315,-0.654914811818068,-0.666308276331123,-0.679126075047344,-0.690440463620769,-0.701042926915064,-0.714810362374202,-0.728340570014446,-0.741870535832241,-0.749070799142788,-0.756033350989548,-0.761650886395227,-0.766160391356269,-0.770432668498412,-0.787601578473966,-0.805641049252803,-0.823838913733354,-0.841562322576112,-0.861421990901166,-0.879620339026609,-0.900508961856665,-0.924878618787649,-0.95565705416552,-0.985644246502183,-1.01072582871231,-1.03090180079589,-1.04546023747379,-1.05392619946335,-1.06041405384987,-1.06626881707444,-1.07536738658105,-1.08755185231287,-1.10100250036859,-1.11263343452299,-1.12268212441741,-1.12940793209016,-1.13423470809952,-1.13779530178497,-1.1442043220543,-1.15472746758651,-1.16714940295969,-1.17031413330209,-1.1732416358256,-1.17482412190802,-1.17316280170841,-1.17031461694698,-1.18511052326623,-1.20117237008693,-1.21755052066616,-1.2296561522808,-1.24160363201618,-1.24516422570163,-1.24658855990479,-1.24777566628906,-1.25956475232272,-1.27008789785494,-1.2712745205943,-1.27214459775271,-1.27159034070794,-1.26502316855935,-1.2603547862517,-1.2734891305489,-1.2895509773696,-1.30078653182584,-1.30956903939636,-1.31732307610678,-1.31518657480204,-1.31067634437366,-1.31866736708053,-1.28464488359817,-1.20670986226319,-1.08161849679356,-0.863954839193855
-0.780279245288934,-0.434778960596075,-0.0822593022067151,0.263501332044439,0.505100689959479,0.696612553756312,0.795314964633461,0.847569213315733,0.868193506758762,0.901296304209299,0.91758735337627,0.959875484531243,0.990378229475325,1.00961575762103,1.02417361501839,1.04185142948269,1.05225031524829,1.06871537220754,1.08700022755446,1.10346554936575,1.11195829497764,1.1261702556068,1.14116194065065,1.15043414582519,1.15615336084246,1.16759205572902,1.17868405929124,1.18934276491107,1.20407436524866,1.22218547765535,1.22755800134827,1.2263444492871,1.22435117281123,1.22721078031985,1.23050368577089,1.24142221124492,1.25754031202779,1.27183861442298,1.27539133972823,1.27539133972823,1.274005104135,1.27487196487183,1.28085126459535,1.29116354374289,1.30485533495953,1.31846025470605,1.32279296927803,1.32062674441806,1.31941372206097,1.32045379603397,1.32296724192235,1.33111329620992,1.3417722666818,1.351737854505,1.35243097230162,1.35095760038622,1.34827120611374,1.34445839610224,1.3438518849237,1.34801165111157,1.35329783303847,1.35971016585234,1.36742212764138,1.36880836323461,1.37002138559171,1.37054129015218,1.37478766295813,1.38085409900381,1.39021344050051,1.40113249567864,1.41231137071098,1.41456473189311,1.41291814674157,1.40026589979383,1.35147776979875,1.26352093601153,1.13509523975293,0.959441921736798,0.755278870400402,0.567753824407352,0.404839095104979,0.276327057080365,0.187157200936052,0.129183472384484,0.0836885126924652,0.0456462246393631,0.0113304048317312,-0.0189993917282535,-0.0468160072518921,-0.0760193880728515,-0.104009746536722,-0.129833880140629,-0.154878024477798,-0.177495859248742,-0.198380237398037,-0.216751434510992,-0.234949418387797,-0.252973924176411,-0.273857772621617,-0.292662002824928,-0.312592648767258,-0.332609901327663,-0.350807620352421,-0.367445890547803,-0.384084160743197,-0.400635824320504,-0.416753925103372,-0.435991453249087,-0.453582396243256,-0.472906531007039,-0.491450941356137,-0.507222615666718,-0.520308160556851,-0.534866812510343,-0.547605666076153,-0.560431126260026,-0.57689618321927,-0.594227571211268,-0.610345936846184,-0.623084790411999,-0.63617007045009,-0.64700198930606,-0.656534014334818,-0.666759157160193,-0.68279012162091,-0.696828339309835,-0.711993502441869,-0.72828534616497,-0.736431400452538,-0.742671049734354,-0.749516945342682,-0.755842671538479,-0.760261992728523,-0.77906622293184,-0.796223867983606,-0.81450819362645,-0.830539422939196,-0.846657258870017,-0.854629570217365,-0.863641955537698,-0.871008020558528,-0.881320299706066,-0.893279164005144,-0.907231039928048,-0.920056235259879,-0.928461579697583,-0.935567295160117,-0.941199638707256,-0.944579150776356,-0.948998736818448,-0.962430973032922,-0.974303230713924,-0.986348966483112,-0.992328531058674,-0.99570804312778,-0.994407884448528,-0.994927789009007,-0.996054204748026,-1.01017902905503,-1.02681729925041,-1.04458225003686,-1.0547210510962,-1.0635602231804,-1.06503359509579,-1.06616001083481,-1.06529315009796,-1.07751183425126,-1.08981686017057,-1.10264205550241,-1.11087471640805,-1.11928085540188,-1.12066735584716,-1.12196724967437,-1.12448016585866,-1.13409879750549,-1.1438040357704,-1.1442373337128,-1.14579731224627,-1.14527767253784,-1.14163834061453,-1.13860551986975,-1.15507031197695,-1.16971530569646,-1.18236702294012,-1.19155262149659,-1.19995823078633,-1.19805182578058,-1.19718522989578,-1.20238454035256,-1.21356288568081,-1.22543461365773,-1.23228024441401,-1.23808606604934,-1.24016594914328,-1.23825980898957,-1.21278316126612,-1.15117063049533,-1.05723502668868,-0.932362585439416,-0.760435735668756
-0.607846925906384,-0.439227537218494,-0.249847116022906,-0.0438414124870692,0.160561217125177,0.427668670063448,0.632493025478603,0.789634508048136,0.908714398612518,0.979773777752677,0.977578998023669,0.985764863516654,0.997832927822802,1.0117578753431,1.03445987828926,1.05884981619212,1.07648827220442,1.09007583908239,1.09783997877247,1.10526673782022,1.11893864985877,1.13834938598836,1.151599572224,1.1591109343686,1.16805668011563,1.17489250716677,1.18248769859941,1.19396483090896,1.20907112654993,1.21438796690179,1.21801713023322,1.22654140811361,1.23565636005434,1.24561502153715,1.26080592027498,1.27717816713348,1.27911887963566,1.27878098312079,1.27599578726771,1.27709279022781,1.27827439628476,1.28781081609212,1.29852884195643,1.30933121298133,1.31127244135605,1.31270708289474,1.31127269929232,1.31194823438578,1.31431170443595,1.32165411832312,1.32882784188913,1.33794227795732,1.34173961573736,1.34224568670085,1.34199239328284,1.34384876062444,1.34621171480206,1.35135986483277,1.35954598826201,1.36671919595548,1.36899780497253,1.36984177245089,1.36941978871171,1.37144536224701,1.37439950635752,1.38064491728459,1.38714336369341,1.39524539989835,1.3956676415738,1.39575224467065,1.39431786106823,1.39507774132227,1.39651264079723,1.40106985883133,1.37929591058783,1.31794112570366,1.20654077173249,1.0452635389955,0.834784962586157,0.626753943451284,0.448007460895709,0.307660208923862,0.206725103271531,0.147480237083241,0.104017201629376,0.0626640848714019,0.0243489415119716,-0.0116875928304058,-0.0451919668014569,-0.0755737642771046,-0.10283272732108,-0.129500758368445,-0.153130816017267,-0.175917164124007,-0.198619425006432,-0.21988730228643,-0.239467244609727,-0.260143931956858,-0.280229687307367,-0.299724510661272,-0.31938802433634,-0.339304573493142,-0.357871084208113,-0.376690888341094,-0.395763727955815,-0.41441458383137,-0.432559368743432,-0.45180141455186,-0.470452786299953,-0.487500826188188,-0.504464520915838,-0.521259267386062,-0.536787804702483,-0.552063048600888,-0.567506982820456,-0.582022346464819,-0.596200329466852,-0.610715951047491,-0.625062624370692,-0.639071917051563,-0.653419106247309,-0.667934727827942,-0.681944020508813,-0.695447242226202,-0.709709828325089,-0.723719121005965,-0.737306687883939,-0.751316238501079,-0.765747514921133,-0.779672462441432,-0.793597152025455,-0.798576095862452,-0.802289088481921,-0.804398749241536,-0.806170771422552,-0.80709908406148,-0.825074920716116,-0.842797721889,-0.861955164600575,-0.875542731478543,-0.889889920674283,-0.894025412905468,-0.898582888875843,-0.90229639736785,-0.915630670827808,-0.927698993070237,-0.932340814201179,-0.936391703335511,-0.93968322808834,-0.937826860746746,-0.935801545147715,-0.952005101685054,-0.967955364804384,-0.984158663405449,-0.997830059571456,-1.0109110396134,-1.01420256436623,-1.0176630373765,-1.02095456212933,-1.02922554659171,-1.03994357245602,-1.04433184223268,-1.04897340542735,-1.05378391687946,-1.05623121621767,-1.05614687105709,-1.06779320956033,-1.07969258354532,-1.08475613047917,-1.08880676167724,-1.09344806693565,-1.09176013197893,-1.08813122658378,-1.09741461090939,-1.10889251702775,-1.11361894125555,-1.11859814302882,-1.12408367370185,-1.12290180970863,-1.11927238844094,-1.12847091173343,-1.13901998934031,-1.14492724581624,-1.1513410891282,-1.1579238806976,-1.15902114159396,-1.15767110315212,-1.16737698708946,-1.17480426200976,-1.17953068623755,-1.18324419472957,-1.18754837728191,-1.18526951032859,-1.18628191019184,-1.19489001736027,-1.19176744086487,-1.15243963970593,-1.0841649405463,-0.984748821593245,-0.833598940660228
-0.676630807128968,-0.485902016143747,-0.267814892924601,-0.0395117908010227,0.181172193611874,0.463326163400157,0.656305708544136,0.791105666615578,0.907897474554399,0.984344792035798,0.980621495331379,0.993694444921449,1.01672379313972,1.01923465679036,1.02564134144727,1.04867121888118,1.07421169535792,1.09178694708897,1.11074742078347,1.13126643456673,1.13715369406333,1.14027024502521,1.14659040292338,1.15334345922311,1.15663332831032,1.16728220561632,1.18061526469829,1.18927296812177,1.19386153241368,1.19706487474213,1.20407777592593,1.2113505219938,1.22148023874731,1.23463997970396,1.24866525285591,1.2526473360131,1.25437813579589,1.25593588206119,1.25931201329931,1.26294825402934,1.27221217397971,1.28294784265229,1.29151901931703,1.29472236164549,1.29697311580424,1.30372590749615,1.31021938351963,1.3187908247922,1.32918012182195,1.34060853378015,1.34052227162923,1.33922357642454,1.33688603089921,1.34078238112113,1.34441888645898,1.35446207645374,1.36554438137695,1.37593394301453,1.37498161945266,1.37247075580201,1.36909383074041,1.36623606623129,1.36476352368563,1.3696979304047,1.37515202689191,1.38069291474569,1.38389652168197,1.38536853501199,1.38467605633417,1.3835506792548,1.38415689578169,1.38623486103077,1.38969804824329,1.39437313929394,1.37359454523443,1.3103932308606,1.2020852790043,1.04650646226553,0.846946914339318,0.649638385179681,0.47986124177146,0.34428201365564,0.246450150195656,0.178227373128362,0.125675200668352,0.0788372341874416,0.0357220351953096,-0.00436261037804115,-0.0363089776882092,-0.0653986389205682,-0.0925836530291684,-0.117171276728372,-0.141845956401973,-0.164875833835886,-0.187818919903225,-0.2101560540515,-0.232926086601337,-0.254397159338655,-0.27612781235222,-0.296992668562651,-0.316991727969954,-0.336644415734435,-0.355777678338603,-0.373785563863402,-0.391966767513509,-0.40971507276206,-0.428329174813739,-0.44625079818761,-0.46486490023929,-0.483392475532218,-0.50140062566484,-0.517331075156201,-0.533780685200051,-0.54979739684234,-0.564774993556169,-0.58009896191282,-0.595855828671038,-0.610747163233939,-0.625725024555604,-0.640443305601014,-0.655334640163922,-0.670572081761821,-0.685636469842231,-0.700354750887641,-0.715072767325229,-0.729963837280313,-0.743816056914772,-0.758187437101714,-0.772472025922082,-0.78684340610903,-0.800695361135666,-0.811517291959162,-0.820434840266722,-0.828400329620225,-0.834980597010283,-0.840262433803474,-0.850651995441061,-0.862945939594571,-0.864850322110501,-0.869005723393017,-0.872554908148634,-0.872987541942378,-0.871948691621748,-0.890649585039996,-0.906926141566355,-0.923808650011778,-0.938440139690621,-0.952725257726635,-0.957486875536032,-0.962335284712004,-0.967789910414868,-0.978958742096826,-0.991252950858171,-0.996015097883221,-1.00008450162263,-1.00294173691609,-1.00216246687171,-1.00077698030044,-1.01307039523831,-1.02683555889837,-1.03133706721587,-1.03696421722057,-1.04068698470934,-1.03765696050621,-1.03402098438401,-1.05081696607068,-1.06449613218764,-1.0696906483986,-1.07531779840331,-1.08077189489052,-1.07445173699235,-1.07159476630672,-1.08960291643933,-1.10622610921633,-1.11176726167794,-1.11730841413954,-1.12103118162832,-1.11271958523981,-1.10553336593069,-1.12042443588578,-1.13600798451868,-1.14154887237246,-1.14778250351187,-1.15254438592909,-1.14527190446905,-1.13773984273276,-1.15072653017191,-1.16423264277137,-1.17072585418703,-1.17739238372802,-1.18362601486743,-1.17869107893272,-1.17297687295361,-1.18388559514368,-1.19609301253845,-1.20362507427473,-1.17765196400426,-1.12276251062675,-1.02285294652552,-0.837405198510006
-0.613952123926102,-0.338739050880265,-0.0336895096458031,0.281648179749359,0.509277453889126,0.698668525479388,0.795035734678601,0.842018941776193,0.856336715081188,0.886515929380414,0.91369428094375,0.96359266424958,1.00174518027143,1.02652299886905,1.0451277189396,1.05147219052197,1.05644489154702,1.06673303970773,1.08147924565096,1.09305347784134,1.10479934512531,1.1179169829666,1.13249233993117,1.14140924161117,1.148525416019,1.15975690209877,1.17098838817855,1.18076241717335,1.19619516349103,1.21342837504257,1.22105893065461,1.22500286927125,1.23391924687463,1.2412922188271,1.24909388545612,1.262554269408,1.27772943206612,1.28098735438494,1.28081598132965,1.27901577813408,1.28115951355518,1.28424632485702,1.29290616695409,1.30353784734031,1.31459796036478,1.31511234156899,1.31348324939042,1.3129686061479,1.31768372351339,1.32308485717669,1.3337160134863,1.34503318609372,1.35514996119912,1.35463557999491,1.35197772540794,1.34897686267205,1.35017699813575,1.35214883642492,1.36089384097301,1.37058218344017,1.38035621243498,1.3817279829923,1.38052784752859,1.37744156030337,1.37829894965647,1.37992804183505,1.38498669142606,1.39244561194448,1.39956152431401,1.39853249986728,1.39578895875265,1.39364574740819,1.39098841689783,1.37924307369048,1.33628975377549,1.25141109023899,1.12032039835374,0.94018845047746,0.728591204272289,0.534741288784552,0.371842290421502,0.250353992437458,0.168561616126183,0.119949316850012,0.0818827493941201,0.0489605180568882,0.00883642578417563,-0.0276867360207937,-0.0625810676855042,-0.0959322557376019,-0.12362525054345,-0.143945011358532,-0.163579017914108,-0.181069551086908,-0.1970169406471,-0.220079980538497,-0.242885960846945,-0.265091611385229,-0.287983016183019,-0.30915964227459,-0.32673559993672,-0.343453906207446,-0.360086525950514,-0.375347637174577,-0.394123730300427,-0.412299755694418,-0.431247483913875,-0.447537619584657,-0.464770569097889,-0.480289001943216,-0.494692723814165,-0.507810361655457,-0.52478598954743,-0.540904490124605,-0.556165601348668,-0.572627110074748,-0.584973569167203,-0.59646237686823,-0.606407778918335,-0.617296256849205,-0.626984337278057,-0.646274549569795,-0.663250177461774,-0.682283592208871,-0.700202295981603,-0.717949626699037,-0.730209875187222,-0.74272744529666,-0.753272915078613,-0.763561325277635,-0.774278168114886,-0.78550965419466,-0.796655191708468,-0.80565751787782,-0.814059776315318,-0.822119288642209,-0.828978403467094,-0.836523272551479,-0.849983918541676,-0.864216005319019,-0.878105083947462,-0.885821064048836,-0.893365933133216,-0.897223923183902,-0.900739167123988,-0.904426046157692,-0.921144876505037,-0.936148666107846,-0.952524488306274,-0.961783874058564,-0.971814700598006,-0.97327189564467,-0.976872564074092,-0.977815377916541,-0.992133413259851,-1.00387954258214,-1.01931228889981,-1.02891520687763,-1.03954688726385,-1.0426336985657,-1.04743502653546,-1.04794966977798,-1.05746637715153,-1.06724014410802,-1.06929740688653,-1.06981152605242,-1.07358330549883,-1.07152499456709,-1.0695526322013,-1.08395609203394,-1.10093171992592,-1.11576439851174,-1.128796873902,-1.14140065461571,-1.14645956624503,-1.14748859069175,-1.15091788606588,-1.16017700977987,-1.16995051469805,-1.1700359391874,-1.17303680192328,-1.17269405581268,-1.16969371715342,-1.16420689696247,-1.17698178869317,-1.18898471556009,-1.19387146801919,-1.19755756093795,-1.20278705950764,-1.19729945320176,-1.19215485504478,-1.20295738440969,-1.21478893822132,-1.21787548748486,-1.22259139096527,-1.20287248399698,-1.12905393348495,-1.01948339991679,-0.894137373920367,-0.714605755814255
-0.666741295204812,-0.56100314971461,-0.43829361840396,-0.295058359224668,-0.180790118705895,0.152596193882391,0.405390353310145,0.615533766022477,0.792978481125303,0.953629418881068,0.974066342513021,1.00454411948758,1.02569202015821,1.04124172347389,1.05536974428482,1.06576554300158,1.08140377898136,1.09864157751187,1.10974835326731,1.11641247303509,1.12760859617239,1.14049281452452,1.15000029930183,1.15941897984244,1.17043695136118,1.17914438329054,1.18847398802188,1.20135820637401,1.21486459752812,1.22135138039511,1.22659436080331,1.23441429351097,1.24303346434882,1.25369621892082,1.26826853248776,1.28257416177206,1.28683866614117,1.28674959033189,1.28666051452261,1.28772670850804,1.29065887775425,1.29945592863804,1.31020775901932,1.31616117332101,1.31767193163505,1.31687242193229,1.32016007969784,1.32558012543423,1.33384380775273,1.34663895029558,1.35943409283843,1.36245506632132,1.36174408928265,1.36032213520529,1.35978876664,1.36156593766409,1.36814152476778,1.37596118590284,1.38360323856454,1.38307041314441,1.38093775360098,1.37827172549225,1.3791600394317,1.38075905883725,1.38920007805655,1.39648637062631,1.40457244447144,1.40643841973223,1.40643841973223,1.40377293476867,1.40546102998349,1.40741580948096,1.4125694425073,1.42065551635243,1.40199576374457,1.33562070720424,1.2224186606709,1.05919077061567,0.847803012299363,0.639169814755883,0.461191731087747,0.318578101565268,0.217460220536094,0.149840818391788,0.098659976647801,0.0534325492055074,0.0119370722847835,-0.0279588420852046,-0.0611015608781433,-0.0912233061881841,-0.118679566534669,-0.143558874581688,-0.16737226021588,-0.189319942161873,-0.211001211397801,-0.227084283278789,-0.24334523520574,-0.258450917337987,-0.273556327897646,-0.287240055952543,-0.310697953067394,-0.333889165899599,-0.356724890212456,-0.378494420539899,-0.400263679294748,-0.416790772359169,-0.432429279911538,-0.448067787463908,-0.464950369047665,-0.482366319196731,-0.499870802009888,-0.517908653388343,-0.531503848779144,-0.543588285855905,-0.554428648901279,-0.564025209487858,-0.57255530451643,-0.588815713298199,-0.605076393652556,-0.621692562526255,-0.633155098373622,-0.645506219733029,-0.653858977860814,-0.662211464416005,-0.670563950971197,-0.68966772476249,-0.707349816049021,-0.724587343006939,-0.741736065728167,-0.757640714418006,-0.768036513134772,-0.77834323604226,-0.788383817812266,-0.797980378398845,-0.808732208780122,-0.819572843398089,-0.831835432093412,-0.844186553452825,-0.85591550201025,-0.866844669292314,-0.876796446825641,-0.884882249098181,-0.893056855607411,-0.902653144621402,-0.908073190357792,-0.91375992037684,-0.919713334678533,-0.924956043514143,-0.928421581325648,-0.939884117173015,-0.951701869967125,-0.963786035471298,-0.968495375741604,-0.973293791821188,-0.974182648905833,-0.974183192051008,-0.973561562394208,-0.988045071724461,-1.00359450346756,-1.01905485940137,-1.03220467574579,-1.04499927514347,-1.04944165955853,-1.05246263304143,-1.05477290105824,-1.06277017066668,-1.07005646323645,-1.06952336624374,-1.06907907348771,-1.06845717225832,-1.0638366362247,-1.06072685850511,-1.07467727084266,-1.08924958440961,-1.09493631442865,-1.10080065292106,-1.10675379565018,-1.10284423665523,-1.09875706918691,-1.11315177428048,-1.12852414069538,-1.13518853203575,-1.14229694455956,-1.148605575808,-1.14549552651583,-1.14123020742896,-1.15207029890174,-1.16486544144459,-1.16868619620285,-1.17170744125834,-1.17455107784044,-1.169931084952,-1.16202316272542,-1.17277499310671,-1.18539252717618,-1.1882358921857,-1.15553692300361,-1.09609267051371,-0.983512796782354,-0.885150019671189
-0.713565857057683,-0.528418406915228,-0.314278104591247,-0.0862139827177429,0.273507088685503,0.550744268624201,0.764532549899546,0.921216660776777,1.01304163411487,0.985282606282079,0.970830351156866,0.985282336946919,1.00889925941863,1.0407998539422,1.07507975523214,1.1017811039081,1.10592320926918,1.10345609924203,1.10821498210991,1.11905464479034,1.12971789294372,1.14469885297977,1.16029659052262,1.16805128832848,1.17069454354753,1.17298523904763,1.18029930453861,1.18770144262553,1.19783571653291,1.21087827145266,1.22594784275497,1.23220476775941,1.23661109090835,1.24410157092637,1.25309009308097,1.26110927800984,1.27379900387548,1.2875461395628,1.29256897088336,1.2925687015482,1.29124653526837,1.29547644389026,1.29944213472429,1.30860707140594,1.31997516966205,1.33125519532223,1.33028585809649,1.32773040613823,1.32341269425556,1.32491100572729,1.32834799165049,1.33786548805108,1.34896882984905,1.36157021378359,1.36112958146869,1.35839771498339,1.3546084386764,1.35381578531287,1.3526705722304,1.36007324898764,1.36835719037466,1.37787468677526,1.37954887410373,1.38069435652136,1.37901963052257,1.376199152771,1.37381930733433,1.37672704967638,1.37981093721032,1.38465762333899,1.39038557409744,1.39364641482874,1.39443960686259,1.38307177794163,1.33962667063488,1.2532654302674,1.12231333084039,0.943686484819919,0.737653440020753,0.541490451341135,0.376082844102614,0.246188962502752,0.156743834601332,0.10034478364111,0.0580454280871531,0.0212976087646015,-0.0106032550941241,-0.0406535170973337,-0.0714967017992274,-0.100665429837488,-0.129129307773015,-0.158121890619393,-0.184999384487243,-0.208880794081955,-0.230999943752244,-0.250827589916963,-0.268364001911265,-0.285548123521789,-0.303437364570196,-0.321326605618602,-0.333840455627503,-0.34573752812961,-0.357546528035777,-0.368033361662114,-0.378255708165451,-0.400991635342529,-0.42460855781423,-0.448137138354838,-0.471049210723811,-0.490788784292579,-0.502420831001377,-0.513965074449391,-0.524451908075722,-0.535907809592631,-0.55344422158694,-0.571773825615086,-0.58895767789045,-0.606758307672604,-0.623060895318173,-0.635221646937816,-0.647646885680459,-0.659631492108207,-0.671263808152172,-0.684218021140807,-0.698229913286287,-0.71188924571281,-0.721230596921513,-0.730219388411265,-0.737974624887445,-0.744496037014892,-0.749871697389557,-0.765205486479714,-0.78045120297392,-0.796225355043805,-0.807681525895874,-0.820724080815621,-0.827157151011963,-0.833501879277207,-0.839317902631606,-0.854034106209505,-0.866723293404839,-0.881615372839473,-0.896507721609266,-0.910166515365482,-0.919683742430925,-0.929465456619361,-0.937396838287442,-0.944270540798679,-0.953170990357333,-0.961190175286198,-0.970090624844852,-0.979167219595394,-0.988420228872992,-0.996351341205907,-1.00419438094289,-1.01089193826223,-1.01811846982757,-1.02631433861864,-1.02613873209706,-1.02569863845248,-1.02508213028085,-1.02296731063748,-1.01953032471428,-1.03186722152582,-1.04543794268609,-1.0597135139491,-1.06773242954281,-1.07592802899873,-1.07680929362852,-1.07592829833388,-1.07425438034057,-1.08703244813732,-1.10016280631785,-1.10712458142504,-1.11399774526596,-1.12069476391499,-1.11893223465542,-1.116641000485,-1.12562979197476,-1.13558845936056,-1.14651619463694,-1.15330209388739,-1.16008799313783,-1.16017633506894,-1.16008799313783,-1.15885443812426,-1.16749040055992,-1.17674314050236,-1.17885769081057,-1.17991510063224,-1.18114838631066,-1.17718269547663,-1.17163088991007,-1.18273477037835,-1.19551283817509,-1.17700708895505,-1.1226350543774,-1.0369789334478,-0.914134360880764,-0.744055404700004
-0.560463278587725,-0.395738564155376,-0.211866077422814,-0.0142667538420828,0.181671229124147,0.45682392074647,0.651450628435999,0.798600994009993,0.91716064160352,0.985533479355481,0.979325564957036,0.987981264465454,1.00214528214766,1.01351144938211,1.03965384780172,1.06343557660762,1.07969784851291,1.09429877980373,1.10321662747731,1.1082874975916,1.12297607882957,1.14588371319282,1.15541430882025,1.15987376710793,1.16783067206804,1.17535039619409,1.18155831059253,1.19668407266457,1.21425788707202,1.21932848996086,1.21889104190136,1.21915319006652,1.22063976523756,1.22282593663328,1.23139478787088,1.2431110204431,1.25115504089949,1.25526443384939,1.25718792262905,1.26374563513982,1.27082791120638,1.28018347416491,1.29093769512187,1.30344063941504,1.30588842452502,1.30457661479741,1.30247809334887,1.30274050873948,1.30247836057431,1.30676278619311,1.31445700853715,1.32267552721153,1.32573552582444,1.32722156654459,1.33159310765966,1.33631444688706,1.34051148978414,1.34768141579786,1.3564250324789,1.35957268103899,1.35826140576228,1.35712462870357,1.35817348858966,1.35957241381354,1.36411925482294,1.37207562533215,1.37942031678932,1.38143145551613,1.38134407279441,1.37977011490165,1.37959534945821,1.38221816723707,1.3879012508543,1.3949832596954,1.37740891083705,1.31629284736963,1.20735091089981,1.05110766498334,0.845202172781074,0.641657617417962,0.466353981922994,0.325848711581498,0.22293965684123,0.160862116209438,0.112599062372974,0.0703686230406195,0.0314608649372385,0.000684242786510371,-0.0276443270287983,-0.0516013557290452,-0.0739841593110731,-0.0933069642801871,-0.121372851479437,-0.149088940566363,-0.176105433428623,-0.202073066404783,-0.228303114771555,-0.249374643076871,-0.267648588159878,-0.286359981302391,-0.304459160941963,-0.32378223313653,-0.342842889940468,-0.363914151020348,-0.379127028588653,-0.395301650546782,-0.408591039335433,-0.422055460792978,-0.433509010749151,-0.454930069941349,-0.475127236578563,-0.496111382162155,-0.512811369352408,-0.530035920098426,-0.541052823671446,-0.551632546410419,-0.56247441731455,-0.578299775611238,-0.59491211285432,-0.612311429043774,-0.630060276120122,-0.645361070861051,-0.659088174934649,-0.67159138645327,-0.683394734521773,-0.694586136312787,-0.709449750219656,-0.723614035127314,-0.737952818252959,-0.749669050825191,-0.761910114178647,-0.771528092527789,-0.78053385737399,-0.789539889445644,-0.804665918743125,-0.818567521034718,-0.832643888769757,-0.843660257891883,-0.853277701790119,-0.859660381632018,-0.86613071142107,-0.872426275766692,-0.885454050841084,-0.90023028202623,-0.913869736152669,-0.925847849664613,-0.937826230402004,-0.945607835467768,-0.95181574986622,-0.958635610542166,-0.969739896836903,-0.980668883237305,-0.985652370629868,-0.990810623465877,-0.99544431274611,-0.996492905406758,-0.998503509682683,-1.01310444097349,-1.02753060682086,-1.04151985905963,-1.05244911268547,-1.06058051586357,-1.06215447375633,-1.06381608159627,-1.06626440115714,-1.07666935845267,-1.09030934703,-1.09529363609891,-1.10001524255176,-1.10421201822339,-1.10377457016389,-1.10045162170947,-1.11347859510751,-1.12746758012083,-1.13122717495841,-1.13489938707427,-1.13909642997135,-1.13542448508093,-1.12947925329855,-1.14443051715259,-1.16034352539645,-1.16672620523834,-1.17328365052367,-1.18097760564227,-1.17713036085752,-1.17162204268374,-1.18639827386888,-1.20091235688887,-1.20580899601061,-1.20956885807364,-1.21490241080398,-1.20782040196288,-1.20065074317461,-1.21245382401767,-1.22766696881141,-1.23221327536993,-1.20091208966342,-1.14478004803947,-1.04178387780293,-0.865955678752181
-0.612559543583896,-0.354877379386866,-0.0485323265641745,0.274489811411921,0.537987600002835,0.741875303903539,0.85844369075548,0.901462164209158,0.896587275677276,0.90513937235213,0.922500510228752,0.966202775017525,1.00742446649971,1.04402821397694,1.0519819932336,1.05095578345472,1.05668593393171,1.07250801852813,1.08944178682031,1.11347381103591,1.13536794177687,1.14049925205941,1.14084140911508,1.14811113564852,1.15717685998906,1.16555827021827,1.18026867111891,1.19574859865966,1.19934059427388,1.2010511181641,1.20891916211574,1.21858320387449,1.22841845485513,1.24406933022966,1.26057546754929,1.26416772455163,1.26314151477275,1.26074667677119,1.2613449941894,1.26151541924692,1.26963936217296,1.28041482623936,1.29110481638886,1.29392676258673,1.29597944353261,1.29632186197641,1.29692070217086,1.29854601353232,1.303849055813,1.30915183670556,1.31385577740367,1.31633608932212,1.31676372029467,1.32095403332709,1.32642723927717,1.33352549520059,1.34139353915222,1.35139973796664,1.35456436399643,1.3549065210521,1.35319625855,1.35465009930145,1.35541962594154,1.35892588625074,1.36593892964539,1.37363602576327,1.37611659906984,1.37731427945875,1.37988006529408,1.37936696040463,1.38022222234975,1.38330085168639,1.38723500435628,1.37842648593076,1.33609258797654,1.24920090190032,1.11689616575699,0.937296646434412,0.733408158369326,0.547565122292193,0.393964572826105,0.276626136557822,0.19828654715646,0.145262136276486,0.10147439757083,0.0616205501469258,0.0275823271169051,-0.00525847691234074,-0.0329679706590436,-0.0587102573767361,-0.0816300751203167,-0.109339307478902,-0.134996120279717,-0.160396511329865,-0.186652425713262,-0.211026868372654,-0.231467158362178,-0.250453346212126,-0.268327588978187,-0.282866257880692,-0.301766710425627,-0.321522424915686,-0.342048188822082,-0.359922692976261,-0.379080351436233,-0.39507364525455,-0.409441889099535,-0.423980819390168,-0.443565586046444,-0.46229482936949,-0.482135756388303,-0.502746732823464,-0.518825239170534,-0.531996064014739,-0.545509045914611,-0.55714055609049,-0.567745333711238,-0.584935262365953,-0.601526350826222,-0.618373861037145,-0.630261008799304,-0.642319627171488,-0.651641773262695,-0.661391811714582,-0.66951706158125,-0.688845929263118,-0.707661430667423,-0.725963565794164,-0.742982546615119,-0.760856789381175,-0.772145881113263,-0.783948077734786,-0.7947238031893,-0.806782682949607,-0.819440141516248,-0.832268286528526,-0.842616381010484,-0.853649050991911,-0.86416835469577,-0.872635238841859,-0.881615489265522,-0.893845578247725,-0.905904458008037,-0.917963337768344,-0.927456431693318,-0.936179737590073,-0.943363467430369,-0.94994835707623,-0.956105877137652,-0.968506652565498,-0.980907689381478,-0.992624673474235,-0.996644822837257,-1.00015160592271,-1.00057949828339,-1.0004940243665,-1.00075070750528,-1.01623037365791,-1.03196672294932,-1.04813070321328,-1.06027505689048,-1.07207725351199,-1.07618235401566,-1.07951766649109,-1.08174103388262,-1.09157602347515,-1.10141101306766,-1.10329248479166,-1.10568706140509,-1.10731211137843,-1.10594374454387,-1.10406227281988,-1.11808809822107,-1.13245608067792,-1.13835717898869,-1.1430611196868,-1.14802174352368,-1.14391664302003,-1.13904175448815,-1.15298210597245,-1.16700793137363,-1.17231018948995,-1.17778391821627,-1.18240264638562,-1.17744254532498,-1.17256791818122,-1.18556753380353,-1.20147456954058,-1.2073751450751,-1.21267714180328,-1.21789366461458,-1.21284756686081,-1.20412426096405,-1.21703840266947,-1.23106448945879,-1.21207830160883,-1.16350114828818,-1.08644445180448,-0.944389938597378,-0.817643882321009
-0.677556996301338,-0.490996355661891,-0.273645926192686,-0.0621933031467216,0.27701525984615,0.552996231222327,0.762800840311107,0.910071577024931,1.00183364096058,0.985874652336132,0.97624714406673,0.981363754232651,1.00339311757472,1.03340224031088,1.06028922883639,1.08405408315122,1.10330909969003,1.10469759850099,1.1077335811054,1.11814149038654,1.13063055739292,1.14051758080856,1.15725617519914,1.17364804250979,1.17876491775757,1.18136696134832,1.18258156645557,1.18448989080458,1.18735224478716,1.19706643482655,1.20825474511942,1.22109053920574,1.2275084362489,1.23193159225494,1.23921683716169,1.24771668717569,1.25595675696161,1.26862024783542,1.28163073087104,1.28492728894913,1.28327980515568,1.28085139018677,1.28284613122389,1.28562127327274,1.29342687388127,1.30652324344128,1.31996660516309,1.32256838367198,1.32274174721195,1.32352214822368,1.3259505631926,1.33046066605049,1.33956755353626,1.35118953776092,1.36107709134029,1.36281178706745,1.35977633462677,1.35743486650971,1.35708840451163,1.36003744026418,1.36558825452563,1.37469487692953,1.38310778009168,1.384755528967,1.3818067582963,1.38119998590641,1.37764444284582,1.37712435222591,1.37937966873671,1.38527747515996,1.38926695723421,1.39646525528911,1.39863309478434,1.38440853680519,1.32976721189061,1.23869860211484,1.09932067794325,0.915102300666467,0.714057851983508,0.537905120625205,0.381960905275535,0.26357136796061,0.182389781600465,0.127228100984106,0.0789185215064251,0.0413638434717036,0.00649789079770564,-0.0240313225583608,-0.0523057495673605,-0.0793661016328328,-0.105646052686571,-0.130364671553107,-0.150226460481817,-0.170261612950492,-0.188301759300184,-0.205301194246325,-0.221867220342536,-0.24580517311548,-0.267575021311327,-0.290645891302543,-0.312589103038367,-0.329935265064443,-0.342598225774522,-0.356388579658151,-0.368531184666461,-0.381714501078321,-0.40322430396421,-0.426468537495407,-0.448498431001208,-0.470528324507014,-0.489609447342121,-0.504353830859313,-0.516062761935829,-0.527598329472375,-0.538873586617092,-0.554745628389687,-0.569576958758738,-0.58648971193489,-0.599846391886727,-0.613810109310315,-0.624651427441381,-0.636533456975998,-0.647808449038857,-0.666542314630295,-0.684669142749975,-0.702969599491489,-0.721010010923051,-0.73445337264487,-0.744340926224231,-0.752580730928277,-0.761427308022223,-0.769406537252577,-0.785105215485208,-0.799069197990655,-0.815634959005008,-0.823788081939066,-0.832027886643107,-0.835063604165653,-0.839226714861738,-0.8406144184271,-0.856919869049619,-0.872618017118517,-0.889443823442823,-0.899244430170338,-0.910693050855025,-0.912774473662139,-0.915289835482904,-0.918065242613628,-0.933590292224418,-0.948421357511593,-0.965941413241373,-0.974614626795343,-0.982160447175779,-0.983114476809348,-0.983634832511124,-0.982767219565679,-0.998465367634571,-1.01494418179707,-1.03168330635138,-1.04200426878067,-1.05215186766999,-1.05458054772077,-1.05562125912432,-1.05674865229786,-1.07088599834329,-1.08528365478054,-1.09629860153344,-1.10748717690818,-1.11650764770583,-1.11876296421663,-1.11997730424203,-1.12656909498889,-1.13385460497751,-1.14469592310857,-1.14695070945565,-1.14981279835636,-1.14955248796453,-1.14894545049278,-1.14547632412031,-1.15874632230215,-1.17218968402397,-1.17461809899288,-1.1770465139618,-1.1787809446071,-1.17253641110391,-1.16525116619716,-1.18034280695803,-1.19595480342067,-1.203327525343,-1.20835824898453,-1.21503672150138,-1.20922586192998,-1.20202703371135,-1.21434273717776,-1.22839313637135,-1.19890410425509,-1.13047216037502,-1.03047002665345,-0.878775603769864,-0.660817871747025
-0.609939231778803,-0.536219288677888,-0.43807309557448,-0.348921635703449,-0.317529278256334,0.0466612014454804,0.315439160338975,0.537304575175452,0.745678429189752,0.958020325913348,0.976626977585204,1.01198818628118,1.03738495328402,1.04840804279093,1.05466937324142,1.07063048343161,1.08888407282341,1.10510930594066,1.11957057522361,1.12944634707695,1.13676497777526,1.14708194272207,1.16365996860618,1.17547650494705,1.18200222783778,1.18570614762003,1.19117376172337,1.1958473899664,1.2038718757116,1.21639372807299,1.22865091848094,1.23429452469793,1.23870403001389,1.24840434877998,1.25863345242657,1.26903908721318,1.28350089552252,1.29637500162439,1.29796189529228,1.29549261543746,1.29178869565521,1.28879036140669,1.28685067497194,1.29152457272815,1.29857935001258,1.30695689803784,1.31163079579405,1.3158635004568,1.32459357173572,1.33323551220123,1.34267089950069,1.35325252640095,1.36409854574146,1.36348082150797,1.36074661018651,1.35598431210369,1.35748307495816,1.36092206327377,1.3696521345527,1.3805870932462,1.39169858307972,1.39117006771241,1.38720256402949,1.38314666001997,1.38297039839314,1.38455756157421,1.39152366901884,1.39963601606428,1.40845394864344,1.40792462473655,1.40439723609434,1.40157543298584,1.39884176069076,1.39734272832309,1.37476830345513,1.31533390703672,1.21304314008399,1.06445701428136,0.86490163187259,0.666051834997548,0.492422004472119,0.351595702461242,0.248158426394521,0.185990088167836,0.14084069940554,0.101511178487065,0.0642981446565491,0.0292894592142279,-0.00413152402061407,-0.0350834969138412,-0.0648889606930565,-0.0924016757574793,-0.118326958127624,-0.142400684876438,-0.1661216188584,-0.188343520472687,-0.210301029646726,-0.232082007680741,-0.254039516854779,-0.275467702121931,-0.2963665634822,-0.316912362562417,-0.336135660414995,-0.355005895987525,-0.373611739119801,-0.392041590138432,-0.409854525463146,-0.428725569575244,-0.446803166853402,-0.463999186484198,-0.4811949366018,-0.498390686719407,-0.514968982116707,-0.531459146700593,-0.548213434211537,-0.565144252862506,-0.581281085653149,-0.596977264376709,-0.613025966353926,-0.628545883450646,-0.643360215013651,-0.658174816089838,-0.672636624399168,-0.686128454734539,-0.700325601090431,-0.713817431425796,-0.727397392574576,-0.740800822583325,-0.754380783732105,-0.767696352440636,-0.781100051962587,-0.794503751484532,-0.802175713976076,-0.809494883700755,-0.81460943552405,-0.81990024897418,-0.823956692010091,-0.837889715438911,-0.851999000494584,-0.857907268665021,-0.863727406022032,-0.868930088658748,-0.869811666306109,-0.869811666306109,-0.888594579604793,-0.906848438509785,-0.92422045025422,-0.93991689849097,-0.954907491680809,-0.959845242850885,-0.963724885233577,-0.971749101465594,-0.981713543158741,-0.992736632665656,-1.00120231150434,-1.01019704473671,-1.01619371323374,-1.0205148182231,-1.02439473011897,-1.03374225611821,-1.04388322895138,-1.04899778077468,-1.05455325617825,-1.05922688442127,-1.06046125483549,-1.06019686239524,-1.06980878083472,-1.07986162285447,-1.08638734574521,-1.09282466830934,-1.09934985217369,-1.10084861502816,-1.10120113828183,-1.10975440890755,-1.11769076383934,-1.12306997761607,-1.12783200618571,-1.13224097247528,-1.13171191808159,-1.13329908126267,-1.14061825098734,-1.14097104375421,-1.14061879001373,-1.14044279790008,-1.13832658032531,-1.13303549736199,-1.14291180824172,-1.15446314360276,-1.15596190645723,-1.15728467719806,-1.15834305549864,-1.15155294016765,-1.14485122516328,-1.15931303347261,-1.17562639740328,-1.1848852535627,-1.15278704106868,-1.08735624566642,-0.978099101755877,-0.792035549682473
-0.78577908706029,-0.68130933081593,-0.552387141335131,-0.415435723916595,-0.35932343114987,0.010928744638025,0.287295032383873,0.518041429349076,0.727072686914435,0.956085966398547,0.991214012913921,1.02761951899179,1.04605051928065,1.04878809197765,1.04449977651116,1.04732797884313,1.06813012924329,1.09486308295605,1.11703415913492,1.12834780504406,1.13072007059703,1.13692471483745,1.14760004925598,1.16092121129488,1.17661491774715,1.19404202054092,1.19997282385353,1.20198033998327,1.209553631142,1.21986365841648,1.23035633926298,1.24559327235499,1.26292863007214,1.2673075751736,1.26703345538536,1.26694171030872,1.27287223476092,1.27925897485254,1.29248894953563,1.30809118977168,1.32049992053171,1.32068201638291,1.3165757967676,1.31319963371957,1.3137470367148,1.31648433055138,1.32624751255147,1.33810911917668,1.34750699403271,1.3475979025281,1.34604660203779,1.3422139444899,1.34367349990358,1.34759678708644,1.35662991251927,1.36748762164939,1.37916685356301,1.38053577934172,1.37852854207238,1.37524384524056,1.37460525488952,1.37378401096647,1.37843707585617,1.3848240948082,1.3922147323949,1.39175879561589,1.39139404619268,1.38975211606739,1.38792725350966,1.38756222522603,1.39148523354848,1.39641186050558,1.40188589045793,1.40854647147737,1.38445906652457,1.32049992053171,1.21101207111401,1.06028383373798,0.859373270326586,0.663298425376909,0.493774438288804,0.357735452149127,0.248612073294246,0.179634276407226,0.126714656535271,0.0797255611155133,0.0415866586961378,0.0118417336377174,-0.0145273072330805,-0.0370639694164037,-0.0581405184652154,-0.0860597443846582,-0.113704850515867,-0.14052843386361,-0.168355914706419,-0.194997681063383,-0.21716875724224,-0.237971465363238,-0.258044674637786,-0.277844042984532,-0.297186916831419,-0.316530069538714,-0.335873222246027,-0.355581124376541,-0.374285407872396,-0.392716129300844,-0.411055384513054,-0.428391021090617,-0.445270442028747,-0.461693647327438,-0.478390414693549,-0.493992376069175,-0.50995936572844,-0.525561605964493,-0.541437687128371,-0.556583990585405,-0.571821481398238,-0.587150159566884,-0.601748502307851,-0.616255378832598,-0.631218470996785,-0.645725347521532,-0.659684542190639,-0.673917856647986,-0.687695234326308,-0.700103965086344,-0.712695070557981,-0.724921426606405,-0.737603719433847,-0.749647143049838,-0.762602997944693,-0.776106534695195,-0.786051812546456,-0.794354881412024,-0.803296540628626,-0.811143393854762,-0.816983009811567,-0.82993914356683,-0.843534146533552,-0.856582025365454,-0.866071366437709,-0.875834269577375,-0.881126482538942,-0.885962201000656,-0.88997639667891,-0.900924735444015,-0.912602851915959,-0.924098593676303,-0.932857320460465,-0.94134248517722,-0.946087016283134,-0.950010582326415,-0.953569120086057,-0.962328125730639,-0.971999562654092,-0.973277022216577,-0.973185834860777,-0.974098266139636,-0.972091307730719,-0.96880716861973,-0.982493358942252,-0.998734189529343,-1.01360637319814,-1.0191718693667,-1.02610573359315,-1.02373346804018,-1.01999283442934,-1.01734700680897,-1.03285805968922,-1.04709165300698,-1.06205474517116,-1.07300308393627,-1.0827654293551,-1.08358611555733,-1.08404205233635,-1.08458945533158,-1.0925272170531,-1.10183362569292,-1.10520950988055,-1.11241749389522,-1.12181536875126,-1.13030109118885,-1.13997280697271,-1.16479054735319,-1.18723602218072,-1.19453547241161,-1.19900644145012,-1.2013789858635,-1.19289354228632,-1.1824917699352,-1.19645124346472,-1.21086665377325,-1.2194427269854,-1.22719811399532,-1.23486259250985,-1.23002715290854,-1.18860466909901,-1.13349599496695,-1.03075963506409,-0.941800373979147
-0.79041914707099,-0.58872460023309,-0.342903962360408,-0.094314233525184,0.27271958693675,0.547392225222909,0.756947681572317,0.903261501179961,0.990174320116123,0.975257320195689,0.962751774526659,0.970969228728808,0.994193228531736,1.02617113760349,1.05475450097594,1.08235531891073,1.10048804617492,1.1015598642878,1.10549031904356,1.11406595596708,1.12433886574025,1.13407559345187,1.14890359370221,1.16373132094743,1.17248495721114,1.17677222966265,1.18016622935173,1.18820541120856,1.19695932047739,1.20946486614642,1.22545423018998,1.24162241258911,1.2464461401073,1.24617832208165,1.24367732214989,1.24358804947467,1.24457059491234,1.2519845950375,1.26270359518165,1.2752984135259,1.28092586812619,1.28494532255205,1.28708895877781,1.29155504958488,1.29700368582961,1.30539995838732,1.31388577662537,1.32424741306352,1.32782023110815,1.32710550369615,1.32594441290805,1.32808832213893,1.33094695878181,1.33737868647445,1.3465792321245,1.35738723193874,1.36095977697826,1.36078041261245,1.36051177557142,1.36470977534771,1.36962277554113,1.37909141222196,1.39061468545846,1.40178059498895,1.40276314042661,1.39963641275295,1.39516977593562,1.39025650273708,1.38793377515065,1.38980959335075,1.39499068457495,1.40133313959235,1.407764867285,1.39758204920241,1.35193750367352,1.26002268487384,1.12460668376591,0.940330409785332,0.729257044952065,0.537745316196758,0.379998315043214,0.249941950509922,0.158830858792339,0.101037585290175,0.0519984940619682,0.0119814031333793,-0.0198176875828236,-0.0467040511107351,-0.0717145964385463,-0.0937775054533827,-0.122986596567725,-0.149873506105879,-0.17711750634491,-0.202396142703498,-0.224548597398672,-0.240984324818335,-0.257062415526872,-0.27189014277209,-0.28823659751653,-0.309585052124491,-0.332094597520542,-0.353711143159279,-0.376220688555336,-0.395782597638419,-0.412218325058076,-0.427225143663981,-0.442946689681896,-0.456256508443267,-0.472960599898833,-0.490111054730494,-0.50717196388181,-0.523071509239909,-0.538971327603141,-0.552280600354263,-0.564339509642066,-0.575862509873437,-0.588635873568129,-0.602838146076565,-0.617040418585002,-0.631868145830232,-0.640800327444373,-0.647767418183203,-0.65428814554594,-0.660451782207793,-0.665364509396084,-0.682872054928622,-0.701719782609944,-0.719495419173258,-0.738342873849458,-0.75504669229991,-0.763890147249077,-0.771840056430693,-0.779521874581526,-0.785327601527132,-0.796403692372156,-0.809176783061719,-0.822307237457288,-0.828827964820018,-0.835348965187876,-0.839279146938509,-0.841601328514703,-0.843209055684021,-0.859197873717342,-0.876437328219103,-0.892962328313982,-0.904396055870132,-0.915382874039939,-0.917794601296482,-0.919134237435012,-0.92074196460433,-0.933961964680236,-0.9477181468177,-0.962546147068052,-0.970942965636004,-0.977910602385077,-0.978357238766298,-0.97844651144152,-0.977374693328645,-0.989165238580545,-1.00309942005821,-1.01748051092221,-1.0231079655225,-1.02998578358611,-1.02980723823567,-1.02811023839113,-1.02587705648504,-1.0408833290807,-1.05508587459427,-1.06991360183949,-1.07839942007754,-1.0864388749395,-1.08554587518218,-1.08456332974452,-1.08313442093075,-1.09483596651256,-1.10734123917647,-1.1143083299153,-1.12288342082857,-1.13485251143091,-1.1438742387254,-1.15602242068843,-1.18344523928302,-1.21131469425883,-1.23632605860201,-1.25204733161479,-1.26473142263426,-1.26732169524124,-1.26705360421046,-1.2658026947369,-1.27527078540748,-1.28447105805241,-1.28536433081484,-1.28634687625251,-1.28741869436539,-1.28304187623353,-1.25302905803709,-1.13011887560331,-0.916633783513501,-0.609447600104263,-0.219725688895839
0.254059044979673,0.533305309498667,0.736813780997267,0.856796514968988,0.91268008452499,0.930138419771781,0.981828400267425,1.01349257403766,1.03582873891002,1.0496927187107,1.05645351768982,1.06201637256013,1.08144320723114,1.1067747554952,1.12080979543719,1.12791297625876,1.13501589552048,1.14220434485285,1.14947858581572,1.16539633355141,1.18319678908081,1.19055682167418,1.19295323301148,1.20108355936041,1.20878597379622,1.21700183021579,1.22992419455978,1.24447267648553,1.24601300243678,1.24421556315387,1.24173362174592,1.24233285536017,1.24361659109948,1.25208877617115,1.26270052080833,1.27194299963555,1.27664976911982,1.27981621265282,1.28700518510488,1.29462206947006,1.30463510361268,1.31584608186411,1.32842606436564,1.32902477486021,1.32808315940349,1.32474513260949,1.3265420487727,1.32825369642509,1.33800987879592,1.3482795031505,1.36051762692928,1.36291403826659,1.36240059628284,1.36008997657603,1.36128818224468,1.36274323968513,1.36864847639791,1.37737803636107,1.38567968441115,1.38687815163964,1.38456779349269,1.38311299761208,1.3849099137753,1.3878195055365,1.39458004295577,1.4028809063263,1.41066858927292,1.40955617523476,1.39740384308648,1.34870924598254,1.26004908861816,1.12782875398735,0.954187801655634,0.752562299510604,0.570876550900613,0.419057798337809,0.299245862947542,0.216147775773918,0.162831416136682,0.123122446088175,0.0862377992900773,0.0556005094873438,0.027444899532718,0.00322576530680189,-0.0289521120070402,-0.0585625178422623,-0.0890290090635482,-0.116585908523618,-0.142516428842091,-0.162371175426189,-0.180086362444787,-0.196260700392429,-0.212606098481377,-0.232546113576281,-0.251886895056935,-0.273795148016197,-0.289541835610589,-0.305374053275624,-0.318381947690266,-0.331817754018005,-0.343627704323834,-0.36647757273979,-0.389498501297052,-0.411663867587957,-0.434085824090822,-0.453940309115073,-0.467290585372164,-0.479614239221597,-0.492280013353626,-0.503319931463752,-0.518981088987497,-0.535840452179891,-0.551929260056885,-0.563054446677817,-0.57443648507055,-0.58188178617472,-0.588128881610237,-0.595317592502453,-0.612861457819897,-0.631089825262397,-0.651030101917149,-0.669772172903247,-0.686631274535793,-0.696900898890373,-0.706057847646947,-0.714101859245678,-0.724799133953496,-0.737807289927991,-0.751842329869975,-0.76673345519801,-0.779228692308445,-0.790610992261026,-0.799939262718748,-0.808925151334027,-0.816712572720793,-0.828864381749383,-0.839989568370309,-0.853339844627394,-0.861726499628422,-0.869428914064242,-0.875077299005208,-0.880468832174373,-0.882608391739879,-0.894332811975056,-0.907340706389686,-0.92034886236417,-0.932415664441807,-0.949788208058103,-0.964508011684996,-0.982137407073087,-1.00164951025489,-1.02775135227451,-1.05060122069047,-1.07122573791043,-1.08568868976552,-1.0977552302833,-1.10323177040342,-1.10733930627343,-1.11042021973579,-1.11795131247046,-1.12642402066183,-1.12770854108068,-1.12865041809723,-1.13001994546703,-1.12890753142888,-1.12582661796652,-1.14054589847371,-1.15612100280711,-1.17178163721115,-1.18461820992463,-1.19822507639367,-1.20104913808423,-1.20336001935088,-1.20481533835119,-1.21286039618931,-1.22141889601118,-1.22270289331033,-1.22407215912028,-1.22561248507154,-1.22261710167983,-1.21850904269012,-1.23031899299595,-1.24238579507358,-1.24520985676414,-1.2488039506504,-1.25274042637912,-1.2485465757589,-1.24272686911679,-1.25590608523257,-1.26925636148966,-1.2483749924979,-1.1929198579747,-1.11333111929624,-0.982394520404742,-0.780855071450049,-0.565793762977268,-0.377689597230613,-0.209867828421316,-0.0816692380300254,-0.0185109043914583
-0.0539516084374295,0.0326959984319888,0.179784647971516,0.379470589901226,0.582386029330405,0.769060630142447,0.863828092265336,0.901107622216516,0.890772722568589,0.887635448078664,0.91042806875941,0.958688905507984,0.993107829997865,1.01580766361397,1.02835704360123,1.03103292101587,1.03721552901373,1.05474833584719,1.08030905695213,1.0971035156541,1.10725396928293,1.12091058943987,1.13373692048334,1.14850106283751,1.16852530106652,1.19039512759668,1.19454798330184,1.19427131427319,1.19030346864224,1.19021096360514,1.19113347572816,1.20156059838563,1.21475610349484,1.22850551071643,1.23570313587443,1.2411473957408,1.24446911624983,1.24816001082459,1.25277341752239,1.25932491755844,1.26652254271643,1.27556603820314,1.28064140603132,1.28359479855726,1.2864556860461,1.29236162501532,1.29697531374066,1.30518795605878,1.31395393643419,1.32271991680959,1.32438049503655,1.32594885025396,1.32391853390616,1.32557939416066,1.32890139669724,1.33582235282659,1.34394305416271,1.35520102998876,1.35926138065683,1.36018417480741,1.36083001790179,1.36424424344792,1.36802736103223,1.37513248115312,1.38445236364092,1.39331084905342,1.39294139296012,1.38851215025387,1.38399068453807,1.37790058157731,1.37522470416267,1.37974673393357,1.38694464111911,1.38389958963872,1.34652755465046,1.2617255360822,1.12672486945465,0.943278920059429,0.730950811077805,0.536893575033572,0.375779131271358,0.25286729363845,0.168434731163481,0.114176296491229,0.06877606520394,0.0265128263790259,-0.0115981207958302,-0.0438031290014699,-0.0727783576800774,-0.0994463189546846,-0.122053647533684,-0.145306819207063,-0.171605324388373,-0.196242687287619,-0.219588363998099,-0.243764893877168,-0.259636558428558,-0.274031526716985,-0.288334554023419,-0.302729804339396,-0.315371689363766,-0.339640442252373,-0.362986683017954,-0.38624041874644,-0.409494154474926,-0.427672522375222,-0.439207167229914,-0.449542066877828,-0.459969189535299,-0.469288789995535,-0.490050812300926,-0.510996998597855,-0.53378877319595,-0.555104415586176,-0.570606906071831,-0.579280945465238,-0.588878061036772,-0.594692059024001,-0.602166635238186,-0.621175574279513,-0.641199530480967,-0.659654567409908,-0.681154373791673,-0.697486871363259,-0.708098440039825,-0.717049148461871,-0.726738205015411,-0.735135575380166,-0.751284473015309,-0.767064196584711,-0.784597003418183,-0.798807807715065,-0.812926389002404,-0.821692651405355,-0.830551136817857,-0.837379587910106,-0.849929249924925,-0.861279166732972,-0.874382166805076,-0.887116274838991,-0.894959743091366,-0.899665654826259,-0.906217154862318,-0.911292522690503,-0.915444814340561,-0.930577848732925,-0.944880594011808,-0.956507461876045,-0.961213373610938,-0.966565410467769,-0.965365947288547,-0.964535376147515,-0.966288459411579,-0.983913207227032,-1.00163017805204,-1.01916270285795,-1.02792924728845,-1.03549604651219,-1.03337407120994,-1.0305137477762,-1.02885288752169,-1.04509344411128,-1.06078038061603,-1.0778512263191,-1.08827834897657,-1.09898242269023,-1.09889019968068,-1.09916715073688,-1.09796740553011,-1.11107040560221,-1.1224200403827,-1.13127824376765,-1.13810641283235,-1.14594988108472,-1.14465819489596,-1.14392012879202,-1.15111775395001,-1.16209877871986,-1.17326453153637,-1.17778599725217,-1.18092355376965,-1.18009326465617,-1.17621764203476,-1.17123449721612,-1.18230774499552,-1.19642576222776,-1.19753272036988,-1.19854773753,-1.19993192875587,-1.19273430359788,-1.1827685780157,-1.19725633336879,-1.21340466694882,-1.22069451511636,-1.22669267709514,-1.20786874812801,-1.13930756817688,-1.03863444911232,-0.907879143227033,-0.746580253445724
-0.539780999693602,-0.299497469902014,-0.051011767156859,0.203066442774904,0.492749313247305,0.66946678603281,0.800420674516025,0.908073304322389,0.97163964619538,0.960641504515424,0.972292561154213,0.990747379082995,1.00165236928323,1.01544647968957,1.03679013295756,1.06148894869724,1.07957030610638,1.09401676173774,1.11023423495158,1.1303666341162,1.14155164848944,1.14844913099299,1.15441452896542,1.15907523648785,1.16317646539808,1.17454749786386,1.18964686845405,1.19989951342927,1.20595777801453,1.20800825003619,1.21509175063228,1.22347994167839,1.23550331936918,1.25004321134718,1.26635383604075,1.26924295624688,1.26942925920633,1.26709876301167,1.27054707696307,1.27669877789497,1.28909533123849,1.30233081763338,1.31733732161076,1.31976125415207,1.31715187325204,1.31370355930063,1.31510197096419,1.31827140021023,1.32684646394962,1.33775145414985,1.35024087410618,1.35135897672984,1.34828269896352,1.34604535424858,1.34474037893166,1.34418118518636,1.35061262542436,1.35890823472456,1.36804277707614,1.37382158722221,1.37643125298915,1.37689701038779,1.37745591926615,1.37987899720674,1.38519176508726,1.39227555055026,1.40113035359573,1.4084007268851,1.40905335697702,1.40756207870064,1.40513871589316,1.40113063846265,1.39991852975854,1.3837936382906,1.32945470538201,1.23205472055086,1.08870484845795,0.891948412854462,0.679346825089126,0.490605689745918,0.339333384005547,0.224876992909184,0.153481653735375,0.108650153964171,0.0718342393201557,0.0287734722645165,-0.0110252837991617,-0.0479349196567257,-0.0832601257581812,-0.117186920196069,-0.143937062558124,-0.169195641776906,-0.193894742383488,-0.217382304019783,-0.239285720766878,-0.260909113340975,-0.282066463649512,-0.301639669068844,-0.320933135182091,-0.340040013468967,-0.357935637652472,-0.375644958876519,-0.394192643418118,-0.412181134214432,-0.429890170571571,-0.448810745898984,-0.466333194429752,-0.483669624867972,-0.50072660086701,-0.518063031305224,-0.533535292681239,-0.550312529374188,-0.566343984495487,-0.581536221698497,-0.596169265156222,-0.611082047920051,-0.624689855366946,-0.638018208374666,-0.652278930780387,-0.666539653186115,-0.680240896979651,-0.694221880079288,-0.708482317618108,-0.722183276544728,-0.735604781032179,-0.750144957877076,-0.764778286201729,-0.778199790689174,-0.792180773788806,-0.805975169062072,-0.818930631283958,-0.831233463413926,-0.842511344399978,-0.843350277451352,-0.843536865277724,-0.84307110787908,-0.840462011845964,-0.841021775325066,-0.858917399508564,-0.876719587345422,-0.894987817447839,-0.909993466824483,-0.922762056353095,-0.925930630998403,-0.928912902684262,-0.929844417481543,-0.941588055866234,-0.952120155280637,-0.956593990109793,-0.959390243703098,-0.963212018174141,-0.959950007182199,-0.958365577426084,-0.97141447599461,-0.987073040330088,-1.00384999215612,-1.01456867939689,-1.02258454939099,-1.02305059165655,-1.02137301042071,-1.01736521785711,-1.02752442648569,-1.04075934314677,-1.04197088211706,-1.04299583326097,-1.0446731296299,-1.03796223495273,-1.02948060755999,-1.04383419657854,-1.0607045847512,-1.07599082803467,-1.08913316294984,-1.10162286777308,-1.10218234638528,-1.10031817732307,-1.10236836447783,-1.11029051325838,-1.11998367962142,-1.12408433879782,-1.12911736737226,-1.13116783939392,-1.12995630042363,-1.12734663465669,-1.13648117700826,-1.14542913153346,-1.14757332476867,-1.14841254268696,-1.14953121504443,-1.14459133794973,-1.13890596415029,-1.1485059790336,-1.16099511412302,-1.16472316738052,-1.16798517837247,-1.17171294676306,-1.13564224395688,-1.06396745034388,-0.98651384658481,-0.8709393528648,-0.764778855935547
-0.605370415390923,-0.453584345137324,-0.246372845506512,-0.0141653740423473,0.323821518316422,0.59506206608858,0.798741384815069,0.924444786093221,0.976881383137156,0.94726653325738,0.944459001644445,0.966285117219165,1.00187680138051,1.04815526342253,1.07043421560562,1.07523411757741,1.07659235060754,1.08175457722502,1.0924410783107,1.11553463815789,1.14089238104695,1.15465822642857,1.15855245518361,1.15828064250058,1.16280900858433,1.16914872110159,1.1790200609332,1.19260460559448,1.2081817974096,1.21280067545603,1.21515537046059,1.22339694137402,1.23290623335491,1.24096650354801,1.25527569750069,1.27067158859547,1.2752904666419,1.27492841879119,1.27384172164909,1.27728311379575,1.28172069112183,1.29195407880414,1.30508551006205,1.31912261453672,1.3210241961379,1.31948438559243,1.31549964487472,1.31722047934555,1.31903182577905,1.32745442061784,1.33786966261048,1.35136397210407,1.35263196996652,1.35181708550744,1.35009652783161,1.35308508336989,1.35453410515769,1.3617794908917,1.37137957163026,1.38152300093988,1.3810704411265,1.38016476790975,1.37871546932696,1.37572636019868,1.37436757357856,1.38070673250583,1.38704616822809,1.39456308985014,1.40198977630449,1.40506912060044,1.40525042132079,1.40561274596649,1.40814874169139,1.39402057166406,1.34411969355003,1.24984221179017,1.10829035960385,0.909954291420202,0.694229961782909,0.500603006813378,0.34003201707529,0.221120334537792,0.148396602079633,0.101484002708894,0.0638999481886917,0.0323837935027235,-0.00384147439736301,-0.0392515810433754,-0.070496199841317,-0.100835422217496,-0.130449995302281,-0.153996945347835,-0.174917387705795,-0.19638090183982,-0.217119766682451,-0.237134259028672,-0.257873400666288,-0.279156167669957,-0.29962377341954,-0.318370821493299,-0.337208381529731,-0.354777666908721,-0.371712814958996,-0.388738751766929,-0.406308037145925,-0.423515274674209,-0.441356649531208,-0.454036074565724,-0.465900338346165,-0.478398462660337,-0.48980961303741,-0.49977174162668,-0.518156188259744,-0.537808632755259,-0.556012055462976,-0.57439650209604,-0.587528210148944,-0.598214711234617,-0.606003168744688,-0.614063438937776,-0.623120171105289,-0.64358805364987,-0.661792029947569,-0.681988099809126,-0.702365193596036,-0.719119594515949,-0.729624794881277,-0.739495857917885,-0.748189988644697,-0.756159470080127,-0.768204204195927,-0.780430515827081,-0.794286873171373,-0.800716820856326,-0.807962206590331,-0.812581361431759,-0.817018938757844,-0.8208226555502,-0.838754265574887,-0.854330903800032,-0.872171725067048,-0.885031897231926,-0.895899699037949,-0.900518577084385,-0.90631494103058,-0.909394285326539,-0.922073156771072,-0.936744398574448,-0.950600755918753,-0.96391348789701,-0.977135707912594,-0.984018492205904,-0.9899050913198,-0.996063226321717,-1.00285549865235,-1.01136860545382,-1.02133073404309,-1.02395724173066,-1.02504421566776,-1.02613118960486,-1.02504421566776,-1.02287054458856,-1.03536811531275,-1.04976754443311,-1.06317078837405,-1.06788017838315,-1.07358575357169,-1.07195570785854,-1.06923896500327,-1.06652222214802,-1.08345792378827,-1.0993974402491,-1.1073674752745,-1.11397872367979,-1.12131434458148,-1.11769165171448,-1.11461230741853,-1.12611341616829,-1.1399694967176,-1.15192399566572,-1.16197663621766,-1.17048974301913,-1.17221085428495,-1.17148675858354,-1.17329838181204,-1.17972888308696,-1.18525371114514,-1.18588812526885,-1.18824309706839,-1.18851490975142,-1.18652253939256,-1.187518724572,-1.1984767615457,-1.20563108172705,-1.21124586815791,-1.18516292238747,-1.11914122709226,-1.01164097172683,-0.87769599953524,-0.70109525816864
-0.56305028076339,-0.394562712472006,-0.215213986068813,-0.0298414803342598,0.160368404180749,0.435643180300088,0.630598667018712,0.78429932715059,0.917646787894925,0.989112287715297,0.972227071315961,0.976060765830683,0.986557328240632,0.993402633464866,1.02032748208311,1.06076050382083,1.08394315554503,1.09215729864919,1.09690345876513,1.10174083754559,1.10785583554145,1.1255622988775,1.14765004767145,1.15933273167614,1.16161459306961,1.16143243469675,1.16590493881918,1.17201993681505,1.18233322502749,1.19666264508366,1.21190453074107,1.21665041190086,1.21902349195883,1.2271469743108,1.2366392945427,1.24558402383138,1.26009616017273,1.27643378562887,1.28090601079513,1.28090601079513,1.27917201930102,1.28181931326484,1.28556178911504,1.29496316963859,1.30682884888461,1.32088489190343,1.3231667532969,1.32070217561826,1.31768972804026,1.31878435201433,1.3214305301535,1.33064835752339,1.34214832524291,1.35602165197656,1.36049443505514,1.35958252736623,1.35848790339216,1.36286946780624,1.36642922737128,1.37491730542511,1.38523059363756,1.3948138535778,1.39280564817784,1.38769461340388,1.38176205273703,1.37683345529207,1.3734564120122,1.37747254385594,1.38294873224409,1.38851641825292,1.39444897891976,1.39773452457896,1.39791668295182,1.39809912028083,1.3736382914289,1.30774047761736,1.19894534334562,1.04396678504218,0.840249006363868,0.633884212677912,0.453349364679972,0.305124335023934,0.201166021620331,0.138279818518309,0.0953822191019564,0.0607899814542656,0.0314002762012087,-0.00556504150445802,-0.0411609634178762,-0.07593563839458,-0.109432136243551,-0.139551311856495,-0.164102801460614,-0.186190271298418,-0.205722223749234,-0.224615645548513,-0.245426054083226,-0.265688871674736,-0.286681717538462,-0.301467788829491,-0.315614771556659,-0.328849009726439,-0.340258037737599,-0.350571883862376,-0.3732987212202,-0.395386470014169,-0.417656656137146,-0.441295680140034,-0.46329165235717,-0.478716254299754,-0.494688726141694,-0.509474797432729,-0.522709314558674,-0.538682065356767,-0.553559355312311,-0.56916667354006,-0.581123013538266,-0.593718163144179,-0.604122948977294,-0.614984386045257,-0.623564240675931,-0.639810926423705,-0.65614910979216,-0.672487014204432,-0.682983297658222,-0.694300828048727,-0.700689482038107,-0.705617521570748,-0.711549803281434,-0.728982331667802,-0.745776050446463,-0.764030383681864,-0.776899747193617,-0.790590357642091,-0.79871328208174,-0.806836206521389,-0.81313364184626,-0.831844068404202,-0.847816540246143,-0.863058983815866,-0.872460085383248,-0.882682712843509,-0.886060035079536,-0.889254641030385,-0.892540465645744,-0.908330500158665,-0.923390227443223,-0.938997545670978,-0.946573158123582,-0.953236304974968,-0.951776248430546,-0.950772564164819,-0.948308544398492,-0.96291217836052,-0.978519496588276,-0.997138704481702,-1.01146840349404,-1.0261629771644,-1.03255191010995,-1.03830203344779,-1.04177029539216,-1.05235751855429,-1.06422291884414,-1.06504444473703,-1.06760024108017,-1.06942600915111,-1.06778351527766,-1.06367644372559,-1.0808355950746,-1.09480014047275,-1.10337971614725,-1.11049867736501,-1.11853038314015,-1.11524427956863,-1.11195817599711,-1.12172387326636,-1.13395414821425,-1.14654957677632,-1.15731979517978,-1.16918519546965,-1.17329254597789,-1.17612227727071,-1.17840441762034,-1.18534122046524,-1.18963128725865,-1.19227830226631,-1.19364714014622,-1.19638481590606,-1.19519785744284,-1.20003467831097,-1.20943522196603,-1.21089527851045,-1.20852219845248,-1.20733579790157,-1.20185960951342,-1.1930975965099,-1.163525732884,-1.10620721579079,-1.02041201695809,-0.888524891714333
-0.709609165684968,-0.5230443569465,-0.310161960933511,-0.0812366898643409,0.148860118766888,0.43726991342824,0.646367193607653,0.797872370380959,0.915399376855839,0.984347654147022,0.969025937176294,0.971639515447811,0.986240074333083,1.00228267392781,1.02012789327473,1.04509351573511,1.06798629075734,1.08240724877488,1.08952765188832,1.10295667321154,1.11737680484471,1.12783139339224,1.13891678866844,1.1507233420301,1.1588348554535,1.1680281060051,1.18190778226637,1.19416499056608,1.19930207121379,1.20200572538063,1.2078639641138,1.21354205105634,1.22048230237914,1.2329202133924,1.24716074415785,1.25184744532896,1.25392056822857,1.26167150260925,1.26924256066075,1.27636268831275,1.28916117836872,1.30448317080091,1.30718710042919,1.30727690086307,1.30682624592502,1.30934947283976,1.31106146577373,1.32025444086387,1.3305291530822,1.34080358983908,1.34215555465323,1.34107409298649,1.33764900527276,1.33593646141588,1.33539573058251,1.33963177681558,1.34594094594825,1.35342192810443,1.35711724350413,1.35891986325633,1.3603619039658,1.36378644075663,1.36802221152825,1.37424102930415,1.38127108106083,1.38839120871282,1.39064475886452,1.39073511022128,1.39019437938793,1.39109568926402,1.39262808133025,1.39641347262527,1.40155082873444,1.40686861209569,1.38154268605404,1.31520853795729,1.20435100419636,1.0512233594615,0.848795551996034,0.652045831473097,0.482244229491911,0.34624092147997,0.236915504323818,0.169770122246292,0.115873609701335,0.0700886105797852,0.0287198094819495,-0.00300536158768723,-0.0337391468859215,-0.0582538389467983,-0.0845711507598666,-0.109716925010876,-0.133871038029013,-0.157123841171058,-0.177763341503038,-0.196870449768792,-0.214174938282354,-0.232381012133455,-0.248784741693823,-0.272398399340059,-0.294119636800239,-0.318184224845964,-0.340626344930148,-0.363338692700279,-0.382175848741525,-0.401283232468725,-0.418768148234371,-0.435531905914562,-0.453467201156806,-0.469779752976044,-0.486633035628647,-0.502765435657241,-0.520069648709346,-0.535751669261349,-0.55269585419363,-0.568468501563864,-0.58451137662004,-0.600283748528817,-0.61533523781359,-0.629845720803541,-0.644446004227355,-0.659226714903265,-0.672385233079073,-0.687256019650293,-0.701586350849605,-0.716187460657781,-0.730968722256595,-0.747192024564867,-0.761793134373049,-0.777385354491194,-0.792346492419188,-0.80514470701372,-0.817402190774875,-0.829569323179269,-0.840204338978877,-0.851560512863939,-0.864809382396527,-0.868054042858183,-0.871839709614662,-0.875355148685175,-0.876977616646728,-0.876526961708679,-0.893831450222235,-0.909693898026334,-0.925736497621064,-0.938805215363002,-0.952414663938318,-0.957011564675567,-0.961247886370096,-0.965484208064618,-0.976209575220999,-0.986844866482059,-0.989819023796302,-0.993063408796506,-0.995226332129973,-0.993964167749695,-0.993062582412144,-1.00748271404532,-1.02379554132602,-1.03082504215979,-1.03767466666438,-1.04317260181626,-1.04046894764943,-1.03452090848239,-1.0485812874572,-1.06309204590861,-1.06795862340891,-1.07381658668062,-1.08093616340971,-1.07687999350583,-1.07138205835393,-1.08580274091001,-1.09914196179936,-1.10328820759857,-1.10815533602178,-1.11383342296432,-1.11085926565007,-1.10698379845973,-1.12248594268255,-1.13807816280069,-1.14483771140995,-1.15015494384831,-1.15637348616275,-1.15141600638277,-1.14555749218815,-1.15763482415867,-1.16944192844324,-1.17611167661864,-1.18323207973209,-1.19107336546955,-1.18945089750799,-1.18782842954643,-1.19720155642722,-1.19557908846567,-1.1920639248566,-1.1883686094569,-1.14537734039751,-1.0649830887874,-0.977378633629966,-0.840654442994022
-0.700155978783775,-0.513725840830417,-0.307363261793005,-0.0792398157796889,0.136814566219772,0.417328575854645,0.619302709193544,0.775926123793529,0.905942769936596,0.992163264547888,0.983202776053045,0.982836699647994,0.988322536218776,0.994448307879326,1.01310059933623,1.04528486318903,1.07938921175875,1.09877309713049,1.10471666893142,1.10489970713395,1.10919705290266,1.1175173268601,1.13031742589352,1.14458043330899,1.16012359035161,1.1687180024414,1.17420383901219,1.18700449694088,1.20126778380398,1.21461671799735,1.22997739573272,1.24634380551527,1.24853830781217,1.24597856745312,1.24296193020684,1.24323662723446,1.24488285326668,1.25448355629892,1.2673758730527,1.27917051948657,1.2847477354348,1.28712471703895,1.29032439248775,1.29507807624842,1.30065501274902,1.3087919690563,1.31857487194816,1.32250642075945,1.32259807958454,1.32131820940501,1.32424458506439,1.32771951643608,1.33530875537396,1.34399510573647,1.35432712323593,1.35661272546263,1.35633802843502,1.35578891382743,1.35670298704953,1.35862279231881,1.36474856397936,1.37325187613933,1.38074973569977,1.38504708146848,1.38504736091611,1.38404218776421,1.38056809473542,1.38139106802771,1.38459158181943,1.39090067113015,1.39830659241786,1.40754121904504,1.40863833046968,1.40827225406461,1.37965346261805,1.31363898832787,1.2027312510813,1.0495819295101,0.848522148840932,0.650571223138415,0.472552459072316,0.328272246618504,0.220199226206234,0.151167835222145,0.102799920341687,0.06320973520118,0.028099654584283,-0.00243866268393117,-0.0286796341834277,-0.0610463773434805,-0.090395924361983,-0.119379674423059,-0.14836370393177,-0.175244610521035,-0.197553753761612,-0.219040203157533,-0.23824077087911,-0.255978430218633,-0.275819212477602,-0.294928959717013,-0.313672909998997,-0.331228369478906,-0.349880940383441,-0.366430667816159,-0.38233990126385,-0.398706311046405,-0.418638472682823,-0.435918955687482,-0.455119523409053,-0.474228991200828,-0.487029369681871,-0.497452487111132,-0.508150022120372,-0.51701885179013,-0.525247466922496,-0.545454046138892,-0.565203449020424,-0.585592786991713,-0.60607350434045,-0.626280083556852,-0.638714665080481,-0.650966487849217,-0.662486996150747,-0.672544596070223,-0.683882066169218,-0.696316927140483,-0.709574761404044,-0.7161579888471,-0.724204124672209,-0.73087901094035,-0.73718810025107,-0.742674216269487,-0.76233223977357,-0.781898883900203,-0.801099731069428,-0.820300578238641,-0.837672720068379,-0.847090384898092,-0.854862103143224,-0.863365135855562,-0.871136574653064,-0.881651071459769,-0.89280550335623,-0.905605881837285,-0.91602899926654,-0.925903560983495,-0.934863770030696,-0.941812514983531,-0.947298351554331,-0.955253108001991,-0.964945190411682,-0.972168352944495,-0.979574274232206,-0.98661439856249,-0.993105687732825,-0.997768271563686,-1.00544861043137,-1.01687773935545,-1.02903846219438,-1.03269615232097,-1.0355311486029,-1.03745151276746,-1.03498315178586,-1.03288030831405,-1.04577234562019,-1.06204709657766,-1.07667590095054,-1.08627604508752,-1.09377334575267,-1.09468741897477,-1.09240153730043,-1.09167022283322,-1.10355624864453,-1.11644800650303,-1.11891664693227,-1.122939575121,-1.12531683617279,-1.12083701109683,-1.11763733564801,-1.13363822792079,-1.14771903547664,-1.1519250018679,-1.15850794986332,-1.16243921922697,-1.15658730625112,-1.1518325046999,-1.16920436708201,-1.18310213643533,-1.19078247530301,-1.19727432336862,-1.2042233477691,-1.19846337306597,-1.19462320363213,-1.20660088826853,-1.22022424004187,-1.22543593848032,-1.19855475244342,-1.13756949728444,-1.03973711499417,-0.898108581172131
-0.803554743263283,-0.670374030897973,-0.503462381115445,-0.303553483195358,-0.0854046047489297,0.278848730827387,0.571333023690417,0.779123968793559,0.921195516083837,0.998005976237649,0.964550697564676,0.954010112289235,0.974450320231549,1.00598103023279,1.03485348228266,1.05474321315948,1.06986690519902,1.07802461112633,1.08700733229938,1.10799745702518,1.13476212818915,1.14713595617024,1.1519936011146,1.15859288265751,1.16455036116885,1.17234108238582,1.18920641102393,1.21028814185681,1.21697930964781,1.21872122638737,1.21624702107316,1.21844724848914,1.22018916522869,1.22926377264982,1.24136278230966,1.25538636064123,1.25813566441769,1.26015155905549,1.26354238572253,1.26757501542115,1.27270747868674,1.28434789752917,1.29580510415744,1.30267948416259,1.30597898486355,1.30662050775412,1.30817893213852,1.31037915955449,1.31743731205581,1.32532075994388,1.33402922307768,1.33797108709221,1.34081283739875,1.33925469315535,1.34026264047426,1.34218720914598,1.34796147544315,1.35291072649458,1.3605182354974,1.36436793312285,1.36592607736625,1.36528455447567,1.36574314529308,1.36739345592556,1.37216005504483,1.37903471519099,1.38664250433481,1.39425029347862,1.39773328653474,1.4000248399168,1.40029993837905,1.40561617414081,1.41157393279314,1.42147299517801,1.41148176640406,1.36565181932701,1.26583477952759,1.11734660262656,0.914871052862178,0.698830235442635,0.503504444286654,0.346217318708746,0.226510548032505,0.150800481727678,0.100663086630766,0.0596913447800576,0.0222025959854763,-0.0115280612907368,-0.0404926797296836,-0.0678072676771592,-0.0933799388850675,-0.116752942959006,-0.138109492113139,-0.163957261783289,-0.188246887210051,-0.212445186670727,-0.235543372423422,-0.253692026983683,-0.267257574779836,-0.281006334790154,-0.293379882630243,-0.305845316718403,-0.32830141929852,-0.352315946263034,-0.375872162551137,-0.399428658980238,-0.419776980674474,-0.433984331502196,-0.447366667084185,-0.459832661454355,-0.473581701605671,-0.492188666842337,-0.51162036718375,-0.530776969062914,-0.548925063341165,-0.56386526302555,-0.576789007790128,-0.588063002204234,-0.599153784404164,-0.612352907771989,-0.627476879952535,-0.641867442994433,-0.65754133195847,-0.666432447024442,-0.673948630061166,-0.680547911604092,-0.686780768718672,-0.692371822801677,-0.710428591113853,-0.728852063995357,-0.748192438370683,-0.767990843281422,-0.785864399379428,-0.7967719693652,-0.807679259209973,-0.816936518563269,-0.824635633673158,-0.835176218948598,-0.846908243898112,-0.857907419990962,-0.861849003864499,-0.867440618229514,-0.871382482244043,-0.873857527981259,-0.875873982901065,-0.892555819184012,-0.908412640221214,-0.924819378041913,-0.934901932781946,-0.944617782952652,-0.946725843979543,-0.94855880654418,-0.949475147756005,-0.964048642871057,-0.979722251694095,-0.99594577730063,-1.0058451198265,-1.01574446235237,-1.01803601573442,-1.01895263708724,-1.01959444011882,-1.03224336656215,-1.04480068689839,-1.05799981026622,-1.06239970481617,-1.06469125819821,-1.06074995446569,-1.05653355227091,-1.05140052872332,-1.06505740248555,-1.08128092809209,-1.09805465062311,-1.10621263669141,-1.11464544108097,-1.11262926630217,-1.10960486406345,-1.10603026490025,-1.11941232034124,-1.13325268645863,-1.14150171835203,-1.14745919686337,-1.15222523570064,-1.14910866707285,-1.14525896944739,-1.15433357686852,-1.16734948802218,-1.18274827852398,-1.19099787069937,-1.19842244762902,-1.19842216748802,-1.1959471217508,-1.19108919666545,-1.19887991788243,-1.20887030623338,-1.20942022301687,-1.21024495812161,-1.17935549086994,-1.11519395715947,-1.00786129460531,-0.937008593103838
-0.768630973227137,-0.571786287119166,-0.340365859056047,-0.0894619974657817,0.294074138527374,0.569675038532707,0.766336609663928,0.905554872803435,0.978365581035542,0.953394009937766,0.954765834656789,0.984493922112687,1.00946549321046,1.03480273513205,1.05346285017591,1.06379920137547,1.06727503115569,1.07815988859097,1.0993810972258,1.1166691079858,1.12718829459727,1.13157886056674,1.13697585999625,1.14164095864843,1.15270865149561,1.16880739338366,1.18792487652214,1.19624864036645,1.20146224525435,1.21225596454852,1.22368960778439,1.23512325102025,1.25250239992135,1.27052203189383,1.27390616440325,1.27354049357943,1.27097939998845,1.27235178383717,1.27409011807455,1.28314606226105,1.29384808428442,1.30610504600356,1.30866586002969,1.30958031665408,1.30967173436004,1.3128733110224,1.31598374954365,1.32449118749442,1.3343704501642,1.34415801556317,1.34708533910767,1.34891481148616,1.34909764689806,1.35110995468847,1.35403699866811,1.36062270783988,1.36775720281224,1.37553190129112,1.37763534722261,1.37800101804644,1.37708600229233,1.37982965173037,1.38376257004036,1.39062253233,1.39867148392674,1.40754403357162,1.40772714854838,1.40489180183954,1.40159936660094,1.39839834906828,1.39547158465348,1.39830749049202,1.40288117143824,1.39007514435367,1.33775402354391,1.24116101308599,1.09489911355039,0.898236983289468,0.689958374380782,0.505461788133063,0.353711751026837,0.240928580974923,0.170587828192685,0.117168856216925,0.0713423064378336,0.0293575368276351,-0.0097918860737305,-0.046014264995451,-0.075284704791883,-0.102085748268142,-0.126325698153428,-0.148644757954268,-0.171969971650313,-0.194838096816583,-0.217340271594186,-0.235451600837474,-0.253379815103998,-0.269204303874167,-0.283656408795628,-0.297742283763563,-0.319694834046034,-0.341281713504694,-0.363325681493116,-0.386284385670792,-0.403663814136741,-0.417292880139761,-0.429549562294062,-0.441349155918594,-0.451776924824096,-0.471991979563739,-0.490926627290316,-0.510959126182886,-0.530534256980844,-0.550292223190712,-0.564012986464538,-0.577642052467552,-0.590813750375942,-0.603528080189721,-0.616425245415397,-0.630785932630895,-0.645238317117205,-0.65301357472579,-0.660880250040319,-0.668106721848329,-0.673686836254595,-0.679083835684109,-0.696463264150058,-0.714208643004674,-0.731954021859301,-0.751162643138884,-0.76991389632385,-0.782902479255489,-0.795433694092499,-0.807690376246806,-0.818575233682084,-0.830283409600664,-0.841717052836511,-0.85278474568371,-0.858364300960279,-0.864126971213612,-0.868426119477115,-0.87272554730548,-0.876476189333269,-0.890746017972513,-0.904649616658235,-0.919193418850497,-0.924224188326503,-0.929620908191163,-0.929529210920358,-0.928980425119783,-0.927974271224584,-0.944713216619152,-0.961634997425635,-0.978831310914827,-0.987063377488326,-0.995661394450498,-0.994929773238014,-0.993649366224948,-0.991728755705357,-1.00810230984096,-1.02410991358789,-1.04048318815864,-1.04642897338873,-1.05237475861882,-1.0489906261094,-1.04441750429288,-1.04030175057098,-1.05640077202387,-1.07268262888867,-1.08951327155404,-1.10149598015533,-1.11201488720194,-1.11183177222518,-1.11128270685975,-1.10926983993965,-1.11923940205599,-1.13058134802104,-1.13231884356387,-1.13305018521152,-1.1347879603192,-1.12939124045453,-1.12289694898872,-1.13716677762797,-1.15335749635166,-1.16936537966344,-1.18144006510037,-1.19388042136113,-1.19488657525633,-1.19388042136113,-1.19232520210051,-1.20000820330859,-1.20796573719937,-1.20805687534048,-1.20924558508274,-1.20988550902442,-1.1746692839979,-1.10698104251259,-1.03133498757164,-0.914435784232976,-0.811988965380619
-0.660814486532462,-0.489835763676366,-0.271819810133038,-0.0340755316774956,0.321307883145645,0.590106135606254,0.782822221541804,0.914161730871737,0.977365340241646,0.944850019174546,0.943662238515714,0.967956889166392,0.990333225201915,1.01901191703871,1.04211934532934,1.05435809208024,1.0614822636887,1.0752741976513,1.0950028017129,1.10925114492983,1.12039423032093,1.13181116126464,1.14267984280437,1.15281799038777,1.16953233932504,1.19063045029905,1.19976393922413,1.2014081291373,1.20396569585791,1.20816745249168,1.21118226591481,1.22223434860444,1.23703094122535,1.24643855485242,1.24981793738023,1.25109616244175,1.25730639894398,1.26415616670106,1.27401991043308,1.2862580988852,1.30050588380334,1.30187566986512,1.30087073205741,1.29849600818793,1.30151054246165,1.30644311220114,1.31776904044337,1.33037347289653,1.34407384585886,1.34717910368467,1.34453025511319,1.34142471813799,1.34407328756007,1.34599132302583,1.35329805833603,1.36389289432316,1.37503570056488,1.3739397600557,1.37266097669539,1.3705600983785,1.36663246644672,1.36471415183157,1.36882406831569,1.37320810950181,1.37804911824104,1.38544769370088,1.38837094612374,1.39019797888803,1.39193345065205,1.39695674394363,1.4004271291729,1.40581554986794,1.41366997628334,1.40307486114682,1.34772595734169,1.24835379882427,1.10230953702309,0.910506827894988,0.703999366295634,0.523522027110971,0.376198981949496,0.265775299041221,0.18585734073404,0.130051748525181,0.081827295477902,0.0372563496604139,-0.00137792605804576,-0.0335275614229005,-0.0612931556016361,-0.0869584297622627,-0.110888232158864,-0.138106135232406,-0.162401344181869,-0.18770121178964,-0.20651615989441,-0.223139226980813,-0.236656757092019,-0.250174287203226,-0.26213918840153,-0.284698925586955,-0.308993855387028,-0.333380346187354,-0.357858118838544,-0.381514075682542,-0.399233083278141,-0.415947432215407,-0.432661502003302,-0.448553476834598,-0.466728614535125,-0.485086595086781,-0.503262011936703,-0.515226913135001,-0.526461280376982,-0.535777612153199,-0.544272128122217,-0.552309955687522,-0.571125182941676,-0.591310196257623,-0.611129803020707,-0.631679664590719,-0.65049405439671,-0.664193869060261,-0.675975927407442,-0.687301297350892,-0.697531005934553,-0.710774690493163,-0.72283087354233,-0.735982997100675,-0.745299328876885,-0.755072069907437,-0.763292461174463,-0.772060822696091,-0.78046377766485,-0.79772609685673,-0.814349443092522,-0.829419881266027,-0.838370806489388,-0.846865043309017,-0.849422330880241,-0.851888057451205,-0.856271819487923,-0.871889948766628,-0.887964766449052,-0.904770397237194,-0.916187049031513,-0.926872887720108,-0.931165088756585,-0.934361349283866,-0.937831734513145,-0.951897234878941,-0.964958355735817,-0.979572384654981,-0.992450941810118,-1.00368530905211,-1.00925685174766,-1.01455426974123,-1.01839034067275,-1.02569707598294,-1.0351956923115,-1.03483028575864,-1.03656547837328,-1.03756985788221,-1.03683904477648,-1.0344646000564,-1.05145307369565,-1.06588425976371,-1.07921950532256,-1.09008874516107,-1.09958764063902,-1.09949607963877,-1.09958708234024,-1.10369671967498,-1.11273836845042,-1.12442886579734,-1.12945215908891,-1.13511498363533,-1.13785511405767,-1.13703329825049,-1.13484141723213,-1.14516240766666,-1.15566596180291,-1.1598674392873,-1.16370323106943,-1.16781314755355,-1.16516429898208,-1.16132822805055,-1.17146637563396,-1.18452749649083,-1.18936822608067,-1.19384354911765,-1.19914068796182,-1.19667440309208,-1.19128542409826,-1.20142357168166,-1.2130233454765,-1.18799788172011,-1.11675700308368,-1.01610634035534,-0.874720523591663,-0.682278283208709
-0.595991925423034,-0.493490543490989,-0.364125901385463,-0.228343241494726,-0.112822564141109,0.214027264936219,0.457812464860589,0.64952160395401,0.817484861840957,0.960510208847209,0.965827826883788,0.982789170602697,1.00020894416341,1.01148586992954,1.02716355404865,1.04403298762812,1.06356109011897,1.08354762245163,1.0981249068221,1.10765974314663,1.12352096733075,1.1447917196909,1.15533560605229,1.16074541444213,1.16652202274818,1.1718399209986,1.17734107910019,1.19063526429855,1.20814666778485,1.21933196362538,1.22373272197836,1.22483284151315,1.23161709878687,1.23867652605121,1.25068677143591,1.26663962554564,1.28295927957156,1.28561850891061,1.28561878912445,1.28176809053886,1.28369343983166,1.28763576834283,1.29900404382071,1.3112891789822,1.32669197332452,1.32944227216149,1.32852513226405,1.32641652312008,1.32971716193827,1.33320106060764,1.3428278070716,1.35474698295839,1.36629907871513,1.36712430847315,1.36492378918974,1.36189804014832,1.35841358105128,1.35823004098624,1.36290568911599,1.36941505661295,1.37684156400733,1.38307632194135,1.38362638170874,1.38399318162495,1.38353503199698,1.3852771214386,1.38876102010796,1.39572909766056,1.40306397512934,1.41113217221672,1.41379084112808,1.41388247105368,1.41269044137946,1.4157156299932,1.38940214937327,1.32467359303695,1.21731246248244,1.06245984972883,0.848838548796131,0.64035188626266,0.459645343586273,0.313045028412734,0.208160147559938,0.149666629371462,0.107033774939446,0.0711854579949889,0.0379041800363103,0.00196423316626416,-0.0330585738063416,-0.0656973214305211,-0.0975111195105252,-0.126391078688557,-0.151512249420436,-0.17397475124094,-0.195153593461643,-0.215507205924338,-0.236594418219446,-0.257314830598347,-0.278035242977249,-0.294355177217018,-0.310216681614985,-0.324794526413151,-0.33790517154648,-0.350282216847385,-0.371827298556624,-0.392180350591637,-0.412900202542856,-0.435087254158918,-0.451956967952233,-0.463692603774009,-0.475244979744589,-0.486430555798963,-0.49559915263496,-0.515402705330266,-0.534289398341963,-0.554551380879069,-0.57481336341617,-0.594341746120858,-0.608461161077216,-0.622397316182397,-0.635141721827202,-0.64605240810481,-0.659346873517005,-0.67227425879915,-0.686301483402237,-0.693269000527142,-0.700420057717075,-0.706654255223406,-0.712155133111163,-0.716189371761772,-0.733700775248078,-0.752678817971526,-0.771106800927596,-0.787701064516462,-0.803561728272903,-0.813371734588042,-0.821623471740443,-0.829691668827817,-0.841885734491382,-0.856463859503379,-0.869574784850553,-0.884702409202264,-0.896346134884607,-0.904689221748754,-0.91174836879926,-0.918165826156775,-0.921649724826155,-0.930909951587736,-0.942003617502683,-0.952914023566446,-0.961990710263004,-0.971433916661943,-0.977759744093863,-0.98316899205603,-0.987661660548434,-0.998022006844807,-1.00929921282478,-1.01865078929812,-1.02635218646928,-1.0336865035104,-1.03707849204034,-1.03973716095171,-1.04679686842989,-1.05624007482882,-1.06650851098576,-1.06779217058556,-1.06999240965514,-1.06898392004595,-1.06614171106955,-1.063299782307,-1.07934426634232,-1.09346368129868,-1.10657432643201,-1.11730147264458,-1.12665304911792,-1.12619461927612,-1.12628624920172,-1.13022857771289,-1.14031347380481,-1.15351574886373,-1.15855847712352,-1.1629592354765,-1.1643345250019,-1.16185939615556,-1.15571682857481,-1.16552683488995,-1.17781253047912,-1.18074664959494,-1.1843221781899,-1.1880812468499,-1.18423082847815,-1.178179890823,-1.19138216588193,-1.20458472115469,-1.20935227942387,-1.21320297800945,-1.17341233255382,-1.09236440240542,-0.979410764037565,-0.838218856184667
-0.668857929596727,-0.478984280648738,-0.256951707845854,-0.0270377733233769,0.206046868513539,0.4857848193449,0.683449570618085,0.81181393411593,0.915990994872839,0.984838424460414,0.976866526477136,0.983298477369699,1.00467749472027,1.02252365970164,1.03556863401415,1.05241834635628,1.07316305612238,1.08765744126192,1.09526691732112,1.10957995306397,1.12860364321196,1.14110512307301,1.15007347369554,1.15505601376108,1.15822672107552,1.16103500646587,1.1700938933521,1.18232321068345,1.19736081340515,1.20524189825544,1.20949931760351,1.21819550569633,1.22797895956142,1.2376718771628,1.25180356350895,1.26838139019068,1.27146156124142,1.27191479629851,1.26983135475632,1.27291152580706,1.27544792553703,1.28523137940211,1.29546751458566,1.3078779044444,1.30860247142325,1.30751548252031,1.30488826965735,1.30724359685992,1.30878382081995,1.31711814072731,1.32662998580131,1.33786340423203,1.33922255566467,1.34012847204023,1.33786395797065,1.34076305649401,1.34366187814805,1.3521772705828,1.36096454867794,1.37292225721821,1.37409978238485,1.37319386600929,1.37165364204928,1.37409922864623,1.37554808573464,1.38324754431891,1.39230587746652,1.40136448748344,1.40145502374713,1.40100234242867,1.39855703270101,1.39475284841003,1.39257887060415,1.39583983731297,1.37283005973868,1.31141047994429,1.20759556424216,1.05268912453943,0.846509811439411,0.641417487242335,0.466491181621668,0.324629439362151,0.222626356411122,0.163199958764543,0.12143837670264,0.0769590455140757,0.035922307300335,-0.00239668178674447,-0.0389946512557216,-0.0731467572584218,-0.101319870556337,-0.128043573027234,-0.152683557086629,-0.175964666582697,-0.199154962945768,-0.22071477595442,-0.241459485720527,-0.26256689428002,-0.283221344651736,-0.303060691780905,-0.322990575173765,-0.34246722350954,-0.360494184148985,-0.378974102976208,-0.397363485539734,-0.41548098244287,-0.433689292479008,-0.452531633230312,-0.470286708209367,-0.487316939340253,-0.504347447340451,-0.520924997152872,-0.536959329383136,-0.553446896670479,-0.569843927694131,-0.585969073057392,-0.601550723969185,-0.617585056199437,-0.632532122657452,-0.647570002248458,-0.662426532442782,-0.677282785767788,-0.690689905135082,-0.703915951974989,-0.717866288924439,-0.730729636970958,-0.743502725623086,-0.757815484496624,-0.772400129030545,-0.785264030815683,-0.798671703921589,-0.812622594609658,-0.815159548078238,-0.818692677316758,-0.82122907704672,-0.823493314246991,-0.824217881225853,-0.844418819671178,-0.861811749595451,-0.881378657325618,-0.894695240429215,-0.908102082927209,-0.91063848265717,-0.914080521893381,-0.915529932720399,-0.928484093899915,-0.940985573760959,-0.944971661187258,-0.94732754212845,-0.950045568124418,-0.946059757567438,-0.942526905198224,-0.957745857316623,-0.975500932295678,-0.993618429198813,-1.00811253746905,-1.02224394694589,-1.02595759497318,-1.02813129590976,-1.02885558601931,-1.03872957614808,-1.04842277061877,-1.05050676589958,-1.05222861612561,-1.05422207514271,-1.05014572832203,-1.04579749584096,-1.0583892350964,-1.07188661385808,-1.07614431007545,-1.08239518844063,-1.08792122295764,-1.08484105190691,-1.08067389195322,-1.09634524852078,-1.10975181414946,-1.11419030602491,-1.11871961103337,-1.12324919291113,-1.11736129020866,-1.11219823135434,-1.12705503841796,-1.14127781476642,-1.14626007796266,-1.15133287742259,-1.15549948363766,-1.14942967779987,-1.14227288305914,-1.15468354978718,-1.16700368025153,-1.17225810597747,-1.1775125317034,-1.18303856622041,-1.17850926121195,-1.17334592548833,-1.18494148897383,-1.1590334434841,-1.1041369045846,-1.02188235562974,-0.883825074530513
-0.720001167068545,-0.515231294956498,-0.289847864958032,-0.0469522217594752,0.175694498056007,0.448416017029046,0.644064172333755,0.795110112529206,0.912955356386325,0.988022672741142,0.983827424544766,0.981729939832864,0.982642362408893,0.987476836076358,1.00863790326291,1.03481548259604,1.06728635238256,1.0926426677655,1.10103372170337,1.10057737102907,1.10586735905316,1.11517111433961,1.12629915723302,1.1406197034386,1.15703801312865,1.17026409827908,1.17655766750503,1.17892918563957,1.18805006612924,1.19771817714648,1.20765976404123,1.22179743545004,1.23958368207275,1.24487422764194,1.24606040486804,1.244966501358,1.24861535534447,1.25281143985851,1.26202403651913,1.27515868427117,1.29039081673512,1.29376563729897,1.29239714282119,1.29139328284677,1.29312557551022,1.29622636265144,1.30525580574272,1.31857249197388,1.33188945697759,1.33617670011747,1.33626813751587,1.33617725766259,1.33827529991961,1.34329209083874,1.35186601957338,1.36262887041834,1.37247957745982,1.37421270644093,1.36965198742355,1.36600341220964,1.36372333147349,1.3640882447494,1.36673323876143,1.3748513743669,1.38169273166554,1.38515898962779,1.38607141220382,1.38862552636257,1.38707471463312,1.39145228008117,1.39765413313618,1.40431205809292,1.41060534854633,1.41927043590681,1.39145116499095,1.32213074487963,1.20747828310723,1.04630788122024,0.836248021084113,0.632755484824009,0.457173656878153,0.316981726153485,0.213548187127795,0.14833213535955,0.0998075903863211,0.0558434856579167,0.0169873304744903,-0.0177644563658454,-0.0482292788388567,-0.0758665112755983,-0.0987607074432751,-0.124299897622994,-0.148470872097498,-0.172915322449509,-0.196356191599644,-0.218702320922078,-0.237217836551482,-0.256007106830959,-0.271786469822481,-0.288387096764193,-0.307724155116353,-0.328064515897827,-0.347857646151721,-0.369657660036804,-0.383795610218159,-0.39738632987194,-0.409335079170433,-0.42137470832221,-0.430768785916837,-0.452932597987598,-0.47354587710147,-0.495801126570612,-0.516232367205371,-0.532468359643755,-0.540951408525119,-0.550346601209963,-0.556549290582637,-0.564485108936433,-0.583548412638519,-0.604436003947567,-0.622678322472013,-0.644204302934481,-0.660804651103644,-0.672297049727848,-0.680505786414029,-0.691177478633146,-0.699112739441821,-0.71534845310765,-0.728756855509752,-0.745996150377443,-0.757762582424269,-0.770988388802149,-0.778011784579903,-0.787224102467966,-0.794064902221499,-0.809570789335502,-0.823070071590895,-0.839487823735831,-0.854628797573945,-0.866212633596537,-0.871776376270689,-0.879438161201857,-0.884272634869316,-0.889106829764214,-0.900234315112517,-0.914189669269638,-0.926411894445643,-0.933252694199183,-0.939272787547623,-0.943286554809995,-0.943469150834223,-0.944655049287771,-0.957607101015583,-0.973204425527981,-0.987433255562621,-0.997740034505831,-1.00658716034544,-1.01060009129014,-1.01169399480017,-1.01370032088624,-1.02765539627082,-1.04279664888148,-1.05666112318533,-1.06569140259428,-1.07271479837204,-1.07408329284981,-1.07353606232224,-1.07317114904634,-1.08420775454135,-1.09752471954507,-1.10281498634171,-1.10837900778841,-1.11330436130915,-1.1124833761315,-1.1099295407453,-1.12187801127124,-1.13628915855755,-1.15215995894746,-1.15945710937528,-1.16748380758237,-1.16730176910325,-1.16566035629307,-1.16274188640352,-1.17587625538301,-1.18882830711082,-1.19129098387119,-1.19202081042299,-1.19302411285231,-1.18572724119704,-1.17669724056065,-1.19074375334361,-1.20624936168507,-1.21053604727984,-1.21436693974543,-1.22011327844381,-1.2123603348868,-1.17240999742077,-1.12634868675302,-1.0290263997016,-0.873967249788884
-0.636863346113142,-0.360756034045494,-0.0391302020165704,0.27786222271702,0.568234075882683,0.766479263677682,0.886407761232025,0.943918825498189,0.951913855034775,0.939921033047568,0.935923518279272,0.954639584748966,0.983531320063058,1.01533038933268,1.03740807804362,1.05676003704036,1.07438564501497,1.08101808737678,1.08819562014496,1.10309549840539,1.11790457454514,1.12798944126886,1.14298039933228,1.16078816691289,1.16678499442998,1.17051038051858,1.17868756966116,1.18722796728644,1.19585888935007,1.21048608356614,1.22756660113439,1.23528894662661,1.23765119017579,1.23737878381376,1.24219435071511,1.24673695588977,1.25573164180076,1.26817847439133,1.28171548779466,1.2845317419472,1.28444093982653,1.28335048133146,1.28425905790285,1.2854403185186,1.29125498642968,1.29934109576927,1.3082452572419,1.31206144545117,1.31342458799059,1.31506041457437,1.31696864752016,1.3203302697614,1.32514583666275,1.33177827902456,1.33868340543072,1.34313520848471,1.34313520848471,1.34431591373581,1.34749565405337,1.35040271032659,1.35449130489789,1.36266849404047,1.36975578005264,1.37139160663641,1.37230046089014,1.37302743322019,1.3760255692964,1.38056789678874,1.38856264864299,1.39719357070663,1.40609689913228,1.40664171185632,1.40509696507555,1.38492723162809,1.32950572686675,1.23165519570567,1.0915572423862,0.904214973447981,0.701245576236971,0.514993488111497,0.35872359379519,0.239976634538924,0.15938878055209,0.10978249906649,0.0717147512823963,0.0391889873650368,0.00902546699684524,-0.0170500141647032,-0.0506665142594619,-0.0834652399034972,-0.11481029856976,-0.143974995610534,-0.169686990607053,-0.190129408098871,-0.20848226608586,-0.225926547501449,-0.243098144872692,-0.263449482561495,-0.2834376117676,-0.304334317545113,-0.323504672300494,-0.342129936649504,-0.359846902109444,-0.376109922909286,-0.39219106178546,-0.410452839969447,-0.429259708559812,-0.447067198458099,-0.466691841499181,-0.478866545410062,-0.490768565276585,-0.501125838362338,-0.511573635886439,-0.519931873905718,-0.540646142394901,-0.560088625829985,-0.580712647563152,-0.600337568286553,-0.61696407525143,-0.628502886635255,-0.639496607612714,-0.649217988171418,-0.659120972971465,-0.675929084177679,-0.691010844361769,-0.706546615149241,-0.716903888234988,-0.728351619815817,-0.735347548342655,-0.742071070507473,-0.749158078837307,-0.766965846417924,-0.78250189488772,-0.79976401669731,-0.817843912957624,-0.83383424971312,-0.84428260260187,-0.855367125700001,-0.864271287172631,-0.872266594391542,-0.882260658994597,-0.892890338442372,-0.903520017890153,-0.912150662271458,-0.919963809884364,-0.926959460728878,-0.932320118036594,-0.938316667871359,-0.949310388848812,-0.962575551254755,-0.975022661527662,-0.985289132492738,-0.99419301628305,-1.00073465652419,-1.00482297341315,-1.00882076586376,-1.01845134430179,-1.02871781526687,-1.03407819489226,-1.03907536603495,-1.04543512435242,-1.04734335729821,-1.04934239236469,-1.05951806120909,-1.07278266825039,-1.08377611154552,-1.08868220288521,-1.09186194320277,-1.09240731129148,-1.08886436249121,-1.08677480298639,-1.09985780578633,-1.11530305213545,-1.12148092852924,-1.1286581836151,-1.13447285152619,-1.13220141009769,-1.12720451663733,-1.13629000466899,-1.14873711494189,-1.16209280178618,-1.17081508133515,-1.17980976724612,-1.18335327141104,-1.18289898312534,-1.1829895075637,-1.19052997113225,-1.20125045270071,-1.20397562705024,-1.20824554818056,-1.21069859385041,-1.21142556618045,-1.20797314181853,-1.21933034896102,-1.22932441356407,-1.20488475898629,-1.14128662044702,-1.05433900814273,-0.91778428130585,-0.723446361523118
-0.505909063948062,-0.271453083955615,0.00836697081265056,0.305459594047725,0.5706430468423,0.775189545532118,0.90228108486137,0.953008505396304,0.940008164271978,0.920098795760929,0.926462402864525,0.960189826149021,1.00064456267599,1.0455540742408,1.06200892905849,1.06037266820912,1.06273661918661,1.07455526267256,1.09001013399612,1.11473742798315,1.14146496680879,1.14891941447864,1.14601004321803,1.14173726017479,1.14337379887453,1.14655546350115,1.15700986165335,1.17010078199943,1.18546424055013,1.19382781464197,1.20128254016219,1.21346488978701,1.2268289370502,1.23837473146941,1.25310219051522,1.26592053964492,1.26810222077742,1.26682938821655,1.26364772358993,1.26137518538532,1.26273887501831,1.26992075147179,1.2786480317025,1.28919328692684,1.29564775110256,1.29719343273018,1.29583002094755,1.29764855164192,1.29892166205316,1.30274015973577,1.30955833005037,1.31983101405833,1.32392152725657,1.32864859566043,1.33092085601467,1.33464766307403,1.33782932770065,1.34473863293774,1.35128395418559,1.36028408348306,1.36428457316028,1.36783022177615,1.36946676047589,1.37092158503139,1.37401267043625,1.38010342847309,1.38664874972095,1.39328465019054,1.39782972659978,1.3978294487494,1.39773831382691,1.3994654317484,1.40255651715326,1.38973844587394,1.34282924517125,1.25137423904261,1.10591901282994,0.910736071726086,0.699916545154421,0.508824395099172,0.352277937678291,0.237822477633744,0.163549182899796,0.11482172935311,0.0759123966033877,0.0377304761314147,0.00254850614180399,-0.0293606642987009,-0.0547245134913414,-0.0779972607732529,-0.0978154943618026,-0.116088046322732,-0.134360876134034,-0.16181554938705,-0.190452198128815,-0.217816014309709,-0.244907259274219,-0.267543729200888,-0.283634877879692,-0.297907773714516,-0.312089812477207,-0.326817271523025,-0.34827204381131,-0.370544807599101,-0.393090420453635,-0.414727184736542,-0.435545679669584,-0.451636828348394,-0.467546262882961,-0.483455419567143,-0.501546257383829,-0.519546238128381,-0.538637337289553,-0.55727359538936,-0.56872825488606,-0.578182669544147,-0.586455108713497,-0.593909278532964,-0.600272885636566,-0.620272833369366,-0.639091083463795,-0.659909578396825,-0.679818946907874,-0.699091760213302,-0.709000738082382,-0.720455397579088,-0.728637257526682,-0.73845537832364,-0.748910054326219,-0.762455815733672,-0.773455912019372,-0.782910604527837,-0.790638179114803,-0.799910879628646,-0.806365343804376,-0.817365440090076,-0.835001714695763,-0.852547132229322,-0.868183717697126,-0.878092973416584,-0.883456597026065,-0.884547715442692,-0.885456841864691,-0.885820548003562,-0.900639141971868,-0.917003139717433,-0.933730565751493,-0.942548980904708,-0.952094530485294,-0.952912521984787,-0.954185076695286,-0.954366790839529,-0.971912208373088,-0.989003062695647,-1.00754846372333,-1.01873027415328,-1.03154862328299,-1.03309402706022,-1.03536684311521,-1.03582140632621,-1.04854889838379,-1.05927614560275,-1.06854884611659,-1.07500331029231,-1.08254889288466,-1.08336688438416,-1.08500314523352,-1.09418498867524,-1.10709391702669,-1.12000256752777,-1.12682045999199,-1.13272922603422,-1.13345636046159,-1.13218380575109,-1.1292752680416,-1.14018506295593,-1.15082228665389,-1.15145911970989,-1.15236852398225,-1.15409564190374,-1.14764062202727,-1.14318556913904,-1.16036728053372,-1.17709442871741,-1.18309460753251,-1.18827679484812,-1.19264071281384,-1.18509540807188,-1.17727753211353,-1.1913687138041,-1.20991439268215,-1.21600542856937,-1.22118706018422,-1.22655012809296,-1.22064052849961,-1.1807309344054,-1.12936668081447,-1.05436625165315,-0.937275102965855,-0.782365462095087
-0.564752475805293,-0.328586463520971,-0.053599700665968,0.23778015018237,0.541139406513891,0.753346883119223,0.881518208110537,0.954295656593486,0.96879724502173,0.944838709342735,0.957628836150211,0.997980735109929,1.02419167210483,1.04553883172874,1.06310271693506,1.07238017681622,1.07850477037239,1.0975095097082,1.12489069334133,1.13894163633397,1.1431750056124,1.14245485383503,1.14011325940907,1.14110429396508,1.15074182973494,1.16497281067191,1.18046460779403,1.18938144121176,1.19415492432322,1.20568395965817,1.21892445661388,1.23234526680131,1.25035952215587,1.26585186985275,1.26774336941785,1.26540149970452,1.26170824425911,1.259816744694,1.26134816837042,1.26927479309427,1.28062406577225,1.29152324358938,1.29503618580307,1.29548655595131,1.29467583462701,1.29476585359919,1.29656705890474,1.30242159554439,1.31025765072131,1.31845405707429,1.32106598370413,1.32142633488019,1.32196699928798,1.32547994150167,1.33115444019698,1.34016184316163,1.35016000539492,1.35943746527609,1.36105890792467,1.36006842394341,1.35826694335048,1.36132924012857,1.36520198294356,1.37339811400917,1.38177428301911,1.3897003571682,1.38798862026007,1.38537641834284,1.38123306803658,1.37772012582289,1.37862059083198,1.38348436820299,1.38870822146269,1.37816967010899,1.33115251318534,1.23495636756904,1.09426524797413,0.904125358057456,0.698043025583033,0.512046485972622,0.360457289710096,0.244535977693231,0.169596972728667,0.118976854619152,0.0779945475668694,0.0402548505243803,0.00458696627871263,-0.0282889533927702,-0.058822728063534,-0.0881859808087003,-0.113946547655382,-0.137905633909128,-0.16213477707939,-0.184923066120158,-0.20807143104961,-0.232300574219872,-0.254818531056754,-0.275805064217217,-0.296971635322021,-0.316426744806065,-0.334711057077136,-0.354436498765064,-0.374432547944272,-0.394158264919576,-0.413343592774489,-0.432528645342016,-0.450272568492679,-0.467115476059498,-0.482787586413333,-0.499720788239702,-0.516293914177387,-0.532326375707294,-0.54871918841326,-0.566012741415683,-0.581504813825182,-0.597357237410747,-0.613750325404088,-0.629332967360511,-0.643564498872239,-0.658516732736085,-0.672477932043927,-0.686439131351763,-0.700580368603929,-0.714901643800455,-0.729492975913486,-0.7446249724343,-0.759396617779055,-0.774348301068145,-0.79056107582977,-0.795965242321184,-0.800918763376996,-0.804611468247648,-0.806953062673611,-0.806142066061937,-0.823885989212593,-0.840099039261593,-0.854059963282047,-0.866580033173019,-0.879640767471768,-0.883784393065404,-0.888558426751624,-0.898736902216632,-0.9126080825523,-0.92873083834175,-0.93692724469473,-0.944943337815993,-0.949807115187006,-0.95196867166862,-0.951247969316501,-0.964938561133064,-0.978989504125692,-0.983672692977612,-0.988266138144727,-0.99303962125619,-0.990697751542864,-0.987095065644373,-1.00195728053605,-1.01744962823293,-1.02501590178072,-1.03033004929996,-1.03663468080046,-1.03276111212334,-1.02879779976141,-1.0426687048097,-1.05969220089561,-1.06626771517476,-1.07392400769471,-1.08031893345477,-1.07698575389805,-1.072301739184,-1.08635240688925,-1.10085372003012,-1.10715890210537,-1.11364467269973,-1.11850900064549,-1.11490659003438,-1.10887201545039,-1.12094143990574,-1.13247019995332,-1.13967557175029,-1.14553010838993,-1.15255571752994,-1.1498540472153,-1.14760274704889,-1.1577812225139,-1.1648068316539,-1.16858983078411,-1.1719221844787,-1.17561488934936,-1.17093114992269,-1.17507477551633,-1.18669410511083,-1.18804521555553,-1.18552330789785,-1.18588338378653,-1.15048500588263,-1.07671652284366,-1.00060644537873,-0.891710191927124,-0.724628097392974
-0.540009398377787,-0.30142971890017,-0.012186975158691,0.29606529420723,0.572664580922266,0.769131187655681,0.873276733987804,0.920210227233723,0.914389027389092,0.89710723610249,0.9107503604948,0.954045464840693,0.985607543367934,1.0126219137644,1.02999460917465,1.038362792447,1.04573019637644,1.06464881787724,1.08647803930036,1.1003035279285,1.10876261532451,1.11749497107998,1.12295283242428,1.13286721978144,1.14914823172512,1.16752115048977,1.17534279704319,1.18189122987701,1.19125963650376,1.20226542933322,1.2129076056681,1.22937098184761,1.24528865529095,1.24792654284233,1.24638061675178,1.24328820858217,1.24201499486257,1.24265187971663,1.25074735061805,1.2605705558573,1.27248594591177,1.27848923199796,1.28139983192028,1.28521975107334,1.29176873989569,1.29722604525147,1.30604874914206,1.31687245572998,1.32424013765366,1.32524063900233,1.32615023622733,1.32860603753715,1.33106211684122,1.33579191121355,1.34379619999706,1.35180048878055,1.35552978180422,1.35716689001269,1.35725751614206,1.35825773949646,1.36116806142452,1.36598848192623,1.3724460106364,1.38026821317834,1.38581642265777,1.38618003915237,1.38599795291081,1.38554315429831,1.38672546389425,1.38981815005813,1.39654922512203,1.4043719836525,1.41064853809815,1.39391300553623,1.3380656262818,1.23819507570951,1.09639326064031,0.908021568819778,0.70764358282113,0.530096153577033,0.384929495961534,0.266686026624596,0.187008145255486,0.131343130236879,0.0841369246200125,0.0432976215839394,0.0111901183148032,-0.0176431685374214,-0.0429295266017865,-0.0674883736826991,-0.0957765137872943,-0.124155558015535,-0.151806535271808,-0.178001934572656,-0.202469043547143,-0.222934147127005,-0.242126036987271,-0.259953809004289,-0.279691957589225,-0.299975808910318,-0.32025938223715,-0.339542176221061,-0.354186079956292,-0.366828702999955,-0.378288738453399,-0.390112946389963,-0.402664943304241,-0.424949519328376,-0.448234596701171,-0.471883846557081,-0.493986614333925,-0.512632801458035,-0.525639318990551,-0.537645613168672,-0.548560223880233,-0.560566240064088,-0.577938935474335,-0.595857611614998,-0.6135030193962,-0.627419134153718,-0.641335248911237,-0.65197686925759,-0.662163690991438,-0.672441694843192,-0.6908148916021,-0.707550980152546,-0.725287570051652,-0.742660265461906,-0.756940552702544,-0.766491323565112,-0.776224180669242,-0.784228747447005,-0.792597208713628,-0.805967898729263,-0.819793109363136,-0.832708444777734,-0.84016647483656,-0.847078802159237,-0.850808095182913,-0.854264675835648,-0.859176834443796,-0.87655008584257,-0.89255894140383,-0.909295029954282,-0.918572532457387,-0.92730405423007,-0.928940884444266,-0.931487033889204,-0.933760748957461,-0.950041760901142,-0.966231868721178,-0.982785871030074,-0.994610356960892,-1.00643456489746,-1.01061865653364,-1.01471184404617,-1.01780453021004,-1.03044770924223,-1.0419083006842,-1.0513676114346,-1.05882591948768,-1.06692111239483,-1.069286009581,-1.07256078198643,-1.0805653487642,-1.09148051546427,-1.10339590551875,-1.10757999715493,-1.11049059707724,-1.1106726833188,-1.10867168062149,-1.10457877110323,-1.11703986389385,-1.13132015113448,-1.13532215652911,-1.13859665094028,-1.1424168480876,-1.13768733170953,-1.13113862088145,-1.1452370998748,-1.16206437054315,-1.17188785377667,-1.17952824807132,-1.18716864236596,-1.18398505207843,-1.17870927697569,-1.18689537400649,-1.19908347643191,-1.2071783913448,-1.21309049531308,-1.21845689654521,-1.2177291075675,-1.21436370903268,-1.22109450610232,-1.23264600166794,-1.21463642140363,-1.15869786003129,-1.06883232294554,-0.934852988412548,-0.688815000881838
-0.461927889227439,-0.208447190336926,0.0655016237736898,0.345170703378843,0.489250914925259,0.676948287454542,0.770260459801749,0.819240028218121,0.839618269161836,0.899502400998012,0.927210176014494,0.974939153435929,1.00952927653594,1.0306232336017,1.04867812888968,1.05287900008237,1.05922483424846,1.07781597027979,1.09873072514095,1.11177997836006,1.12813627714159,1.14574398644033,1.15074880898692,1.15217860218645,1.15897134916769,1.16406577281658,1.16889221268082,1.1804223447722,1.19490193753904,1.20106938902281,1.20571744620473,1.20670059976322,1.21116972791463,1.21537059910732,1.22520213469225,1.2364640098249,1.25022870599197,1.25460823304108,1.25720010882962,1.26256278943723,1.27015976094645,1.27722049171231,1.28955484833166,1.30233639094025,1.30618022359419,1.30475043039464,1.30189057082147,1.30349956622562,1.30662795593161,1.31413559951261,1.32396740827163,1.3354972671889,1.33603350793225,1.33379894385655,1.33201156577007,1.33478237058913,1.33853660214077,1.348457738828,1.35945135700193,1.37017644504304,1.371784894099,1.36919247196227,1.36517025662599,1.36668965092784,1.36883516024943,1.37500288490729,1.38420939816884,1.39484597780402,1.39493557890632,1.3926116869024,1.39100269149826,1.39162798699573,1.39162771382163,1.38626476003994,1.34738443781902,1.26721084661915,1.13475036826641,0.954292655533504,0.744608046656368,0.553603901738758,0.391647997108979,0.270091809001947,0.186075477844508,0.134235503506771,0.0908863263085359,0.0518273482311922,0.013930179568772,-0.018693909588356,-0.0453294762922295,-0.068925981218324,-0.0909134907402677,-0.109415298843387,-0.128542402443965,-0.15553473451249,-0.18368887599592,-0.209519398649528,-0.235617905087774,-0.257605414609724,-0.275034741226138,-0.290140449012724,-0.306318365111929,-0.322138696324199,-0.344036604743839,-0.364772703748574,-0.386581011065917,-0.405171873923152,-0.424924819369389,-0.439314811033939,-0.454419699298247,-0.468273450219442,-0.48731122589182,-0.50447202237542,-0.523331142191378,-0.541564420161683,-0.556401324641365,-0.568556752230202,-0.580622851890828,-0.592420967766832,-0.603504187043056,-0.621737738187458,-0.63889880784515,-0.656506517143893,-0.667678791174239,-0.679744890834864,-0.687520791374592,-0.694939107027384,-0.701106285337064,-0.720233388937648,-0.737841098236392,-0.755538135463348,-0.774486583207512,-0.79388194376682,-0.804518250227907,-0.816227038175699,-0.827846498195279,-0.838125219769436,-0.848493269271801,-0.861185210778091,-0.871463932352236,-0.880938156224322,-0.890412380096401,-0.899350363225137,-0.905964454349948,-0.915170694437407,-0.925449689185655,-0.935728683933904,-0.941806807489462,-0.948152914829646,-0.953873180324184,-0.9583420353015,-0.96236397746368,-0.974698334083029,-0.988820615137038,-1.0014235018892,-1.00598195796882,-1.01054041404845,-1.01027215708972,-1.00785839080941,-1.00615952112887,-1.02072816864984,-1.03583305691415,-1.05147445909591,-1.06068069918337,-1.06944029962977,-1.06944029962977,-1.06908298791693,-1.06845741924537,-1.08150694563859,-1.09518176752927,-1.10358350991465,-1.11037625689588,-1.1169903480207,-1.11716927705121,-1.11654398155374,-1.12852102646025,-1.14317927508351,-1.15810550749141,-1.16677496048733,-1.17517642969862,-1.1759806542266,-1.17410367503783,-1.17124354229056,-1.18009219749109,-1.18965574929138,-1.19197964129529,-1.19582320077514,-1.19895186365522,-1.19600267615383,-1.1925172479091,-1.20467322184613,-1.21682892260905,-1.2237109975185,-1.23023548754101,-1.23622373682017,-1.23372091578575,-1.20726427811239,-1.15926731690633,-1.08481426437508,-0.970855320951365,-0.813725856185826
-0.613902532890088,-0.382032471105374,-0.105020062864791,0.193903390218239,0.492210687615323,0.723993072947116,0.873763011804697,0.945656089514448,0.95199192349504,0.935712611548145,0.938000267709067,0.96835864294866,1.00734077727595,1.04896288725283,1.06392221137492,1.06849833053527,1.07474621911678,1.08530585276903,1.10176105551409,1.12648796680432,1.14839874270058,1.15297432396859,1.15297432396858,1.15843043501215,1.16767034978576,1.17831819778328,1.19556598490481,1.21369349496337,1.21774113489069,1.21730113894908,1.21571731492702,1.21703730275183,1.21950111865709,1.22830103748911,1.23877272574227,1.24994824613431,1.25584381522712,1.2576917443926,1.26525935185274,1.27309079551011,1.2809222391675,1.29095366253289,1.3031850656063,1.30362479260172,1.302392750176,1.29984071992547,1.30212864503257,1.30556039822011,1.31515209459008,1.32553583744416,1.33697573192579,1.33829571975059,1.33662395032945,1.33372013848259,1.33653600493036,1.34014364891608,1.34885535340284,1.35932677270983,1.37067818390003,1.37076612929912,1.36751053585591,1.36443083321088,1.3646072619014,1.36610340947055,1.37261513424931,1.38141451518898,1.38924595884636,1.38845364341607,1.38484573048417,1.38123808649846,1.3783342746516,1.37842222005068,1.38326190646212,1.37138228498506,1.32228024400096,1.22830023065059,1.08301873450046,0.889075193307824,0.679556172307165,0.497139664156718,0.346402056963029,0.235614521378914,0.165217591238307,0.120427564271126,0.0745819235687538,0.0341036416723292,-0.00435082026043894,-0.0396376341490928,-0.0718444764465359,-0.0977157537095716,-0.121826778260019,-0.143561932304295,-0.165825027689257,-0.188880169558334,-0.21167120628398,-0.2335825200726,-0.249949777418578,-0.264469105599063,-0.277492286210398,-0.28989958008196,-0.30239481935261,-0.325625852019864,-0.350000981713749,-0.374200489555637,-0.397784110657745,-0.419695693392544,-0.435447332944921,-0.449966930071592,-0.464134207709557,-0.478741212342952,-0.496252028823214,-0.51429105559034,-0.531713926671508,-0.544473002139417,-0.556704405212814,-0.566208156183694,-0.574831915271368,-0.583279783560878,-0.601143457422179,-0.618478920996617,-0.637222048848771,-0.656492849095436,-0.674883657458891,-0.68702657724086,-0.699169497022817,-0.70955270198455,-0.718704402412915,-0.730320187692706,-0.743872116483256,-0.757952255560664,-0.766576552540697,-0.775200580574544,-0.782240515640165,-0.787784303136635,-0.791743997664871,-0.807847149867417,-0.82491823935225,-0.841637278294568,-0.852372533798809,-0.86433983172878,-0.869443623283647,-0.873403586758057,-0.877099714035208,-0.893291349529188,-0.908250942597448,-0.924178204001829,-0.935529615192028,-0.945913089099927,-0.94908100609022,-0.95260070467686,-0.954624524640523,-0.964919784203167,-0.978118855612678,-0.991669708618525,-0.997301172567904,-1.00284469111819,-1.00522056162437,-1.00425262434208,-1.00284496006437,-1.01692456124944,-1.03214825946113,-1.04578813365076,-1.0526521779182,-1.06057183592085,-1.06065978131994,-1.06021951643216,-1.06153896636461,-1.07913772824396,-1.09638470852697,-1.11125608724997,-1.12383980981206,-1.13404766186796,-1.13536791863894,-1.13545640193038,-1.14003225214456,-1.14883163308423,-1.1607989310142,-1.16493451634061,-1.16862983677923,-1.17003750105694,-1.16827751729055,-1.16273372979408,-1.17320541804724,-1.18482120332704,-1.18464558147505,-1.18543789690534,-1.1877260909586,-1.18156641672236,-1.17549468788521,-1.19186167628501,-1.20814071928573,-1.21333245623968,-1.21685242377249,-1.22063649644872,-1.21262943093935,-1.17487933903778,-1.12146555298292,-1.04446895266448,-0.936497552474309,-0.782239977747813
-0.616916791164472,-0.452482482891865,-0.253116098206831,-0.0433551624909915,0.163509110424439,0.449012414180574,0.644374925508989,0.780182945428744,0.899035957414282,0.974352054598381,0.971284831375973,0.984490634797394,1.00774986840563,1.01081709162803,1.02095593222463,1.04268168442046,1.0675595494533,1.08280999475793,1.10155341334597,1.11816677964101,1.12660131800563,1.13171344350882,1.14636809912564,1.15565517920263,1.16553856976263,1.17993725454765,1.19655088124028,1.19791354183309,1.20055449419931,1.20038393377731,1.2018325255751,1.2057520301123,1.2171691624823,1.2302900762891,1.24272952960071,1.24954543654072,1.25048260747012,1.25866169579814,1.26394386092814,1.27144096796577,1.28047181681339,1.29418852030802,1.29299537854683,1.29333597859565,1.29035416578303,1.29572200172043,1.29896004576241,1.30969571763721,1.3202610894876,1.3327005427992,1.33133762180879,1.32937812993778,1.32699262760818,1.32903752988897,1.33270132399197,1.34207329368358,1.35272329475099,1.3631175853842,1.36422479594042,1.36081645187403,1.35834553913463,1.35323341363144,1.35118851135063,1.35246680312403,1.35791978907363,1.36209474364742,1.36950748186562,1.37129693410981,1.37427900732001,1.3755570386958,1.38118006427222,1.38629166898024,1.39506706779125,1.40418306665107,1.38288306451626,1.31489403474297,1.20098258783864,1.03859266105164,0.82576502290858,0.621968494010724,0.44841766608311,0.310054104206938,0.209007600277617,0.150049419351963,0.104552491884326,0.0650194504395058,0.027616461287675,0.000352573130041459,-0.0264001545567803,-0.0501705486358154,-0.0726629113390524,-0.0908100194440834,-0.119862839050738,-0.145678135410569,-0.171663992192392,-0.195519796681222,-0.218012419782048,-0.232922265037862,-0.247916999908298,-0.261719113812718,-0.276884669502742,-0.298184671637552,-0.320592405123769,-0.343085549019774,-0.366089592989001,-0.387815345184823,-0.404002961418858,-0.420020017230894,-0.435355612547715,-0.449754297332741,-0.465345863481348,-0.482300871415554,-0.498318708420358,-0.509479869958572,-0.519959310603993,-0.528990419849195,-0.53793611868462,-0.546285507037035,-0.563751415044457,-0.58223964399348,-0.6014947438475,-0.61904606226471,-0.634041317930325,-0.644606168985528,-0.655171020040732,-0.664542989732347,-0.675959601307164,-0.693851259375599,-0.712254077914827,-0.72920856505386,-0.740028605748077,-0.749059454595695,-0.754597330159905,-0.758601724311709,-0.763117278934313,-0.780583186941729,-0.798304805383343,-0.815344702932158,-0.832640310915177,-0.8495099084396,-0.858455867672614,-0.866975816447022,-0.875751475655621,-0.885378895383846,-0.895176875534045,-0.90676430792845,-0.919714921710858,-0.931642954154064,-0.942889526102072,-0.955839879486885,-0.968449112027711,-0.980035763229337,-0.994604487641165,-1.00951381210181,-1.02101531329123,-1.03047243299504,-1.03873693173285,-1.04401961765804,-1.04845054306362,-1.05432979986942,-1.06233858817302,-1.07247742876963,-1.07477778108703,-1.07673701256045,-1.07869624403386,-1.07912225449246,-1.07758851268247,-1.0924980975407,-1.10757850321851,-1.12257375888412,-1.13339405997593,-1.14429951107995,-1.14660012379495,-1.14804845519515,-1.14881506570256,-1.15810162498438,-1.16730329465158,-1.16781445512239,-1.16892218647378,-1.16909274689578,-1.16508861314156,-1.16091391896535,-1.17411998278436,-1.18775179666438,-1.19346023265059,-1.19831664771959,-1.20325821280079,-1.1986572477684,-1.19294881178219,-1.20555804432301,-1.21961560826404,-1.22379004204266,-1.22890190714827,-1.23384347222948,-1.22907246757026,-1.22268283148645,-1.19746410600721,-1.14617437373393,-1.05773762314062,-0.8735367941456
-0.663904389359813,-0.37608131496134,-0.044251214933635,0.298081242964149,0.523409597677824,0.721483393284222,0.823905589750681,0.859753252400047,0.866002830482426,0.910704106295944,0.937958930687972,0.987694515155426,1.03092001191843,1.04741170353356,1.04775896126808,1.05305351425935,1.06468439344543,1.08247836788619,1.11008045001274,1.13664075893571,1.1434981043747,1.14245659645588,1.14931341132536,1.15834025542966,1.16762760915604,1.18290376605797,1.20095771955132,1.20295425256125,1.20069774049874,1.20312827935563,1.20720809348794,1.21224240214187,1.22422027377773,1.23923592105758,1.2450509627235,1.2493037425112,1.25043199854246,1.25633458417506,1.26128267528604,1.27065730769436,1.28011868821511,1.29053482854224,1.29140284023617,1.29036106703261,1.28905904949171,1.2892325457166,1.29079480759482,1.29661011454549,1.30468219884343,1.31266753502891,1.31744133406076,1.31952434989839,1.32412465270536,1.32863794211513,1.33332499303454,1.3397480673418,1.34729966296507,1.34946995748464,1.34886298598229,1.34773499523578,1.34678050071415,1.34730125467356,1.35207478842067,1.35832383593355,1.36544089514036,1.37116918869383,1.37412021622539,1.37403346811294,1.37472798358199,1.37481473169443,1.37733201866377,1.38089081355192,1.38705364352186,1.38080406543948,1.33844658037041,1.25147456760026,1.11867302298532,0.9401284293533,0.735284301705117,0.54970939697873,0.395729109829264,0.279071999094928,0.193836274997384,0.13871912414147,0.0919348324903253,0.0514001189215534,0.0119939266687841,-0.019340181286058,-0.0493720064152593,-0.0757585538286176,-0.104575374814116,-0.130093910533538,-0.155959703987486,-0.179915977828692,-0.199532458485007,-0.214462153506656,-0.230172846825043,-0.24397402053069,-0.256820434429966,-0.278953936770872,-0.302475939480368,-0.324782938046161,-0.347784186796251,-0.370351429699377,-0.385541103773613,-0.401425293316886,-0.41730948286016,-0.434061684097363,-0.451595148916051,-0.471819396928968,-0.490567865891353,-0.505584043740702,-0.517996186508274,-0.530755321725612,-0.541430910535825,-0.551759506896266,-0.569292441145462,-0.588040644823094,-0.60548709624459,-0.623454832194994,-0.63716952307294,-0.647151657553106,-0.655658278267495,-0.664511891431658,-0.673191477801437,-0.690029896581583,-0.706434574799516,-0.724662024517749,-0.735424892009907,-0.747229532705626,-0.7547811283289,-0.761638208483119,-0.767193271096466,-0.786202249680928,-0.803041199030578,-0.819706652155336,-0.831945298698014,-0.843142172037131,-0.846960945977866,-0.850519475581269,-0.853817495562605,-0.867010636626902,-0.881245550894768,-0.895914736294344,-0.905809857377323,-0.915097476388445,-0.918830032786226,-0.921868338999721,-0.924298877856613,-0.938360561184338,-0.952769502246588,-0.967004681799194,-0.972820254034607,-0.978983084004552,-0.978115072310616,-0.977680801178911,-0.976899537597421,-0.99330421581536,-1.01005588648307,-1.02802282657923,-1.03982720199019,-1.05171832551361,-1.05432209531064,-1.05597137058605,-1.05649238983021,-1.06777654185127,-1.0799284402815,-1.08478951799529,-1.09025783249618,-1.09563913359989,-1.09694088585603,-1.09780889754996,-1.11438707199278,-1.13113927322999,-1.14719722428289,-1.15856785913164,-1.16950448813343,-1.17184827887788,-1.17306328302159,-1.17662154734024,-1.18686339558824,-1.19675798610172,-1.20274678927727,-1.20786784604364,-1.21125314470692,-1.21029865018529,-1.20951765188856,-1.21732949184916,-1.22739810915702,-1.23165141951421,-1.23651223194325,-1.24041854985068,-1.23911706287928,-1.2364265449698,-1.24588766020581,-1.23217349989735,-1.1836529195736,-1.10527347977604,-0.996254447492667,-0.832378773975482
-0.691315062188771,-0.511856299810289,-0.307945705702667,-0.0860634351545869,0.137028302414242,0.43157498186302,0.639286946661417,0.794293085083445,0.913183165071818,0.978158215738841,0.965197905161446,0.973492789132812,0.990341615404652,1.00062340545989,1.01885387615369,1.04598396432923,1.06853471459934,1.08330922570786,1.09696088664777,1.11311836255709,1.12201798003883,1.13013989438168,1.14370546662099,1.15666604127415,1.1675530929913,1.18422894963463,1.20254630125634,1.2094582204269,1.21170444891565,1.211444862435,1.21343203259463,1.21671555070294,1.22526949300342,1.23814371488021,1.251017936757,1.25611565539643,1.25870755906645,1.26432392251566,1.26890326042108,1.2747786821994,1.28411059171454,1.29301047327205,1.29499790750746,1.29387479326308,1.29128288959306,1.2932700597527,1.2979357504345,1.30631672310646,1.31763553870548,1.32930002948575,1.33223787241279,1.33223787241279,1.33051002465804,1.33292948685108,1.33733585512799,1.34511183021381,1.35444321157741,1.36688487734503,1.36947651693928,1.36852610824765,1.36843975547128,1.36973583934417,1.37034083693031,1.37543881964551,1.38243735566821,1.38857209985142,1.39004088927705,1.38909021650965,1.38788048541313,1.38546102322009,1.38580617024982,1.38952118816421,1.39487796513276,1.40066650598317,1.3801890145733,1.31478220002443,1.20280430328238,1.04261382936878,0.836889298805794,0.634793433380832,0.461124004080071,0.324002925246358,0.224553311124068,0.158109471031409,0.106613111675795,0.0636706946206542,0.0215923334807726,-0.0126234357211426,-0.0410501359211163,-0.0661069652364128,-0.0915955584335627,-0.112763872054407,-0.139289226719572,-0.164518761587602,-0.189488974050756,-0.212385927653664,-0.235196792555969,-0.25532887286035,-0.273732577258429,-0.292395604061401,-0.311317689193487,-0.331621946899073,-0.350112004073521,-0.369466381239012,-0.381130872019283,-0.393572801862675,-0.403249858407528,-0.414395704378029,-0.423726821665859,-0.44627757193597,-0.467187091303473,-0.490256750459119,-0.511857620189131,-0.533113078813657,-0.546073653466819,-0.55868828886295,-0.570266162791083,-0.582016742271956,-0.597568956519365,-0.614244813162693,-0.632216753678918,-0.642066779852284,-0.653299242674927,-0.660298042773396,-0.667642253977349,-0.67299929502167,-0.693044758473903,-0.7098069678936,-0.728902022654205,-0.747651402233546,-0.765709431450374,-0.775732163176484,-0.787482742657356,-0.797505210307705,-0.805799566127537,-0.817290823203528,-0.829559519342629,-0.841396451599877,-0.849604454643328,-0.859454216740932,-0.866107341658138,-0.872760730651123,-0.87898209168647,-0.892288605596655,-0.90412633008121,-0.917346227139259,-0.925208819077213,-0.932639383057553,-0.935836284313713,-0.940242916666393,-0.94344008199832,-0.955796187216877,-0.969621081861076,-0.984396121121136,-0.99398682488962,-1.00383658698722,-1.00858836636963,-1.01100730041113,-1.01299447057077,-1.02284423266838,-1.03303966994724,-1.03615021842703,-1.0398655004172,-1.04332146000247,-1.04280307926847,-1.04176631780046,-1.05576365392163,-1.0710570739157,-1.08609117150487,-1.0968913422941,-1.10751854345483,-1.11123356136923,-1.11443019854962,-1.11900953645505,-1.13317984220474,-1.14735014795442,-1.15106569402035,-1.15296677547939,-1.15279406992664,-1.14631365056218,-1.14061119841237,-1.15313948103213,-1.16817357862131,-1.174135353176,-1.18061577254047,-1.18605916636116,-1.18225779567039,-1.17620966833933,-1.18899727336397,-1.20368569577189,-1.2080920640488,-1.21206640436808,-1.21621371431588,-1.21120234845282,-1.2029940813336,-1.21517695284787,-1.18968809557495,-1.1345630710813,-1.04876511789893,-0.913717562001228
-0.742717633732297,-0.534389072127242,-0.298747426697503,-0.0542334222687552,0.177754851951793,0.446711776067948,0.635294533581867,0.774035173432541,0.889637972861256,0.966445702644167,0.96844652288288,0.983321076743625,0.993237445984126,0.995412135002546,1.01185203958951,1.03890405439023,1.06465152163429,1.08979018229495,1.1109274683326,1.11588565295284,1.11866914855467,1.12902018974445,1.14119791653883,1.15146202333875,1.16729312134232,1.18399409495325,1.19156164054121,1.19477980809231,1.19582355247939,1.2020865505107,1.20808874537243,1.21904912485442,1.23261939701291,1.24932090233266,1.25253960159256,1.25410548402759,1.25245293305711,1.25775885523678,1.26289090863675,1.27532997030949,1.28916077978315,1.30490520925127,1.30690602948998,1.30560148193333,1.30307878950107,1.30473134047155,1.30629669119778,1.31508184995253,1.32534542504364,1.3373490172039,1.33891436793012,1.34021918134118,1.33952344036793,1.337784220862,1.3365666076952,1.34161199255971,1.34665711156981,1.35257184033289,1.36022605445629,1.36361809078711,1.36474850370965,1.36518317565892,1.37031522905889,1.37605635489665,1.38466817658049,1.39423680826156,1.4034574365288,1.40337050213895,1.40032620336755,1.39580295655099,1.39014903095748,1.38840927974275,1.39049703437132,1.39484614655377,1.3709253649143,1.30855725118844,1.1944333998049,1.03359866391936,0.821007924521713,0.616245533881601,0.440797047304885,0.304143630373968,0.205328738946049,0.148962554227534,0.105992241178986,0.0631088625203037,0.0229223109279826,-0.0135242009196894,-0.0460562725341962,-0.073717093918306,-0.0954631865393526,-0.115817797213882,-0.13530226642665,-0.156265683684579,-0.181404610199647,-0.208021953051078,-0.233856354684997,-0.259429953149355,-0.279262425775944,-0.2963111369463,-0.310924355928671,-0.323798089550703,-0.336149950979196,-0.35606962385004,-0.375032752578071,-0.395300694717149,-0.417047053192597,-0.433400289244114,-0.446708960669827,-0.460104300630992,-0.472194827181109,-0.483154674954288,-0.503073816116329,-0.52142734069775,-0.54004220015754,-0.559178931810877,-0.573618547867936,-0.584318124180346,-0.594408628054955,-0.604324731441049,-0.612675218246523,-0.630159133074979,-0.647207844245335,-0.665561368826757,-0.682436477071808,-0.696615024104893,-0.705835386517728,-0.71453387673703,-0.721840619155419,-0.730626043764574,-0.746022203964457,-0.761592232944054,-0.776988393143937,-0.79134080895673,-0.803083597947416,-0.811782088166711,-0.819697903022907,-0.827004911295692,-0.837008480780448,-0.850230483670709,-0.862234607539776,-0.874934472382102,-0.881632142362684,-0.885633251131301,-0.887981808929446,-0.890417301117432,-0.892852793305429,-0.908510288383688,-0.926168337846253,-0.943913055844281,-0.954699034837741,-0.964267134810007,-0.966354357729771,-0.967137033092876,-0.966528226509483,-0.980706773542569,-0.995842396427276,-1.01063001589817,-1.01854556489995,-1.02602617609805,-1.0253304351248,-1.0235037495202,-1.02263387391283,-1.03472493217176,-1.04942535139839,-1.06508231476784,-1.07212772230784,-1.07743364448752,-1.0766504374156,-1.07386667595937,-1.06986530133635,-1.08430491739341,-1.10065815344492,-1.1172724585204,-1.12692802459133,-1.13675772529638,-1.13727986334432,-1.13710599456461,-1.13641025359135,-1.1506760008687,-1.16572442350916,-1.17546692396995,-1.18286086663259,-1.18947186807772,-1.18773211686298,-1.18538329321044,-1.19286363855413,-1.20399735510703,-1.21687082287465,-1.22235061383404,-1.22609091943309,-1.22452503699806,-1.22017565896121,-1.21339078873636,-1.22200234456581,-1.2331363269731,-1.2113032999622,-1.16546255692197,-1.08082647838154,-0.926863547110702
-0.683649827428099,-0.399925141290133,-0.0767699550348021,0.261117372103486,0.559574463986162,0.759845711811471,0.864184029720384,0.913146374900794,0.912365827290462,0.904305819034555,0.920684075763554,0.967653601052484,1.00084422293711,1.02606224094705,1.04226780780771,1.04850768604045,1.05509426831865,1.07199350813197,1.09556567515764,1.10995164171868,1.11983098541245,1.1287568267658,1.13802937216459,1.14808167058843,1.16480689622463,1.18430548936263,1.19193165405363,1.19383812901094,1.20120419945243,1.20995682121393,1.21862256831775,1.23465465072482,1.25328661618008,1.25701322116055,1.25675339177278,1.25519362086092,1.25744679986367,1.26073982614101,1.27139865799806,1.28301072733377,1.29366982405258,1.29531620476037,1.29340946494129,1.29054975250533,1.2918499588912,1.29384330850619,1.29999631208125,1.30822927506723,1.31784878937323,1.32001535858007,1.32261497676651,1.32408813788246,1.32807430738892,1.33249352587499,1.34055247468384,1.34800515492124,1.35675777668275,1.35909756548142,1.35831781245637,1.35623811790722,1.35823120266045,1.36074421105097,1.3673305284674,1.37573671104522,1.38587614898851,1.38760966921573,1.38700313578252,1.38457647232617,1.38578927433082,1.3864821526982,1.39176826372877,1.39852780073704,1.40589387117851,1.38778209422229,1.33119331948913,1.2302343727917,1.08273894978494,0.889834037262884,0.685576619931112,0.504630745651971,0.356788883461539,0.245344324498899,0.168390328944993,0.116047817967811,0.0710713774321103,0.0306012949019253,-0.0069224653963757,-0.0393335991177158,-0.0690582399949266,-0.0966165765270605,-0.123394630310622,-0.14748619125006,-0.170624249849083,-0.192548976719925,-0.207540682128889,-0.221146101079594,-0.235531273055347,-0.248356409257474,-0.26092171607184,-0.285446061129116,-0.309883796390485,-0.333281949239028,-0.356247053107974,-0.376265834745025,-0.389872048281009,-0.403564871612917,-0.416564286853931,-0.431643396644104,-0.452008617464839,-0.471680430194686,-0.49083231928724,-0.511110665450291,-0.529656021109634,-0.544388426854357,-0.559640756236371,-0.574459771777023,-0.587458922156272,-0.600024493832398,-0.613543038125419,-0.626974707760757,-0.634600077866486,-0.643438779700384,-0.652104261942445,-0.660683399250348,-0.667962859895906,-0.686334731101647,-0.703666755032814,-0.7210853887599,-0.736684157325594,-0.748383366180748,-0.754969948458942,-0.761383046283533,-0.767449704924434,-0.775249354069044,-0.792061454362925,-0.80852658574959,-0.825771735023074,-0.838163822245604,-0.850382689876274,-0.857402056272316,-0.8636416696433,-0.868581606351938,-0.88366071614211,-0.897266664816341,-0.911392537127858,-0.925431799643451,-0.938950873659992,-0.946230599167314,-0.953423714878713,-0.960270126544667,-0.967289757802458,-0.976389083609413,-0.986354772237328,-0.99727343348215,-1.00463897420011,-1.01035786934852,-1.01408394460546,-1.01720348642919,-1.01937005563603,-1.02760301862201,-1.03808916061074,-1.04744831580546,-1.05594084331744,-1.06400005698805,-1.06893946397316,-1.07301250813731,-1.08020562384871,-1.08930521451743,-1.10065771932713,-1.10230410003492,-1.10395021588094,-1.1038630763615,-1.10256286997564,-1.09874965519925,-1.11460851801448,-1.13055425548738,-1.14788654428031,-1.16105917911316,-1.17553175547013,-1.17977828408788,-1.18307131036521,-1.18393767318618,-1.19364300270281,-1.2023950947408,-1.20213473562951,-1.20230795522136,-1.20248143967496,-1.19762890734752,-1.19251654563232,-1.20525586662382,-1.21660837143352,-1.21816814234539,-1.21851484639083,-1.21912137982404,-1.21054224251614,-1.17735188549328,-1.12916929333792,-1.0527352214213,-0.934010936951342,-0.768663566376135
-0.623186529637746,-0.449678029537335,-0.251556176026515,-0.0595878595318468,0.136020767720555,0.420723371787557,0.633058674687089,0.792873694111393,0.923308494637693,0.996282381822425,0.976782098233491,0.970021975200088,0.976348481940809,0.986835003267141,1.00910862991315,1.04065560585098,1.06743598118593,1.07800938470163,1.08338257132178,1.09135560150498,1.10392199768175,1.1183950340997,1.13668161588466,1.14985512784815,1.15618189947359,1.16016867944992,1.16770862310988,1.17715547189571,1.18833546142868,1.20202894210478,1.2142491339477,1.22074940506715,1.22386948222756,1.2318430421802,1.2400764540468,1.25056324025785,1.26330340081338,1.27734335070808,1.28150310040898,1.28210968642623,1.28384282717336,1.28670278753509,1.2899963641895,1.29797018902688,1.30906382613991,1.31322437049499,1.31383148628169,1.31287843104584,1.31729856243013,1.32267227881972,1.3323789795195,1.34468552378234,1.35837873957372,1.3600252630162,1.35768474159764,1.35621118787972,1.35725112530495,1.35785771132221,1.36600424099943,1.37545108978527,1.3817778614107,1.38125789269809,1.37969798656026,1.37727137760649,1.37857143183039,1.38186474360008,1.38853798444411,1.39607792810407,1.4018847310169,1.40041144218371,1.39859141924721,1.39625142759809,1.39711813041401,1.39919800526446,1.3790042534689,1.31859676246095,1.2147691026603,1.05694760566653,0.849985754271859,0.644063840302415,0.468562347540924,0.325734385447147,0.224246717295608,0.163232905155123,0.120592821873699,0.0767395665577528,0.0380862632526557,0.00229318519400753,-0.0309866666062221,-0.0637468145785753,-0.0908739240168301,-0.116874478725225,-0.142355064721004,-0.166795713291556,-0.190022660058147,-0.212122787210138,-0.234222649477413,-0.254936105100864,-0.274609623299088,-0.294283406382039,-0.313957189464985,-0.333111268720049,-0.352178465785745,-0.371765366679324,-0.389618861941042,-0.408338795133974,-0.426971846137521,-0.444478342411214,-0.461551752161658,-0.479665099337329,-0.496045570650583,-0.511732573757208,-0.528632748898362,-0.544579603918922,-0.559659756123576,-0.5752596121561,-0.591032967682654,-0.606113119887296,-0.621279889396589,-0.6366201583999,-0.651440458690601,-0.665914289762703,-0.679954769426846,-0.694775069717547,-0.709075136410909,-0.723028469000963,-0.73689491940165,-0.750154518900336,-0.76246106316318,-0.77476787231074,-0.787334798256975,-0.798341553180645,-0.808655104782403,-0.817755219464928,-0.826335100550108,-0.834308395618033,-0.844275213116477,-0.855975436246782,-0.868715596802307,-0.874435782410489,-0.878769031605407,-0.88128225786382,-0.882668664507639,-0.883361602944823,-0.898267990770719,-0.915341135636441,-0.923574282618307,-0.931200843582918,-0.9387410521276,-0.938654699707683,-0.936575089741952,-0.952955561055211,-0.969596149167134,-0.979563231550312,-0.987970142910918,-0.99715713978281,-0.995684115834346,-0.993690858288544,-1.00539081653413,-1.01995073514144,-1.02896370274986,-1.03849663907089,-1.04846319168462,-1.05054333141979,-1.0503700968105,-1.06094376521093,-1.07351069115716,-1.07723735433481,-1.0808771353231,-1.08547050131668,-1.08347724377088,-1.078710643168,-1.09127756911424,-1.10566451799696,-1.10878433027264,-1.11268396317486,-1.1184036190136,-1.11476304337115,-1.10921609237227,-1.12611626751341,-1.1444031141831,-1.15254990874504,-1.16121693690432,-1.1707504029948,-1.16771720802378,-1.16243090359301,-1.1755183280213,-1.18817240104163,-1.19458631974116,-1.20169344176261,-1.20940688491659,-1.2069800110781,-1.20446625505025,-1.21365272215268,-1.21105234882018,-1.20801888896443,-1.16893170448192,-1.10531778389365,-0.998196812323309,-0.810561745023554
-0.606469266407056,-0.337354358578333,-0.0263811828256031,0.293353126389234,0.487512090887747,0.695299605426036,0.792290643286495,0.829193320716167,0.839458820204335,0.90167119832707,0.926538406603974,0.980343969764096,1.02308776346469,1.03963687163992,1.03937207941779,1.04353221135717,1.05432918859457,1.07353298079457,1.09901984073738,1.12273646054343,1.12893081342528,1.13034646459041,1.13724891352696,1.14751414254299,1.15848746761371,1.17494731998373,1.19193810915869,1.19468123757227,1.19565466679338,1.20131835334242,1.2096372648605,1.21760212835123,1.23282348880588,1.24769080123317,1.25246950294991,1.25184958081187,1.25105276989623,1.25264530983896,1.25636159700151,1.26432591954797,1.27609578506219,1.2865384438001,1.2904327016288,1.28972541699051,1.29326589726401,1.29565605953878,1.30034685781099,1.30840016569053,1.3203471904545,1.32291343009047,1.32512535122696,1.32432826983918,1.32866420866762,1.33158422585881,1.34193816973578,1.35131895486377,1.36362029812722,1.36397461662671,1.3637092834603,1.35963840732613,1.3614965509074,1.3608768992415,1.36769063331712,1.37450463786487,1.38415048568714,1.38291145282748,1.38264584918893,1.38061054635791,1.38184930874544,1.38158370510689,1.38848642451559,1.39468104786957,1.40264564088817,1.39326539670445,1.34866400036685,1.25954911113619,1.12556695145726,0.941407882808364,0.734151305075028,0.544151390627349,0.385567355837914,0.261673536397402,0.178044903993901,0.122203767530618,0.0770703524995264,0.0416715001516371,0.0118481604361174,-0.0157627171986356,-0.0388599558109377,-0.0603641135362383,-0.089832864280128,-0.119832822301112,-0.148416588212707,-0.176646847041225,-0.202841532566583,-0.223991912736666,-0.243814815658294,-0.262929892997358,-0.281602207448144,-0.301425110369773,-0.320539917236695,-0.340539708935929,-0.355318306502277,-0.369211919236324,-0.38275175441516,-0.39638030445493,-0.407884836802746,-0.428769883806423,-0.450716804420006,-0.471512866090606,-0.491423942928899,-0.511335019767192,-0.526998331693706,-0.5410691036775,-0.555582638549571,-0.570627110226608,-0.587176218401834,-0.601690023746046,-0.616911384200689,-0.628061868521157,-0.638946749203084,-0.648061660220392,-0.658680937263765,-0.66797300753082,-0.684787448872464,-0.700451572215396,-0.716204139947121,-0.724788384631616,-0.733461073704918,-0.737531679366945,-0.741956333056331,-0.746469431134517,-0.763549205642567,-0.783372379036337,-0.803372711679842,-0.816735928553201,-0.830364478592977,-0.837178483140724,-0.84071815199781,-0.843992217216342,-0.86027491033662,-0.876026937124069,-0.894257029630831,-0.905849735895312,-0.917088394132451,-0.921866825377043,-0.926114049344546,-0.926202223261211,-0.940803932049953,-0.955582800088442,-0.970361938599054,-0.980273931004146,-0.992044066990509,-0.995938054347077,-0.99921239003775,-1.00089364484142,-1.01222101793949,-1.02310589862141,-1.02531809023004,-1.0284155371431,-1.03310606494317,-1.03266384299916,-1.03115974744522,-1.04806290364781,-1.06381547137954,-1.07956776863913,-1.09178012656951,-1.10593934294209,-1.10832842332833,-1.11213342535182,-1.11478810937659,-1.12487644961501,-1.13301793141122,-1.13717725193419,-1.14071692079126,-1.14390281209314,-1.14319471603844,-1.14416814525954,-1.15761953604958,-1.16965527567449,-1.17399148497507,-1.17788547233163,-1.1800979344124,-1.17620394705582,-1.17381432572532,-1.18832759012526,-1.20337179133015,-1.2093008110456,-1.21531854562199,-1.21885821447907,-1.21337141670764,-1.20735368213125,-1.22089351731009,-1.23319431962926,-1.23894672103924,-1.2242565678617,-1.1766458985277,-1.09372563265104,-0.961779046275254,-0.78054026528967
-0.537250646954972,-0.277441730774996,0.0216652441702834,0.317063439347199,0.572722009373464,0.767357778362728,0.874919679110062,0.92172436642625,0.927376470139905,0.929054476385444,0.93779754479652,0.970296129002128,1.00341252827868,1.0303469981604,1.04553650394777,1.05754705564796,1.07026395162105,1.07900702003212,1.09119436023011,1.10815013155887,1.12210292757994,1.13331806599308,1.14833078328265,1.1658161103865,1.17358724691883,1.17950412852002,1.18930657838738,1.19751901139896,1.20511308952739,1.21809422357581,1.23301814175732,1.23434257100725,1.23434257100725,1.23222353818858,1.23390208424633,1.23593393739356,1.24697309702722,1.25880713013571,1.27099393052151,1.27576236165226,1.27849947944798,1.27955913081037,1.28388626546189,1.28830219922145,1.29625066406379,1.30472922449342,1.31303072651915,1.31453221417299,1.31532681774173,1.31594463281267,1.31982966126662,1.32309687464964,1.32980808991348,1.33749096714996,1.34340784875115,1.34305508147386,1.34270204429047,1.34102457785714,1.3411131070591,1.34367424607532,1.34950259847458,1.35630234294035,1.36460330515389,1.36795904773885,1.36910695839709,1.36893016989929,1.3725509602779,1.37528861788583,1.38164706587238,1.38959526080861,1.39895641419673,1.39983954696742,1.40063415053616,1.38217689155358,1.32724722080336,1.22957548940702,1.09075144431426,0.903975071153174,0.702804065679565,0.52097318205314,0.370315643664089,0.254451970984914,0.178681230545879,0.127107842192845,0.0843655116406182,0.0463038927355117,0.0122166412046291,-0.0205459111702288,-0.0505710758432577,-0.0783886784956566,-0.105941503260513,-0.131904850981778,-0.155837155274116,-0.179239633885261,-0.2019352284113,-0.22304134589376,-0.243970944784529,-0.264635495881647,-0.284593432799761,-0.30402181394279,-0.323096618090216,-0.341553337260602,-0.359833537839285,-0.377760431328473,-0.396305409794705,-0.41493891746289,-0.433130858745728,-0.451587847822216,-0.470486673190154,-0.487884280810358,-0.505105369838859,-0.522856014642451,-0.539458478881704,-0.555001021852468,-0.571338438298076,-0.58670419277103,-0.601981957854246,-0.617347982233307,-0.63280226590822,-0.647373146906336,-0.662739171285403,-0.676957015100119,-0.691616425300188,-0.706275835500258,-0.720670737718886,-0.734005718669021,-0.747605747412806,-0.760234384090044,-0.771979887996594,-0.781252242276653,-0.78981798237772,-0.797853626891486,-0.805182927132367,-0.812865804368847,-0.825759218933634,-0.839535766269116,-0.848896919657237,-0.85772797745805,-0.866205458263272,-0.87079737080233,-0.875124505453847,-0.888017920018628,-0.902501081533108,-0.917514068728775,-0.923254431738275,-0.929171313339473,-0.929259572635318,-0.928729746954119,-0.925904099956451,-0.942859871285199,-0.958755991251561,-0.977036461736353,-0.989046743530445,-1.00246998377643,-1.00529590068021,-1.00759199190278,-1.00829833617568,-1.01986678167832,-1.03222983074971,-1.03452565206618,-1.03611485920367,-1.03770433624725,-1.03311215380209,-1.026488927928,-1.04070704164882,-1.05757455368173,-1.07232249308375,-1.08512764835268,-1.09872740719037,-1.10093496921099,-1.10181783207558,-1.10667479240828,-1.11789020072753,-1.12998901172358,-1.13634772961623,-1.14102844126334,-1.14420766525661,-1.14314801389423,-1.1402338376946,-1.15109593892435,-1.16513726414738,-1.16893484302379,-1.17317371837945,-1.17741232382902,-1.17405631133794,-1.16778612264725,-1.18085578589763,-1.19480858191869,-1.19931223516191,-1.20337432201977,-1.20814302305662,-1.20284422643246,-1.19463125360869,-1.20734814958178,-1.22050661194022,-1.19604475187279,-1.13246135163175,-1.03982390887813,-0.904885432051531,-0.721464801475418
-0.597306947219529,-0.414764231074774,-0.207990173646378,0.0100019297155915,0.224224969329381,0.504590538170297,0.690184766883174,0.822380405733192,0.930972834875395,0.993256606456831,0.984551635413065,0.998283030529712,1.01973248952429,1.02448955761139,1.03292572125589,1.05177241146314,1.06954222631377,1.0794143151982,1.09108110491258,1.10588937538586,1.11621020805109,1.1238385780315,1.12922322910789,1.13604380542419,1.13918473759656,1.1470821892695,1.15874897898387,1.17517256249209,1.18271123857499,1.1903396085554,1.20066044122063,1.21125062987165,1.22040461898949,1.23530230906701,1.24948189937794,1.25208411957873,1.25181448929968,1.25109638953308,1.25396824001292,1.25890442160177,1.27084084159521,1.28484131840438,1.29605963863123,1.29749556387115,1.29614933252874,1.29327748204889,1.29345686984391,1.29668749591378,1.30673897259322,1.31768793683429,1.32863690107535,1.33079092608186,1.33132963805343,1.32747060611448,1.32791934989528,1.3293552751352,1.33662459523231,1.34353486544613,1.35403508590638,1.35475318567297,1.35448410398044,1.35116378401306,1.35421529658118,1.35610023989517,1.36381830377309,1.37117731776772,1.3808694702706,1.380151370504,1.37970235242993,1.37808676510173,1.37674053375932,1.37736893962841,1.38392043425219,1.38948474741685,1.36803583700882,1.30826541461045,1.20048105342562,1.04324655392113,0.838446859410968,0.642621491930359,0.471565903411704,0.334075033089548,0.236521262085913,0.177916860355152,0.125684291159893,0.0800032165884274,0.0401558111674109,0.00138528110301541,-0.0290385049211134,-0.0527311342331761,-0.073820994757916,-0.093564898233514,-0.111603520483401,-0.138347662363586,-0.163835266798865,-0.188605045760811,-0.213823294210301,-0.235361898515852,-0.250797751978422,-0.266413267529271,-0.284541857969931,-0.301593573053958,-0.322863644253515,-0.345031203014683,-0.367916861542434,-0.38757134541379,-0.405969566133503,-0.422303455744204,-0.438367989369121,-0.452009142001737,-0.465829956722638,-0.482522621923371,-0.498586881255019,-0.514651414879942,-0.526318478887589,-0.538883030456841,-0.548575457252987,-0.559255339801524,-0.568678684905148,-0.58976909401642,-0.609962015566087,-0.631232086765643,-0.649989357368651,-0.66569511540353,-0.674221247238819,-0.681760197614985,-0.68786322275123,-0.696389080293244,-0.713171713684756,-0.729774684987984,-0.747095481764538,-0.759031353171443,-0.76971096142671,-0.773749106867423,-0.778864127664757,-0.783530404681291,-0.800850927164582,-0.819158631106989,-0.839351278363387,-0.858646712351442,-0.877403708661187,-0.88853233499053,-0.898045648284922,-0.907020249607742,-0.915994576637298,-0.926405103200039,-0.93744403563187,-0.948931437551232,-0.956739469619926,-0.963201544639459,-0.96822742012582,-0.972983665333115,-0.976483647388787,-0.986714511863243,-0.998022251694332,-1.01040686688204,-1.02099678123981,-1.03176608339257,-1.03840727191387,-1.04495876653765,-1.04953617253647,-1.0575241409867,-1.06658925908682,-1.06703855145415,-1.06685943795241,-1.0672184878357,-1.06542323841922,-1.06290988923614,-1.07834574269871,-1.09449969592787,-1.11199988049945,-1.1233078946238,-1.13389780898156,-1.1359618657973,-1.13694904725642,-1.13650057776888,-1.14924451713315,-1.16342465603061,-1.16674552458452,-1.17033547483095,-1.17347640700332,-1.16943798726934,-1.16468146776877,-1.17993820772959,-1.1958233535595,-1.20569571673719,-1.21386252439591,-1.22068310071222,-1.21754189424659,-1.21377228191187,-1.22328477232647,-1.23638721298752,-1.24751529073032,-1.25496399862244,-1.26214362482205,-1.26169515533451,-1.22095108523168,-1.16109124322908,-1.06811487822425,-0.90684168469252
-0.62989292569148,-0.365551282851573,-0.0550700583091784,0.275859037882957,0.55654113713377,0.753769714215558,0.867370366231472,0.913859020807171,0.906693278505438,0.903547349374916,0.922684929122589,0.96681500485869,1.01111975057113,1.05035586201588,1.06355119053468,1.05892003244626,1.06372612759049,1.07561063004827,1.09291310672644,1.11694438368601,1.14350971069994,1.1481414029473,1.14578202286928,1.14464613386408,1.14866567995581,1.1511994629307,1.16238448424469,1.17549221069583,1.18781338809449,1.19366830433521,1.19864960361472,1.20904861003515,1.22023389842861,1.23106984686937,1.24409023833235,1.25912040284119,1.2620043270072,1.26331542014769,1.26261647316283,1.26567506730519,1.26733550039836,1.27642341367831,1.28472477790576,1.29477364313507,1.29756969815397,1.29975414117618,1.30272513325088,1.30788083542727,1.31155130864578,1.31810543895083,1.32597039531689,1.32850471245073,1.32833004247439,1.32745615843372,1.32990287349991,1.3313881024578,1.33715541663087,1.34405888688861,1.35454522829721,1.35891464850058,1.36284739376308,1.36337220493053,1.3644212931065,1.36346034115714,1.36669387235531,1.37018940851801,1.37630632972324,1.38146176482016,1.38364620784237,1.38408288278323,1.38443222273592,1.38897604583616,1.39509296704139,1.38705360777847,1.34257445916916,1.25667448901342,1.11423593073476,0.922074919602762,0.713485048753801,0.52674174476271,0.370408643900937,0.256894792714246,0.182180378031439,0.13272073138103,0.0904265599528679,0.0512783176552524,0.0145765233443497,-0.0185426668951536,-0.0492151420684593,-0.0770039601552296,-0.101646849111471,-0.125677858991564,-0.147786430813966,-0.169720332660005,-0.191304360394421,-0.213500267204986,-0.23438534795455,-0.249852454483726,-0.26470794901622,-0.279825982672174,-0.292933976202795,-0.305954634745253,-0.33042285372515,-0.354191858640722,-0.37699937744797,-0.401467329348388,-0.421216254013289,-0.43493559246112,-0.449179207917458,-0.462986148432932,-0.474608378846728,-0.494357837670568,-0.513058475397922,-0.531059899060944,-0.549497997664825,-0.567848761280543,-0.581830104692888,-0.596161055137396,-0.610404937673207,-0.623250659159835,-0.637057599675315,-0.651213880143484,-0.665457762679289,-0.672535902913373,-0.681099806264289,-0.688265548566016,-0.694907280938714,-0.700412857226744,-0.719201097021739,-0.735979296691402,-0.75380605037808,-0.770758652944603,-0.788672474539983,-0.799070946801462,-0.809993963150927,-0.820305367503715,-0.831403587988476,-0.841890196476537,-0.853774966013805,-0.866533352512264,-0.875184590851349,-0.883660892134617,-0.89117570730956,-0.898166512555469,-0.903584486775856,-0.916430208262479,-0.929450599725457,-0.944481031313769,-0.953481609605544,-0.963355804858515,-0.969210454019761,-0.973841879187648,-0.976638201286008,-0.989745927737157,-1.00276658627961,-1.01648619180692,-1.02732187316821,-1.03772061250916,-1.04235230475652,-1.04558556887522,-1.04820695391776,-1.0575571392417,-1.06821815062665,-1.07136354559822,-1.07547042667813,-1.07914063281717,-1.07914063281717,-1.07835408376467,-1.09434573438182,-1.11024978293133,-1.12641583644537,-1.1366396387305,-1.14564021702228,-1.14529060999011,-1.14424205597309,-1.1431061669679,-1.1535925083765,-1.16573901579881,-1.16801106088866,-1.17037044096669,-1.1716812670277,-1.16739971597145,-1.16233188294219,-1.17753725158632,-1.19344183429478,-1.20017090165564,-1.20523926884386,-1.21030736895261,-1.20427778273555,-1.19711204043381,-1.21004482982914,-1.22542460137014,-1.22979402157351,-1.23486238876173,-1.23905687190928,-1.20654956074593,-1.13550535220215,-1.05484868629046,-0.944917706254634,-0.790158237656808
-0.649317744703776,-0.485626218683475,-0.286601733738636,-0.0686309450111719,0.153948932830891,0.447450354290688,0.652193031174981,0.802144150444307,0.920688513921691,0.984697206395385,0.973175787821985,0.983246399736903,1.00424110062293,1.01089780431306,1.02574757473152,1.05083854813908,1.07251587416449,1.08617098537838,1.10358144780805,1.1239790799344,1.13336732755255,1.14104888190093,1.1477914028134,1.15359489028996,1.15700879851474,1.16759170533746,1.18090537356035,1.19268293958765,1.19899846112941,1.20275329065995,1.21103139208275,1.22041911801566,1.23176994551486,1.24679082869276,1.26258015423238,1.2661651752166,1.26488548131754,1.26224001545448,1.26198386800057,1.26223975461186,1.26915234491327,1.27939328705976,1.29023181965115,1.29449920493213,1.29757167016591,1.29927888512092,1.30201042904895,1.30619251879283,1.31353210846496,1.3210425500539,1.32991824192163,1.33384366252635,1.33401425360054,1.33247789056234,1.33392843637821,1.33512309558279,1.33930492448404,1.34579103709998,1.3549228764216,1.35790978527567,1.35859241041505,1.35884855786896,1.36303038677022,1.36738306758829,1.37523495216824,1.38539112046287,1.39546173237779,1.39631520943399,1.39452269894188,1.39127964263391,1.38880476784503,1.38829273377984,1.3924745626811,1.39785157247218,1.37822212186493,1.31506664560482,1.20377683710509,1.04529146895906,0.837049849155507,0.635550750264422,0.462898236839304,0.326517194089395,0.228029280589981,0.171018995640039,0.120323971389233,0.0756032865317847,0.0337844758339371,-0.00368191488846482,-0.0354303745140257,-0.0593269495596369,-0.0810047972702858,-0.100378361266255,-0.120519845938698,-0.145781932105693,-0.171044018272694,-0.195537922920595,-0.220458826939214,-0.243929185141971,-0.263900339582843,-0.283018016967529,-0.302818319491597,-0.320826111523557,-0.339345676778083,-0.358718458246188,-0.377749796723292,-0.396098510061008,-0.415300700454928,-0.433734709329736,-0.450632876851595,-0.468043339281266,-0.485197915099653,-0.501925752389941,-0.518483259448653,-0.535296653118653,-0.551256569732461,-0.566277452910364,-0.581554483542159,-0.596319219266155,-0.610742511999143,-0.625421691343415,-0.640954347743879,-0.655548231551053,-0.670568853886331,-0.685760328138409,-0.700183620871392,-0.714009584002096,-0.728176729281165,-0.741660988578244,-0.754889100421415,-0.768288064181395,-0.782028470932371,-0.789112173993221,-0.794659774858496,-0.800036523806956,-0.804133057171125,-0.806949114108371,-0.821798623684214,-0.839037973354454,-0.855680254265019,-0.867031081764222,-0.877870136040865,-0.881711043636359,-0.88418617926786,-0.886234315528632,-0.900572312724522,-0.916190525504704,-0.925663807817327,-0.933600987934375,-0.94136757697722,-0.942306349570517,-0.942476679802082,-0.95561949610816,-0.971322743582815,-0.988306206641767,-1.00144928379046,-1.01467791731887,-1.02159102930553,-1.02654103972589,-1.02935735750577,-1.04019615093978,-1.0506082058457,-1.05427800068176,-1.05717961399873,-1.06101999990899,-1.05965422794498,-1.05811786490678,-1.06980987455437,-1.08448931474126,-1.09063450605144,-1.09737728780653,-1.10446125171,-1.10301096673676,-1.0986585467613,-1.1109481468538,-1.12426155423407,-1.1288698608208,-1.13492897406603,-1.14209797266397,-1.13987898448639,-1.13655089348395,-1.14943860570659,-1.16283809115181,-1.16855628309127,-1.17495736101274,-1.18058999657248,-1.17743171411637,-1.17342021544667,-1.18366141843578,-1.19228096284959,-1.19774300733514,-1.20363205119141,-1.20917965205669,-1.20696066387911,-1.20858232245441,-1.21779945731312,-1.2177139009334,-1.17802852203341,-1.0934518672018,-0.971750264638778,-0.791587570467336
-0.736684886997142,-0.583087434391638,-0.43303533645626,-0.280678541276583,-0.155176832533872,0.173378509501566,0.41055509795067,0.614495340796837,0.800886511443308,0.962992761079941,0.977882817277034,1.00846041776328,1.03097239055216,1.03948064581149,1.05135682547589,1.0728053002181,1.09132929077489,1.10595360790326,1.11978016605368,1.12917530175233,1.13670918042635,1.15115606728968,1.17047754593853,1.18004984101633,1.18616536111359,1.19653514428345,1.20522082980782,1.21461569462057,1.23145531664597,1.24927012791438,1.25272663200903,1.25432214996495,1.25290406227408,1.25237231325074,1.25263805231945,1.26079198882049,1.27045259270196,1.28153155516021,1.28649526840711,1.29012947365272,1.29686559334877,1.30448778082647,1.31193253803911,1.32292237903599,1.33444423994209,1.33781216434717,1.33781243523307,1.33666035749682,1.3396736922577,1.34286418639775,1.35004320454167,1.35837430042185,1.36785774492417,1.3677694361205,1.36599702967134,1.36387003357799,1.3658201411781,1.36785909935368,1.37486095811846,1.38292631492992,1.39152342076472,1.39276407819054,1.39214320770582,1.39099085908367,1.38948419170323,1.38806610401237,1.39045911006034,1.39338386513165,1.3968403692263,1.40074004265472,1.40348763834689,1.404462556704,1.40596949497034,1.40995801897424,1.38673686689696,1.32310008018693,1.21541372448443,1.05924610645181,0.846532140163501,0.634261072323054,0.448756240344111,0.299678789879938,0.189864896312285,0.125695818807114,0.081823409193789,0.045307718875342,0.00994437717905072,-0.0225830600214025,-0.053072080818077,-0.0840042709485126,-0.113518644273982,-0.140551702747798,-0.166875311047333,-0.192401160368903,-0.215179413998306,-0.236982478384706,-0.258076092596818,-0.278195059337725,-0.296541348743574,-0.316128566461138,-0.335184306041275,-0.353531408104823,-0.37152364963828,-0.391022829438084,-0.408926762167852,-0.426298674988402,-0.444024635681332,-0.461219118236825,-0.477704421503935,-0.494278033574716,-0.51147224524431,-0.527337490684412,-0.544089074792043,-0.559599730587948,-0.574933227004707,-0.589468693557608,-0.605155966960855,-0.619158871832721,-0.633339206969621,-0.647519812992426,-0.661434950832408,-0.674552600580349,-0.688025110858363,-0.702295109228447,-0.715678498045092,-0.728973036286274,-0.742090415148304,-0.755473533079056,-0.767084244560632,-0.779315555641032,-0.792521785078531,-0.80528457429637,-0.817161295732579,-0.830190094905033,-0.837191953669815,-0.841180477673708,-0.844991842298455,-0.848182607324389,-0.849955284659452,-0.862718073877297,-0.877962448832669,-0.885496056620795,-0.892852234143869,-0.89958808295403,-0.899588082954024,-0.898347154642304,-0.911464262618435,-0.92591114948176,-0.942219022483825,-0.953740612504033,-0.964376134742605,-0.968010069102319,-0.969782475551471,-0.970048485506086,-0.981836898138625,-0.99433421917364,-0.9964614861529,-0.999475362685588,-1.00160262966485,-0.996373177349229,-0.991143725033611,-1.00550176132146,-1.01932777770008,-1.02517728784271,-1.03155881789458,-1.0367879993243,-1.03262231594126,-1.02810231379992,-1.0413968520411,-1.05566630863938,-1.06479543438341,-1.07268363181573,-1.08048297867257,-1.07968549058051,-1.0773810642221,-1.08766199681649,-1.0991838577226,-1.10636287586653,-1.10981910907528,-1.11380736219327,-1.11017369871948,-1.10574254715361,-1.11061768071094,-1.12072199569799,-1.12417904156444,-1.12648346792284,-1.12887620308492,-1.12586232655223,-1.12063287423661,-1.12852052989712,-1.14154905818368,-1.14403064392122,-1.14748741890178,-1.14979184526018,-1.14598075152133,-1.13658588670858,-1.11575774067929,-1.06913773537379,-1.00018291665857,-0.889217216240564
-0.708109521692935,-0.53970488185645,-0.334916600351095,-0.103100122772967,0.139718104652462,0.433906955435358,0.657061140284821,0.81333851734832,0.927081249146282,0.986768118327244,0.971001935382403,0.970915092700768,0.988153894533556,1.00634584775013,1.02653041688735,1.05451123481536,1.07746762112946,1.0922809174548,1.10397555540526,1.12112751455641,1.13230242023844,1.14035893230985,1.14876202081498,1.15664537705168,1.1630563791647,1.17457839080899,1.19008510476603,1.20030738859282,1.20463866733928,1.20628417729767,1.20931572822665,1.21243412183725,1.2197106383596,1.23062581028954,1.24301386587171,1.24847145183668,1.25098353526148,1.25878004881655,1.26692313880533,1.27541254046355,1.28736744169463,1.30096811764838,1.30192100426789,1.30027496478095,1.29594342127021,1.29499000512215,1.2945565860068,1.30062048215757,1.30867672946471,1.31881217060986,1.32184425106738,1.32323029203796,1.3237500243064,1.3253092211117,1.32747499286707,1.33327942003003,1.34012357649413,1.34774719897875,1.35121296331588,1.35259953381501,1.35303295293036,1.35511214676838,1.35719134060638,1.36247550597236,1.36836598152413,1.37564249804649,1.37806773878966,1.37971351351233,1.3807529780492,1.38439110392824,1.38794238712564,1.39478574929693,1.402062001055,1.4081256324415,1.38213716566986,1.31474089037974,1.20264446283298,1.04818707538396,0.846430609571856,0.649611997456285,0.480427362070741,0.344507974743447,0.237002559695244,0.168133135988635,0.116762512631163,0.0711963164366575,0.0312608620418385,-0.000444924446853528,-0.028772054044299,-0.0555399868364463,-0.0800558347201307,-0.105784567739678,-0.131859877192944,-0.156462567758269,-0.178206598465064,-0.200470361440297,-0.220481774742796,-0.238760570640998,-0.255913059320695,-0.276703673879438,-0.295848248951242,-0.315165979857773,-0.334483710764297,-0.349903317275426,-0.364110303414963,-0.377624136687088,-0.391224547876551,-0.404391804714951,-0.426915036677991,-0.447012763133575,-0.468410217406657,-0.489547937927662,-0.508606464610652,-0.522640294915469,-0.537713324992885,-0.551573469934438,-0.564134151822777,-0.580073490602344,-0.595059942762398,-0.609786925934645,-0.618623168790851,-0.627112835213339,-0.63369646363254,-0.640280356816011,-0.646344252966779,-0.664189629749634,-0.683074735833632,-0.702479838950341,-0.721364945034339,-0.738950588065111,-0.750385492263487,-0.761213821511795,-0.77065610978952,-0.780964706769396,-0.794391962124151,-0.807992638077898,-0.822113046300078,-0.83528056790275,-0.847581780803271,-0.857630644031062,-0.866379779441357,-0.874262606149511,-0.884830672117193,-0.896091890952305,-0.907959684737484,-0.91783539213055,-0.926845055585749,-0.934382364917278,-0.940706789112949,-0.945471751739034,-0.955954034082179,-0.967475516197912,-0.977437536744069,-0.986706404422807,-0.996061850018897,-1.00186548288903,-1.00697649242029,-1.01425300894264,-1.02395529573672,-1.03565019845145,-1.03859570099161,-1.04258040330437,-1.04526590732817,-1.04587221751397,-1.04465906761383,-1.06051182847603,-1.07515196896665,-1.0909181519115,-1.10339252064674,-1.11578057622889,-1.12028527557436,-1.12418339996975,-1.12643574964249,-1.13665803346927,-1.14757320539922,-1.14956555655559,-1.15155817247624,-1.15424367650005,-1.1514713297946,-1.14791925230438,-1.16048019895699,-1.17347403519639,-1.17563954218749,-1.17919135491344,-1.18196370161888,-1.17641980250082,-1.17087616814703,-1.18620972626936,-1.19963724638838,-1.20318905911434,-1.20682744975765,-1.21011926396724,-1.2015430196274,-1.19504596912556,-1.2098592654509,-1.22527887196203,-1.20656692171275,-1.15926784334967,-1.08052297701426,-0.944603854451247
-0.776697300393267,-0.570814416063173,-0.339965344420792,-0.0883110725270939,0.169064722167061,0.453920782888616,0.659110831741837,0.8180960403201,0.932610749362095,0.988524559445902,0.979856035112266,0.988524824392552,0.992859616452654,0.99892768946486,1.02346015911914,1.05241352849318,1.07807308117562,1.10234537322444,1.12280375831737,1.12878545872328,1.13242662046657,1.13615415481616,1.14074859458845,1.14360922351534,1.15123756732041,1.162680083028,1.17325595825955,1.17941093377134,1.18374519593816,1.19388761845836,1.20255640773864,1.21243865265337,1.22682843484081,1.24199874984464,1.2455527441417,1.24719965248751,1.2468528373291,1.24615947195893,1.24702637738163,1.25396135581652,1.2626301450968,1.27355283548676,1.28170153450275,1.28707624214479,1.296265386636,1.30606125894444,1.31455677311884,1.32374565266341,1.33432126294832,1.3357946312416,1.33354046518528,1.33154647673442,1.3322398421046,1.33224010705123,1.33666153666428,1.34403049770381,1.35070582842654,1.35226662911269,1.35400043995807,1.35530079809212,1.35668752883245,1.36093515344632,1.3676965918287,1.37454493271065,1.38234681656824,1.38824187942121,1.38798170181575,1.38737497399852,1.38728833644557,1.38962887510819,1.39309623185232,1.40081174310361,1.40922061972507,1.4150290450251,1.38763621139056,1.32002023788699,1.20637269921434,1.04721395058354,0.840290090884931,0.639434039251888,0.46441081540716,0.324583103894485,0.218477271473958,0.153114669186756,0.102576096638276,0.0592326801301583,0.0228242420569354,-0.00890338363771117,-0.0364700222714054,-0.059875938790826,-0.0814614069119188,-0.109201850544792,-0.134428215462529,-0.160521485802955,-0.185834488273629,-0.209413679898924,-0.227618163882185,-0.246342738129725,-0.263333501531886,-0.280757717645389,-0.300348932368974,-0.320807052515261,-0.340398267238847,-0.359989481962444,-0.380620877214606,-0.399172176356265,-0.417116747680708,-0.434888043899259,-0.453873060698915,-0.469130543148973,-0.485948031445253,-0.501811711819252,-0.512473959657096,-0.521228856597027,-0.531977477041165,-0.54003900861093,-0.549314260761794,-0.568645562826568,-0.588237042496803,-0.606615066532576,-0.627160354125093,-0.644758375237763,-0.657068061314693,-0.668597479521882,-0.680993803151755,-0.691309500777833,-0.704659102436695,-0.717835693936314,-0.731966093358221,-0.739508064556993,-0.746876495703236,-0.753204746320909,-0.758752729068824,-0.764040534211277,-0.781204572719313,-0.799669234308035,-0.817180352921125,-0.831570665001855,-0.844660618948537,-0.851249047171671,-0.856623489867062,-0.862778200432205,-0.875607711826782,-0.889910856461276,-0.904300638648714,-0.91661032472565,-0.925279114005923,-0.932300994940405,-0.937068974765217,-0.94183695459003,-0.950505478923666,-0.965242076269508,-0.97720468224139,-0.983012577648134,-0.987953832578821,-0.992028447033468,-0.991595259268764,-0.991422249109527,-1.00659309400665,-1.02349748480251,-1.03771452177735,-1.04525649297612,-1.05279819922825,-1.05227757907067,-1.0496763329093,-1.04950252791013,-1.06519293317825,-1.08235723663293,-1.09813480934728,-1.11313237913852,-1.12648251069068,-1.13125022556884,-1.13393731444321,-1.13827157661003,-1.14633337312644,-1.15612924543488,-1.15803659633279,-1.16046403749499,-1.16219758339373,-1.16089696031305,-1.15742907367563,-1.16999840746474,-1.18239446614797,-1.18447509215176,-1.18690253331396,-1.19010997739926,-1.18447535709841,-1.1796210046673,-1.19401105180138,-1.20753445845941,-1.20961534940984,-1.21169624036028,-1.21238987067709,-1.20432807416068,-1.19678610296192,-1.21212942812498,-1.18152835556521,-1.13913795213943,-0.998443865097365,-0.773142776202911
-0.414984003344138,-0.0960029801820484,0.297429806836368,0.58829053340368,0.795382929600665,0.923619621027833,0.992566199869657,0.969612741782559,0.95953379541962,0.967326378853566,0.983758059170039,1.01170905307509,1.04575856802649,1.07582713991605,1.08683802769027,1.09166600194591,1.10343926956908,1.11970138832321,1.13723405386806,1.15832440575044,1.17763604390037,1.18263332084571,1.183565262257,1.18788532844348,1.19389919814497,1.19898112643517,1.21058509136862,1.22303608749587,1.22837196982065,1.23159053303354,1.23387767258038,1.24167025601432,1.25124129430812,1.26309947214876,1.27715962044615,1.29232075397191,1.29494624002556,1.2940145574869,1.2931675262931,1.29520045293275,1.29841927501825,1.30756705658775,1.31857820323459,1.3294200471917,1.33086015554473,1.32984382166121,1.32696412270037,1.32772650254933,1.32992847300607,1.33712772040817,1.3449197860969,1.35567646096393,1.35753956716864,1.35643832306765,1.35499821471461,1.3577932623306,1.36041874838425,1.36863458854248,1.37803632414656,1.3877771828753,1.38904798853862,1.38777795949315,1.38489851940492,1.38269654894817,1.3809178352157,1.38379779304916,1.38811760036303,1.39319952865324,1.39853566985063,1.4011614147769,1.40277056694704,1.37702154349873,1.31612201987065,1.2106702604587,1.06100487064234,0.862890953325146,0.66808025056569,0.490718079751453,0.346727436511915,0.240513038378415,0.174785281622083,0.124811735550745,0.0856795156912929,0.0497661179173497,0.015547041403614,-0.0164695469081279,-0.0463685572353661,-0.0753358850239494,-0.102185634828023,-0.127172278427383,-0.150465118511743,-0.172233198898224,-0.194001020412086,-0.214667856697572,-0.235842601052203,-0.257101996751689,-0.278361651323793,-0.297758199691189,-0.317662656127729,-0.336042870611604,-0.354084479716055,-0.372295391510208,-0.391014211373519,-0.409648638764581,-0.428536761317601,-0.447170412090826,-0.464702818763056,-0.481303542896626,-0.497141887181245,-0.512811187648772,-0.528480746988907,-0.544658732143418,-0.561599356019487,-0.578201115643507,-0.595395434681539,-0.611403858273728,-0.626903856051523,-0.641217699510874,-0.65603996878459,-0.669422647450506,-0.683821918872556,-0.698814267453831,-0.71363731334539,-0.72795193342258,-0.742520507534339,-0.751075211944618,-0.757766292404958,-0.764288070175588,-0.769624211372982,-0.773774457124528,-0.788258121018814,-0.803673726324379,-0.815616555509871,-0.827728687385078,-0.840264593729806,-0.84602450939671,-0.85119134790439,-0.862879964182694,-0.875500262999664,-0.888374515851204,-0.896251232884779,-0.903450480286877,-0.907346772003853,-0.909549001333217,-0.910819548123926,-0.924456698569637,-0.938602015957111,-0.943514641557608,-0.948596828720427,-0.954186923952391,-0.953000769633936,-0.951475751063426,-0.968923765263414,-0.987388113346918,-1.00441287082262,-1.01838836777514,-1.03227947225543,-1.03465126314712,-1.03651462822445,-1.04074952532085,-1.0510829434636,-1.06251708796211,-1.07124083618949,-1.07954132769257,-1.08538563583173,-1.08818094232032,-1.08868936813469,-1.09809136261139,-1.106815628584,-1.11249063403344,-1.1172336980716,-1.12316265755561,-1.12324730890047,-1.12417925031175,-1.13349633457097,-1.14230525188844,-1.14662505920232,-1.15069091248162,-1.1539094756945,-1.15204611061717,-1.15297779315583,-1.16161740778359,-1.16746171592274,-1.17059562779076,-1.17432261681802,-1.17516990688444,-1.17220529770613,-1.17669440770972,-1.18779020570141,-1.18745134144937,-1.18668896160042,-1.18643500756584,-1.18067535077155,-1.1361231149877,-1.08420181136679,-1.00653148429758,-0.889306198389865,-0.751498986414134,-0.645030634246059,-0.483083550992156
-0.372730422189579,-0.184455035606518,0.0475441204696062,0.320539406372427,0.493388038234589,0.684902415516889,0.77933876594504,0.821272676575755,0.834568845408842,0.888946325824988,0.919288744728607,0.97127957299851,1.00358195378254,1.01841191521955,1.03025895221575,1.03878181675634,1.05625423610336,1.08148288418369,1.11080260102157,1.12205310522855,1.12946808594705,1.13773514472389,1.14966684248711,1.16168398250138,1.1832472101113,1.20020827842546,1.20208357953884,1.19995325414569,1.19731131722502,1.19586270637746,1.19833454028007,1.20873270593405,1.22109109396312,1.23310875496672,1.2386486950665,1.24154643775095,1.246916014338,1.25373472276195,1.26029762542213,1.27103677859624,1.28262827032334,1.28885018546339,1.28893510672509,1.28978718478342,1.29217357643499,1.29652045095632,1.30316853537287,1.31424893656177,1.32396564816483,1.32831278318083,1.32848340718823,1.32839848592653,1.32635308179508,1.32771677138093,1.33087005933447,1.33751788325636,1.34425088893459,1.35217722068596,1.35388163729727,1.35703544624015,1.35882556559717,1.36334280363123,1.36734869063243,1.37570171264963,1.38371348665203,1.38976477778468,1.38959441427195,1.38899762098805,1.386269720827,1.38490551025182,1.38575758831014,1.3913827101663,1.39743426179361,1.39274692074149,1.34842713944853,1.26140629072822,1.12546271993518,0.939658906760063,0.730586928374376,0.541288839725588,0.382759339256911,0.261475626882825,0.181784577124659,0.124168106009274,0.078142605631652,0.0355264594660067,-0.00154948610518497,-0.0352160774644061,-0.0607854525701984,-0.0860135796611781,-0.107832613034865,-0.131270881263502,-0.156413826598125,-0.182068122965614,-0.204824676648653,-0.228007399608196,-0.2471844960612,-0.264742097164587,-0.280850826925749,-0.298323246272767,-0.314772963554076,-0.334802398560069,-0.353297780467487,-0.372730682684257,-0.392589493682858,-0.412362862430425,-0.429579215519011,-0.447647646665926,-0.464948921016208,-0.48020505172972,-0.495205637174126,-0.51063239189503,-0.526059407110606,-0.535946482226389,-0.546429829636734,-0.556487007770582,-0.566885173424559,-0.575834467736317,-0.595437733465824,-0.615041259689992,-0.634729967670534,-0.653480894847046,-0.668992831324312,-0.679220372970892,-0.688169406787984,-0.696862634841315,-0.705641305145675,-0.722857918728927,-0.73777332241697,-0.754307960959964,-0.770075703201003,-0.785161730896444,-0.79479300024846,-0.806043764950111,-0.815163943763927,-0.825988799683746,-0.836983758621612,-0.84857525034872,-0.859655130548289,-0.868518982609018,-0.875337170043621,-0.88172944869641,-0.887184467534489,-0.892724668128942,-0.904827510888905,-0.917271080674336,-0.930140819736265,-0.936447395643347,-0.942583868532358,-0.944629272663806,-0.947697899850325,-0.950084551996569,-0.966790335536298,-0.982899065297466,-1.00003075761902,-1.00846844040325,-1.01758809822774,-1.01852535804243,-1.02040039866115,-1.02065568343558,-1.03557108712363,-1.04946352825127,-1.06437893193932,-1.0747770975933,-1.08543132950571,-1.08867005971028,-1.09267620720615,-1.09565939214162,-1.10537584325001,-1.11654116570062,-1.11841672730867,-1.11935450811269,-1.11943995036373,-1.11679801344305,-1.1111728915869,-1.12429817591792,-1.1381903565509,-1.15412820181,-1.16409967719815,-1.17594619320502,-1.17790615508543,-1.17884367539479,-1.17824714260556,-1.18856038699785,-1.19912943715389,-1.20347657216989,-1.20756790142212,-1.21157378842332,-1.20918739677174,-1.20560767904704,-1.21489796087893,-1.22563711405304,-1.2310066906401,-1.23688735776535,-1.24217149210137,-1.22128971854237,-1.16767939492286,-1.10034699368842,-0.985796807981904,-0.810732408475567
-0.579081959490095,-0.323127436431852,-0.0232126169155294,0.274410863837768,0.530025862055546,0.727677822762486,0.838512062686023,0.891043740258251,0.903773457692156,0.91175060549117,0.924480063547817,0.958510879529801,0.99160819673343,1.01944404610734,1.03531404409409,1.04872307058622,1.06450851158444,1.07664477383499,1.09022343305873,1.10787535285915,1.1220477266435,1.13265547866874,1.14725193428212,1.16422480440158,1.17203257884625,1.17712467332162,1.18646017985981,1.19562579428913,1.20453695962104,1.21879440914847,1.23712537862984,1.24145334768119,1.24196250525328,1.24119863920652,1.24272611192277,1.24391405979855,1.25358883179995,1.26504578499228,1.27658729517315,1.28201865511174,1.28371601993687,1.2833764950964,1.28447962660636,1.2856678338594,1.29042014411704,1.29746379313769,1.30611999061765,1.31129664208157,1.31486100446343,1.31732249471257,1.32080230010589,1.3228391897715,1.32674307699384,1.33208936118936,1.33735031026454,1.33896208059207,1.34099819212588,1.34218588062438,1.3444772193874,1.34778739204911,1.35364361194851,1.36068803910096,1.36841125655709,1.37299419346039,1.3753703485892,1.37817084492429,1.3830930472908,1.38818514176618,1.394719892592,1.4042250318618,1.41143883236858,1.41076004206489,1.40821399482721,1.3878463950575,1.33005299027829,1.23025110296354,1.0894593076347,0.901736827403825,0.698483874026679,0.513392257399291,0.359276511321393,0.240719313318991,0.161964334832182,0.112572678435527,0.0733649516123634,0.0402673750314762,0.0111585020387277,-0.0154893994594007,-0.0479079263593232,-0.0782050066051078,-0.107228803854792,-0.135149469594505,-0.16120313777748,-0.18148618055865,-0.201090173658872,-0.220439717661665,-0.239534553189805,-0.259562887496298,-0.280863986044376,-0.301316402179894,-0.31761048199565,-0.333310587873534,-0.347568037400969,-0.360637539052621,-0.374470906751038,-0.396196605882662,-0.417837488648486,-0.440581502924276,-0.462731543262182,-0.478686357614731,-0.490143310807059,-0.500666505843756,-0.510001753004688,-0.518827583216261,-0.537328185429241,-0.555913604008023,-0.575347704999369,-0.592829732690914,-0.607935605253634,-0.618882882119356,-0.627708712330929,-0.636195277079295,-0.647312705431146,-0.663437152515313,-0.679307150502061,-0.697213778777153,-0.714441357371292,-0.730141463249164,-0.743804938838711,-0.756025498700533,-0.767227743418196,-0.778260355404246,-0.790396098900269,-0.802107241812744,-0.814836959246656,-0.821031925854738,-0.826887367622338,-0.831554861514172,-0.835204299639098,-0.838344580191941,-0.854214837555959,-0.870848960966736,-0.887822349840727,-0.900891851492378,-0.912942778622595,-0.918628847035858,-0.923550790025099,-0.927114893029691,-0.939674458977456,-0.953337415812475,-0.967254821744895,-0.979814647069936,-0.992629180869647,-1.00001261410804,-1.00705652250595,-1.0131669321255,-1.02199302171434,-1.03183742644735,-1.04270014632453,-1.04753753232523,-1.0506775535008,-1.0525448104348,-1.05313930312722,-1.05364897945384,-1.0652760841323,-1.08080707603311,-1.09455562736572,-1.09998698730431,-1.10490893029355,-1.10363538792018,-1.09913700800542,-1.09676033412207,-1.11229054789108,-1.12663281378431,-1.14267270387994,-1.15574220553159,-1.1676234999302,-1.16949049748694,-1.17152712777528,-1.17161168476382,-1.18001317376911,-1.18790550520232,-1.18756598036184,-1.1882450300428,-1.18917878819843,-1.1846809270382,-1.18103174829055,-1.19469522388009,-1.20844351583543,-1.21192306185148,-1.21455418483224,-1.21650651750931,-1.20980239332914,-1.20055222191128,-1.2124335163099,-1.20055248128855,-1.15336708791184,-1.07546053246033,-0.969208970062824,-0.80465458593676
-0.632224519247546,-0.461874283982981,-0.265322777302421,-0.0526798749832793,0.159625713904177,0.435538831343773,0.641020389264338,0.789887106315503,0.90117916700586,0.964618296333313,0.957962922082271,0.964281755375136,0.980626264833074,0.999582507220494,1.02131888176207,1.04659344246002,1.06900367139146,1.08484221070187,1.09444637382291,1.10809443575669,1.1229220647367,1.13353713818815,1.14061402548321,1.1503023882166,1.15729481840816,1.16614067003583,1.17978873196961,1.19781774865664,1.20447338039885,1.20851727921158,1.21609987916301,1.22477784654834,1.23118087945354,1.24373408893577,1.25881483173514,1.26243747499501,1.26108925123293,1.2601622830237,1.2658909465567,1.27128281164034,1.282824853301,1.29596771756075,1.30860538414648,1.30742633208258,1.30439360109141,1.30001290382933,1.30119247087556,1.30051835899452,1.30885875545699,1.31703049520362,1.32680305754935,1.32604474605597,1.32831942304493,1.32772951077623,1.33387968735326,1.33851349843468,1.35056125275171,1.36033433007977,1.37044472083953,1.36926566877563,1.36901306993862,1.36480051441004,1.36715913352016,1.37027580663251,1.37920585787251,1.38737785511031,1.39790898644058,1.39689833360135,1.39453971449122,1.39100152833486,1.38780014062785,1.38619931802876,1.39041135857499,1.39453894201773,1.37381322031536,1.31357522120375,1.20514749227989,1.04987799981469,0.845492066819193,0.647340510013047,0.475642823459913,0.339666114340314,0.24084280602867,0.184143508055761,0.134099584333899,0.0901216375767243,0.0484183678084958,0.0106747972406716,-0.0251311522787074,-0.0541125558488606,-0.0823359054168101,-0.107020553846052,-0.131705459766468,-0.155631796702327,-0.179221335188841,-0.200957194748077,-0.223451365800697,-0.244597313091231,-0.26582771748528,-0.285541756383736,-0.306014106775575,-0.324885892059487,-0.344600188449117,-0.362966518567829,-0.381501247911223,-0.399025066924224,-0.417812395104634,-0.434409245908415,-0.451427352265049,-0.468613857846364,-0.485884563040014,-0.501723359841591,-0.519668434407451,-0.537108053808117,-0.553873818818903,-0.569544216395805,-0.586309466424261,-0.601052638300764,-0.615542953849089,-0.629527814232215,-0.644355185721064,-0.657581992101986,-0.671482910363939,-0.685636684954081,-0.700211457605909,-0.714196832971381,-0.728013809112167,-0.74149372931244,-0.754636593572195,-0.767948114547793,-0.780332667314171,-0.793980986739114,-0.800720818093664,-0.80695519428302,-0.811420348648613,-0.816980612956927,-0.821108453890827,-0.838294959472142,-0.855144409112933,-0.870982948423331,-0.884715467460615,-0.897774132108035,-0.903166254682847,-0.908642834361162,-0.917994913627535,-0.929200414330012,-0.941585224587563,-0.947229945999386,-0.951442244036789,-0.95220004054783,-0.952115068461981,-0.950513730880551,-0.963824479382641,-0.978820250096159,-0.984801769957332,-0.98952003814227,-0.995249474148774,-0.992048601424093,-0.988679071983575,-1.00519198066618,-1.02397930884659,-1.03729031483985,-1.0498432668309,-1.06096431042987,-1.0613858234739,-1.05978551585714,-1.06795802807728,-1.08008998200664,-1.09078951256159,-1.097950599469,-1.10595393999095,-1.10780710393589,-1.10704853495134,-1.11058672110771,-1.12212850527719,-1.13139586994889,-1.13872561357214,-1.14529730319319,-1.14967825794644,-1.14900440355657,-1.15127908054553,-1.16029358888905,-1.16989749451892,-1.17495230366205,-1.18068096719504,-1.18497746484478,-1.18430335296374,-1.18405075412673,-1.191633096587,-1.19188595291518,-1.18910582076102,-1.18708374260907,-1.18438781006724,-1.17832209059374,-1.18666274454738,-1.20132197430272,-1.17823814847257,-1.1303849596185,-1.04419854541908,-0.863569777661254
-0.674913064619764,-0.395090011152086,-0.0703817613100754,0.264147700743043,0.499860480154321,0.69982019225386,0.809061331085882,0.850672790056512,0.855755469466441,0.890560619569688,0.914682742733083,0.959309368357773,0.998508378032776,1.0261633359702,1.03434781113462,1.03710467034936,1.04813210720829,1.06596585293461,1.08405790610025,1.10395942789278,1.11972566086323,1.1253257450828,1.1294610339049,1.14066067572338,1.15306627887934,1.16538577955552,1.18115148590529,1.19752043623414,1.20355129616291,1.2066530919174,1.21414874724365,1.22336750540669,1.23137977561156,1.24516433499556,1.26049952894647,1.26523779843732,1.26480675941777,1.26532363760675,1.26928645815897,1.27514458650752,1.28737824801427,1.30142111483758,1.31331010311491,1.31442996197262,1.31124232704868,1.3073653456659,1.3082268970843,1.3104671414204,1.31934122635401,1.3302828240435,1.33941495310609,1.33993183129506,1.33898391408655,1.33639899652103,1.33932779738498,1.34501372077399,1.35509324042442,1.36568963826381,1.37740615827125,1.37706148504183,1.3738738501179,1.36982492708591,1.36568990157415,1.3627611007102,1.36758599930149,1.37413400072957,1.38102641207673,1.38878037484229,1.39188190728645,1.39188190728645,1.39067541932829,1.38817686755288,1.38516117427816,1.37465035229786,1.32985099509296,1.24266499328913,1.11119651246938,0.930104565784449,0.718170026238139,0.524585847296806,0.367616287085608,0.247089140645008,0.16662281860812,0.120014256086662,0.0833132715664053,0.0412710368865765,0.00146878323250142,-0.0347153230987754,-0.0696932047822359,-0.0968312845306935,-0.116991377072887,-0.135083693548865,-0.15240029777588,-0.168424574875304,-0.195217981394338,-0.222097227082807,-0.249665819230124,-0.276631694019048,-0.2976530746693,-0.312212819681587,-0.325738808315931,-0.337369489153934,-0.348396926012858,-0.370624004690263,-0.393109654117323,-0.415939976773801,-0.439373016788688,-0.456516889435491,-0.467285755544767,-0.477193070235644,-0.486755975007432,-0.49563005994104,-0.517082479610831,-0.538621001760385,-0.560676402098914,-0.583248417316083,-0.599100489455962,-0.608060150248672,-0.616675137811957,-0.624428837267185,-0.630373331405846,-0.649068101929895,-0.668193911473471,-0.686544272078429,-0.70454969614363,-0.718850607095923,-0.726259633321732,-0.732893210608907,-0.740560807584365,-0.749607097477513,-0.766148779386579,-0.783810320153358,-0.80207484158887,-0.817840811248985,-0.831539004842874,-0.84239423674226,-0.851267795055194,-0.858849289550883,-0.869790623930037,-0.882024285436784,-0.893310029735029,-0.906405242660173,-0.915106332703235,-0.921395500071314,-0.926219872041929,-0.930613468303344,-0.933197859248199,-0.945517623234721,-0.958612572849532,-0.972052459004101,-0.977997216453102,-0.983683403152443,-0.983425359023463,-0.981874987766891,-0.981185904618377,-0.995745912940999,-1.01194265831031,-1.02796667209939,-1.03718464033142,-1.04597183285425,-1.0466603893821,-1.04597077961291,-1.04726284343017,-1.06302854977994,-1.07827764125107,-1.09412997670128,-1.10360704230364,-1.11127490258943,-1.11239502475748,-1.11230865896737,-1.11127463927909,-1.12333556920563,-1.13599974311124,-1.14461499398486,-1.15305803989894,-1.16132888085347,-1.16270757377117,-1.16322445196014,-1.17028880495652,-1.17950703649888,-1.19018953681805,-1.19251535701325,-1.19492754299856,-1.19329054264154,-1.19001680523783,-1.18545100401687,-1.19716805064498,-1.20991885365105,-1.21215909798714,-1.21405440578347,-1.21586361110004,-1.20940223877241,-1.20147633435764,-1.21560556697107,-1.23206114640035,-1.21758803048851,-1.09137522396924,-0.877717581586146,-0.569809057782182,-0.184104968676306
0.245530595095748,0.520362889860475,0.71818728719343,0.847217900057628,0.917637247282775,0.950322931361362,0.989767933420056,1.01398243758107,1.03118081832009,1.03982276601113,1.04589770533398,1.06634773461111,1.09578203166426,1.11392185801509,1.12299164043417,1.13214719900899,1.13924883707406,1.1460939312099,1.16106762366569,1.17895064457464,1.18665140816655,1.19007434750347,1.19657738306703,1.20385057344357,1.21189391863311,1.22524204833251,1.24090011944555,1.2469750587684,1.24919948553898,1.25630112360404,1.26365956711099,1.27153135998904,1.28410933487545,1.29874070724628,1.30164951267409,1.3022481151756,1.3004512616204,1.30241914446174,1.30447280345883,1.31277295409026,1.32210006497656,1.33185474907824,1.3344220189591,1.33562027001279,1.33485037671246,1.33604810474082,1.33887139552556,1.3442616946785,1.35025085784561,1.35778006912604,1.3607746507096,1.36128826159337,1.3635129498766,1.36702114234393,1.37027279088204,1.37617670091875,1.38344936826996,1.38764193939453,1.38815528876564,1.38824080340871,1.38781323019336,1.38909699589012,1.39303328459816,1.39927951471982,1.40544023019842,1.41151516952127,1.41262738290655,1.41142913185286,1.39833780759534,1.35264631390232,1.2647715189836,1.13351569481082,0.955627715871224,0.749931264147544,0.557497427480188,0.395439071965112,0.270002166211315,0.187774737400084,0.137377323211373,0.0998146893509581,0.0670437521419697,0.0375244634710928,0.00261487564728512,-0.0306691494201322,-0.0629267372580176,-0.0927886075265211,-0.119228061483436,-0.140105663975934,-0.160042082369295,-0.179122569793926,-0.198459862660434,-0.22121983335121,-0.244322385639613,-0.266997103199976,-0.285393734992696,-0.304046910714631,-0.320560912796398,-0.336475789351323,-0.351620511093252,-0.37403816169907,-0.394573444106603,-0.414680891786109,-0.433248291352294,-0.448650080048797,-0.458832598878491,-0.469442952436218,-0.480053305993957,-0.492802571679184,-0.511284195089631,-0.531819215984495,-0.552439751522436,-0.567156377023663,-0.581017594581496,-0.592568870725698,-0.602323293314695,-0.611393337246445,-0.631586822594363,-0.65118118241544,-0.669577552695474,-0.689342941802696,-0.707653535927004,-0.720830113314915,-0.732295351790704,-0.744017395708382,-0.753600527498567,-0.765579638370802,-0.776189730415867,-0.78953812162794,-0.799549349658821,-0.809731345463183,-0.818629837083452,-0.827357299417569,-0.833517753383492,-0.845667893541871,-0.858588450025911,-0.872364675966012,-0.883916213622888,-0.895724295208966,-0.90393840817198,-0.911467880965079,-0.91694369476109,-0.927638778423882,-0.93936082234156,-0.949628594301661,-0.959126211448776,-0.96888063403778,-0.975554960400148,-0.981116811864566,-0.989673244912544,-1.0002833369576,-1.0118346131018,-1.01542832021221,-1.01919331812143,-1.02158929720347,-1.02193161728843,-1.0215037825604,-1.03681953358848,-1.05187847917467,-1.06727948333315,-1.07737570298176,-1.08738640798731,-1.08866991217141,-1.09038125108354,-1.09046728875196,-1.10201882640882,-1.11374139335184,-1.11733510046224,-1.1203296820458,-1.12289616738865,-1.11990080126708,-1.11596451255905,-1.13059588492988,-1.14488519872842,-1.15463962131742,-1.16216961713585,-1.16952832215548,-1.1663624497731,-1.16302554810459,-1.17192430123752,-1.18381763595401,-1.19134710874711,-1.19682318405578,-1.20178564848069,-1.19938966939864,-1.19494029283217,-1.20127203759691,-1.21213867357119,-1.21633150620844,-1.21941212546041,-1.22206490998434,-1.19759386189412,-1.1341911611163,-1.06248857121972,-0.955704579675199,-0.738114793235022,-0.523348820604929,-0.34392079355202,-0.179038624226861,-0.0519756326913423,-0.0458151787254199
-0.058421043031816,0.00692948731472362,0.137978151553129,0.316016325813868,0.474040833667168,0.675660996269501,0.775644488573774,0.825679984368766,0.845694182686754,0.913915966189813,0.947939890566183,1.00241285013634,1.02816982072266,1.03852478938228,1.04348458931893,1.04827045450526,1.06236714793879,1.09073500146672,1.1195379578257,1.12719587403439,1.12806634565177,1.1295461208058,1.1348545881089,1.142338303612,1.16078602535608,1.17862444356352,1.18567252432502,1.18645523070142,1.18671613282688,1.19019668952005,1.19515675541197,1.20464178436476,1.21699833242935,1.22935461453866,1.2321391662753,1.23361840951878,1.23379261022436,1.23414101163554,1.23457664637715,1.24092925409267,1.24762973130881,1.25694055955601,1.26398890627278,1.26877450550384,1.27712789475849,1.28696079321191,1.29583625267277,1.30549468446532,1.3181118687001,1.32141822468768,1.32115679065166,1.32019961761439,1.32019988356967,1.31985228002432,1.32446474237089,1.33099181674728,1.33838883083049,1.34404516763421,1.34665578462055,1.34804806048886,1.34839592998949,1.34848289736464,1.35022357464414,1.35387833204289,1.35814212702302,1.36388516524662,1.36771359144041,1.36945347085408,1.37093271409756,1.3776331913137,1.38372463094847,1.39173068261306,1.40130294489628,1.40025880448385,1.35370439729258,1.26512028001563,1.13024265767288,0.947070216814624,0.736748263546461,0.550008032664618,0.393027931179018,0.271637964688428,0.189493156546872,0.135890136683559,0.0920330478985002,0.0529620902550535,0.0222450537768127,-0.00577466429521502,-0.0304874944691131,-0.0536341140243704,-0.0743443172988973,-0.103408441738624,-0.132124430722454,-0.159361442418075,-0.18598915057706,-0.208004928300019,-0.224277401844106,-0.238983398814279,-0.254037265285081,-0.267959758013024,-0.291106111613014,-0.314078530462691,-0.337399084768266,-0.359588265330983,-0.38125564164277,-0.397005779025368,-0.412494748327226,-0.427635582173176,-0.443385719555779,-0.460962969682476,-0.479323458096128,-0.497858147215377,-0.516915172496105,-0.535711295651361,-0.55363747909979,-0.570954624966845,-0.586792261635156,-0.60132458981029,-0.614812511617738,-0.627169059682321,-0.639612575122063,-0.64996780973696,-0.660061876271119,-0.670591045636328,-0.6817292525829,-0.69208422124253,-0.70792132600028,-0.723845398133189,-0.74046547522262,-0.756215612605218,-0.764917403271048,-0.771008576950549,-0.776664647798994,-0.7812768441903,-0.786672012913274,-0.806250842444937,-0.825655471271008,-0.845582436258574,-0.865509135290867,-0.882042245005139,-0.891353073252343,-0.899880929167867,-0.908060649627475,-0.915109262299517,-0.926856772782737,-0.939474488928071,-0.952962410735507,-0.958357579458487,-0.964274818387682,-0.967668673660965,-0.968016809116863,-0.967059636079596,-0.981765633049775,-0.996210461939202,-1.01169943124106,-1.02005308645099,-1.02875487711682,-1.02901604519756,-1.02910327852799,-1.02866817569694,-1.0453754861168,-1.06182162845593,-1.07974701403853,-1.0886224734994,-1.09654102587827,-1.09619289042237,-1.095583852841,-1.09253839897889,-1.10759279736024,-1.12212512553538,-1.13683138846084,-1.14414090325834,-1.15145015210058,-1.14962250744593,-1.14796853158631,-1.14483531248321,-1.15649532368072,-1.16998297953289,-1.17798849928692,-1.18425413962729,-1.19069398067324,-1.18991127429683,-1.18756209134652,-1.19617718059247,-1.20940393431917,-1.2235006277527,-1.22941760072662,-1.23550877440611,-1.23516037299494,-1.23107024680985,-1.22567507808688,-1.23585637795146,-1.24638581327195,-1.2463863451825,-1.24716984942473,-1.22750405251791,-1.16702662068814,-1.08018264878013,-0.973063576428665,-0.795025402167926
-0.568011187659209,-0.311951550945389,-0.0183733993374738,0.294137070472797,0.547949295301489,0.737184757980431,0.841355178798748,0.88769186576741,0.89123657278022,0.896596700327097,0.920283829755058,0.959531366912992,0.991084702153806,1.01848854249032,1.03724753572246,1.04692942628428,1.06188478190787,1.0846207377188,1.10018140966367,1.10899931752335,1.11989184072775,1.13000651528532,1.13865136238968,1.1558546583282,1.17807169608804,1.1887047602669,1.19051991658607,1.19164362252863,1.19726268067126,1.20348705513516,1.2160222023332,1.23391721286321,1.24852723962083,1.24921895421233,1.24688487984209,1.24359989606971,1.24506945930803,1.25060185496554,1.26356872929975,1.2781779634127,1.29313305482139,1.29641777437888,1.29486154865546,1.29183602390861,1.29373837114268,1.2967644243193,1.30532313736835,1.31690763937914,1.32987504214313,1.33056649251973,1.32866467371546,1.3263305993452,1.32347760692389,1.32226723849622,1.3283188164197,1.3358396933666,1.34387922414968,1.35122730455616,1.35321578584555,1.35399363449236,1.35347498065619,1.35736528074985,1.36134224332862,1.36903618103085,1.37733543505436,1.38615334291404,1.38546189253743,1.3845107189204,1.38165772649909,1.37759462986499,1.37577920933093,1.38010150077566,1.38476964951614,1.37335847247558,1.32676259069628,1.23391668443342,1.0927464025572,0.903943195444208,0.698714805254424,0.515963176064915,0.36597577897369,0.254111948882929,0.180890603843722,0.134122453953778,0.0924547083702892,0.0551956525017365,0.0198384154374621,-0.0129255524459197,-0.0425773330973536,-0.0697222428381234,-0.0947061389639587,-0.118047411096166,-0.13931380366877,-0.163260127907363,-0.185736888907654,-0.207867528397282,-0.229912033831603,-0.250400313542495,-0.268727315423579,-0.287140451359975,-0.305121595945305,-0.32171931134764,-0.341688937222363,-0.361658827311967,-0.380418613188798,-0.400907157114582,-0.41992587358716,-0.435832138612887,-0.451305883857757,-0.467817200989875,-0.481389391645365,-0.497555379911526,-0.515536788711748,-0.533345400971543,-0.550635095180276,-0.566714420961322,-0.580978061993415,-0.59385853805741,-0.606220360285224,-0.618063528676858,-0.633191945055771,-0.649617392347456,-0.666043103854051,-0.681258446932959,-0.695004226773564,-0.707366577431157,-0.717826845069591,-0.727508735631415,-0.739092709212405,-0.753443012729606,-0.767361324895741,-0.782144148193793,-0.789924748381129,-0.797359227057808,-0.802546029634468,-0.806954455134519,-0.810844226798406,-0.829430423490128,-0.846806515969066,-0.864528465743752,-0.883461048161011,-0.899367841616527,-0.90680258450811,-0.914237327399694,-0.920980355699776,-0.926080760006225,-0.936627425914864,-0.948297797766076,-0.960054567887498,-0.966451474676936,-0.973021178006806,-0.976392295834507,-0.97907196328561,-0.981319375170738,-0.995669678687939,-1.01053863604132,-1.02592651144577,-1.03362044914799,-1.04079599722893,-1.04096932219914,-1.03975974641615,-1.03803125258209,-1.05091252129075,-1.06569534458881,-1.08039150540176,-1.09093790709551,-1.10122511397862,-1.10425063872547,-1.10502848737229,-1.10554714120846,-1.11661246095328,-1.12733192340234,-1.13416108575775,-1.13960708314505,-1.14513947880257,-1.14488001977703,-1.14470695902171,-1.15231449845372,-1.16363954143897,-1.17660720841785,-1.18049777272641,-1.18507978741157,-1.18507978741157,-1.18274544882644,-1.17850902722213,-1.19182149463719,-1.20487476724161,-1.20781389371824,-1.21014796808848,-1.21230951013319,-1.20530755123736,-1.19770054023514,-1.21066794299913,-1.2262288791589,-1.23625689123137,-1.21628726535664,-1.15758875616017,-1.0565307867887,-0.922362992238089,-0.752405440842358
-0.643530566112283,-0.489928066519619,-0.307215240235356,-0.102559199723564,0.113776018734045,0.42637818920407,0.662886951136279,0.827814640438902,0.940892653324746,0.997962642121489,0.973807339452804,0.970268268373406,0.990442352700917,1.01707530259429,1.04149589362004,1.05919206029641,1.07777279192279,1.08697432264393,1.0944064530386,1.11033294896204,1.1370540578813,1.14740625318889,1.15262656556886,1.15262656556886,1.15492708346238,1.15510421279355,1.16572196688467,1.17925951546224,1.19217751702041,1.19660142347627,1.19969780644098,1.20792634275976,1.2168628555503,1.228011456782,1.24340710556485,1.25871459532181,1.26163466023473,1.26269662494236,1.26110435394707,1.26296272457881,1.26473239533174,1.27296120207698,1.28119000882223,1.29189592193923,1.29375375171805,1.29552315204453,1.29428405800573,1.29711515261337,1.29861926458277,1.30552081826332,1.31189152480329,1.32259797877321,1.32551804368613,1.32870366738257,1.32985406154256,1.33516307380134,1.33684404467546,1.3451610104466,1.35170803503835,1.36020185971419,1.36037844819244,1.36294425444302,1.36028974831362,1.36382908981949,1.3668373137583,1.37550826776532,1.38214426266234,1.39240802851757,1.39267358730109,1.3918777222299,1.38860448036049,1.3864813622246,1.38418111475755,1.38780888571576,1.36568854215707,1.30729102986917,1.204564671438,1.05450124292472,0.85453493807878,0.656072745202252,0.485924473093195,0.350106840055713,0.24950468146626,0.190399733559523,0.147929258047988,0.1027158469547,0.0594489655190558,0.0213136965845708,-0.0155827487375831,-0.0476128699156319,-0.073626272789602,-0.0968083106294618,-0.118839954309342,-0.139633044803337,-0.16369991801967,-0.187324373547769,-0.211391246764102,-0.23492727283985,-0.25775532244384,-0.278636571963722,-0.297571291825985,-0.315090329171178,-0.332874654873438,-0.351012698385133,-0.36888545353975,-0.387289326261416,-0.400915304291341,-0.414010705607138,-0.425513835927639,-0.436486119107549,-0.448165837906288,-0.46957847541969,-0.490813983601919,-0.513199345091223,-0.535496006701699,-0.551687790982203,-0.562747421908638,-0.572125811534483,-0.580885194993863,-0.58946798997498,-0.607341015556055,-0.624329476187133,-0.643707154590534,-0.663438550803359,-0.675294858080355,-0.683346805920893,-0.692194889259076,-0.699538590201397,-0.704935761486075,-0.725728581553612,-0.744928589772929,-0.764217297871057,-0.781825035095077,-0.796247419049111,-0.801644860760254,-0.807661579064338,-0.811377779474898,-0.817925074493109,-0.832789605708919,-0.849246948772948,-0.865439003479916,-0.879418969745717,-0.890390982499175,-0.897646794842055,-0.902867377648488,-0.907999260576106,-0.920209556088978,-0.935250946209491,-0.949053783144124,-0.964714720284043,-0.975420903827512,-0.982853304648643,-0.987543040314497,-0.992055646649172,-0.995064141014444,-1.00700914817026,-1.01762690226137,-1.02974849789542,-1.03603023413011,-1.04186955267656,-1.04275411762657,-1.04425822959598,-1.04558575308714,-1.05841613647233,-1.07310462006281,-1.08805839201035,-1.09805713993498,-1.10602065832317,-1.10911731171433,-1.10964788842845,-1.11026689459494,-1.12017640178784,-1.13238642687425,-1.13760673925423,-1.14203091613655,-1.14530496928534,-1.1433584396277,-1.13981909812185,-1.14751678730004,-1.15937282415058,-1.17255584363936,-1.17689105021641,-1.18166894490814,-1.18069540965287,-1.17697920924229,-1.17246687333408,-1.18715481607164,-1.20157692959921,-1.20679724197919,-1.21077873074682,-1.21467179006209,-1.20723938924096,-1.19971882939393,-1.21122168928797,-1.22493663762317,-1.23732433289367,-1.21812432467435,-1.1733533312693,-1.07797121463336,-0.913397243140164
-0.660137900276214,-0.372628894116136,-0.0418663942206147,0.299161114563022,0.585705052752351,0.786444017348947,0.883041180610698,0.910766170265529,0.901028074009413,0.894623873302155,0.90839841528311,0.956301879477221,1.00324027570059,1.02815720984286,1.0346496315455,1.03877349381896,1.04017752157524,1.04956514719013,1.06869113721006,1.09325679626434,1.10167908575955,1.10931167667909,1.11571641368419,1.12677138929689,1.1361592830607,1.15318003589297,1.16827065278375,1.17704394921804,1.18143032928626,1.19195839226697,1.20274977748921,1.21345347801393,1.22766671163148,1.24275732852227,1.2473196142834,1.24705629204187,1.25082887922733,1.25582985662507,1.26126952565943,1.27056946657678,1.28416863916266,1.28890656246779,1.28969652919239,1.28873172937057,1.29346965267571,1.2970668704661,1.30601580444438,1.31601722294203,1.32698370941042,1.32812387862733,1.32689522026611,1.32566656190491,1.32856176581716,1.33321173627584,1.3416345620689,1.35172446971085,1.35900685813808,1.35874380404546,1.35505916970647,1.35172527415761,1.35242701988683,1.35532222379908,1.36277971347247,1.37155327805568,1.38015147324382,1.38094143996841,1.38023996238812,1.37804704050293,1.37962643765428,1.38260959441299,1.38936533835716,1.3962964516964,1.40436800240148,1.38699651077906,1.33137223467002,1.23345926464737,1.09246817028435,0.903661296424742,0.703712030403828,0.525959864008013,0.379090677122946,0.266613734692593,0.192477261446384,0.143169769495989,0.100705706187301,0.0656114478544689,0.0322719560680499,0.00217867513295957,-0.0258965170141712,-0.0507254983099793,-0.0801167653669277,-0.106788197906701,-0.133371945748941,-0.155920052313102,-0.178819165816337,-0.197507000497494,-0.215931781086044,-0.232338741035566,-0.254448424112046,-0.275066662883629,-0.296386647384427,-0.317969685977851,-0.336920574751616,-0.352098876339928,-0.367803286113461,-0.382805950157773,-0.397106600323955,-0.417899672192765,-0.439306805093262,-0.460801890840214,-0.482647715377318,-0.503704109487662,-0.520987916412547,-0.537569977608223,-0.553099286135603,-0.566961780963012,-0.580999645185501,-0.59512519410553,-0.608022352813263,-0.618024307608765,-0.628289316496863,-0.638554593533888,-0.64803017199523,-0.658821557217476,-0.676280465388508,-0.694090648647541,-0.711637241516113,-0.722691412682046,-0.733570482601826,-0.740589548787539,-0.746818648248645,-0.752872646463591,-0.772174810325368,-0.790774960308985,-0.809374842143688,-0.821394885727144,-0.833414661161667,-0.838152316317887,-0.842714333930107,-0.846135914176491,-0.86298076131586,-0.879299232121069,-0.896056394562886,-0.905531704875314,-0.915884398460952,-0.919042924614735,-0.921675074434376,-0.92378084791987,-0.940801600752141,-0.957734668886885,-0.973878038445941,-0.984494054273118,-0.994671378463676,-0.996250775615028,-0.996777151949176,-0.998970341983283,-1.01370968378607,-1.02906335476945,-1.04345168963317,-1.05652421773598,-1.0687196307145,-1.0729311776855,-1.07687940241495,-1.08345977696405,-1.09398810809369,-1.10451643922332,-1.10995610825768,-1.11399174953575,-1.11706232284307,-1.11679900060154,-1.11600930202586,-1.12846776909699,-1.1418915722878,-1.14469935965144,-1.14794583865168,-1.15092899541039,-1.14513858758589,-1.14022556303461,-1.15531617992537,-1.17216156336258,-1.17909267670182,-1.18804134253118,-1.19523524181412,-1.19207644751141,-1.18646087278415,-1.2018142756186,-1.21681720781184,-1.22164281581451,-1.22646842381719,-1.23217141509307,-1.22567926153936,-1.21795844962443,-1.23173272345646,-1.24559468198604,-1.24927958447396,-1.22585409463658,-1.15566584611983,-1.04196104977504,-0.89596978246104,-0.722517115882666
-0.609749292267154,-0.464266362086668,-0.295934408031406,-0.0977023971729768,0.119986787381042,0.427196920407325,0.66889502484399,0.851864528261088,0.965127336834316,1.00895105592204,0.977802174113209,0.969412841604701,0.976642550893668,0.999848381912924,1.03804884222681,1.06268272018896,1.07383921758548,1.08205069209843,1.08901252324071,1.09883044826879,1.11989407247951,1.14426034508331,1.15327463567131,1.15523789333093,1.1609498083142,1.16880420289434,1.17924681321358,1.19825797797858,1.21860826068869,1.22432072124864,1.22414204488806,1.22030391298995,1.21958975312432,1.21958948033599,1.22744387491612,1.2378867580237,1.25145361316379,1.25555935042025,1.25877225145053,1.25930718937891,1.26207353590192,1.26269767561641,1.26974816296813,1.27697759946876,1.28563535570063,1.28991976931767,1.29322241771074,1.29438313208363,1.29857807112622,1.30455813704452,1.31134129182623,1.32133789321488,1.33240546161362,1.33686855159124,1.33901075839976,1.34088535984993,1.34177765049945,1.34115241963161,1.34472212780636,1.34838131055556,1.35346854024768,1.35427190189941,1.35694986500132,1.35784270122751,1.36346596000134,1.36864293705624,1.37881821480546,1.38774384918403,1.3978296523588,1.39907929572947,1.39997185916733,1.39765124878656,1.39916849751558,1.39997185916732,1.37917584031495,1.31991175579034,1.21798439376254,1.06223725683504,0.858025180058318,0.655419826585051,0.476555787636098,0.335624330854333,0.235481550125587,0.175413831160891,0.131946919217649,0.0970482889318153,0.0571516307399843,0.0199329356500648,-0.0149651490590987,-0.0476315523852742,-0.0786023034102006,-0.103592988516821,-0.12626333603102,-0.147148556669514,-0.167319890230726,-0.188561918013687,-0.209893147582769,-0.231938537017467,-0.25059234906132,-0.269781644610217,-0.28798944772347,-0.305126556614974,-0.321727909213093,-0.345380294739607,-0.367693835109333,-0.389917900904609,-0.412409299269908,-0.428920904505229,-0.44096996533961,-0.451948059163901,-0.461944387764225,-0.471405505647826,-0.490862952131752,-0.510677205760144,-0.531384022826402,-0.551555356387602,-0.569406079568059,-0.582347703840304,-0.593504474025167,-0.603857882558299,-0.61474704738481,-0.63045583654507,-0.645629142200285,-0.662230222010063,-0.674100879272207,-0.687131432542239,-0.696056248555785,-0.705427619076601,-0.71435298066683,-0.7343459106558,-0.752464784771272,-0.772100907615769,-0.791915161244167,-0.810479771501899,-0.821814672470664,-0.832346211787691,-0.842253065813552,-0.85135683097601,-0.862692004733116,-0.874205582062452,-0.886700924615768,-0.893216474039119,-0.89875025823849,-0.900802990472559,-0.904908727729027,-0.908389779694335,-0.92249184555112,-0.936772314980141,-0.954265958227777,-0.96212035280791,-0.970421029106973,-0.972473761341036,-0.975686935159657,-0.976579771385845,-0.992288560546111,-1.00630142461678,-1.02334933172216,-1.03361381125751,-1.04503818680074,-1.04744799896761,-1.05208921972913,-1.05262443044583,-1.06404880598906,-1.07404540737771,-1.08073936037329,-1.0833275761124,-1.08832587680673,-1.08654074993102,-1.0858265900654,-1.0946627498695,-1.10858641215406,-1.12143883464018,-1.12965003636478,-1.13500514420358,-1.13661186750706,-1.13411285355407,-1.13197091953388,-1.14214592449477,-1.15571250684651,-1.15606931399099,-1.15955009316795,-1.16071026196416,-1.15615824298877,-1.14999977349823,-1.16758261853199,-1.18195228974713,-1.19025269325785,-1.19444763230044,-1.20007061828593,-1.19221649649414,-1.18677218686922,-1.19792922984242,-1.21560154945063,-1.22104585907555,-1.22720405577775,-1.23050615859414,-1.19292983799475,-1.12250843770859,-1.04450079377732,-0.923383863412302
-0.736805304968636,-0.57677544638027,-0.383289863739282,-0.152893650525481,0.0906486700163159,0.398405272935037,0.634195044926204,0.803579216166075,0.928468394800885,0.994199704120112,0.981896332302339,0.986615342087874,1.007514513086,1.01939677470841,1.03439705469474,1.05487485793776,1.06785277874735,1.07392037139705,1.08470723139202,1.10248838402624,1.11108392564684,1.12060616725698,1.13265661539778,1.14445413986162,1.15422930514873,1.17108350023364,1.18945472226086,1.1976291536861,1.19998891613862,1.20807912552479,1.21490497408587,1.22071964305859,1.23386600794635,1.24903473201082,1.25122553526569,1.25274230464824,1.25316341484359,1.25417407931245,1.25653332664546,1.26453905643282,1.27347200132921,1.28215228010838,1.28569243890668,1.28763134872358,1.29395212260999,1.30094667280898,1.30861551444004,1.31889652708108,1.32968312951631,1.3306100870656,1.32690251442818,1.32353182994705,1.32243642831962,1.32201531812426,1.32791446669581,1.33709982014966,1.34561088217144,1.34915001073072,1.35108789030862,1.35184588866026,1.35496364946442,1.35858725762252,1.36516018250664,1.37232291922401,1.37813758819673,1.37864317799092,1.37721037308769,1.37527223595004,1.37687348493141,1.38091846084462,1.38858704491592,1.39827824572371,1.40653664162828,1.40906484815894,1.38327796573739,1.31510292948633,1.2065620985825,1.05318938691732,0.851782038968311,0.653240043265992,0.482254623044749,0.336382051372741,0.227335630674719,0.160172031571781,0.112896166318849,0.0720247818718886,0.0393275712904209,0.0105068925440164,-0.0153644694763624,-0.0454492514880965,-0.07300582696916,-0.0996354449009427,-0.127107798342932,-0.153231826480528,-0.175310621145156,-0.197305193770721,-0.218288586807919,-0.23564811412726,-0.254524410829159,-0.274159478561948,-0.29328869894081,-0.307277284219269,-0.322951598077925,-0.336519073161028,-0.347979709468578,-0.360030672728891,-0.38168861475792,-0.403093633109981,-0.426521268198515,-0.450707159198452,-0.472196142029831,-0.488628711799885,-0.504471469736679,-0.51660639747631,-0.528488659098722,-0.543741605202273,-0.5587418851886,-0.574331719448431,-0.588741672482007,-0.603067403476502,-0.615033629578233,-0.625904454052528,-0.635511690381001,-0.651102297320085,-0.666440238141957,-0.681778436523591,-0.692987179393182,-0.704617032458134,-0.712707241844304,-0.720122902238647,-0.727959672828341,-0.744729130754687,-0.760908519288022,-0.777593755175283,-0.787874767816329,-0.796639011074822,-0.802201013930327,-0.807341906590487,-0.811134216386476,-0.828493743705823,-0.847285818368642,-0.864392422011015,-0.877116904024149,-0.890263011352135,-0.894813834619284,-0.899448879925502,-0.903578335437534,-0.91824172726758,-0.93307356317577,-0.950854715809979,-0.963748157020759,-0.977989923535937,-0.985742729646312,-0.992315654530432,-0.994843603501341,-1.00512461614239,-1.0141415255181,-1.01540537122368,-1.01860761162667,-1.02408513488335,-1.02518053651078,-1.02518053651079,-1.04169784343942,-1.05568694383738,-1.06992896791232,-1.08113719566241,-1.09386219279504,-1.09605325360966,-1.09967686176776,-1.10287910217075,-1.11155886583043,-1.12049155316706,-1.12647492377768,-1.13254251642737,-1.13633482622336,-1.13894751235285,-1.13962180378493,-1.15133536376945,-1.16085786293934,-1.16844196741183,-1.17206531801017,-1.17754284126685,-1.17484619065805,-1.17467800413966,-1.18268424904651,-1.19642068332726,-1.20265697761485,-1.21158992251124,-1.21740459148396,-1.21908980494466,-1.21546619678655,-1.22465155024041,-1.22903341430991,-1.23257254286918,-1.23501626980102,-1.2389767661154,-1.20130762207144,-1.14063246825379,-1.05029415773927,-0.912342836255784
-0.766334359092107,-0.586185216310636,-0.375489499237367,-0.148631756902332,0.0812722378018512,0.386992977310122,0.625020139253907,0.805423244156656,0.939794809417752,1.01510388859651,0.991749718128353,0.978634203852987,0.982949749594062,0.994711402662822,1.01823470880035,1.05047367425472,1.07746658916928,1.08516665861825,1.08660508765952,1.09337439369252,1.10471294897065,1.11918206583538,1.13796698705843,1.15615967482147,1.16326751081043,1.16800589572492,1.17731378850176,1.18822924598924,1.19829850789544,1.21319098116805,1.22766061526724,1.23172219888704,1.23282209797237,1.23976053967474,1.24695268488115,1.25541386484225,1.26802145487506,1.28265996602638,1.28562139194363,1.28553682410895,1.28257539819171,1.28367555589426,1.28469114576213,1.29137614257769,1.29966870410388,1.30982305107923,1.31227732860562,1.31329317709072,1.31532435682647,1.31820173214349,1.32099428100861,1.32810211699758,1.33487142303058,1.33893300665038,1.34062539781294,1.34113306343825,1.34240235681018,1.34629454614338,1.35077896893659,1.35627872298044,1.36211700698025,1.36516274211495,1.36482395354176,1.36431602929921,1.36516196626325,1.36820796001518,1.37252350575626,1.37870083694649,1.38640116501268,1.39105549932695,1.39122515223078,1.39046378310141,1.3876712342363,1.38657107653375,1.36110115849515,1.29916155571302,1.194406059945,1.04624243773109,0.844177812139976,0.644059281215459,0.469071621139115,0.331653803508866,0.229013279459581,0.169950534760022,0.127557222330304,0.0919334745508215,0.0510634176143031,0.0149320042095013,-0.0206071757353021,-0.0532692389802983,-0.0854236365999863,-0.110301062561348,-0.13467056428016,-0.156501479255128,-0.178924627690099,-0.198386091590596,-0.219032281028331,-0.239340457744563,-0.25533308871972,-0.270564350565521,-0.286980337948554,-0.30153453988243,-0.315326855452485,-0.336227007011492,-0.356619492945185,-0.375996647628221,-0.394866136685955,-0.414666389159638,-0.430659020134801,-0.447074490283369,-0.463574528266615,-0.482866856497748,-0.49987481872355,-0.517136743070629,-0.53228343708174,-0.545314642139652,-0.555215285610967,-0.566046433880996,-0.57645422574316,-0.589062074393202,-0.605308667489642,-0.622993431010126,-0.64033992319189,-0.651932699208522,-0.661325159820047,-0.668179033687732,-0.674610068382006,-0.680956276624366,-0.698302510188889,-0.717425961367895,-0.737733879466903,-0.751103097246312,-0.765911002684236,-0.774203305593201,-0.781141747295566,-0.786472624287281,-0.803649980799681,-0.817865652777607,-0.833181482458081,-0.843166435146828,-0.854589816876873,-0.860005261703266,-0.866436037780317,-0.872190012562673,-0.888351779207198,-0.902482624733204,-0.917459665840492,-0.924652069664139,-0.933198334694382,-0.936413722732899,-0.940390738518018,-0.943521558721856,-0.962052776440858,-0.977960580964112,-0.995222246693955,-1.00656080197208,-1.0180687515368,-1.0211993131234,-1.02475323111789,-1.02526089674321,-1.03769960972389,-1.04912273283669,-1.05487670761906,-1.05944595686418,-1.06570785588909,-1.06494648675972,-1.06477735109036,-1.07704692840168,-1.09295499154216,-1.10877822823072,-1.12087815263822,-1.13280919999357,-1.13754784352529,-1.13915566685317,-1.14000186243445,-1.14914061954192,-1.15853282153621,-1.16217104874814,-1.16513247466539,-1.16792476491327,-1.16682486582795,-1.16386369852793,-1.17351037987796,-1.1862876228146,-1.19229555971824,-1.19661110545931,-1.20244964807636,-1.20101121903507,-1.1969498940325,-1.2065963167653,-1.21852710550343,-1.22402711816452,-1.23020393212028,-1.23629617824137,-1.23528058837349,-1.23206520033497,-1.20964153466554,-1.15218661329385,-1.06943116817016,-0.939459716484828
-0.741268056178931,-0.561073548302126,-0.36641494591342,-0.143797745483066,0.0893239335097801,0.384503880761927,0.610999939054283,0.790952419635485,0.92266416783675,0.985772785165644,0.965167618477708,0.963147431459294,0.973005598355871,0.987469939834409,1.01987294931655,1.05647760204373,1.07441627004733,1.08039582604853,1.08952642925853,1.09914207492625,1.11263657845598,1.13396930883049,1.15546355537983,1.16006972996179,1.15990821378697,1.16241319629648,1.16887754778877,1.17647325340471,1.19134163228693,1.20855323053721,1.21752256453902,1.21921947224116,1.22220925024176,1.22940067148738,1.23715789327814,1.24847069361462,1.26261175577689,1.27319723939343,1.2740860722882,1.27101528923357,1.26802526426634,1.2685098127908,1.27149934382477,1.27990287728144,1.29089239830166,1.30147788191819,1.30462917609362,1.30656860502462,1.30761920106085,1.31101301646514,1.31545742790564,1.32442700887407,1.33380038027956,1.34228491879027,1.34454762703754,1.34446686895013,1.34301248247685,1.34535619577816,1.35028540270977,1.35860817807903,1.3680620606053,1.37711190572788,1.37775772346054,1.3746869404059,1.37016177087798,1.36474801542191,1.36127344193022,1.36175848438794,1.36377842443972,1.36749527219365,1.37282802259568,1.37549427431338,1.37783724671481,1.38058450348655,1.35917126199126,1.29735576192744,1.19424892343373,1.04564910326507,0.848728039595711,0.648655434784303,0.474521240996115,0.332224256144939,0.227097477599438,0.164392897674223,0.119142190261523,0.0819717369892271,0.0490031739285758,0.0195899424470288,-0.0130550943307255,-0.0405286499146397,-0.0683252378481921,-0.0949097135707035,-0.122787059591675,-0.143877021770703,-0.166906412880737,-0.187107789131621,-0.206178058225493,-0.220804162845479,-0.239228120273438,-0.254177257243073,-0.268883872983841,-0.281327780477344,-0.296922982146261,-0.309043363356851,-0.324396043796917,-0.342334464833898,-0.363424427012931,-0.382332685998723,-0.404635007355434,-0.417725473481472,-0.430492907257872,-0.440593842349937,-0.452310680090107,-0.459259827073494,-0.479703477586608,-0.49756114053618,-0.518004297116041,-0.534649847854556,-0.552265236541893,-0.5612345705437,-0.572789645142421,-0.580547113899802,-0.592344709727385,-0.606647041097848,-0.625312778854783,-0.640584948174062,-0.655372075035617,-0.668543299249063,-0.681633765375106,-0.690037545798401,-0.700299750098668,-0.715572166384574,-0.730925093791261,-0.743692527567661,-0.759288223169837,-0.770520265418914,-0.779489599420715,-0.786762272687005,-0.794519494477759,-0.800822082828605,-0.815286177340517,-0.830396583518348,-0.848496767696777,-0.865465844718195,-0.886394290722401,-0.903605642006054,-0.919201090641603,-0.933180389662423,-0.953462277034088,-0.969865800477,-0.984814937446636,-0.996612533274213,-1.00816760787293,-1.01430892701559,-1.0184298121732,-1.02368180448782,-1.03507511594509,-1.04646842740237,-1.0537406067354,-1.06198262401724,-1.06893177100064,-1.0732144192997,-1.07418425724851,-1.08315383821694,-1.09454764360747,-1.10650724954313,-1.10893172093185,-1.11466900267083,-1.11563884061964,-1.11571959870705,-1.11337588540574,-1.12775872789698,-1.14173753298454,-1.14917098152577,-1.15143294887316,-1.15733149982032,-1.15361440509976,-1.14949351994215,-1.15919041763054,-1.17640226284745,-1.18828086372907,-1.20056350201438,-1.2110682275435,-1.21615895064993,-1.21688626736988,-1.22367389817845,-1.23288550644248,-1.24557168819822,-1.25147023914537,-1.25801534872509,-1.26100512672569,-1.2619749646745,-1.25947047609826,-1.26625860084008,-1.26957190512358,-1.27013770566871,-1.23417961157408,-1.16016223131238,-1.03531862504046,-0.895606886852949
-0.708202821643031,-0.459782145526444,-0.202151618648918,0.0652645474489151,0.396820934126556,0.639403301246646,0.818338549907081,0.950237586543739,1.01750279782792,0.998589742859628,0.986254901394322,0.996698261434417,1.01421343975016,1.04200735940636,1.07350180690004,1.1000627199296,1.10951937307688,1.11305553354097,1.11749646853744,1.12695337301097,1.13632784247155,1.14866293526312,1.16058660696871,1.17160575546816,1.17736213210423,1.18213155052121,1.19175231971561,1.20071536809022,1.20976034882526,1.22209443631179,1.23648462392317,1.24026708412107,1.24372080957221,1.24528355625065,1.24799762852155,1.2507114494662,1.25926357940735,1.26723992088913,1.27636733663712,1.27957425970192,1.27908090625551,1.27858780413535,1.28039710187387,1.28261756937211,1.28820932730854,1.29659708987629,1.30399789422497,1.30786278943582,1.31041199168083,1.3129614452521,1.31649735438992,1.32003326352774,1.32554283777747,1.33072342595418,1.33532797434526,1.33639686492477,1.33713676943126,1.33697189940535,1.33919161292482,1.34206954991659,1.34741425414042,1.35341693051029,1.35941985820644,1.36172276071763,1.36238098418993,1.36114797756331,1.36377986614752,1.36690510817815,1.37175696160808,1.37891121489669,1.38787451459755,1.38828568435727,1.38853223541735,1.37068781970231,1.31287901023915,1.21231005372278,1.07070781287877,0.880424680972112,0.675833545140757,0.496240575660524,0.346250572248759,0.232277632361309,0.158680255981705,0.114685845670575,0.0767767980685231,0.0457754526950123,0.0177347306524663,-0.00792115651845396,-0.0404842432653779,-0.0700050256471516,-0.100265963861671,-0.129129276749898,-0.152894436474385,-0.171396824335475,-0.189241240050509,-0.204536453520538,-0.218268920312125,-0.238908586679726,-0.259548253047322,-0.280270103101613,-0.301485306602313,-0.323029747502301,-0.340133756058337,-0.356826594854643,-0.373930603410673,-0.391117046979656,-0.409372381128147,-0.428367871109395,-0.446870007644221,-0.461260697908122,-0.475240218412302,-0.486999522744509,-0.499087813149742,-0.509696043215735,-0.526882486784718,-0.543657509267724,-0.561008068883833,-0.576796133147752,-0.590774899673154,-0.600560287567204,-0.608536880375247,-0.617089261642646,-0.625723826596739,-0.641183658766421,-0.657136593056244,-0.675309492191788,-0.6938111260741,-0.711984025209644,-0.726209845447646,-0.739366775106123,-0.751865983944818,-0.761076086032016,-0.771766248458446,-0.782374227198188,-0.794297647577511,-0.803178512265431,-0.813950607052294,-0.823571376246691,-0.832287622234959,-0.839770610270335,-0.852023016722688,-0.864768776621451,-0.877432352833524,-0.886560019907781,-0.897907903154005,-0.907775726061001,-0.917890351354328,-0.928333962720686,-0.947493820075306,-0.96328238699175,-0.978577349135523,-0.988938274162665,-0.99740796909086,-1.00086169454199,-1.00571304531941,-1.00933113814393,-1.02035028664339,-1.03284949548208,-1.04395082766823,-1.05291437869535,-1.06196011340917,-1.06648298076607,-1.07100559679672,-1.07709070817955,-1.08704046344698,-1.09838809536695,-1.10151258341879,-1.10356843221739,-1.10422615303718,-1.10126603235871,-1.09625006288166,-1.10833835328689,-1.12026202499248,-1.1323503153977,-1.14378038233063,-1.15488171451678,-1.15767746782186,-1.15981550030715,-1.16384476289138,-1.17247932784548,-1.18218278337908,-1.18678808574895,-1.19246227869831,-1.19550508571599,-1.19501173226958,-1.19435401144979,-1.20274152269129,-1.21129340130618,-1.21417133829795,-1.21696709160303,-1.21926924013544,-1.21606206574438,-1.2124437215936,-1.22247566054772,-1.23300095294825,-1.2120317978551,-1.15529213029772,-1.07084072677082,-0.938037418254287,-0.743149486630287
-0.538268099790331,-0.301246325466937,-0.0300017491282347,0.259827961939989,0.512487403549187,0.720689857645129,0.847510781318566,0.917430244186409,0.925289990549157,0.918412649924079,0.929956793149135,0.966144656870496,0.99873019939993,1.03270777532689,1.05939863319962,1.06455688889914,1.06611257317603,1.07757464073069,1.09411263808377,1.11024125800771,1.12923551993567,1.14741102700534,1.15199575393492,1.15412446652033,1.16288479318107,1.17524744103371,1.186545857709,1.20275680353403,1.22027745685548,1.22502608489515,1.22420733003686,1.22216044289113,1.22265139552927,1.22273322096895,1.22903728305481,1.23828881258436,1.24835934720292,1.25245312149438,1.25540058893808,1.26244183067324,1.27062937925615,1.27922580480679,1.29126115090068,1.30403342641318,1.30788147415486,1.30771757304478,1.30624396443828,1.30820877591362,1.31213864909499,1.32081715031603,1.33154253868279,1.34300485646816,1.34668950356117,1.34513406951498,1.34218685230198,1.34022204082664,1.33866660678045,1.34087714480556,1.34718145712211,1.35430427406626,1.35888925122655,1.36126344013103,1.36216377019832,1.36126268943892,1.3628999489248,1.36691139731516,1.37239670454272,1.37960159715726,1.38672491456282,1.38860840105986,1.38828134953181,1.387708571454,1.38893695397214,1.37305356013656,1.32163715632783,1.22756492560182,1.08682541956814,0.892459221931349,0.682291956360071,0.495376628118282,0.341701696154147,0.229044831160023,0.159616571161007,0.115077257746664,0.0791346201136655,0.0468763793429747,0.010606439951227,-0.0244351169223856,-0.0553008238341513,-0.0861665307459171,-0.113593817575851,-0.136026749816345,-0.155594290283525,-0.175653283850245,-0.193665640501937,-0.214379487816866,-0.234847858812726,-0.255725357007038,-0.277011982399784,-0.297561428143227,-0.31606423697165,-0.334485220360381,-0.353234005969268,-0.369608602673679,-0.387375232775608,-0.404978211998154,-0.422417290110623,-0.433879607895992,-0.447880015695922,-0.460079262899888,-0.472442160983242,-0.482758422151559,-0.502489863728818,-0.519274088093071,-0.537941298492979,-0.555380376605447,-0.569790161834523,-0.579615220134013,-0.590258783061084,-0.597381850235931,-0.604996120279615,-0.622353122721691,-0.638809544865794,-0.656166547307875,-0.676225290643882,-0.695383453681927,-0.707664276094878,-0.7209275042455,-0.732307746360477,-0.742787408177476,-0.754331551402531,-0.767758680663236,-0.780776432494795,-0.788799829736919,-0.794694514393631,-0.80050712337995,-0.805419402298992,-0.808939647820521,-0.823185281708813,-0.840705935030266,-0.857571734603509,-0.867068740452131,-0.87754865249983,-0.882379356209887,-0.885326823653588,-0.88696433337018,-0.901619845149014,-0.915538177278557,-0.931257670004052,-0.939690694906019,-0.951071187251703,-0.957047947578807,-0.965317321601401,-0.971048605609431,-0.99274485866203,-1.01149364427092,-1.03204359047577,-1.0415405963244,-1.0534938667479,-1.05513137646448,-1.05832432022725,-1.05586805565238,-1.0714238974985,-1.08370497014215,-1.09786877859075,-1.10564669951382,-1.11645416355098,-1.11686354098012,-1.11858262590569,-1.1176820456077,-1.12783415543525,-1.13782211392201,-1.13921364685812,-1.13913157118772,-1.1423245149505,-1.13855854287921,-1.13331921243211,-1.14625563928539,-1.1618938070326,-1.17278309650944,-1.18236217802846,-1.19218673586655,-1.19390582079212,-1.19341436769258,-1.19889992515084,-1.20905228520909,-1.22125128218236,-1.22771924537829,-1.23459658600337,-1.23713442578723,-1.23746172754598,-1.23598811893948,-1.24466687039122,-1.25342769751335,-1.25932288263147,-1.2381999081181,-1.1783509798688,-1.07740165874841,-0.936170699615201,-0.700786184777687
-0.50678295284674,-0.23392270933786,0.0566236013036805,0.349975825791833,0.520120183563507,0.70922609472876,0.803864160692483,0.854882051855216,0.876054656004279,0.928517994311122,0.946629223530746,0.985657855695642,1.01499300018075,1.03089343852392,1.04339284005032,1.0581882727738,1.07442889276235,1.0863331713186,1.09755708658409,1.10869602140798,1.11702878250622,1.12604216677427,1.14279318917041,1.16175500244301,1.1709380877152,1.173913962445,1.17722975894115,1.18139587961125,1.18700744742545,1.19772122016237,1.21370715870517,1.2247613729665,1.2295231363648,1.23037372041778,1.23598580799003,1.24074731150931,1.24865491052059,1.26004904654827,1.2739941550978,1.27960624267006,1.28224245551252,1.28411332462262,1.28623913505749,1.28964017187425,1.29584712253763,1.30451980540224,1.3123421640929,1.31684846640838,1.31633806400079,1.31735834905792,1.31582766159321,1.31854859499822,1.32271497554735,1.33045261367545,1.33614968168929,1.34482288431195,1.34575844880652,1.34737411671283,1.34669401330108,1.35205089966954,1.35630252053928,1.36540062536989,1.37381862678876,1.38402199711809,1.38419169812224,1.38215060824993,1.3792594540827,1.3761133585907,1.3736478862685,1.37619937854839,1.38164176511649,1.38648876883542,1.39193063564547,1.3832574330228,1.33844649252345,1.24814476799202,1.11320258360247,0.928858435835524,0.717474655022503,0.525477849569051,0.36655740706285,0.242073794206426,0.157894039896794,0.105175500386159,0.0613848449439294,0.024821944980263,-0.00833965828761208,-0.0375045820105167,-0.0636933711245996,-0.0883514727739602,-0.116921013647691,-0.141409154413867,-0.166747879233036,-0.191321520198859,-0.2095179897391,-0.225418687961296,-0.243019774652358,-0.258834972674912,-0.274055047727312,-0.297863344960783,-0.319716052521581,-0.340718695787464,-0.361721598932372,-0.378557861649131,-0.391567405704098,-0.404066547351473,-0.41648070855726,-0.428554688117666,-0.4481113644814,-0.46647779490482,-0.486459893234549,-0.505506427069704,-0.518940873332628,-0.52965438619052,-0.539772776078252,-0.548275757938711,-0.557289142206757,-0.5776116820609,-0.595298268951597,-0.614600523748621,-0.633647577341832,-0.646147238747256,-0.651334164232546,-0.658901841477463,-0.664428428850076,-0.670209957547448,-0.688235686567436,-0.708132024818498,-0.726072773396888,-0.744864106028264,-0.761359927220615,-0.77054327237184,-0.778196189937373,-0.786274269589882,-0.793417044626847,-0.804470999009147,-0.817735744267899,-0.830830528643484,-0.837292940389689,-0.845115558959371,-0.850727386652595,-0.853873482144602,-0.85795462237311,-0.875130546977202,-0.890265901467034,-0.906336560572409,-0.920791551771476,-0.932525869444548,-0.93660726955208,-0.941794195037359,-0.945280732053768,-0.953273571385659,-0.9650076291797,-0.977507030706105,-0.988220543563992,-0.999018776984446,-1.00862702434362,-1.01746992797043,-1.02767329829976,-1.04161814697026,-1.05777404639625,-1.07316434221085,-1.08353793330239,-1.09102063010572,-1.09586737394561,-1.09833310614684,-1.09994877405314,-1.10879193755898,-1.12001559294544,-1.13183463118107,-1.13481076578989,-1.13676635546255,-1.13481076578989,-1.13157994973533,-1.12664822545385,-1.14059281424533,-1.15666321347167,-1.1728185931396,-1.18336214511432,-1.194756281142,-1.19501174222482,-1.19373677572195,-1.19144126428293,-1.19994450602241,-1.20853246832445,-1.20844748788286,-1.20802232579589,-1.20878766952825,-1.20326056239759,-1.19696837141359,-1.21057277855968,-1.22494252943813,-1.229789013399,-1.23404037438972,-1.23829173538043,-1.21303825088188,-1.15802419993223,-1.08983038416541,-0.98541410995933,-0.837887803480813
-0.592956634593084,-0.363293827952912,-0.0994615666784921,0.183168235406439,0.469306904966971,0.691283754695281,0.827795092254659,0.911255683202636,0.940663322267653,0.929802481191076,0.935734004365147,0.969234981699787,1.00273621437335,1.0330625628822,1.05837660833867,1.06823473346584,1.06965492855384,1.0752522130781,1.08778373672584,1.10198594294472,1.11869481136765,1.13448471500781,1.14359112234659,1.14843668908247,1.1516950690749,1.15829506954856,1.16556354732183,1.17500419331041,1.18645001585886,1.199984255456,1.20608302562443,1.21026011506069,1.21919927540511,1.22855617022705,1.23699410026624,1.24944212808624,1.2644800585991,1.26832290938556,1.26915812300168,1.2689073801796,1.26932511465712,1.26874038852416,1.27433818372627,1.2821081471437,1.29071357951616,1.29580988907412,1.29898451789991,1.30098943912086,1.30349559064705,1.3059179910066,1.31017857627059,1.31560912447834,1.32179139047449,1.32488252347256,1.32730543450996,1.32964484971964,1.33365469216154,1.3370798084705,1.34267709299476,1.34869211199655,1.35479062682605,1.35763127234096,1.36005418337836,1.36063916485024,1.36222660693259,1.36347981036515,1.36606945771906,1.36949482936694,1.37425690027509,1.37659631548476,1.37835100456148,1.38035643646028,1.38445003006883,1.37141702077694,1.32271035525725,1.23306698763527,1.09688963338677,0.908246769337671,0.703480018337518,0.520518700657168,0.372813049388178,0.261449020968748,0.191355933301387,0.146910619062448,0.110568740873965,0.0691305531275324,0.0315354715064944,-0.00271798963331236,-0.0344647885690809,-0.0627024646903373,-0.083922150521485,-0.103387657953761,-0.122184943425356,-0.141817953190913,-0.164458600126824,-0.188101963012136,-0.212497043685846,-0.234970443627391,-0.256942357924785,-0.275990386218461,-0.29370171525186,-0.310243336680426,-0.329709099451623,-0.347504179651666,-0.366635959111986,-0.385767738572306,-0.401390650557029,-0.415258873465039,-0.428625610728891,-0.440822640387898,-0.452434943913945,-0.471065237730107,-0.489528795229746,-0.508995068678792,-0.528294095133471,-0.547593121588146,-0.56279829909536,-0.577084256480885,-0.590785487733456,-0.603735001197629,-0.616266524845361,-0.628881544320815,-0.64049410318579,-0.649266016535843,-0.658372168535701,-0.667645567529923,-0.676334240391181,-0.687529320117562,-0.703653462407528,-0.720278835002731,-0.73690420759794,-0.747514305852435,-0.756035731719339,-0.762384989370919,-0.767898778067463,-0.772577353147899,-0.789787707214977,-0.808167513547978,-0.825628355098228,-0.838159878745954,-0.85277956410344,-0.863556143335526,-0.875669677166816,-0.889955379213419,-0.916772860246681,-0.942003409875426,-0.963223861723337,-0.97575564070999,-0.985948259825892,-0.987703204241538,-0.988956663013015,-0.992048051350006,-1.00733698002386,-1.02362836930819,-1.04042073355883,-1.05336999168408,-1.06506604637678,-1.07074682672876,-1.07484042033731,-1.0783492878129,-1.08904313723404,-1.09956999499974,-1.10190941020942,-1.10424857008017,-1.10633698712884,-1.10458229805213,-1.10291110480313,-1.11677932771114,-1.13139952374646,-1.14652095008703,-1.1584677476018,-1.16974606781697,-1.17325467995364,-1.17534309700232,-1.17734801822327,-1.18545170961265,-1.19505934725667,-1.19815048025475,-1.2022440738633,-1.20533520686137,-1.20533495152245,-1.20374750944009,-1.21419036070022,-1.22496745061016,-1.22972952151831,-1.23315514850511,-1.23674751180842,-1.23465909475975,-1.23106698679535,-1.2410923589169,-1.2538746253867,-1.26055837702701,-1.26657365136772,-1.27309015601366,-1.27200419957547,-1.24268031167709,-1.12037169101444,-0.903908885321605,-0.591202966872049,-0.192947785086926
0.201663270480634,0.523691275324356,0.743183867828655,0.864010217557192,0.911056803792067,0.915717223369286,0.952386984952692,0.993717703647285,1.02986014439964,1.04524947338301,1.04911918048062,1.05641835434902,1.06987309855056,1.08895582348723,1.1147214395881,1.13899190493303,1.14690601767066,1.14840063089262,1.15596292764257,1.16713100230762,1.17803541655714,1.19553510393268,1.2147933337127,1.2208607484737,1.21927744214559,1.21751836220713,1.22147541857595,1.22508092772407,1.23633715796128,1.25234196334787,1.26869831595517,1.27239171190845,1.27406263627474,1.27256775428579,1.27582171621321,1.28083448931208,1.29191467717196,1.30510522342401,1.3207582128229,1.32348431638528,1.32172550521381,1.31882362804108,1.31935148640611,1.31891178361325,1.32559494354445,1.33482843342768,1.3450292157018,1.34626016850825,1.34669987130111,1.3457325789102,1.34362222051803,1.34388614970055,1.34977805961817,1.35619755913384,1.36428771424882,1.37334489298772,1.37695013336884,1.3777416521494,1.37782953895457,1.38081957169947,1.3830183544308,1.38934996714129,1.39673649028088,1.40473875859068,1.40447482940817,1.40421090022566,1.40183661265097,1.39893500424522,1.38213921761206,1.33183920698374,1.23827362411202,1.09862874739633,0.911497312885901,0.700886394277138,0.512523738193283,0.356786169285828,0.237454432779263,0.162882881738063,0.116803319127099,0.0789896852414707,0.0455728105175247,0.0168171616717634,-0.0192371235084168,-0.0515103946971336,-0.0823764019350728,-0.112626664002799,-0.136985553686884,-0.155188873037806,-0.173304036816568,-0.189044913020647,-0.202939091248073,-0.226681966994958,-0.249545437156112,-0.271969204524397,-0.29553630666093,-0.313123880841645,-0.324380111078857,-0.335987888536772,-0.346628373603783,-0.355861863487003,-0.377406494036544,-0.399478714184126,-0.421903019086384,-0.444942800391863,-0.462618261377756,-0.472555114469382,-0.48257985436618,-0.490845783091503,-0.49832046180326,-0.518370210363843,-0.539563293692674,-0.560316942995635,-0.582125771494679,-0.597602987283216,-0.605165821567139,-0.61255288224071,-0.619324197744074,-0.624952178479189,-0.64350704505082,-0.662941317208183,-0.681759844195338,-0.699874739207114,-0.712801625043629,-0.719221124559297,-0.724409671268525,-0.72959821797777,-0.736809505040984,-0.754748895209395,-0.77198465340242,-0.790891067194754,-0.808918075401356,-0.823955050863057,-0.833452201161814,-0.842421761862523,-0.849984327379453,-0.858514185287293,-0.869946189134863,-0.881993400618654,-0.893513022504409,-0.897645852483581,-0.900723503266657,-0.901338710902891,-0.90037141851198,-0.901250824097712,-0.91637595513159,-0.932116831335663,-0.949088929113158,-0.957970603008694,-0.966324687306176,-0.966676772060859,-0.966149182462817,-0.9645661449017,-0.979779162740745,-0.993585185396005,-1.00950156644344,-1.01636049998499,-1.02304392868318,-1.02084568348583,-1.01847166467813,-1.0138991319061,-1.02832116849856,-1.04309475231172,-1.05769256251453,-1.06631030722755,-1.07985266946729,-1.08583246619009,-1.09497806926815,-1.10878436069039,-1.13929908947462,-1.16488946949911,-1.18933651475536,-1.20463795693355,-1.21536659757273,-1.21536659757273,-1.21571814479343,-1.21395906485497,-1.22389564917961,-1.23515107311586,-1.23620598354495,-1.23576574321811,-1.23664488003685,-1.2304890409367,-1.22213495663921,-1.23532550289126,-1.25168212426554,-1.26540026011563,-1.27656833478068,-1.28870370183664,-1.28958310742237,-1.28773640944572,-1.26267442532024,-1.21140685353403,-1.13349426006121,-1.00642445319434,-0.811466792751452,-0.582740979130907,-0.313300191985976,-0.00587026611204612,0.308594904447753,0.572671908807078
0.792920901124572,0.898582528764949,0.946460426194805,0.936141839869341,0.918063688737255,0.92590600608831,0.961071548468374,0.995329335803111,1.03338415299672,1.06425741172304,1.07036596235049,1.06929270221629,1.0790330299081,1.09628542165627,1.11271230631484,1.1335967274217,1.15472915386751,1.15885668931543,1.15737092793078,1.15761842868105,1.16075545653921,1.16347947855824,1.17239480374914,1.18370389766438,1.19327972944469,1.19839752018804,1.20194704929665,1.2113573759881,1.22192346306383,1.23323230468472,1.24701791986871,1.26022552871337,1.26204154339272,1.25948252187388,1.25609824555979,1.25519023822012,1.25568574430935,1.26204204798141,1.27103987342241,1.28028519961368,1.28284422113252,1.28441248276726,1.28441223047292,1.28622799285792,1.28911701537713,1.29605082079983,1.30339737976731,1.3124777054584,1.31652274065623,1.3181737548354,1.31866926092462,1.32073328094292,1.32263204816671,1.3274198379097,1.33369338903733,1.34054469420993,1.34326871622896,1.34434197636315,1.34475498220229,1.34954327653396,1.3556523317501,1.36415490339621,1.37340022958748,1.38305830932354,1.3827278037345,1.3795080233319,1.37554574067851,1.3723264648646,1.35408331323233,1.30653592139152,1.21969570401706,1.0904256332508,0.914103172144257,0.719785312450059,0.544948612728172,0.399746658803864,0.28880198762561,0.216737388436215,0.170179999596486,0.131794676813825,0.0981973960684957,0.0665813827970361,0.0362861304100443,0.0079721454969221,-0.0190208262373966,-0.0448585421761098,-0.0694579974804367,-0.0924064386056061,-0.114694373141368,-0.135991800087363,-0.156545967899511,-0.175119120532143,-0.193775025709196,-0.211605676091016,-0.226051797864405,-0.240415419387706,-0.255191542161455,-0.268729152006482,-0.283009516396667,-0.302655424574806,-0.321723578707971,-0.340791985135477,-0.360851151447097,-0.373976260041682,-0.384460099161668,-0.395191691326267,-0.405262776901465,-0.414260602342461,-0.434567773993031,-0.454874693349259,-0.474686106616265,-0.494827773177972,-0.509851396701993,-0.519509224143709,-0.528094043745577,-0.535853608552198,-0.543200419814026,-0.560123062856171,-0.575972445764121,-0.592812336261832,-0.610477481554777,-0.626656613168751,-0.638295455789989,-0.650182051455853,-0.66107813953195,-0.671231473062888,-0.683944080407015,-0.696326434456442,-0.709121542050662,-0.714487338132968,-0.719935634465354,-0.724062917618943,-0.727942700022254,-0.731327228630684,-0.74940537976277,-0.767566031144949,-0.786056935821829,-0.805290595043867,-0.829064543258607,-0.851269977544276,-0.878510954617544,-0.910291968389184,-0.946530770903443,-0.979219792014762,-1.00621276374907,-1.0273446856062,-1.04228580888013,-1.05136588227688,-1.05854744074419,-1.06531649796104,-1.0734890686068,-1.08322964859295,-1.09429124175791,-1.10295881390421,-1.10997562416568,-1.11583642174851,-1.12037671074123,-1.12334823351053,-1.1318505528623,-1.14357189573364,-1.15554124394394,-1.15909077305254,-1.16255805420541,-1.16288855979445,-1.16115554995387,-1.1580190266844,-1.17246514845778,-1.18691101793683,-1.20209964196103,-1.21217022294755,-1.22323131152382,-1.22405631402472,-1.22512906957023,-1.22455106323091,-1.23346613612748,-1.2415559542288,-1.24180370727341,-1.24122595322844,-1.24097845247817,-1.2364384157798,-1.23239338058197,-1.24609649551587,-1.26103787108413,-1.26656866766662,-1.27061370286445,-1.27416373656174,-1.26863319227361,-1.26161688660083,-1.27474224748975,-1.28968337076368,-1.2704494592473,-1.21712326548505,-1.13688634794424,-1.00167247475636,-0.812307405305324,-0.605607191561705,-0.420617158308869,-0.260226328066025,-0.147713395253036,-0.070861006320656
-0.244132404884829,-0.338186645709088,-0.372498036629787,-0.353704525700749,-0.343101146050444,0.0357878067363063,0.32157106047602,0.555197690659405,0.748133459502555,0.944517704673591,0.966500950812391,1.0040015499752,1.03055386915816,1.05245121956936,1.06753830350387,1.07038366535173,1.08116068084402,1.09986855952928,1.11633471781435,1.12986935504013,1.14874876169677,1.16538644795322,1.17055863547739,1.17512744503773,1.18176565657538,1.18857645001972,1.19555956188692,1.20943936292608,1.22573293930446,1.2328881061107,1.23392228013172,1.23426691697744,1.23918062686732,1.2438358591229,1.25443976574087,1.26849214868671,1.28142393491629,1.28366565531647,1.2827176405069,1.28030386516767,1.28021796944007,1.28202863029928,1.28901174216648,1.29789114713667,1.30728777085927,1.31090803864237,1.31245916793197,1.31306228241198,1.31651049525605,1.3213380459345,1.32935559530654,1.33858016409011,1.34789089208511,1.35039135360342,1.34918486115954,1.34771936411372,1.34970207991196,1.35271923321504,1.35987413653745,1.3698741382239,1.37927102543033,1.37996082608945,1.38004724878471,1.37832327410459,1.37815095568173,1.37909923397513,1.38478916721937,1.38996161822738,1.39642724785834,1.39754784457461,1.39720294424506,1.39634082516309,1.39720294424506,1.38909923566158,1.34987387136717,1.27047486448495,1.14745373868702,0.974776450851071,0.770029492494607,0.582352333870895,0.423900274371308,0.299587287369563,0.215878475528967,0.165187875986109,0.12441111891827,0.0889793947651234,0.0573407837856016,0.0260470731356265,-0.0034365036227964,-0.0317133244535295,-0.056283454805904,-0.0806810032515719,-0.10188855300367,-0.121802660648969,-0.141026967635169,-0.164733924970256,-0.18680306683666,-0.209389690939305,-0.232148896948645,-0.247752672667921,-0.260683931929839,-0.273356713557471,-0.285512276432681,-0.296892142921182,-0.320599890707751,-0.344652538823872,-0.368618764244745,-0.393188367629457,-0.413102475274762,-0.426550953289102,-0.438447775046188,-0.450775656344262,-0.461206981055529,-0.480517974220802,-0.500346186138498,-0.520605457597187,-0.539916450762473,-0.559658503468734,-0.574141682471743,-0.586555986465076,-0.599314927304137,-0.612160027354626,-0.625694664580401,-0.640349898522443,-0.656642947933167,-0.667677387124453,-0.678281030258589,-0.687936658583136,-0.696644272098111,-0.704231288896825,-0.720525392242856,-0.736991550527927,-0.753802345658724,-0.770181817764708,-0.784233410259074,-0.793284870168287,-0.802336593561344,-0.810526197872421,-0.818716065667329,-0.83207864795406,-0.84647566774564,-0.859837986548545,-0.866734675720492,-0.873113882656191,-0.876217195170699,-0.878458388603232,-0.881217064272013,-0.896820839991283,-0.913286998276348,-0.928632296361331,-0.937943024356331,-0.948374349067598,-0.954667660275699,-0.96156408596382,-0.97285726627323,-0.997599188080806,-1.02173773192454,-1.04372097806334,-1.05854905739589,-1.06967018276627,-1.07285991797603,-1.07492879298571,-1.07535985252669,-1.08803263415432,-1.1010503161115,-1.11380952043439,-1.12406879020662,-1.13484527873127,-1.13872507808396,-1.14113911690702,-1.14407037448249,-1.15174302352497,-1.16036395086086,-1.15958799099032,-1.16036395086087,-1.16019136895418,-1.1565703107196,-1.15303541169645,-1.16734574530894,-1.18200071576715,-1.1880350223733,-1.19381085134515,-1.19829350169405,-1.19415522470705,-1.18812065461708,-1.19975899873987,-1.2142424412267,-1.22467429290562,-1.23329574720917,-1.24183077881745,-1.24139998276029,-1.23872746630295,-1.2445032952748,-1.2550207791975,-1.2643315071925,-1.25157256635344,-1.19079527894504,-1.09406878514726,-0.961048184630531,-0.784146987563813
-0.686303668526401,-0.542728537687885,-0.374461638102722,-0.176236416248505,0.0313994155973872,0.347299481324509,0.601987835391512,0.799177109095567,0.925312635975783,0.987646316951867,0.962954284336619,0.962177191289691,0.974005101587937,1.00370430488515,1.04281411817404,1.06811040989878,1.07493088564643,1.07562142979033,1.07501690681224,1.08131940848482,1.09703252014907,1.12017036667047,1.13735111552554,1.14555294342962,1.14771112476435,1.15893424821588,1.1706756096111,1.18690643148181,1.20564110256213,1.22446205867685,1.22748388196153,1.22791557100219,1.22575738966747,1.22869319178633,1.23145642383638,1.2431120279344,1.25563101011376,1.26927196160908,1.2720344020533,1.27522853153818,1.27427860455383,1.27755901907314,1.28014915331714,1.28964604834321,1.2992292284037,1.31062544966127,1.31261132479578,1.31459693606169,1.31321584777389,1.31675590900224,1.32236813039952,1.33385090056012,1.34498826671445,1.35828355033492,1.36035518276663,1.35931870687926,1.35655547482921,1.35422419568845,1.35353365154455,1.3596635831483,1.36657034393038,1.3737364875529,1.37978013412224,1.38219743442882,1.38314709754456,1.38280195740691,1.38677317993872,1.39212575462695,1.39929163438087,1.4059395400597,1.41405508292937,1.41388277672915,1.41258823734436,1.40913498888762,1.37952207062482,1.31261238027021,1.20667889779253,1.05291553617821,0.852013631176968,0.653443005316491,0.476110635877313,0.329341111685298,0.222026804788414,0.154685425393141,0.106078717078185,0.0653286965296464,0.0315719856662056,-0.000285135097136648,-0.0280844844256475,-0.0583876829637501,-0.0853236542109176,-0.11277786340178,-0.136778824135903,-0.160866333773053,-0.179946408859618,-0.199285866786633,-0.216553428413331,-0.236065720277775,-0.255318629301782,-0.276298294488452,-0.296586887793998,-0.317479476340443,-0.335005101464553,-0.352876394463527,-0.369538905374916,-0.386460799126749,-0.402605863700276,-0.422031606661706,-0.440248567535539,-0.458897217450053,-0.476509655345794,-0.49248188598188,-0.506209122511614,-0.51924555102884,-0.531332316430314,-0.543937055906871,-0.559304235827649,-0.575448772663954,-0.592024998540934,-0.60963717256807,-0.624745761254219,-0.63864583172137,-0.650214886916377,-0.662388465089476,-0.672403598059243,-0.685612860513899,-0.697613340880958,-0.712203691623418,-0.721527488843456,-0.73249175719176,-0.741470678142754,-0.751744666215754,-0.760291898126086,-0.776436434962397,-0.79171759371737,-0.807516462678811,-0.821243435339939,-0.829358714341003,-0.834279863857154,-0.83730168714183,-0.841014318439012,-0.845331208845694,-0.86130343948178,-0.875894317961457,-0.893507019725802,-0.901277686326422,-0.910688560186696,-0.91267443532121,-0.916041398743528,-0.916559108949995,-0.933566496130433,-0.947811178998034,-0.964732281144052,-0.973710938226441,-0.982517025240011,-0.982603574143026,-0.983553764995989,-0.982086655542374,-0.993828544674811,-1.00885111219515,-1.02404598591571,-1.03155674193867,-1.03898121292722,-1.04062115631826,-1.03880785125257,-1.03734021406175,-1.05098116555706,-1.0666940133527,-1.08085320279171,-1.08957300477087,-1.09855166185326,-1.10122808113168,-1.10209145921301,-1.10563099270416,-1.12419309371564,-1.14258262465831,-1.15898628046646,-1.17331803997429,-1.18462797619745,-1.1868727064352,-1.18834034362603,-1.19118959684187,-1.19947797364897,-1.20940682158432,-1.21165181569068,-1.21389680979704,-1.21493275794719,-1.2118243857595,-1.20742094644981,-1.21916204397641,-1.23116226047487,-1.23185280461878,-1.23288901663755,-1.23487489177206,-1.22788184595558,-1.21916204397642,-1.1932617570108,-1.13653950582618,-1.04770075103776,-0.910169266768586
-0.761874013341165,-0.541583733864949,-0.298499044709709,-0.0450289534079624,0.202016332012537,0.47845702088748,0.662662674692172,0.795382459972605,0.906363349004125,0.972019028045967,0.966738233025623,0.981611988152437,1.00335034642306,1.00757482104583,1.01857620834907,1.04154707491141,1.06442971303209,1.08097550472403,1.09857761681352,1.11573939366217,1.12700439033377,1.13492531387512,1.13976631163292,1.14777546361594,1.15411257903384,1.16388226501279,1.17849214178208,1.19539004027321,1.20146273935527,1.20515918827384,1.21184787251263,1.21932872980229,1.22689754654446,1.24080294072623,1.2576126107757,1.26324497461692,1.26350885297444,1.26245253257689,1.26597306259044,1.26694115454634,1.27512595644523,1.28683128835767,1.29906464597432,1.29959240268937,1.30038457574025,1.29880076761679,1.30170531247364,1.30593032507472,1.31640422465204,1.32802186610113,1.34104739676866,1.34271943333378,1.34157488449456,1.33972612205697,1.3415740775271,1.34439039394229,1.3532796784287,1.36269698861931,1.37211429880992,1.37185015146325,1.36832935246053,1.36348835470274,1.35873558538661,1.35512709592054,1.35776776241986,1.36243284127264,1.36815397153382,1.37501911265592,1.37915562782619,1.38091562384381,1.38249970095643,1.38778022698762,1.39314871247132,1.40089371710766,1.38047528860297,1.31983598824564,1.2062144327148,1.04321911147653,0.829441866323228,0.621913508146162,0.442900420920152,0.302788006791718,0.20140034685583,0.14243362104192,0.09948466121574,0.0589119515530466,0.0214194366630713,-0.0120247914982937,-0.0438849425470407,-0.0736327217898302,-0.0990677979681746,-0.122654649687228,-0.145273409450384,-0.167012036710153,-0.189630796473308,-0.211897449437285,-0.234075873959595,-0.253702129413394,-0.273856410571395,-0.291898319923433,-0.309588391465436,-0.326310640040696,-0.34734505370209,-0.364683018444908,-0.383869476636173,-0.402791787480753,-0.415993237053293,-0.426026532400622,-0.439052063068145,-0.449348967783841,-0.459646141488699,-0.481032661949271,-0.503563462259927,-0.524510454447115,-0.546777645389391,-0.564203838573871,-0.576173317832996,-0.586382263096174,-0.596502710928553,-0.606007442593374,-0.624577646638764,-0.641739692476565,-0.65987009925942,-0.678088734483936,-0.694986901964208,-0.705812101373261,-0.717165326486517,-0.727990256906421,-0.738023283264588,-0.750080452987063,-0.763985847168835,-0.778243348149785,-0.78581216489196,-0.79311683428745,-0.799013614464506,-0.803414276981457,-0.806758888089992,-0.82295311096105,-0.840555223050547,-0.858509172950073,-0.873998913233607,-0.888872668360421,-0.896969510806791,-0.9033945856772,-0.908939797033371,-0.919589346526558,-0.931822704143206,-0.943880142854837,-0.954441194917211,-0.964033886034538,-0.970194544569118,-0.975035273337759,-0.9798760021064,-0.987884885100265,-0.998270018257628,-1.00979889328675,-1.01851145190069,-1.02546374550785,-1.03118433779073,-1.03470486780429,-1.03813770735449,-1.04781943388094,-1.06005332947588,-1.0724628749867,-1.07668734960948,-1.0808235957906,-1.08047122000226,-1.07923898069968,-1.076510623737,-1.0916485262105,-1.1048502447722,-1.11998787825654,-1.13116491547563,-1.14375037989146,-1.14797458552509,-1.15413524405967,-1.16020821213089,-1.17429006319598,-1.187227634411,-1.18969211301615,-1.19162829692795,-1.19189217528547,-1.18740355331601,-1.18282670290489,-1.19726012279087,-1.21098959806762,-1.21512611323789,-1.21671045933965,-1.21917520693395,-1.2108147551192,-1.2023660748628,-1.21442351357442,-1.23114549316053,-1.23713023279009,-1.24337885077718,-1.24901148360755,-1.13803059457603,-0.934902629926768,-0.662510227780435,-0.312492667333136
0.14199873369396,0.448750491386584,0.672174915819488,0.826377625266227,0.919107994391936,0.933910045134536,0.970305760315773,1.00670174161565,1.03665445851331,1.05354660501896,1.07252831505038,1.09481894419534,1.10822812999984,1.11771898501554,1.129038075057,1.13600346422201,1.1398339758611,1.15141386216531,1.16734744934596,1.17744744991829,1.18336805732042,1.18667671031532,1.19355534480518,1.20269785052704,1.21549735853766,1.23186711416186,1.24971728775522,1.25546438580703,1.25590002201331,1.25598757504437,1.25825144627639,1.26042776447733,1.26965702487437,1.28036670324058,1.29133717786955,1.29481987245206,1.29690970209647,1.29708374368408,1.30117584994182,1.30491987302437,1.3140621126276,1.32390105081853,1.33434966680332,1.33791964829826,1.33983543635508,1.33809448824178,1.34009729709239,1.34418993558742,1.35176553478359,1.3608212858303,1.37240170437178,1.37562360269152,1.37483988331004,1.37309813684083,1.37483908495413,1.37727699777375,1.38467775702641,1.39373324195448,1.40426914485172,1.40644626140857,1.40609817823337,1.40470531329527,1.4028768121509,1.40130937338792,1.40487908876424,1.40992895599108,1.41419510383644,1.41994166965096,1.40313707617639,1.34619274443803,1.2452773644409,1.10012987380359,0.904916153680498,0.69925355145398,0.518493266661011,0.37064600246677,0.257888609309478,0.184835850446963,0.134857173992255,0.091496069646,0.0551006205833971,0.0218395168094577,-0.00759027696949277,-0.0339724801349385,-0.0571333172179163,-0.0852570007339396,-0.111290854605545,-0.136976625301945,-0.162401599735577,-0.183472873292772,-0.199842628916974,-0.215864301365964,-0.230318535051985,-0.24355341315025,-0.266279146264217,-0.289614024934804,-0.312426246605302,-0.336631865451172,-0.355439267776357,-0.368151488874534,-0.380167277503664,-0.392183332251428,-0.403154339117673,-0.424486675056274,-0.445731990201084,-0.467674003933567,-0.488832032165931,-0.503198712820881,-0.512515260130352,-0.521570745058428,-0.529407140517363,-0.537417843682541,-0.557444069358222,-0.577209232652489,-0.598019177709648,-0.617784341003927,-0.63476324218473,-0.646256906051057,-0.65653121432961,-0.665847761639082,-0.67612206991764,-0.691881881629321,-0.707641427222368,-0.724359266021771,-0.73872621279536,-0.752744810275103,-0.764151453347626,-0.774426559982092,-0.783917681116434,-0.79663016833325,-0.809603984050107,-0.821445464973007,-0.833722049864905,-0.842080570086661,-0.848785162988906,-0.855054119684873,-0.862107061880975,-0.86881165478322,-0.884397424907292,-0.900679361381782,-0.916090823799623,-0.922882171377039,-0.929847826660703,-0.93037021754214,-0.929673785073094,-0.92958676427929,-0.944911205903327,-0.959625969733488,-0.975820885414173,-0.984614775723568,-0.993147603651555,-0.993408666032963,-0.993147337532921,-0.993060316739123,-1.00882039456944,-1.02475451398736,-1.04138533199296,-1.05235660497784,-1.06324085716891,-1.06611440619481,-1.06951034610215,-1.07395106777239,-1.09127831824704,-1.10825695330922,-1.12349410802082,-1.13481319806226,-1.14421676616554,-1.14613228810371,-1.14743866448528,-1.1513572613927,-1.16084811640842,-1.17147077398081,-1.1736473583004,-1.17591096341378,-1.17591069729514,-1.17329847676928,-1.16894504201148,-1.18261555631602,-1.19646011220816,-1.20272933502277,-1.2069089943116,-1.21152375756943,-1.20638633731151,-1.20011684837827,-1.21056519824444,-1.22414789339927,-1.23494459255927,-1.24234561793057,-1.25009499259571,-1.24931127321422,-1.21883643155375,-1.1624142245782,-1.08753296457131,-0.969987032687205,-0.772858056744582,-0.552480956806542,-0.353523213600909,-0.167887369287328,-0.0290955900211562,0.059978309053081
0.0584262735957643,0.130905805394464,0.250191731990979,0.420038728320122,0.536180901998175,0.71842809395895,0.807849035066815,0.850725671992872,0.860418754469561,0.905041950449741,0.922157908906431,0.96529636955377,0.997955742771122,1.0178658220618,1.03218712589507,1.04650842972834,1.05602722995223,1.06720504776176,1.08493192823478,1.1006504259324,1.11139133708367,1.12545028340623,1.14422499255383,1.15225905744489,1.15618854842193,1.16614345461991,1.17574926252283,1.18369605284013,1.19793008209964,1.21600659465715,1.21949971276538,1.21906307300186,1.21687960728949,1.2193243629337,1.22220575834144,1.23303394406648,1.2459580540354,1.2589697054728,1.26158981094871,1.26080433978485,1.25905804762545,1.26063005753204,1.26307508007098,1.27093406202507,1.2804520615648,1.29066879148406,1.29337563774427,1.29424891727134,1.2953842874144,1.30149724410382,1.30734837707195,1.31782773139665,1.33031546849677,1.33983426872066,1.33939789585185,1.33817525113502,1.33555541255384,1.33651596665466,1.34114392111653,1.35040009693496,1.35991863026414,1.36934962212482,1.36891271546657,1.36489568302104,1.36052955228046,1.35642497836645,1.35459114473857,1.35878299322634,1.36463385929975,1.37109591428421,1.37720913786834,1.37913051296471,1.37913051296471,1.36760386375486,1.32376693962271,1.23836303096036,1.11200386046833,0.938925836646957,0.739300862508204,0.552949096633426,0.396200492526005,0.271849437914654,0.186707352973601,0.13771775935813,0.0992072531726565,0.0668094367818605,0.0381665622205936,0.0118814356245045,-0.0240967734482853,-0.0566691389865928,-0.089241237630181,-0.11963040435084,-0.149059016970685,-0.171763483990061,-0.194380676435672,-0.216037581675182,-0.237344854830212,-0.25786612303194,-0.278300116659903,-0.298384745098099,-0.317857917730522,-0.337156541215422,-0.356455164700327,-0.374705959510642,-0.393393394084493,-0.411556914321043,-0.42902197107278,-0.44674911844053,-0.464738356424287,-0.480981302248641,-0.497660887836525,-0.515126211482987,-0.531194341265098,-0.547349478726248,-0.564290354245975,-0.580532499386171,-0.595814357320265,-0.611270764401883,-0.625854158851158,-0.640437553300439,-0.654759124028432,-0.669080427861706,-0.683751096884746,-0.698945680245076,-0.713441800120592,-0.727850645422344,-0.741822850960571,-0.754135772018445,-0.75815280446397,-0.760772643045155,-0.763217665584085,-0.765313589827969,-0.768806707936204,-0.786620862982988,-0.80626858476294,-0.824955752442066,-0.837006049094488,-0.847833967924801,-0.851938274944091,-0.854907478715036,-0.85892477805528,-0.876652192317744,-0.895078070065038,-0.913590955491354,-0.927912526219341,-0.941360550525559,-0.946687235366951,-0.952013920208349,-0.955332222274341,-0.965985591957137,-0.977512508061708,-0.981704089654762,-0.983712472430162,-0.985808396674052,-0.984323928235936,-0.980918084701459,-0.993580370949094,-1.00842585601438,-1.02510490781283,-1.03689364763869,-1.0498177576076,-1.05566808989157,-1.06108204930673,-1.06684537391166,-1.08413588151587,-1.10247421779467,-1.10902408114233,-1.11443830745222,-1.11784415098669,-1.11365256939364,-1.10762715417271,-1.12238483087479,-1.13853996833594,-1.15067807335156,-1.16115716078155,-1.17032632892095,-1.16796858095578,-1.16465027888979,-1.16980241458366,-1.17958250473939,-1.19067251418571,-1.19792057412348,-1.20429508763945,-1.20586683065133,-1.20473172740298,-1.20420807996041,-1.21398843701086,-1.22438024986709,-1.23031839051426,-1.23573234992941,-1.23948702486422,-1.23669237024079,-1.23337380128009,-1.24053431974936,-1.24856838464041,-1.23450917142315,-1.20473163843807,-1.09679861258804,-0.980918915040595,-0.695804329379099
