-0.405838233019776,-0.565569770683808,-0.434080172155073,-0.326091205326858,-0.18463182899766,0.158963028103875,0.409422137836804,0.592132324859696,0.752107675603895,0.912613424024069,0.93375637243073,0.967024350678962,0.996503343957219,1.01256929801569,1.01560090289814,1.02007222479101,1.03538033553255,1.0531134522424,1.06910343667742,1.08418387016328,1.09964345692233,1.10775228776768,1.11654299230649,1.13033518479945,1.14518840425906,1.15701025045092,1.17231789796305,1.1882319127746,1.19437039731885,1.19687137291062,1.20096377314502,1.20604146233732,1.20998238655422,1.21975814843623,1.2317314706456,1.23953665461182,1.2426433026589,1.24514358340657,1.25143308073891,1.25825320736193,1.267271125927,1.27886575809261,1.29144567921612,1.29341625713191,1.29235546177997,1.29258313903563,1.29515985263616,1.29872185519459,1.30804318902408,1.31933486915468,1.32736773037657,1.32903512464265,1.32767114564098,1.32562506133114,1.32767137725569,1.33229417516606,1.34070595804642,1.35017853627872,1.36010600579295,1.36101509351268,1.35980259052852,1.35805968986839,1.35942413209947,1.36116726437431,1.36791211621799,1.37571776341361,1.38375062463549,1.38632687500661,1.38753914637606,1.38753914637606,1.38738743874385,1.38761465277011,1.39049431840564,1.38390140580888,1.34646505770278,1.27166833111406,1.15450973808856,0.993473591992407,0.807126127631744,0.641315475993022,0.502331597637973,0.395554670564508,0.323713116005363,0.280062313731565,0.235274978097063,0.193140094071842,0.154188290946582,0.117206834122415,0.0843177775326424,0.0577184498899282,0.0340745258914956,0.0111127072012521,-0.00987876518790906,-0.0357202495136842,-0.0610311045487855,-0.0863417279691826,-0.110894739687345,-0.135144799370507,-0.156666901050337,-0.177052469369468,-0.197286793285797,-0.217217933552418,-0.237906685521268,-0.257458672514704,-0.27791997884259,-0.296865366921893,-0.314976942060803,-0.331345616539584,-0.347790029027111,-0.363173414547989,-0.379996980308694,-0.397730097018548,-0.416599978703801,-0.435318152756849,-0.449337790890773,-0.463432935418737,-0.476164100945043,-0.488061685145659,-0.499428871670301,-0.520041654015692,-0.53860835205123,-0.558235845438717,-0.573467986556795,-0.588624389666122,-0.598627365574396,-0.609843076081533,-0.619619069578256,-0.637351954673396,-0.65538802341826,-0.673575799795333,-0.688731971289956,-0.707449913728295,-0.725334506455659,-0.745340921501611,-0.768227002183104,-0.798540040016468,-0.825366813300147,-0.84893476767512,-0.865000258504182,-0.878413529338672,-0.88546086998795,-0.892660149884147,-0.899329032104363,-0.915622431803804,-0.929945485202141,-0.946542068551296,-0.95556021873108,-0.963972233226134,-0.96760974217861,-0.972080600842066,-0.974505375195679,-0.990646835648195,-1.00822801311113,-1.02459691920462,-1.03861678895324,-1.05233347505215,-1.05900235727237,-1.06453447451719,-1.06999062213855,-1.08097888700472,-1.0931039168463,-1.09802966679168,-1.10295564835177,-1.10773015389435,-1.10833652119379,-1.10757890949156,-1.12175025525769,-1.13478460443371,-1.1429687100584,-1.14994031269892,-1.15751805102417,-1.15660826846032,-1.15683548248657,-1.1677482409587,-1.18176811070732,-1.19230217913569,-1.20230584988808,-1.21102104803285,-1.21397668329185,-1.21549260154043,-1.22269188143662,-1.23186127601921,-1.23716571600835,-1.24072725533737,-1.24353071973474,-1.24345475011128,-1.24239395475933,-1.25080596925439,-1.26277952307847,-1.26672044729536,-1.26891823923742,-1.27050943226534,-1.26679595368941,-1.2602787791014,-1.2708881223091,-1.27278249898674,-1.23072358458498,-1.15501753866181,-1.02846164218335,-0.881899330658938
-0.796827704750004,-0.548296409670288,-0.27502864803728,0.00298632599348542,0.359624953005448,0.609405099177637,0.796552792048345,0.919902165738357,0.969458593169913,0.937559433579562,0.933061940489116,0.950802448099435,0.977037994164241,1.01559989906528,1.04000315198627,1.04899839272302,1.05699424711876,1.06715586284647,1.08239815916011,1.10580228029595,1.13170486728434,1.14144926594304,1.14278135680462,1.1473618351083,1.15410807474396,1.16218691435293,1.17751194132394,1.19475275576374,1.20133251586119,1.2019986885699,1.20099904767302,1.20233164764633,1.20449715442244,1.21174334178448,1.22182146318722,1.23331567888824,1.23897954696965,1.24239466850584,1.25138990924259,1.26046813519257,1.26946286681758,1.28028989158641,1.29311568903728,1.29261548675503,1.28978355271433,1.28695161867362,1.28936709931292,1.29119964701261,1.30094455478305,1.31293820909872,1.32218367825452,1.32293359984409,1.32260064076766,1.32076860217971,1.32110181581201,1.32335030780136,1.33009629288115,1.33825837225923,1.34650369140641,1.34875243795163,1.34983531861762,1.3506684799763,1.35291722652152,1.35699826621056,1.36374450584622,1.37190658522429,1.37848609076587,1.37915251803045,1.37732047944251,1.37565492039277,1.37723749422927,1.37990269417589,1.38789803945988,1.37207281020663,1.32093355438271,1.22215365859604,1.08039735003112,0.890583948102051,0.70410217338419,0.539025492564278,0.407347305402103,0.30915085166678,0.248850639235507,0.200377347025814,0.158900268314966,0.120088644106608,0.0862742061592092,0.056540807900837,0.0308049550065322,0.00723435433247691,-0.0144209679845298,-0.0379918232144524,-0.0642281329468767,-0.089964494952916,-0.116866722838181,-0.14085377691365,-0.164424377587706,-0.185745977160673,-0.20698408240867,-0.226889587683349,-0.250126465613382,-0.271447810630488,-0.292519436340272,-0.314091009776429,-0.332497690095457,-0.348072690929649,-0.364563838335755,-0.380805011878672,-0.394547719569046,-0.413787306690879,-0.435192400588829,-0.455014920650277,-0.472089000995988,-0.490495426759154,-0.504737573064167,-0.517147426225368,-0.530223706651155,-0.548130693799671,-0.564955054838077,-0.583112015849788,-0.601602190493792,-0.617426910635306,-0.629586789933317,-0.641913148769536,-0.653240121264742,-0.663650692632171,-0.677476385535782,-0.693051386369974,-0.706960828154434,-0.716622496155775,-0.726201178943874,-0.734280527664582,-0.741193755950196,-0.750938663720641,-0.769845291766042,-0.79000102545979,-0.810156759153526,-0.824232425920338,-0.836558784756556,-0.843304769836345,-0.848551420848741,-0.852465471887832,-0.8677899897471,-0.88328149625632,-0.899189456166944,-0.909267577569682,-0.920511819407519,-0.925509514780206,-0.930090502195618,-0.93492146347422,-0.949413583642428,-0.963322516315147,-0.976981475124683,-0.989557807824091,-1.00071804622522,-1.00738104609177,-1.01387756642011,-1.02178992649087,-1.03145133993634,-1.0409462738436,-1.04344473969613,-1.04544351237817,-1.04569348624135,-1.04486057943856,-1.04552700670314,-1.06068555413594,-1.07617706064515,-1.08592145930386,-1.09474996594653,-1.10224561806002,-1.10232885782912,-1.1024123521541,-1.11423952693155,-1.12773226075874,-1.14147496844912,-1.15580035452324,-1.17212451327939,-1.18553375278161,-1.20052531156445,-1.2184320441571,-1.23833805854352,-1.25616180592294,-1.26757201818725,-1.2761508055226,-1.28198089858635,-1.28439587011391,-1.28656112233416,-1.29563960284001,-1.29938742889676,-1.29988712206727,-1.30072002887007,-1.30113648227147,-1.29705518802656,-1.30380142766222,-1.3144622274487,-1.28322924056708,-1.21584932031198,-1.12298352102577,-0.983309734023727,-0.75493442719362
-0.598945982630811,-0.40823248727715,-0.176055640047615,0.0595902445120765,0.199342566674927,0.468522394612642,0.626280540210801,0.722339451134158,0.793371663478385,0.89240381859288,0.91553064998043,0.965500994214701,1.0072942858221,1.02530010925741,1.02744762057801,1.03174264321921,1.04115867381263,1.05668704619584,1.07766661870329,1.09872873925374,1.10525382125853,1.10954884389973,1.11822118478463,1.13118854831072,1.14299948191326,1.16042721660705,1.17653342529128,1.18231532246854,1.18347175239209,1.19107071627744,1.19891732429179,1.20701157643516,1.21997893996124,1.23435062998039,1.23724157856903,1.23625049717198,1.23509431968893,1.23616820156948,1.2389763496746,1.24731849838748,1.25929478051653,1.27151895921508,1.27779639709087,1.28060505007699,1.28374389523513,1.28787407423082,1.29117826791546,1.2984467871883,1.30819300995374,1.3161221660111,1.3182694248912,1.32165540929736,1.32165515685686,1.32314177895243,1.32462840104799,1.33057514187076,1.33363118654541,1.34065180924872,1.34122989799025,1.34288161617182,1.34288161617182,1.34593766084646,1.34767217951154,1.35427980955934,1.36080489156414,1.36766041818145,1.37220333739215,1.37468129332526,1.37682905708636,1.38087668803904,1.38575005186226,1.39144914855602,1.40012174188141,1.3889711926229,1.33982658125918,1.25021020429761,1.11830499503012,0.944275797102215,0.75983948718384,0.596960586073954,0.46299016108837,0.362388330954306,0.288547718064458,0.237090499294126,0.191249576734049,0.149455780245651,0.111709109828941,0.0823043356846092,0.0533953546793062,0.0276252188321375,0.00235062368348992,-0.0249061342592533,-0.0528232765460176,-0.0788408040817043,-0.10485833161738,-0.129058540004482,-0.152019770425024,-0.17291629000847,-0.193730261548925,-0.213222707079809,-0.233541390362235,-0.253281984903127,-0.272774935315015,-0.287559870430183,-0.30234480554535,-0.316386303392484,-0.328693535015041,-0.342487136292663,-0.36520122746519,-0.38874105150826,-0.411454637799793,-0.436563127100434,-0.458946268779454,-0.477116935860285,-0.492810151888996,-0.509742598324759,-0.523040911344363,-0.538238839115056,-0.551536899694157,-0.567642855937891,-0.575076218856227,-0.585070085750678,-0.593329433980054,-0.603406101358009,-0.610509524544826,-0.631654193138297,-0.651229691593176,-0.672209264100627,-0.692114954727533,-0.711855296827929,-0.723914126999979,-0.736468497870551,-0.748114335387081,-0.759182084162078,-0.772645240827188,-0.787182279372849,-0.801471421349004,-0.810639555372912,-0.819229600655303,-0.826002579229607,-0.831949572492877,-0.836575039746591,-0.850203544938206,-0.865070775655883,-0.880516095115082,-0.888857991387459,-0.898025872970876,-0.902568539741087,-0.905872480985235,-0.90843298496135,-0.92478734265559,-0.940728455253813,-0.955760782057498,-0.965754648951955,-0.974592338363356,-0.975831063889413,-0.977070041855972,-0.980208634573615,-0.994084531453748,-1.00969494699896,-1.02621364345771,-1.04298023648597,-1.06181204523232,-1.07800105440005,-1.0965852190174,-1.11814313270688,-1.14234409841547,-1.16324112287992,-1.17249205738734,-1.17794350995209,-1.17959548057416,-1.17802605799509,-1.175960842277,-1.19173635390822,-1.20850319937698,-1.2242789634487,-1.2376595720708,-1.25070998852089,-1.25401392976504,-1.25558335234411,-1.25946538232978,-1.26797262712867,-1.27771884989412,-1.2818487764493,-1.28672188783202,-1.28919984376514,-1.28903474767912,-1.28672214027252,-1.29522938507141,-1.30514095636335,-1.30960107509056,-1.31290501633471,-1.31769557967442,-1.31695239484689,-1.31389635017225,-1.30324134161227,-1.25591354451613,-1.16836162595116,-1.03439069608458,-0.793541003089142
-0.597219375243227,-0.29324505823427,0.025803057279255,0.337787880084733,0.516089555395996,0.700507310326827,0.790261410570624,0.830487165293121,0.843235579359003,0.88750976178423,0.903961731639029,0.944617918101285,0.976574644722414,0.995266175928958,1.00982319308482,1.02455238293658,1.03454419104099,1.04703355628,1.06460517518017,1.07821445272555,1.08682782621873,1.09957571376259,1.11594159726945,1.12498592902439,1.13351347943061,1.14488372214625,1.15539257486038,1.16469542892018,1.17856349203142,1.19389607610185,1.19932293841581,1.20009824206938,1.20449127842492,1.21052074517456,1.21586099461856,1.22731679716015,1.24195990066396,1.24704162780311,1.24729988684697,1.24876388128414,1.25393195803225,1.26065037882649,1.2727956619347,1.28674954813289,1.29768883258678,1.29932526298086,1.29639674758449,1.29303753718737,1.29381310410194,1.29734501371697,1.3057006546883,1.31646776644628,1.32628740185479,1.32783800916192,1.3268044464645,1.32628740185479,1.32921591725116,1.33266121399623,1.3411021515325,1.35083517407105,1.35798428986605,1.35738115890838,1.35643341929791,1.35393559890231,1.3555722925574,1.3603962871747,1.3695272317996,1.37814139507579,1.38744424913558,1.38778912104939,1.38468816969613,1.38046730603649,1.37762461372708,1.35893308252053,1.31129968969818,1.22723097407321,1.10224754968112,0.932559511124042,0.747366979061635,0.580779891857824,0.440291710699413,0.336669810605375,0.267416107919112,0.221419145490838,0.18291590751037,0.149667359147972,0.109097259033664,0.0722309779692913,0.0370011272989934,0.00289092567407327,-0.0291521505560115,-0.0544765427308434,-0.0788531952952106,-0.101765326900392,-0.123643632547149,-0.145866546846712,-0.167486593449618,-0.189365162357382,-0.208142779911875,-0.226661875161514,-0.245267056759109,-0.26361397931284,-0.281099511865062,-0.304528688079954,-0.326579692944622,-0.348113916460581,-0.369820049411436,-0.386444191962131,-0.39988103355061,-0.413576397443948,-0.426582544031673,-0.438813650226826,-0.460864391830493,-0.481365052649028,-0.502813453078034,-0.523745335419333,-0.543643655063208,-0.558029026045174,-0.57301700146279,-0.586712628617129,-0.600407992510466,-0.616429004103497,-0.632363929348586,-0.648901985551333,-0.658893793655743,-0.66871342906425,-0.6759488944682,-0.683356795829059,-0.689644784883546,-0.708680924742896,-0.728406018646857,-0.749251024857198,-0.769923595110634,-0.790337906320209,-0.80429179251841,-0.816264639669713,-0.827548269515403,-0.837884423011617,-0.848995616900398,-0.859934901354277,-0.871304880808916,-0.877334347558539,-0.88370842296098,-0.888101459316521,-0.891718928757489,-0.896369960895886,-0.911357409791494,-0.926086599643262,-0.942280310454198,-0.950722037773483,-0.958130202395344,-0.959594986615536,-0.960542726226007,-0.96149020257547,-0.978545040126932,-0.996203008636052,-1.01377489079722,-1.02445591620725,-1.033844856615,-1.03462016026857,-1.03375850700605,-1.03410285239785,-1.04891812859757,-1.06468114440775,-1.0813916365674,-1.09474318159094,-1.10731915969991,-1.11171219605545,-1.11498532010462,-1.11713853184741,-1.12773294438749,-1.13763866614394,-1.1403950088444,-1.14556308559251,-1.15297098695337,-1.15822541331043,-1.16580522410618,-1.19181830706464,-1.21671174097771,-1.2397963085398,-1.25633462800355,-1.27123651707321,-1.27450990438338,-1.27692190169204,-1.27855859534713,-1.28837796749463,-1.29785273098933,-1.30035055138493,-1.30112585503849,-1.30198724504002,-1.29802516694624,-1.2936323938517,-1.30465776465353,-1.31869747393867,-1.32326215646811,-1.30543148874108,-1.24625541724617,-1.1484044615969,-1.01816661084776,-0.858211858090233
-0.696765251536087,-0.551083442561298,-0.374252162186738,-0.160718333807328,0.0708632587285491,0.403789294877109,0.652811631877518,0.830424692091217,0.933331369432687,0.968906329962627,0.929687660141664,0.923440581555888,0.940620379154165,0.969166481259172,1.00777786619829,1.02903575415154,1.03892707240815,1.04309187986196,1.05020665981603,1.06165968142161,1.08387198784199,1.10426217442695,1.11441390917001,1.11875241601142,1.13020570280691,1.138795734201,1.15181072434545,1.1680361034766,1.18729843739673,1.18825312105377,1.19050935676323,1.18825391662349,1.19363382422078,1.1956296434438,1.20829750000296,1.21966353931979,1.23519412090053,1.23779669462557,1.24152738620535,1.24126723490881,1.24534585564359,1.24673492036458,1.25567235053387,1.26426264711786,1.27606306749864,1.27970704197956,1.28196274730922,1.28118176303978,1.28317731707289,1.28439188683656,1.29003168054051,1.29775401056631,1.30677789264454,1.31007499873008,1.31102941719721,1.31293825413147,1.31779706356598,1.32387070795407,1.33341515781529,1.34504214399838,1.35319858989823,1.35328557218699,1.35068246808213,1.34729864489774,1.3441752381998,1.34330753683152,1.34703849360119,1.35276526959388,1.35779751322609,1.36100737183296,1.36308937777502,1.36404353105225,1.36334926388166,1.36777448782193,1.34946683755883,1.29931571391528,1.21185449219514,1.08508761836528,0.906867803649553,0.731250827848766,0.573073800942797,0.442488988054509,0.34461534991495,0.285960381596354,0.239279533046132,0.200234297422869,0.165093452766988,0.12891120735521,0.0929893784298864,0.0594102371229626,0.0276534808413658,-0.00245458980251385,-0.0291783068821999,-0.0539931870276234,-0.0762919453569463,-0.0991115366591542,-0.121931393151277,-0.144578080635602,-0.165836498968665,-0.18856990355184,-0.207746050752939,-0.227876351231261,-0.247485818736703,-0.268136421808109,-0.286964905044103,-0.308743095590432,-0.32843901500481,-0.349089618076216,-0.364881411713121,-0.381367472520612,-0.395771262196146,-0.411563321022961,-0.425880128409747,-0.44601016369816,-0.464838381744256,-0.484708000546226,-0.503102367908174,-0.513948104631916,-0.522711570223707,-0.531388583906539,-0.539458047517641,-0.546833509148054,-0.569219514956034,-0.590477402909284,-0.613643862606888,-0.635161636666774,-0.654510422495853,-0.663967890068321,-0.674640192594368,-0.682536222007775,-0.692774939039582,-0.707872465505902,-0.725746530274759,-0.742319042991198,-0.754032481083227,-0.764791765898022,-0.772947946607968,-0.779542158779048,-0.786396787436565,-0.805051836474864,-0.822838918954967,-0.841493702803363,-0.860148751841668,-0.876634547459257,-0.886439148617017,-0.895810164280543,-0.903619476595106,-0.911862374403897,-0.923141961811783,-0.934855399903812,-0.947609973561817,-0.956459891062543,-0.964876223069029,-0.971730851726552,-0.977631061916943,-0.982056285857209,-0.994550973408578,-1.00609097730291,-1.01806509707129,-1.0306465017215,-1.04617787887196,-1.06032098687114,-1.07836875102761,-1.09797795334314,-1.12045067624996,-1.14153513000551,-1.15238086672925,-1.15949564668332,-1.16452815550542,-1.16574272526909,-1.16504845809851,-1.17936526548529,-1.1942893577539,-1.20956058360782,-1.21797744599412,-1.22648102547927,-1.22639430838042,-1.2254401551032,-1.2227505990894,-1.23437732008258,-1.24739231022703,-1.25121024928547,-1.25459407246985,-1.25823804695078,-1.25442010789235,-1.2487800489985,-1.26309632600547,-1.27923472284786,-1.29268356367645,-1.30344284849125,-1.3146359839902,-1.31533025116078,-1.31385553010057,-1.31897502121143,-1.32912675595448,-1.33875792291455,-1.31402922948817,-1.25433312560359,-1.15741390593117,-1.00869487697748
-0.884473357188768,-0.680513584308289,-0.449477394406982,-0.189329167962914,0.0776328533336857,0.423701423736154,0.661108964815503,0.825073560353245,0.926832360177407,0.966208224552803,0.92922063651568,0.934529690167189,0.959305454169156,0.982488583208365,1.01337039444908,1.035669177024,1.04814576411376,1.05743681083567,1.07442626931674,1.08761060402026,1.09867142544012,1.10902449924621,1.11805051247118,1.12415628926758,1.13592512874356,1.1516756908476,1.16326739058838,1.16901888791438,1.17114240119805,1.17530099311896,1.17981332362558,1.18804207282097,1.20034124973318,1.21396775766885,1.21963082034842,1.22237418748413,1.22954172092237,1.23741700197438,1.24591186643609,1.2577691405585,1.27183836261101,1.27440459001151,1.27307752943039,1.27068844176509,1.27228107672783,1.27351970266253,1.28059826056965,1.28988903684922,1.2998878311849,1.30271936252469,1.30440070257621,1.30555143474917,1.30856010582415,1.311745646192,1.31776271789964,1.32377978960727,1.33103521680725,1.33315873009092,1.33333559938377,1.33395491235112,1.33767133103988,1.34023782888272,1.34634360567914,1.35377671349901,1.36050180326276,1.36156355990459,1.36147485481581,1.3593510710898,1.35908549670817,1.36103214069898,1.3655450120903,1.37138494406273,1.37881751099792,1.38200278092341,1.35873094679542,1.30174604052928,1.21042874915763,1.07761180968458,0.904268273663198,0.732959816279042,0.582268530975944,0.450601782791157,0.350081879344026,0.282567300421286,0.229652821871969,0.181074074978755,0.141167061840102,0.104710893008585,0.071617133837773,0.0406468879506282,0.0135702004874512,-0.0135067574180798,-0.0399641319139035,-0.061024018111793,-0.0819067645744826,-0.102347337805025,-0.121283440276899,-0.138272898757968,-0.163845385904825,-0.188002107381787,-0.212689436737322,-0.236226574804595,-0.26091390416013,-0.280469049157015,-0.300466637828384,-0.319845183974741,-0.340550790702237,-0.360902658844005,-0.381696970660262,-0.402225708094882,-0.417267981700452,-0.432222091101938,-0.446114173419245,-0.459032663298805,-0.470270083569174,-0.491683708352779,-0.51132728799609,-0.531325147109801,-0.550615529052086,-0.571852554985176,-0.58627578606574,-0.601053296616711,-0.615742102078901,-0.630873080773239,-0.644411154062488,-0.659984846873663,-0.675646974331259,-0.689273752709282,-0.702812096440873,-0.716262005526033,-0.728384313145388,-0.740152341294337,-0.755106180253474,-0.77041402824067,-0.786075885255929,-0.797932888935994,-0.809347719383918,-0.81846162637062,-0.827133089682839,-0.835096805381284,-0.851112671424607,-0.866774528439866,-0.884117725506645,-0.896328738214774,-0.908716620215755,-0.916237892239705,-0.923316991031519,-0.927210819897829,-0.939687677429926,-0.951987395226829,-0.962694478060974,-0.972781977485429,-0.9832232154956,-0.988532269147114,-0.99384159324097,-1.00189374358585,-1.01286585991694,-1.02525374191792,-1.02976661330923,-1.03481036302145,-1.03808460847808,-1.03932377529746,-1.03941275082858,-1.05711022736576,-1.07215304185602,-1.08666497802535,-1.09763736479878,-1.10816703745538,-1.10975967241814,-1.11232562937629,-1.11745754329261,-1.12834095453493,-1.14152528923845,-1.1490465612624,-1.15816046824912,-1.16630105324042,-1.17320301229703,-1.17895450962303,-1.19585499257298,-1.21302104990456,-1.22124979909995,-1.22691259133718,-1.23204450525349,-1.23089431396523,-1.22717816571881,-1.23903571028357,-1.2535476464529,-1.26053831059829,-1.26637824257072,-1.27319122609621,-1.27230606830489,-1.26885468311307,-1.27982652900181,-1.29407262034717,-1.30212504113439,-1.30991188753998,-1.28575543650536,-1.22213414556424,-1.1075450200646,-0.98923920543386
-0.771420488550897,-0.511242312054068,-0.220555560900103,0.0765210556294314,0.44136446231742,0.67058406976363,0.830957010530166,0.926802790701879,0.962711023022822,0.929682369739233,0.93967191520475,0.958840961216011,0.981519743450083,1.0102286155911,1.0317378524945,1.03902743159927,1.05027674132032,1.065126006189,1.07727502963926,1.08654419899447,1.10121330107116,1.11165284093013,1.12083261653358,1.13424250447014,1.1532319378048,1.1593519715789,1.16277203899225,1.16916162931012,1.1771710344098,1.18509077070003,1.20084002435564,1.21784904226676,1.22324869993056,1.22306853713855,1.21991830132665,1.22216799823624,1.22531795899045,1.23656781882687,1.24988748783859,1.26554707268474,1.26806715131118,1.26977690996017,1.26662667414827,1.26923642158416,1.26941630931847,1.27904580425767,1.28588566402669,1.29758524319888,1.29848523198579,1.30127514221369,1.29785534985803,1.30280501312837,1.30442482791019,1.31360432845593,1.31963386824749,1.33052312744222,1.329443250921,1.33124322849483,1.32728322282087,1.33187311062259,1.3355630096374,1.34699220709274,1.35545160658589,1.36886094440705,1.37012070866257,1.36958077040196,1.36607103417916,1.36166158422713,1.35608231388673,1.35653258333789,1.35752251599195,1.35977248795924,1.36499198283103,1.34600254949637,1.29146493436708,1.19957915986932,1.07088516426371,0.899713183227294,0.729261028185794,0.581397711511218,0.459633244484067,0.360817391292447,0.294040258730357,0.241572452776346,0.193694534624063,0.151306493060415,0.115398535797168,0.0829100958318881,0.0528517906258888,0.0250431823294864,-0.00240565049831451,-0.0289547695968942,-0.0553237259034741,-0.076653075072575,-0.0978922053168248,-0.118411234508461,-0.135960190680203,-0.152429270330731,-0.176547979612328,-0.199226761846394,-0.221995763005317,-0.247015011189224,-0.266454163859645,-0.281483591520344,-0.296693181973036,-0.31163266576658,-0.325761829582666,-0.350150920581114,-0.374719899313865,-0.400548642302142,-0.425387177578656,-0.445906206770286,-0.462105179761653,-0.477224276231804,-0.490633614052978,-0.504673384117301,-0.525282632233789,-0.543822346232691,-0.563262049018511,-0.58225148235317,-0.598540674269387,-0.611950012090549,-0.62544901872117,-0.637957817640035,-0.6506467793509,-0.666125651289659,-0.680704534441495,-0.697623333427779,-0.708062598229053,-0.717961924769713,-0.726331655453409,-0.734521498402794,-0.739111661262213,-0.756301392080739,-0.774301167819034,-0.793200657286532,-0.805260562042735,-0.818310399452992,-0.824700539886251,-0.830010528740587,-0.83289038283563,-0.849989344613914,-0.866638036941043,-0.884276386864536,-0.896065084730781,-0.909654035228563,-0.915503412228108,-0.921803058678815,-0.926032895954233,-0.942592194529606,-0.958701498711519,-0.97589095447235,-0.984350629023188,-0.994340449546402,-0.996860528172837,-0.999920545059892,-1.00046048332049,-1.01791977068278,-1.03474890085961,-1.05193808156275,-1.06003743052958,-1.07119679638347,-1.07416659434567,-1.07830648775393,-1.08397652713457,-1.10620614014828,-1.12726565771593,-1.14751513036381,-1.16245461415734,-1.17649383410627,-1.18144322231891,-1.18459263295772,-1.18855208851629,-1.19944134771102,-1.21042082583059,-1.2135707865848,-1.21762073612591,-1.22041064635381,-1.22032070248665,-1.21870061264713,-1.23363982138297,-1.24812931078306,-1.25289936137679,-1.25523955226893,-1.25793979368737,-1.25119042790091,-1.24426062426474,-1.25730963650191,-1.27521836814225,-1.28214762166302,-1.28934698184294,-1.29681672373971,-1.29429719522867,-1.28583807079322,-1.2997878969904,-1.28070906990399,-1.21771205528155,-1.12825614048538,-1.00154173513021,-0.800220679847554
-0.685351469012063,-0.554888029477784,-0.375242210166761,-0.203418942987766,-0.0765521296849111,0.25819297459297,0.494034155146665,0.652730066344959,0.800187070176714,0.945666039502535,0.956455368590131,0.98037205365844,1.00716592979055,1.0216417458047,1.02299020583813,1.02748598862742,1.04681730501467,1.06803679521275,1.08314218569941,1.0990568720488,1.11775861396353,1.12477159542947,1.13079555964243,1.14293334876346,1.15381253854617,1.16181481206842,1.17656075977463,1.19076726850677,1.19211655295025,1.1921168277536,1.19058837152658,1.19049823602812,1.19229627434049,1.20101743342366,1.21162704112103,1.22232650951351,1.22754145266708,1.230508504426,1.23896035622719,1.24741193322503,1.25712238436453,1.27033960104035,1.28427625288381,1.28634442288822,1.28625483699646,1.28589566901934,1.28841341730268,1.29227990042281,1.30279964742506,1.313589251316,1.322670127983,1.32284984937323,1.32069154387035,1.31799407419678,1.32024169078808,1.32365859562927,1.3329197432932,1.34361976129238,1.35270118756608,1.35288118375965,1.35234146998226,1.34955386481023,1.35090205004031,1.35494770494397,1.36375872472227,1.37265987999904,1.38255005252878,1.38344920908664,1.38093173560664,1.37760524106726,1.3739193037474,1.37149224056923,1.3722119505402,1.36447980870999,1.32851492041242,1.25829304663118,1.14680120590034,0.995388133056676,0.820417817925175,0.661541910533302,0.525054231982716,0.418597613015207,0.343700235054444,0.294068551802116,0.244706725438493,0.201279277396058,0.160279167335147,0.121616809364001,0.0859215031517811,0.0564298825427473,0.0271179833239516,-0.000125745890442954,-0.025301305100418,-0.0512861601731285,-0.0761020017992862,-0.0995691085886591,-0.11719197255531,-0.133555962380283,-0.148481356673358,-0.163406750966433,-0.177972702479045,-0.202788818908562,-0.229763240840947,-0.256288084494407,-0.282183353675358,-0.304931574903803,-0.321925139201286,-0.337569693858636,-0.353124387820867,-0.369308656255608,-0.391516888903322,-0.414534417413764,-0.437192228340402,-0.459040743404292,-0.479810380520089,-0.497073526902928,-0.512718356363632,-0.526924865095767,-0.542390247969587,-0.557945216735171,-0.573140467916939,-0.589594318437037,-0.601912103751643,-0.613600314593758,-0.624209922291122,-0.634909665486952,-0.643991091760641,-0.66296296536743,-0.68040638274719,-0.699737973937784,-0.712775469223378,-0.727071838650645,-0.736152990120986,-0.745054420201101,-0.752157262362147,-0.771128586362236,-0.787672022774099,-0.804575451573122,-0.822378036930004,-0.838202862584288,-0.847733867136906,-0.858613606526309,-0.868144336275587,-0.877764926719977,-0.891071729287569,-0.904468392550274,-0.916246738890844,-0.926316907614164,-0.936207080143911,-0.943939496777461,-0.950682896158056,-0.959764047628397,-0.973340981888035,-0.985659316809342,-0.991144116851606,-0.998786947593397,-1.00562048247245,-1.01110500771136,-1.01838784606599,-1.0417653669636,-1.06316457855191,-1.08609252117059,-1.10155790404441,-1.11522469899916,-1.11891091112236,-1.1234064191083,-1.12421516536435,-1.13698225415454,-1.15163779155891,-1.15820119474592,-1.16161782478377,-1.16665304654711,-1.16539444720878,-1.16107893541643,-1.17384684861667,-1.19066069152392,-1.20459734336737,-1.21529708656321,-1.22680585081842,-1.23013262016116,-1.23085178052544,-1.23615658437412,-1.24820478760339,-1.26160172566944,-1.26672680812789,-1.27140258711076,-1.27347075711517,-1.27131327602235,-1.26735748181379,-1.27805722500963,-1.2915440237708,-1.29532009658912,-1.29990519046682,-1.30467000573476,-1.30134296158867,-1.28228122728678,-1.2510814290605,-1.1885021112177,-1.0895083267984,-0.939623710181756
-0.749557649399123,-0.569804281656017,-0.358583291026374,-0.127705839386255,0.105585489642512,0.437504302129792,0.67407192757278,0.841497156315402,0.951849638795939,1.00280166047978,0.960816372508005,0.94797099288817,0.960730473148902,0.982283834423639,1.01211357259804,1.04039132541941,1.06246166381853,1.06582412308682,1.06728968209083,1.07720394370264,1.09186006073268,1.10599893714336,1.12375849788956,1.13910418124709,1.14315620684286,1.14548392137746,1.15246732847621,1.1602267282515,1.16824461658897,1.18065918193848,1.19462573264103,1.19721193573782,1.19747042430003,1.19772891286221,1.19971171248559,1.20221175272831,1.21178136292388,1.22247188070717,1.23238666930891,1.23730111393024,1.2403186582873,1.24643990985547,1.25359537916739,1.26169916686397,1.27368239095321,1.28497604871497,1.28618259216685,1.28497552172504,1.28178538816489,1.28135431039959,1.28290629575263,1.29040720696572,1.29911492512565,1.30937462863863,1.31040937337231,1.31032294702329,1.3091156130865,1.31221879330769,1.31549429923701,1.32540829735386,1.33377083710759,1.34394385077656,1.34506475836431,1.34497885900522,1.341789252435,1.34437571902676,1.3463587821451,1.35325602638979,1.36015300713951,1.36825705833105,1.36817089547699,1.36601550665052,1.36239429532508,1.35972166587926,1.33747873827703,1.28532017314131,1.19884902996507,1.07401328315256,0.906760907108005,0.73537034261361,0.585360286695886,0.458110398999749,0.364224770959454,0.303099735606638,0.258354864850053,0.218438012365765,0.186194133307736,0.149812065799863,0.115413061410325,0.0825660423738301,0.0527365676943914,0.0223898523955898,-0.00381841095840781,-0.0273540448665752,-0.049941360390091,-0.0746840647400798,-0.0990821176738015,-0.121497634479128,-0.145465136637485,-0.168828971827458,-0.191675566398079,-0.212884012761584,-0.236592499367818,-0.257369604471063,-0.279181454307994,-0.299096667375621,-0.321856835597203,-0.340564978223015,-0.363066657882404,-0.383154196658162,-0.404103627469538,-0.421604699653534,-0.442554130464916,-0.458848132207096,-0.478246104655366,-0.496006192391497,-0.515231839131619,-0.531526367863735,-0.55049326254671,-0.566183860815465,-0.582650451760753,-0.598254887175451,-0.615066393031953,-0.631532983977235,-0.647740822865353,-0.66437973951876,-0.679811585730356,-0.695932998269441,-0.710071611185154,-0.726624364984498,-0.740504489338024,-0.757402158048594,-0.771454871605216,-0.788094051753587,-0.798353491771602,-0.812061290416991,-0.820941070790082,-0.833959303107989,-0.844304905980061,-0.865254600286402,-0.882497183908205,-0.897412316490374,-0.907499167305282,-0.919224166327299,-0.922155547830293,-0.928535551455627,-0.945174468109033,-0.964141362792015,-0.98043562802916,-0.996902218974442,-1.00888570655866,-1.01561062509522,-1.01949032498286,-1.02526639814484,-1.03535324895975,-1.04888872189701,-1.05345772461717,-1.06009595330973,-1.06501039793106,-1.06794177943405,-1.06733837596062,-1.08190859363156,-1.09673729986471,-1.10415125773882,-1.10966857884363,-1.11725486242589,-1.11742692463905,-1.11587493928601,-1.13053131981102,-1.14699817425126,-1.1533781778766,-1.15889576247638,-1.16475826198739,-1.16191304333846,-1.1574299399774,-1.17268972397583,-1.18812236067233,-1.19372637162114,-1.19889930480466,-1.20424456369631,-1.19795098642001,-1.19226054912216,-1.20657175124098,-1.2225211015669,-1.22872825249417,-1.23631479957138,-1.24338410602924,-1.23915949123037,-1.23312440251627,-1.24752203098411,-1.26157474454073,-1.26692000343238,-1.27338616991178,-1.27881785515246,-1.2740762632292,-1.26855894212439,-1.2416611124429,-1.18398522620236,-1.08699615444592,-0.926382007093926
-0.827823165605657,-0.652851307068217,-0.446042866621289,-0.249846795940265,-0.0923032727224443,0.238141055432592,0.468416953882173,0.643129864796059,0.809905319073752,0.955887701090265,0.962617438667501,0.985480773446557,1.00506559926054,1.01024191479054,1.02059507323876,1.04164682942938,1.05967902427847,1.07124042917391,1.07607236018622,1.07952358879837,1.08185306263392,1.09358692348232,1.11161885463729,1.12973701376876,1.1379334180285,1.1432827168997,1.15156534913593,1.16174631532531,1.1734801761737,1.19082201982272,1.20756000394227,1.2121327236369,1.21196000398983,1.21368535460178,1.21610105641382,1.22015588086134,1.23007789942717,1.24155307634612,1.24742027046443,1.24880097286458,1.24742079785266,1.25044062288829,1.2541505354299,1.26174308016016,1.272182730279,1.28503834590398,1.28961106559861,1.29116422395173,1.29090527632817,1.29461492517564,1.29858325795256,1.30660694256523,1.31808159209595,1.32990168092081,1.33283554167409,1.33188677023868,1.33024764760321,1.32593387553213,1.32343168204949,1.32627852374394,1.3322316821446,1.33775343696876,1.34525975372256,1.35000519306427,1.35285256214695,1.35328396572346,1.35828835268873,1.36294730035985,1.36924563436056,1.37640651182019,1.38606931906835,1.38831203753918,1.38857072146863,1.37726826419676,1.33628650659212,1.25898193905397,1.14604438539413,0.992728669965023,0.816203916768583,0.652706971455968,0.512763975816605,0.401034141215726,0.322607555206859,0.27532746360151,0.237883162585502,0.204666405664096,0.176798683919771,0.150311400881479,0.116231573112915,0.0823242012973181,0.0504873556937133,0.01709761543112,-0.0102527384543349,-0.0328576529980683,-0.0536507252592475,-0.0739259022733007,-0.0910950262752436,-0.115597747383904,-0.137943714304078,-0.160807312777249,-0.184016350544586,-0.206362581158875,-0.224222320055015,-0.243203550033628,-0.261926096082809,-0.278577588531754,-0.298162678039848,-0.31835162707743,-0.338885751715049,-0.356227331669953,-0.375035842001489,-0.389961720144357,-0.40575040544026,-0.419036897253529,-0.436896372455547,-0.452253654174929,-0.471666024035947,-0.488058832555448,-0.501345851756954,-0.509800939946146,-0.52153480079453,-0.528782169924759,-0.538531468843512,-0.555786820821933,-0.577615156189108,-0.59573357901468,-0.614197177440307,-0.628950863324324,-0.641633759302239,-0.649140076056028,-0.660442269633781,-0.673642797164683,-0.691502272366706,-0.707032273733166,-0.724546573335146,-0.737402188960132,-0.751724207573518,-0.761559734468749,-0.772775963764124,-0.785113684141995,-0.800902369437893,-0.812549738615684,-0.826009213770151,-0.836535091865463,-0.846716058054847,-0.85387746290272,-0.864231412433303,-0.874498870293287,-0.887613433541833,-0.898398259260698,-0.90866518973245,-0.920312295216119,-0.937653611476906,-0.957669577173284,-0.985882210823536,-1.02375817911017,-1.05973607713778,-1.0888120453293,-1.11020924081407,-1.12220204928602,-1.12677476898065,-1.12875933091029,-1.13203783987536,-1.1429951215472,-1.15740336813706,-1.16128573663161,-1.16723863133818,-1.17103477185625,-1.17034442065617,-1.16749731526761,-1.18397661545771,-1.1973498626357,-1.20925617943704,-1.21866056644987,-1.22953162014522,-1.22918644454518,-1.2317748660043,-1.24031670955821,-1.25463925555982,-1.26464776579625,-1.27370724090316,-1.28129978563343,-1.28552732972803,-1.28423285530435,-1.28984083810498,-1.29950364535314,-1.30631934721273,-1.30959759248369,-1.31563671516673,-1.31615381933149,-1.31572215206085,-1.32020838008489,-1.33082048615668,-1.33107943378024,-1.33340917130991,-1.31977750389661,-1.25800293772491,-1.15498740263091,-1.0344573042408,-0.85914079749155
-0.722576409668565,-0.519472769058904,-0.301510042798506,-0.0482020676794192,0.203523392648145,0.510992392341246,0.728691231774468,0.889063748326775,0.979185130667239,1.00345170108985,0.958434543184385,0.946828359817797,0.952279423248947,0.973732992340663,1.01013351978422,1.03519175068838,1.04679793405497,1.05172203000331,1.05523908783851,1.0624489489111,1.0810011065231,1.10263015229318,1.11511506267085,1.12126937643472,1.12672017114201,1.13278634348091,1.13981992170358,1.15309595511508,1.16795477204196,1.17481287358626,1.17806631331814,1.18580394804509,1.1924868416349,1.20040049048793,1.21420483500151,1.22888817525003,1.23337237024512,1.23530637584108,1.24031780704283,1.24453784648688,1.24946140498752,1.25948426739101,1.27196917776868,1.27478271654729,1.27451909844397,1.27434335304175,1.27953133581728,1.28533496494829,1.29676540291265,1.31030586059905,1.32120852490906,1.32094463808187,1.31698767929343,1.31179996524175,1.30960180409476,1.31030532315133,1.31681166516735,1.32657117819137,1.33650643661762,1.34002322572895,1.34151759909551,1.34248473625542,1.3445071520002,1.34758457760598,1.35497018408079,1.36305904088833,1.37070799674262,1.3723781155114,1.37202635598311,1.36886105767621,1.36877345369895,1.36991714243264,1.37519299790928,1.38205109945359,1.36525773948304,1.30626076038564,1.20620304472351,1.06367862927891,0.881412911405494,0.70486241251426,0.553897918181554,0.433091496103567,0.344464755853514,0.280720232381549,0.227790231794623,0.181630191327041,0.137668312006448,0.0982785003820545,0.0675053192195722,0.0391057758824461,0.0113216101769249,-0.0129457664172568,-0.0388835305040723,-0.0648212945908819,-0.0894398932656423,-0.113003213355531,-0.138237189661908,-0.161888651176763,-0.183869456475135,-0.206289894002901,-0.229237836461173,-0.250602995404079,-0.270561384957668,-0.292190430727745,-0.313028353463989,-0.33237190283367,-0.351979339030535,-0.37325716272004,-0.39286433019305,-0.412031596712805,-0.432165731668616,-0.451596347567844,-0.469620194077761,-0.488523573770338,-0.507866854416177,-0.525803365672704,-0.544267381859737,-0.563083157575058,-0.580140135648936,-0.596141835137936,-0.612934926384625,-0.628585135069203,-0.642916715789418,-0.657336437934618,-0.672547551837494,-0.687055146683799,-0.700683477071304,-0.715015057791531,-0.729874143442264,-0.738930137409714,-0.745348606724613,-0.754668487519241,-0.763020962430108,-0.770669918284386,-0.787023646025542,-0.808125186865108,-0.825709938593346,-0.837580008787118,-0.848395069119872,-0.855165297963072,-0.857890964040572,-0.862023399507371,-0.87740972136476,-0.894202812611443,-0.90211565529291,-0.910380257502672,-0.917325694300373,-0.918644322264712,-0.918731926241963,-0.935173526684224,-0.952582533010239,-0.970607454415588,-0.98581856831847,-1.00102995094521,-1.00736081628287,-1.01298789384008,-1.01887832077677,-1.02986858906403,-1.04164998038511,-1.05000245529598,-1.05923446338949,-1.06741173034586,-1.07233555757035,-1.07558872857836,-1.08798603497877,-1.09880055786381,-1.10539450385708,-1.11321947383744,-1.12368250591804,-1.12904596537193,-1.13572832151402,-1.15243407750732,-1.1703708574877,-1.17951499288011,-1.18786773651483,-1.19454982393306,-1.19665984365509,-1.1944616825081,-1.20580371032364,-1.21696999273697,-1.22514699096948,-1.23121396947995,-1.23859957595476,-1.23763270751872,-1.237984467047,-1.24537007352182,-1.24774398007103,-1.2474803619677,-1.24897500405812,-1.24818388102428,-1.24369995475305,-1.24994240994188,-1.26277907984784,-1.26339445747945,-1.26453734004158,-1.2643613259155,-1.22180648470807,-1.14733531105218,-1.05316909722215,-0.869584482660544
-0.728660170622167,-0.488123097913683,-0.208957815559832,0.0827940884191259,0.275414607333727,0.513868501571657,0.654926904368867,0.740256568802118,0.797895241171381,0.883745434916801,0.917165167774839,0.964560661645632,0.994595096836268,1.00978595685504,1.01794542627203,1.02202502832778,1.03825747758185,1.06343072083207,1.08817018965548,1.0972850240333,1.1023199910499,1.10718118299031,1.11646952713885,1.12714648006413,1.14693800206177,1.16481985535957,1.17271906012046,1.17263203992963,1.1798366749967,1.18573892556147,1.19476620913755,1.20709230080111,1.2243666045959,1.22879375680403,1.2319190551208,1.23000965172642,1.23652024771058,1.24164170430708,1.25440210100839,1.26638143843595,1.28270117318629,1.2843508425355,1.28608726677006,1.28322302902577,1.28817097585154,1.29164302840431,1.30370885541177,1.31421229856633,1.32914262862356,1.33035772762957,1.33113878690329,1.32827375324262,1.33304765968675,1.33547812300422,1.34676289073796,1.35639851973342,1.37089560597475,1.37098289147103,1.3719379911264,1.36898673319129,1.37063613723503,1.36794514395601,1.37515004432853,1.38070554065731,1.38921229492121,1.39120845320095,1.39476699533361,1.39433242499042,1.39537374892023,1.39728341762006,1.40448831799259,1.409957059436,1.41855083389072,1.40726633146244,1.35570395003959,1.2590030282927,1.12054912919461,0.932269007602786,0.734092992359415,0.557705453309797,0.414303607385938,0.302932620237904,0.23305461109044,0.182881103749798,0.141908655061409,0.102498855531407,0.0726376648060276,0.0412138249222738,0.0142174025521158,-0.0122582252003976,-0.0345672307063247,-0.0652094807054301,-0.0914245784963979,-0.11885504059884,-0.143594509422246,-0.164340865769805,-0.179705235559302,-0.19541662489026,-0.208090001400734,-0.222239006878769,-0.245242051467609,-0.267637546553445,-0.290467346677022,-0.315727344812615,-0.334824031810962,-0.348365487785993,-0.362514758569486,-0.37666402935298,-0.388730386971376,-0.410953168202865,-0.434825088172649,-0.458089193333957,-0.480832238572168,-0.501057534996618,-0.515119520283835,-0.527098061795032,-0.539336867962311,-0.550881635046682,-0.56763514422384,-0.585169977980187,-0.603920176047998,-0.619806136371521,-0.635084016581122,-0.647410108244684,-0.659562690137519,-0.669458583789077,-0.683607589267107,-0.698364409553605,-0.713381759801649,-0.727270500623592,-0.736384804390484,-0.742027055604626,-0.747235267086496,-0.751488909523906,-0.756003081922869,-0.771975266520836,-0.789596855162544,-0.807044934033531,-0.820412880237834,-0.833346786709853,-0.840898971929288,-0.847062017761074,-0.853485328248943,-0.868155128344617,-0.884300557407858,-0.899230887465084,-0.913206648477851,-0.925793800713886,-0.934995655282525,-0.942374596036691,-0.950968635796873,-0.961906383989156,-0.974927310652005,-0.987600952467943,-0.996628766654939,-1.00261830271599,-1.00739220916012,-1.00999591694287,-1.01016916140813,-1.01806810086357,-1.02900531844493,-1.03950902690494,-1.04176624575715,-1.04697472254447,-1.04801657708522,-1.04749604777303,-1.04645419323229,-1.0630336620278,-1.07779021700884,-1.09272028176061,-1.10443855861571,-1.11858782939921,-1.125011670498,-1.133692730449,-1.14437021398519,-1.16346769689992,-1.18265166939455,-1.19211325800836,-1.19957789242606,-1.20521987833474,-1.20652146692065,-1.20556610195981,-1.22310040510524,-1.2418503378676,-1.25478424433963,-1.26476689287653,-1.2736211972928,-1.27197205855452,-1.26815272115485,-1.27535762152737,-1.28707642899339,-1.29862172668868,-1.30730252133422,-1.31685113013886,-1.32032344799708,-1.29949033676416,-1.24905656476742,-1.17397007883264,-1.0517486289886,-0.925360291592524
-0.648584915273921,-0.44800628046069,-0.21540309765747,0.0341445500223431,0.365090897339004,0.612935970976425,0.791786529810102,0.91226340466599,0.959611119037534,0.925235774956692,0.920858046007925,0.940559436920868,0.966098047556798,1.0035546764895,1.03809257166505,1.04879418245576,1.04765905049707,1.05276677262425,1.06614403390394,1.08154798025025,1.10376247055745,1.12605798862071,1.13424650001715,1.1347329143448,1.13448983107663,1.13862472454853,1.14381347443177,1.15435302971037,1.16813567756164,1.18321551288374,1.18994478129726,1.19456608909681,1.20388973245195,1.21199721609235,1.21953700985774,1.23177913917873,1.24418357180314,1.24604844914895,1.24783229873871,1.24807587758949,1.25221077106139,1.2587777361715,1.26964165026562,1.28082967538397,1.29258539037733,1.29485565429473,1.29282921701941,1.29258638154255,1.29526227982283,1.29866767569892,1.30766696023854,1.31917934417242,1.32866479524838,1.33004301047524,1.33044814925552,1.32858327190971,1.3278535265226,1.32931276950552,1.33660898442014,1.34309467398289,1.35128318537934,1.35655296301864,1.35849886812051,1.35793167382811,1.35793192161941,1.36093168313262,1.36490427330111,1.37220073600703,1.38030797185612,1.38857751100863,1.38873956652074,1.38873956652074,1.38501030741172,1.35825603264364,1.29842310568293,1.20348484146298,1.06500939752785,0.88469934791995,0.704551106032858,0.541590660081838,0.407087558523893,0.307203379897559,0.242910952858115,0.19483374089076,0.157296579784601,0.12356995333483,0.0933297505172081,0.0649541772540913,0.0368216872591463,0.00609432673996983,-0.0217955755694172,-0.0489559802829872,-0.0720625192807139,-0.0930613454557695,-0.109033229468385,-0.125167168993113,-0.140976997493615,-0.161083774978133,-0.181271332427413,-0.203891209306194,-0.225619285285754,-0.243293247758158,-0.258535138592359,-0.273047284039447,-0.286099938712309,-0.299639007712811,-0.321366835901059,-0.342689029726425,-0.365146603301791,-0.386955707037405,-0.406008380319288,-0.418656144003167,-0.432033900865466,-0.443384477078539,-0.455708129738187,-0.473058228977673,-0.492678592134551,-0.510109719130091,-0.527622121672991,-0.540918355196628,-0.551296102754416,-0.559890000722446,-0.569375699589708,-0.58007731038042,-0.597346134072551,-0.61518239984837,-0.632856362320779,-0.65150340123977,-0.667150926436858,-0.679474331305211,-0.689770803315638,-0.701527013891594,-0.71109398830621,-0.724228166317734,-0.736308487917926,-0.750740101191557,-0.755847823318745,-0.762901450547797,-0.766225570876533,-0.771414320759774,-0.773765364641924,-0.791763933721162,-0.80684376904325,-0.825571835718294,-0.842678356107005,-0.864568239807371,-0.881755787952136,-0.906077991082007,-0.932265071557695,-0.963316543101097,-0.991935943006295,-1.01893379662515,-1.04033751378918,-1.05249886314542,-1.05995812473736,-1.06579559225166,-1.06944407139592,-1.07220050184966,-1.08452365892671,-1.09627912612875,-1.10916997308081,-1.11760181553673,-1.12684467892712,-1.13049315807139,-1.13479035484671,-1.13665523219252,-1.14824889167376,-1.15935588903605,-1.17135493508888,-1.17881370109821,-1.187488379031,-1.19081225156843,-1.19397406859375,-1.19737896888724,-1.20848596624953,-1.21975526691525,-1.22259272512504,-1.22388991259585,-1.22478196128637,-1.22113397772472,-1.21724291089489,-1.23037758448902,-1.24675510286453,-1.26232160030556,-1.27440167411444,-1.28591405804832,-1.288021770871,-1.28802152307969,-1.28956179381867,-1.29880416162646,-1.30885730257742,-1.31201911960273,-1.31518093662806,-1.31582965425911,-1.31218167069746,-1.27723888453293,-1.22389189492628,-1.13616931344748,-1.01715168157451,-0.84770529826944
-0.82391303226876,-0.657646179857491,-0.456833739273573,-0.226472331225005,0.00543964326448931,0.345036864118723,0.605377733116549,0.777158061716136,0.882345392675021,0.930674408019699,0.902073052818742,0.899919268901816,0.927831044631076,0.963927199244657,0.995802411318845,1.01570279545394,1.0279359194838,1.03405287644688,1.04051422819765,1.05826082841583,1.08109041133771,1.09547731928449,1.10452268513804,1.11442956455836,1.12295833823037,1.1320900660796,1.14673553341593,1.16301792918887,1.17068545259288,1.17680214625719,1.18722614445659,1.19868359031783,1.21031323357293,1.22676730014217,1.24192909636127,1.24615003890067,1.24597757820805,1.2458053808142,1.24744230925082,1.25011294864805,1.25846952492622,1.26932454320776,1.27897312653731,1.28276331229332,1.28534758969486,1.29292848780441,1.30111234009119,1.30921035697982,1.32066859273736,1.33316053945553,1.33350546084076,1.33135194022261,1.32971527508475,1.33255811187583,1.33643465962753,1.347633809398,1.35935007794755,1.37054922771803,1.37184123476942,1.36985991154511,1.36632802187988,1.36856790449373,1.37253081424111,1.38088739051928,1.39079426993959,1.40087334675376,1.40052868866729,1.39673823961253,1.39277532986513,1.39208627699098,1.39200044159282,1.39751391778114,1.4046640591073,1.41276207599593,1.38898488081036,1.32600987153183,1.22030542179386,1.06937308959308,0.871403485800249,0.67825856862034,0.511302926633683,0.375619015946449,0.276203720565415,0.213746356663495,0.166450788980677,0.124237940702784,0.0884003454787365,0.0548887315654671,0.0252536654038967,-0.000848984494902968,-0.0248842124724692,-0.051848639236813,-0.0767456440799118,-0.102159504403329,-0.127401430631665,-0.146784959286458,-0.163325651150171,-0.179952441710805,-0.19425325096066,-0.208036941431449,-0.232503189491167,-0.256538680767499,-0.280660270740763,-0.304695762017089,-0.325715955809735,-0.339758205670057,-0.354230949015,-0.367066763923312,-0.380936289792261,-0.40057785123905,-0.421253123646464,-0.441067145785865,-0.46225980027113,-0.481385032835149,-0.497064474430855,-0.511365546979482,-0.52540806013857,-0.538416599038278,-0.552803243686294,-0.567017427641691,-0.583212934821419,-0.591568984502045,-0.599838935485744,-0.607850590378681,-0.615690047877766,-0.621117425369157,-0.641879323071023,-0.662382924682128,-0.682197473419067,-0.702270581545557,-0.722429788368949,-0.733974122823429,-0.745087437195745,-0.756286586966216,-0.766451762477307,-0.777995307035472,-0.791003319337649,-0.803666936852132,-0.809783630516443,-0.815555666094294,-0.820380089408446,-0.823998341069377,-0.828650303690917,-0.845104370260172,-0.863023167872187,-0.88025291261006,-0.890073956632223,-0.898602730304227,-0.901531929090999,-0.902565640051619,-0.904202305189466,-0.920311976971021,-0.937024866228587,-0.952790143222448,-0.96278364793723,-0.970968026821546,-0.971657606293231,-0.97217472507231,-0.973208699331695,-0.98707875179817,-1.00327478557542,-1.02007351023113,-1.033167884529,-1.04574540334655,-1.05177573501517,-1.05625550024286,-1.05961571911179,-1.0698677832161,-1.08158431506442,-1.08347980289058,-1.08537502741797,-1.08649457377674,-1.08373757238382,-1.0779652735072,-1.09149014128968,-1.10518746976477,-1.11983267380233,-1.13775147141434,-1.1618730613876,-1.18108439264855,-1.20537844331442,-1.23596112173968,-1.26533762851171,-1.29135444301237,-1.30668869992407,-1.31650974394624,-1.31969750212255,-1.31995632481085,-1.31840575836993,-1.32788214430564,-1.33804731981672,-1.34226826235611,-1.34666140228935,-1.35096870682443,-1.34959033777736,-1.34683386298197,-1.31737125751301,-1.26387316076771,-1.16764536026423,-1.00999364352066
-0.833623181033872,-0.681492809983652,-0.48725366632472,-0.303436585815161,-0.16366159105084,0.17060455111768,0.408549518643599,0.589761019144677,0.759961933988305,0.928649798822079,0.946132076991965,0.972859887064171,0.995301064621194,1.00547112402529,1.01034627904855,1.029173861616,1.05960029546441,1.0802769330354,1.09111951619601,1.10364289497876,1.11356069375303,1.12423476064768,1.14314583069444,1.16701605701289,1.1737402670397,1.17575758142465,1.17382478205723,1.17651462019869,1.17945646208542,1.192232101498,1.20626827340605,1.22223750156608,1.2274484046985,1.23022173031927,1.23089374030666,1.23433958968395,1.23803769969106,1.24736697595725,1.25795729848802,1.27006041414409,1.27628010291126,1.27964195104012,1.2817432666735,1.28577763855886,1.29023253045545,1.29838553235914,1.30872385114463,1.31906216993013,1.32511385620044,1.32771943620892,1.32956874809703,1.33410764124204,1.33990706688252,1.34797581065324,1.35806161192436,1.3670546263123,1.36865142068603,1.36797915381408,1.36596209631367,1.3663826163249,1.36890445196951,1.37512439762122,1.38168034826664,1.38924482766225,1.39067361953913,1.38932857202613,1.38781526513172,1.38571369261379,1.38621795698889,1.39084059449778,1.39714428451336,1.4034482314135,1.4126097620674,1.40403649703703,1.36159120566551,1.27930645981552,1.15432416196418,0.984375250865827,0.793413954087335,0.61985093423029,0.475032781945859,0.362069598502171,0.282390175776107,0.230027085630322,0.185564736758408,0.144632495396744,0.108407149676946,0.0755439089705551,0.0449499863943937,0.0162051188217852,-0.0110266987409699,-0.0376702506802037,-0.0629692688755341,-0.0867554939455555,-0.108860666508879,-0.130797836575354,-0.151137955383547,-0.171730077937011,-0.192742463617153,-0.214343371805372,-0.23434722873531,-0.255359871300008,-0.274355199479747,-0.292762262035971,-0.311001065210778,-0.329996393390518,-0.348319197813758,-0.367314525993498,-0.38555332916831,-0.403371869216446,-0.420181880514377,-0.437328153690563,-0.454474426866744,-0.471872703788208,-0.488850717582995,-0.506080992007609,-0.521714215173937,-0.536927175213598,-0.552140135253254,-0.566764829669383,-0.581977532824489,-0.598115020365921,-0.613664242283832,-0.62912971983786,-0.644763199888743,-0.658715884317474,-0.672332049983404,-0.686452223139889,-0.700403880030413,-0.71494405942902,-0.720995231930222,-0.726626398189308,-0.731501553212568,-0.735116175740357,-0.737049745761444,-0.756633853333816,-0.775377434652829,-0.794288761584146,-0.806896398499873,-0.818747510410672,-0.820596565414225,-0.822613622914628,-0.823958413543087,-0.837994585451133,-0.854300075489415,-0.870101044268042,-0.883212431789773,-0.895903556184821,-0.902038986819006,-0.906409363698067,-0.912881313095052,-0.924732425005857,-0.936079272541552,-0.938012328793532,-0.939861383797085,-0.940029386293935,-0.937423806285455,-0.936163016905424,-0.953981813838115,-0.972725138272577,-0.990459677072291,-1.01004327087556,-1.03399749844243,-1.05282456724077,-1.07535000293077,-1.10527217240408,-1.13527860001038,-1.16032587134498,-1.17385803576249,-1.18175852015181,-1.18352306013783,-1.18226150010414,-1.18083193757361,-1.19343906072023,-1.20764349200969,-1.21176212202802,-1.21663727705128,-1.22075616395417,-1.21630178582669,-1.2110066245613,-1.22495879522093,-1.23874296338371,-1.24210481151257,-1.24697970965128,-1.25067807654294,-1.24412238278208,-1.23807095339631,-1.25336817156895,-1.26706833848331,-1.27194323662201,-1.2775744028811,-1.28034798538642,-1.27253124536099,-1.26538677220749,-1.27875042035904,-1.27849815972922,-1.2373974021016,-1.15721371500044,-1.03534151841723,-0.841186376006727
-0.767288880147218,-0.611277428471513,-0.44101240615797,-0.281565821652487,-0.158782785105822,0.171615585854959,0.406792809562097,0.596891853210594,0.776343822056209,0.933815402002723,0.943947338093235,0.974256808801683,0.996495423117474,1.00559708178325,1.02062296685334,1.04526512445316,1.0637253550804,1.08106949556822,1.09712565806304,1.10906071085893,1.11876358337598,1.13722433885163,1.15963457859681,1.17011002797031,1.17397369952514,1.17388762438624,1.17500345210146,1.17706374452672,1.18728096848352,1.20041792413353,1.2155296219183,1.22248465059573,1.22574789557191,1.23416279009595,1.24386540018879,1.25322475942286,1.26687711620944,1.28190300127952,1.28482247054853,1.28447921968975,1.28241840241609,1.28602437340265,1.29074669695282,1.30190864804387,1.31504534126967,1.32938446219799,1.33196068060823,1.3309304031835,1.32861188534155,1.33084406562039,1.33453558689744,1.34432322243236,1.35668707637751,1.36999591988111,1.37291538915012,1.37222888743257,1.37059792100499,1.37128494757095,1.3718856365738,1.37798175083169,1.38519395522899,1.39309292376805,1.39463833990514,1.39472441504404,1.39352224976572,1.39214845905802,1.39352251218992,1.39893186230606,1.40545730256161,1.41352842137846,1.42091251362936,1.4232305066229,1.4230586187693,1.41146707925639,1.36827835346623,1.28559294801134,1.16049165604693,0.990999473014037,0.794632427254068,0.609942471297503,0.454445895909952,0.332521511358633,0.247861363768977,0.192651772468228,0.148776020112103,0.109364890737875,0.0731306687767283,0.0399875415139729,0.00933455752255526,-0.0194294970487978,-0.0460469216318008,-0.0704319035117456,-0.0948168853916847,-0.117570375995642,-0.139722652748333,-0.162046554930415,-0.183512067541356,-0.204462441439934,-0.225584703192101,-0.24644952680019,-0.267743676405952,-0.28869405030453,-0.309730236917798,-0.330766161106864,-0.350599920017609,-0.369575026933015,-0.388807834416701,-0.406752663907382,-0.424182617109896,-0.441355132168333,-0.458270209082693,-0.474842035138267,-0.491671561762132,-0.508844339244777,-0.526703880869161,-0.544563422493555,-0.562422701693742,-0.579766579757363,-0.596252068249842,-0.612394043459345,-0.627419666105218,-0.642702989319382,-0.657728874389457,-0.672411246176556,-0.686235228392519,-0.700231098462077,-0.713883455248658,-0.721010371779678,-0.727020935747073,-0.732516098577898,-0.737839373555139,-0.740586954970548,-0.75569865275532,-0.773300231387221,-0.789356393882027,-0.804124840808025,-0.82061032930051,-0.830140789115558,-0.837267443222376,-0.847914518025257,-0.860879585821678,-0.873844653618094,-0.879597517017204,-0.884920791994439,-0.888784201125068,-0.890071916693877,-0.890071916693877,-0.905269427193345,-0.920982338829383,-0.92750830393335,-0.933690755754334,-0.940817409861152,-0.939443881577647,-0.93927225614826,-0.954126253364752,-0.971384581137873,-0.98709775519812,-0.999547946706375,-1.00993758336517,-1.01466043176376,-1.01800922703044,-1.02290317601,-1.0360398692358,-1.04943400060569,-1.05518633915639,-1.06050961413363,-1.06428747297377,-1.06282786955137,-1.06136826612897,-1.07244440450532,-1.08377798102575,-1.09099018542305,-1.09785913896158,-1.10429902892665,-1.10395604049208,-1.10292602549155,-1.1127147107233,-1.12344759824087,-1.13280643262653,-1.14431189700055,-1.1597671080683,-1.17049999558588,-1.18286437437944,-1.20304243384577,-1.21969981019185,-1.22888728157232,-1.23781705238452,-1.24485763135244,-1.24485736892823,-1.24915036648074,-1.26082745628415,-1.25979665401101,-1.25730651073967,-1.25515961832712,-1.24940675492801,-1.22493596033337,-1.18973280306957,-1.13744268103782,-1.04265085978185,-0.88818429939483
-0.725836268187257,-0.617511759726169,-0.459410487607297,-0.31405804915084,-0.213204795504394,0.126301988272793,0.36901527080382,0.554075006349015,0.730933337210288,0.910634090387273,0.92979791855039,0.962847499665921,0.988101452792382,0.999632211825842,1.00434170330081,1.02106913402454,1.04429271458794,1.06280680367635,1.07563679267774,1.08505627199063,1.09065921673868,1.09812997519039,1.11323380277177,1.13036775473475,1.14084324618012,1.14798938327595,1.15700283771252,1.16447334798277,1.17348655423786,1.18599142552044,1.20076988720153,1.20596680707326,1.20888988836502,1.21465514379101,1.22269423779699,1.23073357998444,1.24348241364686,1.25907366962498,1.26459570721553,1.26573262650553,1.26670698693611,1.27247249054357,1.27799403177119,1.28944338728421,1.3028414636584,1.31331621055938,1.31420891928806,1.31201623604705,1.30884919237546,1.31047329188074,1.31493956552026,1.32460300721299,1.3364586357838,1.34774592880034,1.34937027648709,1.34872103377532,1.34636628803783,1.34847781593987,1.35205088448778,1.36057691052759,1.3698335827996,1.38047088855999,1.38063319923793,1.37860282667486,1.37616667741694,1.37413655303534,1.37364912463857,1.37852092679149,1.38509823197013,1.39126951227245,1.39662899100359,1.39833449402931,1.39914679196342,1.38826602018612,1.3495328353465,1.27271546019755,1.15692093782915,0.99760183926277,0.814328017537867,0.639418159356298,0.491792378682789,0.374698626346447,0.293334070400472,0.239496809798005,0.198408134676501,0.162191758070843,0.129791916030014,0.0999905339250542,0.0716511888289025,0.0442050488243576,0.017408399713051,-0.00955080825767231,-0.0361039913520681,-0.0616016586769038,-0.0857998478523474,-0.107886757307213,-0.127456113983721,-0.145969954890674,-0.1639968637638,-0.181374281743693,-0.1950974758367,-0.208658607433222,-0.222300894368724,-0.235699218924371,-0.248854077463114,-0.271347508157233,-0.294977361778413,-0.317713762126511,-0.340206696457699,-0.358477071347741,-0.370657073092965,-0.380969757497465,-0.391607559620776,-0.401920492206734,-0.420759450832504,-0.440572769888849,-0.461360449375786,-0.482391594879633,-0.502610690630843,-0.518770033981765,-0.534036172241085,-0.54962693185628,-0.563837306164582,-0.579103444423897,-0.593882154286459,-0.608255087454167,-0.614751485475296,-0.622222243927011,-0.628474927749766,-0.633590692282524,-0.640086593940726,-0.659656198798697,-0.678819778780346,-0.698795408514639,-0.718446168711579,-0.735579872493092,-0.746379737112888,-0.756286644822524,-0.765706372316875,-0.777156472374293,-0.790392982614931,-0.803548337516605,-0.818246140221656,-0.833349719621565,-0.851132666114848,-0.871676383221937,-0.895874076034454,-0.922183296749002,-0.951497250457208,-0.976994917782049,-1.00030015004734,-1.01589115784401,-1.02847768082849,-1.03692279971079,-1.04463702417941,-1.05032112426644,-1.06298855440843,-1.07492509013674,-1.08734880608035,-1.09839213671705,-1.10935456019624,-1.1164195419531,-1.12291593997423,-1.12843797756478,-1.13704565530648,-1.1457342402057,-1.14678950779379,-1.14841335911761,-1.1496311855651,-1.14890004296997,-1.14808774503586,-1.16302901375783,-1.17821399667818,-1.19388615981381,-1.20704126653402,-1.21954688236099,-1.22247046001567,-1.2249066092736,-1.22766762806887,-1.23497582766118,-1.24423274811465,-1.24975428934227,-1.2535708239071,-1.25689993007517,-1.25730570677003,-1.25551904840534,-1.26526314907411,-1.27719943662096,-1.28134059254168,-1.28588777333871,-1.28986661858148,-1.28613123935562,-1.28117803368226,-1.29222136431897,-1.30367096801345,-1.29498238311424,-1.24715434031762,-1.16863171032442,-1.03099399269952,-0.875410273359007
-0.668221829509917,-0.446981843351544,-0.196338564031681,0.0663042997805294,0.390694079231859,0.62830431121119,0.807425889386521,0.926230883935192,0.968825826373734,0.936720228241862,0.930759904318323,0.944905108270354,0.965964190820883,1.00387078229381,1.03700960039189,1.04996322532318,1.05338081774079,1.06426824562164,1.07626783011399,1.09311485327243,1.11488898038818,1.13443782275304,1.1345170022803,1.1346758470988,1.13316584979511,1.13705997666821,1.14119261365105,1.15478210362031,1.16702068398636,1.17949753158016,1.18498083528423,1.19070240621603,1.20023843872972,1.21311215548778,1.22415842818715,1.23901916246837,1.25324427459361,1.25634369161025,1.2532445174756,1.25109865513394,1.25165485488067,1.2530055216019,1.26095213440264,1.27080609943531,1.28121650709669,1.28232914947215,1.28264732487312,1.28097872563291,1.28503169732452,1.2883693815689,1.29854127912056,1.30847466656247,1.31960011878909,1.32126896091129,1.32309664785198,1.32134838332054,1.32540135501214,1.32985168163199,1.33914944691792,1.34725539030113,1.35830142011851,1.35869853216475,1.35687060234208,1.35416854025368,1.35297623258699,1.35003590327084,1.35313532028747,1.35687035946009,1.3609233311517,1.36457894791506,1.36791638927746,1.3698234986274,1.37157176315884,1.3513071475828,1.29345411593481,1.19777440098708,1.05949950071884,0.877516772754621,0.691481315980776,0.53143204571479,0.399196648897351,0.299622807076531,0.238670844175859,0.196632344366043,0.1585671509566,0.125031463694254,0.096263792688755,0.0660655467888033,0.0377744102388039,0.011231538220246,-0.0120530719631818,-0.0350991720368675,-0.0549664326846757,-0.0749925381509784,-0.0931112913853558,-0.115362195838605,-0.135149548313193,-0.156764587728469,-0.177346407177535,-0.194272852745224,-0.20738507961303,-0.222563503531261,-0.235199195943566,-0.247676043537356,-0.269847768463342,-0.293608670220281,-0.316177750074504,-0.339859229422189,-0.359885334888497,-0.374189869422986,-0.38626936208855,-0.398030679353151,-0.409791996617747,-0.428466949598855,-0.446744547651738,-0.466213967607336,-0.486716607529139,-0.503802140797311,-0.516755279964622,-0.528436931937981,-0.540118826793335,-0.549416834961247,-0.563482859386005,-0.577946238738999,-0.594237305032687,-0.603455647909368,-0.614501677726743,-0.622130600890482,-0.630156878982458,-0.637070757580961,-0.656302153190795,-0.675295038690893,-0.695718499085433,-0.71518816192302,-0.733147827456919,-0.745067989540009,-0.756193441766637,-0.766365096436301,-0.775980794241219,-0.78829855413453,-0.800060114281109,-0.812854894393899,-0.826682894472893,-0.845755688146217,-0.868165923181935,-0.896615661668451,-0.927926064179881,-0.962097373598205,-0.99150042387771,-1.01661223523785,-1.03075743918987,-1.04116784685126,-1.04704826260158,-1.0521342113774,-1.05571040573152,-1.06914056511831,-1.08233221439536,-1.09608054918312,-1.1068088893635,-1.11888813914708,-1.12588144015483,-1.13192118648761,-1.1369274699722,-1.14805292219883,-1.15830424215973,-1.16068812884716,-1.16187995074988,-1.16378730298181,-1.16267490348834,-1.16084721654765,-1.17403935158867,-1.19033090364632,-1.20535072562804,-1.21488724390569,-1.22497996193008,-1.22712558138976,-1.22696625080728,-1.22752220767204,-1.23872683942592,-1.25080584632752,-1.25485857513714,-1.25843476949126,-1.26161360891714,-1.25875270201024,-1.25366651035243,-1.26534816232579,-1.27997014361529,-1.28561229213786,-1.29093675102342,-1.29673798724647,-1.29316203577434,-1.28585104512959,-1.2969764973562,-1.31000930181476,-1.3143007836161,-1.28815575228974,-1.21838255855865,-1.10967003915238,-0.957170269640886,-0.761757382289876
-0.740527622262196,-0.588855470081268,-0.402807583602231,-0.225982473855787,-0.0838685326755382,0.236327948314976,0.452307641607556,0.616807527956928,0.768060195113516,0.911851051381921,0.933650178771114,0.974565471909361,0.996197010290661,1.00072473227916,1.00659367883542,1.01925408024828,1.03929249804536,1.065703141927,1.08901133914415,1.09655720078858,1.09999456921655,1.1081272486409,1.11902642795704,1.13109949908535,1.14736485793408,1.16446893057918,1.17159581970387,1.17729768975685,1.18702400227003,1.19943302017105,1.2103327119918,1.22575961329643,1.24210851039679,1.24848022397674,1.24973765404055,1.25384563475239,1.26005001557676,1.2649969663373,1.27564527464621,1.28880895558736,1.2961877407285,1.29761352855712,1.29803301358147,1.30214125054562,1.30767476283379,1.31622641477788,1.3279640516381,1.3408755803105,1.34364233645458,1.3426360336503,1.34070747879799,1.34137809108188,1.34322259517793,1.3513555308546,1.36124917612337,1.37206507344017,1.37592192689248,1.37692797344446,1.37608925964807,1.37784971298787,1.37935878281583,1.38455711708821,1.39118098293691,1.39839166656556,1.3993141748659,1.39889520234616,1.39856002433036,1.40099134620636,1.40375810235044,1.41046550645079,1.41809490634685,1.42538887197482,1.4263949185268,1.41566307196625,1.36854339800364,1.28444933511136,1.1565894284328,0.984460142187355,0.786339184580018,0.608005005005605,0.450547444520059,0.326123625007933,0.240016187750169,0.182583383494443,0.134876379247295,0.0963083572287849,0.0630227202389072,0.0323362503852187,0.00533878872364686,-0.0224130797257547,-0.0486558783471927,-0.0752341112367227,-0.0950208892696568,-0.113885415254563,-0.13098923164737,-0.147254334243777,-0.161926316255978,-0.186659788797143,-0.213153970930425,-0.238055288731793,-0.264046960093697,-0.288864995895736,-0.30789762339315,-0.325337130306346,-0.343531300259677,-0.359209841328458,-0.378074367313365,-0.397693556338411,-0.416977567347663,-0.430140735784205,-0.443974772756936,-0.454622568561227,-0.463677500033616,-0.472480791741863,-0.49235162053104,-0.512641678092281,-0.533351220677857,-0.55556983309139,-0.576195324920718,-0.590700230429628,-0.604366678394465,-0.617949075603043,-0.62993835222741,-0.645113870020205,-0.660876205592936,-0.676135517889676,-0.686280546670291,-0.697767056270969,-0.706402758971317,-0.713445597339756,-0.72199750553616,-0.74019141923718,-0.755367193282286,-0.771800653643505,-0.783203368740245,-0.79251019622908,-0.796450844185339,-0.802822814017589,-0.808104686541614,-0.825460142698556,-0.843905439911427,-0.862183404368707,-0.872831712677612,-0.883312688230933,-0.887421437699699,-0.89035629535629,-0.893374691264516,-0.909640050113239,-0.92674361025373,-0.943763375890282,-0.957429567602804,-0.971850422355471,-0.97763583066009,-0.981576734868653,-0.985098410305179,-0.995411284345992,-1.00438267756674,-1.010251624123,-1.01486288436314,-1.01905491583124,-1.01997716787927,-1.02081562542335,-1.03213454601614,-1.04697488579314,-1.06223445434219,-1.07305035165899,-1.08529152429982,-1.09233436266825,-1.09828710372846,-1.10423958853636,-1.11991787335284,-1.13391924308116,-1.13936844836076,-1.1443148866167,-1.14926158112493,-1.14808768931276,-1.14766846054072,-1.16351510312201,-1.18011615249112,-1.18623699506384,-1.19428613623656,-1.20049077331322,-1.19688555962505,-1.19219024862866,-1.20703007590105,-1.21943858129746,-1.22446881405733,-1.23058914412544,-1.23570368389387,-1.2305056058738,-1.2256427058695,-1.23914156482645,-1.2518019662393,-1.25809014156761,-1.26421072788801,-1.25691650600774,-1.20778448268888,-1.12880444706042,-1.03439725387501,-0.896391549658917
-0.753670541619547,-0.605509770397093,-0.420819456673578,-0.199354578219253,0.0357576138282654,0.365421411644604,0.61156609799528,0.777133688012325,0.890726593178832,0.943437094022137,0.921372604951466,0.928564169744443,0.961007510737723,0.984951752409107,1.01085742075778,1.03145127691416,1.04215707491096,1.04983918369913,1.06446758528268,1.08587868174063,1.09928097310404,1.10957765141442,1.11823984912168,1.12722899290313,1.13621838645241,1.15199072464389,1.17111369811817,1.18132895211978,1.18688603630965,1.19563015786133,1.2047012254872,1.21230116066313,1.22603039810072,1.24139386637361,1.24556149219015,1.24842133370995,1.24940192216469,1.2523436875289,1.25544930058194,1.26435702005461,1.27261109714674,1.28380693960308,1.28846510941481,1.29206051715957,1.29867986388078,1.30644339697772,1.31338968977312,1.32327799770054,1.33316655539577,1.33520965614966,1.33455576400128,1.3324309891708,1.33382019777632,1.33757920344208,1.34665002130014,1.35792753783306,1.3687961844474,1.37329050657031,1.37288163665172,1.37100213381883,1.36936765321572,1.37043016551487,1.37500691101782,1.382689019806,1.3911881191279,1.39715382346855,1.39952387029662,1.39960554437321,1.39886997814825,1.3978074658491,1.39821608599988,1.40156672128269,1.40565292279046,1.41006607037241,1.3867757208494,1.32417741161431,1.21655046055627,1.06520240220419,0.865230044516574,0.668935268185951,0.499363150737736,0.362152700206207,0.260409529644409,0.198873482940647,0.153027850583963,0.112412606110772,0.0767008034469128,0.0431135258457103,0.0116507733071592,-0.0180958245516906,-0.0469435080323842,-0.0743203088309824,-0.100307651256246,-0.125477753379953,-0.148850026747371,-0.17091476558587,-0.192979504424365,-0.214553949035497,-0.23555617557484,-0.256313379884417,-0.276580539734449,-0.29668435143128,-0.315807324905567,-0.33476695022667,-0.354216620007318,-0.373420768022559,-0.392134372042612,-0.411747140208632,-0.430460993996495,-0.449256771628776,-0.466990286729728,-0.484397105524319,-0.500741661787575,-0.51765843612261,-0.533349350005317,-0.550102776187168,-0.56685620236902,-0.583446030629871,-0.59921836882135,-0.615481001240195,-0.631171415587262,-0.64473705510385,-0.655769299639197,-0.666883468018938,-0.67628148171899,-0.68494392919408,-0.696548391801194,-0.711748511920894,-0.726703360042999,-0.735937526054228,-0.744273027455134,-0.750647102178739,-0.754978325916287,-0.758982603579651,-0.775980802223452,-0.79453155762596,-0.813490933179247,-0.825667364090322,-0.836863206546658,-0.841194430284206,-0.845035359794381,-0.847241808701444,-0.863667789273478,-0.881074358300247,-0.898480927327009,-0.911882968922603,-0.926102250819752,-0.931904107471578,-0.937052321742854,-0.94113802371499,-0.951843322176143,-0.962875566711484,-0.967043442295843,-0.971619938030979,-0.976033335380755,-0.97660580322035,-0.976932999062356,-0.992950609251424,-1.00913156759368,-1.02212498903849,-1.03430117018175,-1.04533341471709,-1.04811183192812,-1.04990966068441,-1.0604518607602,-1.07336410766406,-1.08823753147739,-1.09804416532822,-1.10768720125804,-1.11242704514636,-1.11553240843158,-1.11692186680491,-1.12819963310566,-1.14045823762897,-1.14593389751007,-1.15083733931939,-1.1556588572843,-1.15500496513593,-1.15271659238445,-1.16317661884801,-1.17551639791228,-1.18074628626015,-1.18507726022987,-1.19014380042456,-1.18810069967067,-1.18368755208872,-1.19398448016692,-1.20575254069503,-1.21090100473413,-1.21653976300059,-1.22258739118566,-1.22095316035037,-1.21850168921352,-1.22855359506195,-1.23811520668299,-1.24277337649473,-1.20934944704671,-1.15263466854004,-1.05473242748841,-0.903792989287113
-0.766283705665246,-0.596158698441084,-0.382509837930402,-0.16877997400467,0.0176358851690438,0.327491287924705,0.53368312763012,0.676331380121562,0.811117842449341,0.931639529071357,0.944688262683889,0.977189210884786,1.0092038908785,1.0153636184586,1.01447183774243,1.02371167682943,1.04008402762775,1.0566996363881,1.07396352018573,1.09147066194538,1.10297983523818,1.11043636060971,1.11586680973747,1.12656545344601,1.13629156074019,1.14755772378784,1.16166074038037,1.17884337304609,1.18686741775671,1.19205460892244,1.19780931942727,1.20623838121316,1.21345189633953,1.22617686400871,1.24011737833741,1.25041050953696,1.25446315745823,1.25762402466334,1.26386475565849,1.27132152874687,1.28112863945611,1.29288082299407,1.30495726790909,1.30738885666186,1.30771311803893,1.30593005204032,1.31006345565978,1.31525064682552,1.32538177119496,1.33656643539382,1.34953441330816,1.35131772702364,1.35010218036411,1.34929189849672,1.35245326113556,1.35520935898226,1.36347666165491,1.37328377236415,1.3826046148662,1.38244236031924,1.38155057960306,1.37952425564243,1.37717367030471,1.37611988275844,1.38041554092487,1.38519746729848,1.39151944942554,1.39800368609957,1.40132680785165,1.40294786702015,1.40489318756573,1.40854032297801,1.41251171976737,1.40772979339376,1.37052767451745,1.2907739910521,1.16141773013522,0.984403716878616,0.779184165870688,0.593011316942134,0.436989326310506,0.31897973642257,0.238739784750053,0.189623227788814,0.145532102880066,0.106709172552112,0.0700745730148871,0.0369248543429793,0.010340375760158,-0.0126779708254385,-0.0335079866202996,-0.0532842148688803,-0.0717633976091569,-0.0989153955310808,-0.12452758541641,-0.150788050339028,-0.173968651471599,-0.195447190020606,-0.211414028309938,-0.227299863184216,-0.243023691228388,-0.261341114855435,-0.283143914781511,-0.305675993159929,-0.327964813576324,-0.348308313447138,-0.367030754149438,-0.38340236179717,-0.398396415955271,-0.413795734905512,-0.430978367571229,-0.449701055990393,-0.468505243258347,-0.487876702148527,-0.501493450533884,-0.513894156825985,-0.524349542572511,-0.533426879395684,-0.542423212803801,-0.561550918298235,-0.581489401093784,-0.601752145266413,-0.622987425853391,-0.642358389309849,-0.655164360394079,-0.667321808724162,-0.678992988847068,-0.69025890417784,-0.70411866280835,-0.719761487437473,-0.735242057519627,-0.744238638644609,-0.752586944732308,-0.75898993027442,-0.764582386232286,-0.768878292115577,-0.785655659989166,-0.80340556427711,-0.82131747539516,-0.833069658933115,-0.84595638571553,-0.852116361012499,-0.857790068102274,-0.8632207649469,-0.880241390782507,-0.896451487033863,-0.913958133359789,-0.924494274804495,-0.935273426494355,-0.939893098320997,-0.945323547448747,-0.949538202200125,-0.966721082582706,-0.984066217512256,-1.00205962747909,-1.0114614733962,-1.02183610344453,-1.02524047632852,-1.02791532304331,-1.02961738562687,-1.04647575691551,-1.06187507586574,-1.07824693123033,-1.08967460567435,-1.10118353125028,-1.10450665300235,-1.10758676450927,-1.10896456571575,-1.11982546397127,-1.12995683605758,-1.13182090547124,-1.13255018392358,-1.13400923626199,-1.12995658834071,-1.12639020862662,-1.14033072295532,-1.1563785646597,-1.1703190789884,-1.1825577784504,-1.19341867670591,-1.19455346766724,-1.19520174270453,-1.19949715315409,-1.20849348656221,-1.22016466668511,-1.22826971481079,-1.23548347765402,-1.23913110850003,-1.23977963125418,-1.23823957550073,-1.24456155762779,-1.25112655000001,-1.25477368541229,-1.25890733674861,-1.26279773012292,-1.25039677611394,-1.20541362277216,-1.14454463455609,-1.05749643254934,-0.929193711461854
-0.744146205975286,-0.615045756248741,-0.435312916304817,-0.216811005299552,0.0176634928234902,0.339058250635879,0.599043150620478,0.774123796829838,0.882521735606495,0.936565718763743,0.920127462006694,0.922685919729597,0.951142244891757,0.987740086825899,1.01526602063754,1.03030845338683,1.03938059849133,1.0455061093492,1.05225203909541,1.07132648367291,1.09598375031748,1.10932014961482,1.11366237088721,1.12064077998005,1.1270765002821,1.13242660602054,1.14576347928189,1.16367481618025,1.17065322527309,1.17414231132852,1.18422210391705,1.19282857938229,1.20089260303873,1.21376404364282,1.22841901081438,1.23020277436387,1.23167632846919,1.23206403102891,1.23501042829353,1.23741389978535,1.24718348292973,1.25633264718575,1.26431894074464,1.26796325001315,1.26974677658063,1.27362356519576,1.28013677861335,1.28851101171396,1.29804811551171,1.30991119768574,1.31378822328287,1.31316804137653,1.31122952857797,1.31309054826099,1.31487407482847,1.32200747015239,1.33115687139043,1.34092645453481,1.34232204156057,1.34232204156057,1.34069373820618,1.34340741914217,1.3456561413849,1.35410763061905,1.3625591198532,1.37170875807324,1.37155400882417,1.37108905013091,1.36791041050167,1.36488675710352,1.36333594686466,1.36682503292008,1.37062409143766,1.3759739601941,1.35658930617243,1.29742793360537,1.19779193048903,1.05535508146515,0.868799055641478,0.68565462275768,0.527942387673878,0.400624753568792,0.308664360603174,0.250587891653699,0.206390747774363,0.167854156059645,0.137381588001374,0.107296959484815,0.0819422548003623,0.0583708397013915,0.0372803892097845,0.00866884083453201,-0.0187798368435741,-0.0463060076372299,-0.0726690707517413,-0.0979462823206547,-0.117950881266664,-0.135861981183015,-0.15330764844211,-0.170210389928403,-0.189362090639438,-0.210064601589332,-0.230922098770304,-0.248988421899748,-0.267287461357823,-0.283105062244528,-0.296906894199122,-0.310553739922639,-0.32869779314963,-0.346066678239195,-0.364753657238988,-0.384758493167001,-0.401971918061476,-0.416704141366584,-0.431358634574144,-0.445548169088459,-0.457101515782323,-0.474780373334055,-0.491994035210533,-0.509129966989464,-0.520760569816864,-0.533554280323404,-0.542470965232805,-0.550689738138322,-0.558443552350594,-0.575966949707236,-0.593102644504163,-0.610005859954468,-0.628537378759165,-0.647301376910486,-0.660715506305371,-0.674827310722143,-0.688939115138905,-0.701112643739107,-0.714061814440742,-0.728096362723968,-0.741820938545032,-0.757871492742366,-0.778729226905347,-0.803773722145619,-0.831609628419438,-0.863942742196727,-0.896353586071569,-0.924422208674015,-0.947450934982187,-0.96443188053004,-0.975287315220014,-0.983816534551709,-0.992190767652327,-1.00002231196214,-1.01149792855845,-1.02359372706111,-1.03134754127338,-1.03871388990794,-1.04476190765027,-1.04902663580711,-1.05329136396396,-1.06476698056028,-1.07732773775619,-1.09167202151958,-1.09833998418624,-1.10493069071937,-1.10679147342039,-1.10725690607765,-1.10655923105577,-1.12121419822734,-1.13664433353634,-1.15316008340893,-1.1661865102441,-1.17898045773264,-1.18285748332978,-1.18557140124777,-1.18758764414389,-1.1975901805989,-1.20805767574716,-1.21077135668315,-1.21379524706331,-1.21643119790176,-1.21371704300176,-1.21092563196822,-1.22402955191893,-1.23674576930993,-1.24325921970952,-1.24822209685226,-1.25233183877803,-1.2489977389537,-1.24512095033856,-1.25558844548682,-1.2706306412541,-1.28032273128292,-1.28730114037577,-1.29443453569969,-1.29396934002443,-1.29024730065838,-1.2984663105459,-1.31126002105245,-1.28412155281851,-1.22759613108989,-1.1253237031711,-0.934115009648862
-0.846879835003739,-0.628071354170478,-0.374925574870085,-0.131695363011389,0.0188485386683043,0.302890172143395,0.495310740168429,0.633152105655201,0.747964848788622,0.885313792188126,0.91932272577408,0.960707470970194,0.98791491840178,1.00700942390641,1.01790908411557,1.02807136353893,1.05077187148011,1.08011005883861,1.09658215373613,1.10403961824581,1.11329995873924,1.1237079482682,1.1353454902012,1.15542383800428,1.1777148291028,1.18672970995966,1.18722138063987,1.18582802149877,1.18984329030896,1.19615310578312,1.20934681171822,1.22655628740154,1.24392982029095,1.24974846602294,1.25138778573866,1.25106042273354,1.2544207150645,1.25909221269902,1.26884447434167,1.28056341870517,1.29416689195195,1.29793645065654,1.2985916776048,1.29793594971851,1.30252529351547,1.30760680893068,1.3179328950911,1.33022591444136,1.3434201213145,1.345796571347,1.34489463241708,1.34325531270137,1.34350077233794,1.34472982380395,1.35103988974713,1.35866141146289,1.36751223511367,1.37029895339588,1.37062706780805,1.37038160817147,1.37210283125572,1.37636456157855,1.38406798666284,1.39373809446795,1.4037358157472,1.40955396054115,1.40840606103662,1.40709435479504,1.40266881773513,1.39881710519299,1.39980069702242,1.40398052397672,1.40848796440516,1.39906356670564,1.35251540272578,1.25909121082294,1.12133174870471,0.934975786986277,0.734196566928702,0.555708087500646,0.410901429122447,0.300923739891582,0.230773880447684,0.182750704427208,0.141283554924534,0.103504311226935,0.069248916128337,0.0382716595231419,0.0103265808367367,-0.0154880083917711,-0.0394999721055348,-0.0620369237786702,-0.0855572168122337,-0.109077509845781,-0.131778017786964,-0.154314468522069,-0.177588300042982,-0.197829953645095,-0.217498033198468,-0.236674692540656,-0.255195623996554,-0.271913679468692,-0.291909873434223,-0.311168436144945,-0.330672458492244,-0.350504344782686,-0.369188832506626,-0.385414966829538,-0.400739663160562,-0.415736996486479,-0.42975098845198,-0.446469544862144,-0.462941890228678,-0.480479480324165,-0.497688956007488,-0.513587226387252,-0.528174040994441,-0.542679202702116,-0.556610790361052,-0.56955903665957,-0.585047539727657,-0.600208429321617,-0.615615029021181,-0.630365900834454,-0.64470700533604,-0.65749119442848,-0.66970180947219,-0.681256696629594,-0.693467311673304,-0.707398899332239,-0.721166680254111,-0.735343978018645,-0.742637635791255,-0.749767486826801,-0.755832093133402,-0.76156883549686,-0.76648629370598,-0.785581049679639,-0.803528407086802,-0.821557667862494,-0.84024240605545,-0.85671425048396,-0.864581231836289,-0.872939883868829,-0.880397097909487,-0.886789067221205,-0.897688476961345,-0.910309109785736,-0.92276593587307,-0.929076252285268,-0.934731091280192,-0.937927326405066,-0.939648299020297,-0.940549737012179,-0.954481575140136,-0.970216038782836,-0.984885257696591,-0.994555365501706,-1.00611025265912,-1.01250222197083,-1.0187306350145,-1.02913837407443,-1.05290437721358,-1.07593274909791,-1.0974858584726,-1.11174505960566,-1.12141516741078,-1.12280802561386,-1.12329969629406,-1.12305398618846,-1.13583867621894,-1.15075410617632,-1.16452238803623,-1.17501253140273,-1.18542052093169,-1.18861650558754,-1.18992746042208,-1.19345080808305,-1.20312041495013,-1.21369171027811,-1.21393742038371,-1.21565839299894,-1.21533077952481,-1.2113152602456,-1.20590638182529,-1.22041154353297,-1.23385121004268,-1.24253772601837,-1.24942136601028,-1.25515785790473,-1.25106043525699,-1.2461434779859,-1.25220783382348,-1.26318939740117,-1.27679312111696,-1.26458200513523,-1.21614881133407,-1.13796766286273,-1.01995843413542,-0.843272830691126
-0.737240748021881,-0.599314470106239,-0.419431566688727,-0.239385570687085,-0.0953486742872501,0.232889717559339,0.455544460403051,0.621415345378802,0.773517730305586,0.91690300335783,0.934174383519079,0.969776374151336,0.99584628798103,1.00203807926281,1.00497125581405,1.01914711382887,1.04122536778652,1.06501472439781,1.08766342890544,1.10297969002763,1.10892696693137,1.11202273807411,1.12122862970841,1.13108614469029,1.14183979739781,1.15511877069807,1.17059762641176,1.17752221383873,1.18501725181568,1.1978079433488,1.21011010411846,1.22110852020033,1.23609909414687,1.24864552029826,1.24970475060802,1.24864576929457,1.24742394439331,1.24823866032503,1.25223056919339,1.26184381879356,1.273493858223,1.28546983382441,1.29182446869401,1.29467597445502,1.29728296583799,1.30184507626003,1.30624409409794,1.31406481925054,1.3230261965068,1.3322320881411,1.33500192311189,1.33663135497532,1.33679419856314,1.33923834635829,1.34103087080586,1.34673388232788,1.35357729695725,1.36139852010247,1.3644128694513,1.36750864059403,1.36978969580505,1.37280404515388,1.37638859605639,1.38306891810163,1.38942330397492,1.39642956219211,1.39985126950679,1.40074765622874,1.40082932701896,1.40539168643732,1.40922075171785,1.41565680838136,1.42364037712179,1.42119598033032,1.37638784906745,1.29051947902466,1.15943586874945,0.982811580062495,0.779791441373897,0.598686464058817,0.447480465853969,0.331224585937478,0.250325933278898,0.197126626313445,0.152237073256666,0.112072723206063,0.080625485029988,0.0534146701003171,0.0298700768633719,0.00868820962767248,-0.0110270693324236,-0.040274176098767,-0.0687879887272977,-0.0967315998021556,-0.123046028009885,-0.146427777659011,-0.163128956266587,-0.179585869492426,-0.195391159370686,-0.21266278852825,-0.234822464279798,-0.258611571894789,-0.282074743337822,-0.304722949852826,-0.325252944744636,-0.342931433875434,-0.359469519898875,-0.375030046402778,-0.392627611732289,-0.412017452513053,-0.431570385877945,-0.45079738307089,-0.465298928261354,-0.477437747450578,-0.488028805566585,-0.497723476960651,-0.506929119598646,-0.526562976764825,-0.547174393450536,-0.567785810136258,-0.589293613543905,-0.609253655878346,-0.62269621975536,-0.635405489494573,-0.647544308683791,-0.657809181631541,-0.67108840392811,-0.686078479882031,-0.701476162798121,-0.710845147016549,-0.720703159991065,-0.728606053926505,-0.73479784520829,-0.739848735390098,-0.757608895311118,-0.776264943961448,-0.795002414405691,-0.808526151080301,-0.823272210648806,-0.83093034120989,-0.837611161247756,-0.843314172769775,-0.860585552931028,-0.876064408644715,-0.893009852634016,-0.905392688208649,-0.918427396127189,-0.924781782000482,-0.932276819977437,-0.93863120585073,-0.95492502649244,-0.973255636963449,-0.993134257503984,-1.00535499647973,-1.01822760779939,-1.02441964807749,-1.02808586977021,-1.03028550318732,-1.04698643279858,-1.06222077413423,-1.07916621812353,-1.09049057037734,-1.10075594131771,-1.10303724552505,-1.10580732949215,-1.10662179642755,-1.11924914638023,-1.13383161537198,-1.14132640435263,-1.14694749608811,-1.15313903837359,-1.15191696447601,-1.14914712950522,-1.160226967381,-1.17489160515559,-1.1903709588619,-1.20267311963156,-1.21530096757686,-1.22059662113301,-1.22255174017209,-1.22344787789772,-1.2325720987418,-1.24128921061633,-1.24373335841148,-1.24658511316881,-1.24886641737614,-1.24609683140166,-1.24332699643087,-1.25391780555057,-1.26573043957153,-1.27216624723873,-1.2790908346657,-1.28577115671094,-1.28487501898532,-1.28316441432428,-1.28015006497546,-1.16356824888702,-0.954600584298365,-0.663675285737683,-0.296576288528281
0.153924986958795,0.447176560671642,0.660158483348589,0.804149922969752,0.889441428165005,0.918502911772706,0.972015676968486,1.00231211699538,1.01877744772117,1.02717479910207,1.03252627691853,1.04396975348498,1.06932661945624,1.09608300205414,1.10925536728321,1.11633548214121,1.12316900830915,1.13016709468453,1.13889432134366,1.15379607847759,1.16919151623387,1.17577769884841,1.18038815248915,1.18787991948687,1.19685373483606,1.20656882598209,1.22056474711175,1.23513688058857,1.24147622289194,1.24402816421292,1.25069637531007,1.25769421006434,1.26460951309377,1.27547652569193,1.28906054306074,1.29169501610656,1.29284744080091,1.29268288059346,1.29548191384673,1.29795157506398,1.30593702268404,1.31499286651584,1.32544822697427,1.3290708161281,1.33112932844786,1.33318809238872,1.33672865305994,1.33969300138399,1.34677336786309,1.35467678700053,1.36225058248087,1.36496683238819,1.36685952639493,1.36982261661342,1.37262114662445,1.37591386050006,1.38159445873142,1.38818089296707,1.39073333753027,1.39229791760658,1.39229816922769,1.3929569132997,1.39295716492081,1.39534479765546,1.39880282660184,1.40398999583198,1.40785967691809,1.41139973434709,1.39699241269882,1.34619589741036,1.25538785094897,1.1216874631999,0.942624569703664,0.749648286802613,0.57906527641212,0.434991808308346,0.324754837660455,0.251318461171378,0.205214931248492,0.165286183421515,0.130791193514737,0.100165633072954,0.0723393575055516,0.0398203481936894,0.00878288399107184,-0.0201142910302996,-0.0455539403475048,-0.0706644692498172,-0.0920701288945862,-0.111911208463041,-0.131422664374382,-0.156202814756236,-0.179418888304021,-0.202305841436907,-0.224452022015182,-0.244211073101027,-0.260183226446702,-0.275743476031543,-0.290644981544382,-0.307275375719849,-0.327692416014363,-0.348520856827502,-0.369843229884091,-0.386637681024777,-0.401127031155654,-0.413723184037562,-0.425825404676021,-0.437433944692134,-0.457933768332602,-0.480327040843149,-0.501897009074242,-0.522067712299817,-0.540920927381372,-0.554916848511021,-0.566854508942033,-0.578874197855649,-0.593445828090252,-0.610158250748323,-0.626952953510125,-0.644982864312221,-0.660790205829345,-0.674374726440386,-0.686476947078844,-0.697673583334118,-0.707799571756544,-0.721712457919128,-0.736777768776071,-0.752008143082681,-0.764027831996302,-0.776047772531029,-0.785845143780784,-0.794819462372196,-0.80354643741022,-0.819271247202502,-0.834419593026508,-0.850308711405125,-0.8641395690851,-0.876406349931005,-0.885132821726796,-0.894353477387153,-0.902256896524602,-0.913864933298494,-0.928683907086491,-0.939963075066601,-0.949595634487793,-0.960463150328179,-0.969766589334484,-0.977423419781871,-0.991419340911531,-1.00854341570933,-1.02393835022339,-1.03266482201918,-1.03990924546351,-1.04435463565457,-1.04690682859667,-1.05011801723188,-1.06576054692045,-1.08230866099219,-1.0903768919582,-1.09655142243301,-1.10247886097554,-1.10074972069179,-1.09902083202915,-1.11219319725823,-1.12824712746541,-1.14232507707768,-1.15557997403159,-1.16776422315266,-1.17171593272138,-1.17418559393864,-1.17978366044517,-1.18851013224096,-1.19682520351814,-1.20341113451156,-1.2090094526392,-1.21337306596877,-1.21600779063569,-1.22053621579381,-1.23008699835352,-1.23486251544392,-1.23716811969596,-1.2388972599797,-1.23914435191199,-1.23642734714133,-1.24457760658996,-1.25610311163901,-1.25849049275255,-1.25956038572206,-1.25988925451584,-1.25453752507826,-1.22564035005689,-1.18060671310351,-1.11235700260234,-0.996028033204473,-0.784034226635536,-0.593033924329412,-0.430354333076367,-0.299041326440832,-0.230791364318549,-0.290314099781697
-0.324096661505368,-0.359515600165648,-0.321940546028212,-0.235086651350185,-0.103881776652384,0.21951036435453,0.448194627062514,0.618899574955072,0.77389679093822,0.926199215573512,0.945140885366264,0.971166531156989,0.992032984674655,1.00127284081739,1.00774048125166,1.02383298164013,1.04978120307025,1.06949288048592,1.07950274425158,1.08289106019135,1.08666437994258,1.09251662614276,1.10460541635737,1.12062119838243,1.13679088779912,1.14587660121783,1.15149728033336,1.16104518659174,1.17174810428452,1.18314384057201,1.19669545700426,1.21124817747928,1.21586775255205,1.21679119690179,1.21548180741097,1.21694439829621,1.21817612809402,1.22395094993357,1.23234384475757,1.2427387123347,1.24789790460776,1.25251795034533,1.2619889029079,1.27115180535483,1.27985275029447,1.29163349039343,1.30418423811532,1.3064942609841,1.30734145763524,1.30749560035927,1.31080672727082,1.31373285037091,1.32243379531055,1.33167365145329,1.3407596002044,1.34206851903042,1.34199133000221,1.33991216822086,1.33721690620821,1.33583056302157,1.33860230806523,1.34260625357149,1.34853521813508,1.35554224043725,1.35931508952368,1.36208683456733,1.36385747556822,1.36662898527948,1.36947744868654,1.37494422041045,1.3806420885542,1.38695605692925,1.38949717621788,1.38018060171173,1.33837050564819,1.26352821215655,1.1488777953545,0.992802286300375,0.813550300859793,0.650930197675582,0.506943714168463,0.392909397597723,0.313909486540605,0.261474132477296,0.220126229253435,0.186939889101318,0.157526633368035,0.130345976142919,0.105090102642718,0.0758305189686515,0.0471870355258861,0.0193905134018714,-0.00786686218665731,-0.0331222650220501,-0.0562217877126878,-0.0773962913460096,-0.0983399338918922,-0.118051611307569,-0.139149161245071,-0.158783649632532,-0.179573149454383,-0.195742603538667,-0.212527922521855,-0.22838956182289,-0.243327286109371,-0.257495002772925,-0.279439749361574,-0.299998623428393,-0.320403119438785,-0.341500669376281,-0.357131212257481,-0.368988670719847,-0.380461125370754,-0.391317715122756,-0.401943208454918,-0.421962700653839,-0.441135231534025,-0.461770823964257,-0.482714466510134,-0.502888101433086,-0.518826929762332,-0.534534661671743,-0.549087146814362,-0.563331817173731,-0.578654545271677,-0.593745941617379,-0.609684534614229,-0.623852486610181,-0.641408048548701,-0.661658401835066,-0.685296835728788,-0.711475918246334,-0.745046791545102,-0.775537869684571,-0.802795245273099,-0.823045833891861,-0.839985766263884,-0.850765637652473,-0.860775501418137,-0.869938168532654,-0.884798703790928,-0.899582050020975,-0.915443453989608,-0.931150950566612,-0.946319771272933,-0.958793565299008,-0.970728683454399,-0.980892925276491,-0.990749116982932,-1.00176008479137,-1.01261714520817,-1.02016307871343,-1.02670790817592,-1.03340664503003,-1.03910427784137,-1.04380104194235,-1.05504263550581,-1.06928730586518,-1.08399393373183,-1.09146291354126,-1.09923970813396,-1.10339756103185,-1.10539929845258,-1.10601516335148,-1.12110655969718,-1.13635186343451,-1.14613016011553,-1.15529259189765,-1.16353110866521,-1.16414697356411,-1.16414697356411,-1.17415707266218,-1.18601523712175,-1.19818145169698,-1.20803764340342,-1.21773992771824,-1.22243716248402,-1.22582524309139,-1.23121506111949,-1.24076273204547,-1.24746146889959,-1.25262019050784,-1.25654694698589,-1.25931892736195,-1.26001198128907,-1.26740377207029,-1.27864560096616,-1.28272673550065,-1.28503675836943,-1.28688482373093,-1.28411307868728,-1.27849216423934,-1.28950266138297,-1.30259208497554,-1.30813557506286,-1.30074331361683,-1.25138728404802,-1.15829637469076,-1.01908360898043,-0.810341649443161
-0.781614671984172,-0.555872183515692,-0.306698790822205,-0.0551739914113112,0.109262259721418,0.389173089072806,0.574520458408843,0.706791385582181,0.794216179117389,0.899780762580853,0.923799197640505,0.96578981335142,0.998374545516934,1.02575260971359,1.04322093583083,1.04582439815313,1.05220715449434,1.0684157159386,1.08571591942731,1.10083258215135,1.11905681840752,1.13602128999072,1.14055649414855,1.14341201207576,1.15147419797181,1.16003998172614,1.16885756440959,1.18414183641063,1.20202957073397,1.20748829430772,1.20849626005156,1.20740461800711,1.20925217019049,1.21126758832662,1.2202532936386,1.23268204771242,1.24754665483157,1.25468506463594,1.25938813474653,1.26257964125502,1.26610713634479,1.26795468852816,1.2751770313089,1.28281929564732,1.2916373916823,1.29684431632692,1.30121139785622,1.30247116252919,1.30608233391956,1.30969350530994,1.31582420604625,1.32363459301318,1.33354458776838,1.33866783611239,1.34227926417853,1.34404288338552,1.34605855819742,1.34715045691763,1.35176933737607,1.35731199392619,1.36445040373056,1.36906928418901,1.37293225450852,1.37461194073914,1.37948287680248,1.3846898014471,1.39140854636957,1.39905106738375,1.40711325327981,1.40803728604726,1.40644178946879,1.40308241700755,1.39871533547824,1.37788789357554,1.32607095941003,1.23562252531909,1.10402331863254,0.927745844260628,0.737695661489773,0.566961357019526,0.425284546300781,0.321147336787273,0.253626209063073,0.209787527817249,0.173423244957076,0.142266143417287,0.104558676259294,0.0696222807006129,0.0348540077704424,0.00428495041682545,-0.024604677381927,-0.0468600065861185,-0.0675193258602971,-0.0860790373461931,-0.106906479248899,-0.130421316450287,-0.15410401960443,-0.178038778363475,-0.201973537122519,-0.223724755116901,-0.243124566393889,-0.261432478950662,-0.279488592578294,-0.296285198208735,-0.315265344603833,-0.333825569441275,-0.353141704417644,-0.369686254443189,-0.386566536374238,-0.401011221935728,-0.415371717845082,-0.428472449081466,-0.446360183404809,-0.464331850704533,-0.483143361119564,-0.501535206652716,-0.51497218314615,-0.525385775759619,-0.535379703491194,-0.54402993357343,-0.55234417507439,-0.571156198840955,-0.589380435097126,-0.608024336235169,-0.627508080488531,-0.645815993045298,-0.658665182028321,-0.67185035959262,-0.684195950717378,-0.69544989979769,-0.709391244176689,-0.722744544369515,-0.736769565049121,-0.745083549874308,-0.754153188162666,-0.76103954236214,-0.767841963585235,-0.773552742763881,-0.790349348394317,-0.806642099490721,-0.823522381421776,-0.832424410433147,-0.841662171350015,-0.844769231530598,-0.848044414339691,-0.850648133337772,-0.868872369593932,-0.886508818339686,-0.905152976153502,-0.914055005164867,-0.923376699058128,-0.924552017403177,-0.925055615261441,-0.924551504051643,-0.942271629097998,-0.959067978052673,-0.975444662125457,-0.988545906713382,-1.00391436836656,-1.01323606225982,-1.02742869221641,-1.04657619121273,-1.07764935977614,-1.10771507594726,-1.13526126277244,-1.15457714107304,-1.16893815033393,-1.17490072844171,-1.1788476317376,-1.18111484880286,-1.19001687781423,-1.19849898526794,-1.19749127619988,-1.19774333180478,-1.19833163266673,-1.19530850546253,-1.19362907590768,-1.21034149188597,-1.2260461987962,-1.23419231766864,-1.24175064903066,-1.24813314869611,-1.24485770921123,-1.2409942255402,-1.25291938175576,-1.26652396752617,-1.27576172844305,-1.28348792575783,-1.29113019009624,-1.28987042542327,-1.28751927538163,-1.29390203172283,-1.30465186959335,-1.31229439060753,-1.31859295729658,-1.30162848571339,-1.23813819426145,-1.14584220798713,-1.02238912017301,-0.84350844015456
-0.721973791152774,-0.577891431210282,-0.387592543301256,-0.198296480101639,-0.0436001682615428,0.277158653564147,0.503979926960988,0.657673669523342,0.79816261682907,0.930461147856867,0.941075099754472,0.964893846908713,0.99222273597753,1.00734965449913,1.0110268487214,1.02005278196939,1.03994324557652,1.05983370918363,1.074041073718,1.08958587844047,1.10813941272282,1.11733265371015,1.12527223609489,1.13906222529174,1.1528519590569,1.16288097244597,1.17942885730951,1.19706334846795,1.2028302291262,1.2047528632545,1.20717665430585,1.20918230372466,1.21311007640845,1.22305505278034,1.2355906170796,1.24503418109679,1.25046644627636,1.25163632329344,1.25748647467387,1.26459054008855,1.27436897501609,1.2868217794565,1.3016148487944,1.30621185243556,1.30629563402107,1.30353773835437,1.30454056306377,1.30604480012788,1.31256341617069,1.32200723561955,1.33445978462829,1.33713415414115,1.33730120644882,1.33696684640181,1.34114545297877,1.34473912104721,1.35476813443627,1.36504772628685,1.37733322298791,1.37841957385116,1.37791790606479,1.37482539491941,1.3788369491887,1.38009035235962,1.38844782094524,1.39663823722316,1.40716866296693,1.40608205667202,1.40583147821049,1.4030735825438,1.40123498543266,1.39872792365914,1.40223832100539,1.39588675727026,1.35710839933377,1.27804719096501,1.15444074400151,0.984701295225315,0.786713658824726,0.611458163283464,0.465202846182817,0.35413221895023,0.279332887880622,0.235539640102104,0.18915554896456,0.147869618391226,0.107921128005979,0.0714825241036629,0.0382197020689126,0.0143174287608285,-0.0104206169489625,-0.0317323023296821,-0.0541303385736374,-0.0791189627449628,-0.105862913305241,-0.129264029690279,-0.155172463280488,-0.17782133341764,-0.200136098939425,-0.220444959610735,-0.243010048162376,-0.262399099414796,-0.28437899402623,-0.303015799030757,-0.323407674992576,-0.341793901535586,-0.361768146728212,-0.378483083899425,-0.397036618181776,-0.413417195305972,-0.430884378725066,-0.447014377387745,-0.464648868546191,-0.481280534995228,-0.499332912354539,-0.516047849525752,-0.533264199051672,-0.549393686851022,-0.566609780945274,-0.582655998022443,-0.598953048992802,-0.614915739916128,-0.631797984826687,-0.646841377194452,-0.662553234224599,-0.677512845006859,-0.692639508096799,-0.707097706524357,-0.72230815119979,-0.736850131212853,-0.752729551414008,-0.767188516136551,-0.781563699273589,-0.788918598581453,-0.7946854792397,-0.799114919709854,-0.803544104748353,-0.8073883512783,-0.823350786769964,-0.840984767065088,-0.858451695052531,-0.872408481125375,-0.885278916334984,-0.891630735501782,-0.896227228279617,-0.900572887164272,-0.911939085309763,-0.924976572827047,-0.931077302668993,-0.937512647989628,-0.942527282399994,-0.944198571771781,-0.943362543938389,-0.956901443810381,-0.970774448297726,-0.98640277917403,-0.994844029345146,-1.0075479231104,-1.01323153304647,-1.0206704693715,-1.02852703646573,-1.05167757438924,-1.07115040722716,-1.08234929763331,-1.08987073838553,-1.09689076678304,-1.09421614183852,-1.09279543092824,-1.10783882329601,-1.12530575128345,-1.139763949711,-1.15163130477954,-1.16149275499759,-1.16207743807448,-1.16040589327102,-1.16316378893772,-1.1730257500191,-1.18522797599799,-1.19116216439559,-1.19793186976324,-1.20194367946419,-1.20135874095565,-1.19910225764365,-1.20929857877206,-1.22099939239624,-1.22476062363567,-1.22935762727683,-1.23378732317866,-1.23253366457606,-1.22818749482809,-1.24055600681966,-1.25275721107189,-1.25835601769581,-1.26178212259323,-1.26830073863604,-1.25150227531098,-1.2028619562931,-1.14695077498454,-1.05635580529927,-0.876335998377504
-0.655661557057428,-0.474591749655235,-0.239829832536048,0.00146187972424621,0.146091630780842,0.405764638747987,0.577724616862327,0.691558552066051,0.779514037615571,0.896734221437249,0.936076600599609,0.975015872526359,0.999443530369276,1.0163735414687,1.02475772845284,1.02903027091339,1.0505551131434,1.08038381658811,1.09731333489141,1.10456877233623,1.10868017046176,1.11206592628358,1.11746721828344,1.12988272402173,1.14592594848244,1.15809924492208,1.16350078332,1.16527460299552,1.17285257550844,1.18163986972819,1.19276523519408,1.20711521214678,1.2217874777695,1.22606026662811,1.22622165736119,1.22573822435614,1.22759286259723,1.23146303701637,1.23831586002172,1.24919950898508,1.25935751564474,1.26508134271271,1.26677409742459,1.27088549555012,1.27306192966511,1.2793500083037,1.28467072813605,1.29402252032449,1.30095591549734,1.30756702200017,1.30676105392701,1.30909912517316,1.31055016338252,1.31546752958119,1.31877246683744,1.32739837032411,1.3340895561983,1.33755637698376,1.33667008314117,1.33796046981163,1.34070189469144,1.34658735889056,1.35408500563404,1.3640010493931,1.37367537664965,1.37657769946642,1.37520723342458,1.37440101895336,1.37303055291152,1.37246605494282,1.37585181076464,1.38060827902638,1.3852841751206,1.37302981371732,1.32490014033521,1.23775111565496,1.11134053037793,0.945023560765978,0.767742862819285,0.611100713260003,0.483320154737254,0.385046010989182,0.314343564403328,0.262344455796273,0.217762175367136,0.174792077482358,0.138916765503517,0.108523564090126,0.0827256866034383,0.0574920606873774,0.0363700792949094,0.00944320587083373,-0.0149844519720718,-0.0408633944223994,-0.0648879450296952,-0.0902023895113317,-0.109712188359436,-0.130269918181277,-0.148570148924482,-0.16807994777258,-0.186138462013262,-0.207341015573236,-0.227334493824456,-0.249182363918691,-0.268772488536231,-0.290378395729885,-0.308276012033614,-0.327866629447288,-0.345119175614815,-0.364710039426553,-0.381478906190964,-0.400907886473487,-0.41727315320616,-0.435492565383795,-0.451212515582206,-0.468786857623638,-0.483701086146959,-0.501195348817019,-0.516432358806508,-0.533201225570914,-0.54787423038784,-0.564401380649728,-0.578912994733567,-0.595117609927356,-0.610032331246811,-0.625994737141944,-0.641312072900868,-0.65719366023042,-0.671140529947509,-0.685813041968301,-0.701130624125301,-0.716045345444755,-0.731121457497286,-0.747406644858581,-0.763691832219877,-0.777961729801198,-0.792553916052549,-0.802953639214731,-0.816820183162373,-0.832218337486879,-0.852372713675046,-0.87534884051247,-0.909611969946942,-0.939360347622211,-0.967980222156221,-0.985394159056834,-0.999422093737563,-1.00393684549676,-1.00885445809351,-1.01046664063788,-1.02586479496238,-1.04005362758006,-1.04674481345425,-1.05158210028155,-1.05891860269002,-1.05690331291005,-1.0558553819363,-1.07093124759078,-1.08810297519273,-1.09608405494126,-1.10503224709796,-1.11164261440659,-1.11075558136979,-1.107692114218,-1.119140014752,-1.13316794943272,-1.14348734682547,-1.15138785440649,-1.15985236716007,-1.16154512187195,-1.16025498159955,-1.17049331402865,-1.18419846724321,-1.19161554181918,-1.19750075962023,-1.20386965682439,-1.20314401452069,-1.20096733400762,-1.21104476849978,-1.22491106604935,-1.23039317661479,-1.23539185417517,-1.23901981929565,-1.23772992542132,-1.23249002415454,-1.24530863712844,-1.25982000481421,-1.26667282781957,-1.27086529090873,-1.27634740147417,-1.27102643524375,-1.26473811020709,-1.27562126637433,-1.28940674535834,-1.29577539616443,-1.28295678319053,-1.22031574212264,-1.11591441767293,-0.964512169380428,-0.752565234763654
-0.736512277646938,-0.604651877751274,-0.444725134085905,-0.284883909107171,-0.191272330242014,0.145438537832955,0.394784352517897,0.590564609412787,0.74638436391922,0.910589657166889,0.934035376607758,0.976904821967114,1.00736699658789,1.03355062162638,1.05186182004346,1.05485628170099,1.05862119611337,1.06983042066391,1.08009867813637,1.08865577730096,1.10200479969271,1.11834854526703,1.13212516109196,1.14247893725107,1.1487254627262,1.15839456634212,1.16832048754299,1.17927315603361,1.19484644885308,1.21290135273527,1.21983228922855,1.22197130249465,1.22197130249466,1.22239915745289,1.22342564321759,1.23112677094068,1.2417371031597,1.25482904644145,1.26330036539437,1.26954715239453,1.2787028823656,1.28785887386169,1.2967577862478,1.3071968195685,1.31917597382381,1.32217069700639,1.32311166408444,1.3219136178964,1.32302614539781,1.32550775646055,1.3326957720638,1.34039716131193,1.35006678797793,1.35631357497809,1.35674195298639,1.35751240574125,1.35759844747796,1.3572563727314,1.35853993760609,1.36470068286955,1.36966338194495,1.37650853822654,1.38061552738549,1.38352473188141,1.3836957692547,1.38934314087328,1.39558940482337,1.40388942487797,1.41295963616239,1.42365574859309,1.42451172003457,1.42228718808183,1.42014817481572,1.40021081372732,1.34698733068383,1.25833871241911,1.12895966206115,0.953288326678002,0.765551795302828,0.593303038060476,0.450831782895719,0.33925081883501,0.267544576951082,0.217059522555275,0.176842725631932,0.138679684813101,0.106078235401175,0.070738618866601,0.0392491739060164,0.00775972894542598,-0.0199648016027707,-0.0424692924405364,-0.0600108226778699,-0.0790922123247686,-0.0947510238308682,-0.110153279277049,-0.134626007532684,-0.161665865537697,-0.186566710276603,-0.213264232010027,-0.234485157973107,-0.252625580541942,-0.267514462343256,-0.282916717789443,-0.296436516029429,-0.32159365530322,-0.342985618639578,-0.366174520495493,-0.388849787181502,-0.409043704329815,-0.422135386086537,-0.436767450302898,-0.449602314474673,-0.461924066526615,-0.480492344053676,-0.499573995225614,-0.517457861734531,-0.536796592016456,-0.554167084880506,-0.568371294138654,-0.58112116267385,-0.595667708203575,-0.607818422882234,-0.624504504728146,-0.640335138182625,-0.658475822276495,-0.668744341273994,-0.682606475785581,-0.691847724443273,-0.701858902805763,-0.709217432732227,-0.728983233397276,-0.743358480028684,-0.761242085012572,-0.777671087748491,-0.792731268448117,-0.799576947779789,-0.811043251440304,-0.818573341790126,-0.826445768411524,-0.838339665505236,-0.854683149554514,-0.865892374105047,-0.872737530386645,-0.877957047047003,-0.883091045020712,-0.883347601080631,-0.88805400562115,-0.904569050093785,-0.924934527665443,-0.940080488576751,-0.950092451514336,-0.956510275887772,-0.958392733093966,-0.95633897698946,-0.958221172670614,-0.973794203965044,-0.993731303528398,-1.0108449788075,-1.02436477704749,-1.03856924783066,-1.04883776682817,-1.05645363738965,-1.06672189486212,-1.08837067578343,-1.10882141051669,-1.12542145062589,-1.1391978049258,-1.15040702947633,-1.1545142801603,-1.15776582092782,-1.16161625402685,-1.17042964772632,-1.17958563922242,-1.18044134913888,-1.18198173159852,-1.18275192282834,-1.18052712935055,-1.18009901286728,-1.19618567933161,-1.21081748202294,-1.21783393720285,-1.22313923407488,-1.2257918825109,-1.22040106695223,-1.21475369533364,-1.22536428907771,-1.24016765219238,-1.25548465047696,-1.26660887939092,-1.27833200063639,-1.28098464907241,-1.28038549521586,-1.2814974996672,-1.29031063184163,-1.2755927874136,-1.22125703839373,-1.14202122921006,-1.02282517916296,-0.840821799618046
-0.7319439100627,-0.567808363649322,-0.362467012391356,-0.162448108202361,0.00065710943058823,0.309269046365035,0.516498153053416,0.66689781898754,0.807082091220048,0.934647394004192,0.949842054218425,0.977741741390568,0.993365639670691,0.996627953919719,1.00272308198141,1.01954863694969,1.04555951920959,1.0746608630699,1.09062767953593,1.09483400268538,1.09698019301488,1.10393379720837,1.1139776006318,1.12968729405102,1.1465986441584,1.15921761360677,1.16505483151027,1.16883191659383,1.17569946327778,1.18548561891348,1.19707452195187,1.21115305824658,1.22609007067309,1.23218519873478,1.23433165143473,1.24077048479369,1.24746670356991,1.25433477499478,1.26661082625725,1.27931585321516,1.28266370023282,1.28283529051099,1.28043119002332,1.28163258434102,1.28583864512002,1.29390758612167,1.30523857900188,1.31897340999933,1.32335132342695,1.32378056149286,1.32506827569056,1.32764396645641,1.33047730500999,1.33889047604981,1.34867689405597,1.35760509830079,1.35949364084256,1.35975102625983,1.35700374521581,1.3587206974794,1.36078083029935,1.36790602477103,1.37451618603771,1.38395942348751,1.38507554740703,1.38490421949931,1.38267249640117,1.38499053937931,1.38696513943063,1.3928026197046,1.39966990401809,1.40748172197293,1.40799649280747,1.39563438403545,1.35090887952456,1.26635160424679,1.14101776219032,0.974221254612908,0.783817702892808,0.609295697240562,0.464390068653598,0.348671841436482,0.269265685319963,0.21818819207104,0.18136056302453,0.146679124307533,0.11817834642085,0.0917379637245886,0.0667568855042033,0.0322472994358322,0.000398936901955795,-0.0328226725982566,-0.0641557395566913,-0.09411529717833,-0.116091446566962,-0.137981800816503,-0.15695380848474,-0.176698497145694,-0.19661503845528,-0.218420122306643,-0.239195139748032,-0.256793638079479,-0.27387684083549,-0.290530543155133,-0.30563914585982,-0.320747486194053,-0.343324463926753,-0.364098956627233,-0.385731925459504,-0.407021188994511,-0.424962867882313,-0.438268723184309,-0.45303362059172,-0.464794113908293,-0.477842583793019,-0.496556681303084,-0.516558493010847,-0.534500171898655,-0.553300064547805,-0.568666052669756,-0.581971645601291,-0.59218703930289,-0.604720475982634,-0.618112651164624,-0.634595287947016,-0.649447029975337,-0.667388971233599,-0.680180055701055,-0.692455844593076,-0.702242262599234,-0.713745370498543,-0.722673312372898,-0.738296948282567,-0.753662936404518,-0.770573761770982,-0.778041874428546,-0.787140881840171,-0.791518795267805,-0.795896971065899,-0.799846171168547,-0.81881817883679,-0.836416677168236,-0.856332693736913,-0.869896196826627,-0.882601223784543,-0.887751818204888,-0.892387379420246,-0.8957352264379,-0.910843566772133,-0.926896178377249,-0.942948789982364,-0.953421569101233,-0.963293782246483,-0.967672220415026,-0.970162116041791,-0.973510487800366,-0.98930623872912,-1.00767715568283,-1.02699208153697,-1.04192883159302,-1.05720902457588,-1.06879792761428,-1.07798299253544,-1.08545136756347,-1.10596821247622,-1.12597002418398,-1.14279557915227,-1.1557582538979,-1.16777665737265,-1.17181165261439,-1.17361440001708,-1.17490211421478,-1.18340081802323,-1.19327303116848,-1.19275773559304,-1.19353041658575,-1.19395965465165,-1.1910410456999,-1.1866628699018,-1.20237256332102,-1.21679454254254,-1.22409132729239,-1.22967115977863,-1.23542284491351,-1.23001460270544,-1.22666649331733,-1.23868489679208,-1.2531068760136,-1.26143398954388,-1.26924606986917,-1.27405374610361,-1.27242285134956,-1.268645766266,-1.27826033162352,-1.29087956344235,-1.28478443538066,-1.23550942716397,-1.16374323635366,-1.04656491754929,-0.867921596775303
-0.770275079818507,-0.615635348337826,-0.408672550521735,-0.207892001245007,-0.0494000364094981,0.282994195828305,0.514236359768854,0.666456533819686,0.804789444962498,0.940703620163933,0.949931674191349,0.973405433937511,1.00297135231874,1.02223416206985,1.02393628621923,1.03038688766505,1.05090356267999,1.06998701411097,1.08199252071998,1.09838833564417,1.11648654854724,1.12302723989735,1.12759663270315,1.13073252809549,1.13592899044796,1.14031902493364,1.15124920311044,1.16531555050907,1.18171136543326,1.18995390710326,1.19371659821278,1.19783800596253,1.20348217954155,1.20930571144068,1.21889248210833,1.23179450648843,1.24075420760941,1.24451744637792,1.24559250098063,1.24998253546632,1.25580579353595,1.26377943464053,1.2745305283267,1.28725292055719,1.29325553694694,1.29406196481373,1.29450967604028,1.29585363120842,1.29773511367793,1.30346937716126,1.31242880445274,1.32156786389383,1.32703322681173,1.32918360984667,1.32828763973456,1.32622707277444,1.32792919692382,1.33205033084408,1.33850093228988,1.34826651361865,1.35803209494742,1.35946559236087,1.36045137854778,1.36009320956654,1.36089991126282,1.36340901093799,1.37111429913613,1.37837160227822,1.38688304451365,1.39037710888723,1.39118326292452,1.38948086494564,1.38750956640133,1.37828151237392,1.34038323624788,1.26682633544655,1.1556400590846,1.0027027255828,0.817779916269916,0.647550797731829,0.501960309617432,0.383964715169448,0.302792616074289,0.252172495376749,0.210332443650574,0.173957481012801,0.142958339047611,0.107389804276618,0.0728960502788523,0.0407317638066439,0.0111658454254102,-0.0156228942037104,-0.0364090174430724,-0.0549549415727015,-0.0730531544757753,-0.0934811087338954,-0.117582211856223,-0.14365406586387,-0.169457566965084,-0.194991893671374,-0.216046369817176,-0.233696597664206,-0.249286258551101,-0.264785829533699,-0.280106316025676,-0.300712807115434,-0.322931606279763,-0.345060863198779,-0.367011309456681,-0.386453203698404,-0.401863232435683,-0.416198480399747,-0.430623544438614,-0.444510807346629,-0.462519478004395,-0.481961919905114,-0.500329033373616,-0.518606330767305,-0.535808847387786,-0.550412995917279,-0.563852273769238,-0.57827706397861,-0.591895426321201,-0.607932524605157,-0.624327791870348,-0.640006173514073,-0.649502580447917,-0.660522027040526,-0.668495394315599,-0.676021050364129,-0.684442950354241,-0.703795302350657,-0.720908002896329,-0.739902185911497,-0.758627742190737,-0.771887661722585,-0.780399103958011,-0.788104118326651,-0.795271331564438,-0.801900743671373,-0.81811720027545,-0.832721074975443,-0.848848263163702,-0.856553825191337,-0.865334441821693,-0.868290978893915,-0.871157973720824,-0.874293321454173,-0.892838971754302,-0.909055428358373,-0.926526571714776,-0.937457297550568,-0.945879745199682,-0.946775989141277,-0.948567929365477,-0.949911610704126,-0.964335853254503,-0.981716632877108,-0.998739243518471,-1.00760885473515,-1.01477634180242,-1.01522432685846,-1.01388037169032,-1.01155090416477,-1.02615477886476,-1.04255059378895,-1.05867778197721,-1.07032511960498,-1.0887815014893,-1.10248940607719,-1.12040826066015,-1.1446881744436,-1.18285535113507,-1.21412366749519,-1.24091240712431,-1.25874144563246,-1.26994052437469,-1.27137402178815,-1.27298687752172,-1.27549542953789,-1.28642615537368,-1.29816330907626,-1.30031369211119,-1.3040766570502,-1.30613749783983,-1.30264343346625,-1.29717834437784,-1.31187176132315,-1.32495259636438,-1.32799867568191,-1.33005896881254,-1.33364202777244,-1.32539893844345,-1.31652877956778,-1.32987824134494,-1.33274551000135,-1.29905873152936,-1.23275940769962,-1.12094606179101,-0.942474675412414
-0.744128838030266,-0.527190764073541,-0.28706683732195,-0.0466765563155255,0.192025999871265,0.50392927590175,0.719179082012834,0.873309953837522,0.980002345488145,1.02317698548082,0.975561207316518,0.954596059363966,0.954862413618805,0.967743533453622,0.994216322649136,1.02681906088793,1.05355874736429,1.06413064911818,1.06546350644437,1.06670757901895,1.07683501398877,1.08927221006553,1.10384105471997,1.11974248518761,1.13724312723627,1.14426119530866,1.14861409175467,1.15314510072992,1.15785395072138,1.16140778440289,1.17038047457574,1.18121873058446,1.1900133082281,1.1956985189743,1.19871855809412,1.20769070524098,1.21790638193642,1.22963248546127,1.24384591959626,1.25983613481552,1.26214562440944,1.26001343280574,1.25681528115669,1.25628230113402,1.25663798316646,1.26410051802292,1.27396187025091,1.28497796727586,1.2880876056863,1.2880876056863,1.28693258937634,1.28480012625964,1.28408930522074,1.28844193015374,1.2952821572099,1.30274442055336,1.31251644500373,1.31829044050154,1.32193278742165,1.32406470751235,1.33152697085581,1.33916680370248,1.34787286810751,1.35773340579649,1.36777178450171,1.36626108615929,1.36075290189031,1.35586675390862,1.35133628795938,1.34813840782333,1.35320266833425,1.36013249468103,1.36715083426641,1.37390254808396,1.35275955911519,1.29270604184814,1.19409767831527,1.05524674369693,0.873132384334298,0.697680954037614,0.54728148539765,0.425309699566691,0.333808731883809,0.274999830217342,0.228361498859783,0.184654693383434,0.143257377501009,0.104969157003024,0.0714777567091086,0.0404734155123401,0.0123118154451734,-0.0122074377018788,-0.0360158698100275,-0.0595574046373424,-0.0838982737421636,-0.106906828546799,-0.129915383351435,-0.151324998088046,-0.172290689066599,-0.191657168464126,-0.210845535332423,-0.230566882223399,-0.250643639633824,-0.270809181795857,-0.289375783889878,-0.307942657496881,-0.325976551081223,-0.343654762633109,-0.360622424659099,-0.37998863254362,-0.399354840428148,-0.419342813086963,-0.439153487755548,-0.459852281453262,-0.478863350331334,-0.497963203961022,-0.514664783245179,-0.53101068049688,-0.545135872906262,-0.55917228056404,-0.572764492950761,-0.587511178621437,-0.596839007800743,-0.607055227522189,-0.616826980459565,-0.626332107629095,-0.635659665295407,-0.655647637954222,-0.675457769596801,-0.69588993752668,-0.715700340682266,-0.729558907323814,-0.738442541232062,-0.745727235072285,-0.75256773364145,-0.75976364273007,-0.77815267532086,-0.794765198340395,-0.813243287195801,-0.830388790238009,-0.845757512195973,-0.855352238656125,-0.865657514642174,-0.874541148550422,-0.88564575881399,-0.898171739642352,-0.911141644228773,-0.924289118318423,-0.934327768536639,-0.942500581405989,-0.950851235291564,-0.958224713883396,-0.964887642949337,-0.978568368574667,-0.991893955193536,-1.00521927029942,-1.01658996330481,-1.03080339743981,-1.0449280468232,-1.06313923839776,-1.08268328729851,-1.10951230155248,-1.13332073366064,-1.15393101411974,-1.16619064069326,-1.17667321466954,-1.18084827009933,-1.18440156075483,-1.18626685507769,-1.19639401853451,-1.2062548277365,-1.20883094309826,-1.21185125373109,-1.21504940538014,-1.21380560431856,-1.21202882323431,-1.2254431946048,-1.23947933074957,-1.25440385743647,-1.26204369028315,-1.26870634783609,-1.26737349050989,-1.26479710363513,-1.2610657004504,-1.27217003920096,-1.28576170856167,-1.2887822907075,-1.29055907179175,-1.29331329968275,-1.28842769472706,-1.28025515337071,-1.29446885901871,-1.31241369633843,-1.32254058828225,-1.33097975540644,-1.34075150834382,-1.25138246075164,-1.07371032561264,-0.817773753145025,-0.466782107800036
0.0448553063326254,0.403018901491797,0.693338938724214,0.908220038100296,1.02846104994603,1.05517176930969,1.07488465056646,1.0807726936251,1.08179667843343,1.08708770131217,1.09801090145815,1.10782482819867,1.12002813976577,1.13385297796391,1.14929908197167,1.15476068204467,1.15962500111636,1.16474544680085,1.17225501649051,1.17720462415933,1.19034663193764,1.20323251310316,1.21304617902229,1.2149238322661,1.21842275131955,1.22243366277715,1.23037019709526,1.23924542762457,1.25443540501955,1.2670654203937,1.27158832425548,1.27005234704298,1.27064988886568,1.27039402307429,1.27491692693608,1.28251204604427,1.29462980819285,1.30418734749918,1.31041680576772,1.30905114492808,1.30939229931659,1.3054666764561,1.30469855743915,1.30683181565296,1.31280540813011,1.3188642892044,1.32773925891232,1.33115262854724,1.33089676275585,1.33072618556159,1.33413981601791,1.33866298070109,1.34566107962939,1.35573113298268,1.3655453205446,1.36733768519129,1.36511913838036,1.36324174595794,1.36153493072978,1.36324148513655,1.36861779661241,1.3762126548992,1.38397835120165,1.39012278169446,1.36802025478972,1.31289174001284,1.22149496656596,1.09135473938256,0.922385769865543,0.75683043080484,0.611756092017857,0.4917706851421,0.401738790070674,0.339953591575413,0.291225112261332,0.247190374824691,0.207934928684018,0.170386297771504,0.138982097351805,0.110138119774341,0.0834276612320763,0.0571436456754567,0.0321397415399546,0.00645300698462698,-0.0190631503764381,-0.042189922910927,-0.0614763611820517,-0.0794829488534552,-0.096380002297998,-0.111484951917251,-0.128552843377447,-0.149972800683771,-0.172587319992691,-0.194604558300308,-0.217816619431928,-0.236334938686096,-0.253914822550458,-0.269531764573878,-0.285489860985816,-0.300253134573757,-0.323294096868316,-0.344713532531842,-0.366901348033721,-0.388321305340052,-0.40649820938431,-0.418957647564196,-0.430990381937042,-0.442425574487199,-0.454201921425863,-0.472208248275865,-0.490811856127164,-0.510610286802461,-0.529470021266545,-0.544831097498582,-0.556607966080039,-0.568384834661502,-0.578710753806195,-0.590231234953472,-0.607469442786522,-0.626414205026346,-0.6451881292505,-0.663023618084854,-0.679493967722356,-0.692806552694922,-0.704753998470636,-0.715677720259414,-0.728222707857834,-0.742218123250214,-0.756725791868175,-0.770038376840736,-0.781558597166622,-0.797942875742803,-0.817911622790955,-0.841549866086812,-0.87099138548697,-0.909990965836266,-0.94327308032118,-0.97194700234718,-0.992513552039422,-1.00710624843312,-1.0137624105087,-1.02050412200281,-1.02639216506144,-1.03979029945253,-1.05421267947336,-1.0680375176715,-1.0808381102399,-1.093041421807,-1.10080711810945,-1.10788998399207,-1.11633851071434,-1.12555515645356,-1.13656416683947,-1.14842632401806,-1.15730181536877,-1.16404378768427,-1.16924952196589,-1.17334572202063,-1.17616207147565,-1.18452530960079,-1.19544877056817,-1.20867632776501,-1.21166325441429,-1.21422321643513,-1.21405237841947,-1.21191859856288,-1.20705427949119,-1.22207367969191,-1.23914157115211,-1.25603862459665,-1.26755936656533,-1.27976267813242,-1.28189619716763,-1.28172535915197,-1.28070111352224,-1.29111232126405,-1.3022060986043,-1.30297395679985,-1.30365652639827,-1.30476606062513,-1.29913388335789,-1.29298971368646,-1.3074118328859,-1.32362605591061,-1.33053834459898,-1.33651167625474,-1.31056881508664,-1.24110373052885,-1.13784479990338,-1.00266941563265,-0.858789899669654,-0.668571550040566,-0.441231273306005,-0.181547839119123,0.0936672484940464,0.4398836586989,0.643244016106304,0.718000123542819,0.681902181245684,0.56533040482625
0.135132663401685,-0.0772408759024797,-0.168297183453367,-0.171781390852222,-0.144913589154511,0.17969924095565,0.405002631317242,0.580330122454571,0.735850712892157,0.899716080944024,0.923557902325973,0.965464240447029,0.997100406421127,1.01351446487742,1.02451836087977,1.03313779448271,1.04450799189032,1.05991310998016,1.07568508999769,1.08788065667732,1.09860933616859,1.11291442899776,1.12731088698234,1.13813121189024,1.14528375830482,1.15381154649114,1.16023036905034,1.16811663932031,1.17976233350021,1.19425043690142,1.20140298331601,1.20552954941484,1.21469941603993,1.22368599183177,1.23193912402945,1.24468512373122,1.25999831614321,1.26164849416481,1.26054790838173,1.25871387900447,1.26054818864294,1.26357500974233,1.27430453001724,1.28677615399158,1.2999812215601,1.30502480234757,1.30713376797469,1.30887587167412,1.31272694100066,1.31657801032721,1.3250141530969,1.33491746331616,1.3439037588468,1.34747989192349,1.34968050296723,1.35068888281127,1.35215576999962,1.35408116453229,1.35884952880868,1.36499341511802,1.3704955032498,1.37278832023259,1.37416412252675,1.37563128997631,1.37737339367574,1.38149967951335,1.3877349309781,1.39507076822593,1.40121465453527,1.40469970271776,1.40534206141774,1.40525069626234,1.40882710960023,1.39736470625357,1.35417421125498,1.27210363871229,1.14941060466487,0.973257183733116,0.781606999294898,0.608204902690247,0.464329445910141,0.350898204165648,0.277722842259397,0.227655577879717,0.184557569081387,0.143752377265831,0.106248102015896,0.0708527923930788,0.0371995864696922,0.0112490797218309,-0.0124091705656659,-0.0338665295482106,-0.0534898591534959,-0.0713710850593628,-0.0999812707177039,-0.127399225176355,-0.154817459896206,-0.181960478104987,-0.208461417875005,-0.227718165813809,-0.246424760991679,-0.264764213980638,-0.282737085303123,-0.302268769491784,-0.322900478941115,-0.344541128756894,-0.361780276223993,-0.379477931035401,-0.395341556469544,-0.410105156643031,-0.424043107283292,-0.445317175432602,-0.465032150454511,-0.485022341987489,-0.503453440393072,-0.517666607544414,-0.527111410419364,-0.538115306421709,-0.548477404246502,-0.561865762648257,-0.582315022047981,-0.604598030563746,-0.625047009702258,-0.640452408053302,-0.655307653643412,-0.666036052873477,-0.675572501165038,-0.685567456800927,-0.705649293750529,-0.72334666830072,-0.741869692384138,-0.759200765529059,-0.775064671224419,-0.786619000248915,-0.798265254951246,-0.808810923870492,-0.820456898311611,-0.834303483796465,-0.84704920323703,-0.861078519032702,-0.87318244029571,-0.884185775775626,-0.892988500211807,-0.90078284480395,-0.907385238457601,-0.91765541060456,-0.928567661190294,-0.939754848025886,-0.950391882100538,-0.960111901486557,-0.968364753423016,-0.976434314526234,-0.985054308651597,-0.996150130331782,-1.00889669055598,-1.01265667498833,-1.01485756629329,-1.0173333938481,-1.01751668468134,-1.01614088238718,-1.0310874931327,-1.04814334976655,-1.06400725546191,-1.07446099870332,-1.08546517496688,-1.08748305569981,-1.08794184330534,-1.08794184330533,-1.10032098107942,-1.11361685328092,-1.11737571666842,-1.12168501307807,-1.12626952599879,-1.12379341818277,-1.11902505390637,-1.13543939262388,-1.15047820930844,-1.15955671077812,-1.17056088704168,-1.18514091612071,-1.19100958591898,-1.20137140348256,-1.22778069783596,-1.25391477567827,-1.27142970017885,-1.28555150217479,-1.29490493989433,-1.29398764494449,-1.2916034628063,-1.30187335469204,-1.31480264522705,-1.31920414757575,-1.32250562466379,-1.32543995956292,-1.32094681179761,-1.29105331004536,-1.24758815905812,-1.17331221136879,-1.05648840764206,-0.890514073963059
-0.745502720727649,-0.561593192299372,-0.342782462985673,-0.114748940383645,0.117353234030703,0.432911269435542,0.661668267582274,0.810857602184636,0.90914167202829,0.95308465914254,0.920172325138407,0.917278699306258,0.945217622547218,0.975597792144896,1.00588759638615,1.03373615427068,1.05335676682751,1.05398987701579,1.05661213043201,1.07026531330501,1.0860883701188,1.09965091128871,1.11836704124134,1.13491329725318,1.13871085299622,1.14178520954121,1.15136946425524,1.16131545674162,1.17225602084197,1.18952547605184,1.20788014457878,1.21303400970814,1.21321474042099,1.21095422477712,1.2115873349654,1.21231053416344,1.2209002172635,1.2329259946809,1.24621743978155,1.25155203562375,1.25453602681232,1.25453602681233,1.25824294085229,1.26195013123891,1.27017835291327,1.28093818630077,1.2932353361341,1.2966717067981,1.29911322950148,1.30182584827412,1.30634687956186,1.31141010298815,1.32198865296949,1.33247683759441,1.34034304514977,1.34025240344669,1.33889609406037,1.3350081729609,1.33518918002041,1.33726868860478,1.34423068990257,1.35173515968559,1.36140977975603,1.36394111512252,1.36484532138007,1.36574952763762,1.36674409925159,1.36918506926166,1.37587597449019,1.38383254740197,1.39151802424447,1.39820920581967,1.3995660678993,1.39884314504791,1.37262226896563,1.30969177948282,1.20887609792603,1.06872854955249,0.883372346381468,0.701361872171362,0.542769566261133,0.410217405720339,0.310215565064669,0.248369736205611,0.198187670644942,0.153701662352181,0.114459884545208,0.0780210908673094,0.0434813514075878,0.0150897723445449,-0.0109506493715453,-0.0358154924141684,-0.0593240260704646,-0.0827424707169819,-0.10679347285848,-0.130844474999973,-0.152906333913522,-0.174516089698301,-0.194226791264897,-0.214028134534574,-0.234281580933026,-0.255348868232603,-0.275783321690551,-0.296037044435663,-0.316019394764847,-0.334103243569163,-0.351825354601123,-0.369908927058778,-0.388082864872866,-0.405623968845325,-0.423797630312753,-0.437902363621213,-0.45092215995928,-0.464303694069696,-0.477233125051336,-0.489529722191347,-0.507884390718283,-0.527143265502757,-0.545588299386119,-0.564575801754665,-0.576963040597757,-0.586909033084136,-0.596131826372471,-0.604360324393489,-0.612950283840201,-0.634198578199279,-0.656260713459482,-0.677056904689785,-0.699028121900259,-0.714308710228846,-0.724797171200421,-0.733386854300479,-0.742157268113384,-0.751922529886909,-0.77163378414682,-0.789084522762852,-0.806263888962968,-0.819736341123119,-0.829953706025426,-0.835378667224061,-0.840441890650341,-0.845505114076627,-0.858705917474195,-0.873353395614511,-0.888724349299525,-0.904909143885657,-0.918471961402235,-0.927061644502287,-0.935379955186416,-0.941980495058531,-0.948219573504944,-0.960245074575694,-0.973446154319916,-0.986014400222522,-0.995508289580119,-1.00391696562067,-1.00762415600729,-1.00979402994808,-1.01250637237407,-1.02218071609787,-1.03239752830686,-1.0458694277737,-1.05590550926984,-1.06539912228079,-1.07181893144005,-1.07805800988647,-1.08095163571862,-1.09198311786871,-1.10292423466237,-1.10554648807859,-1.10581786049452,-1.10798801078197,-1.10391908262299,-1.0997597891076,-1.11088136026746,-1.12742789262595,-1.14189464005341,-1.15554754657975,-1.17182243017566,-1.18466149580087,-1.19759120312917,-1.21576514094325,-1.24433745071915,-1.27164381646514,-1.28303648369426,-1.28972711257614,-1.29280119277448,-1.28647147262499,-1.27887608479225,-1.29433712748703,-1.31314389914273,-1.32182394759921,-1.33122747160039,-1.3383704799577,-1.33348826359092,-1.32507958755037,-1.29976264137898,-1.24949048680854,-1.17516733009662,-1.05509249740868
-0.788479955762918,-0.628438660605058,-0.425373861421116,-0.178197275255056,0.0832925086321603,0.406806490412135,0.652308696712862,0.818543790330512,0.911454604614424,0.944015089219301,0.91840155423136,0.921498325548361,0.949204003934102,0.984442984671886,1.01984953130912,1.03500004687584,1.03952023294771,1.04278482598995,1.04939766711122,1.06287405863842,1.08287912459848,1.10112641148219,1.10522781071838,1.10614852777496,1.11058480298422,1.11895516735603,1.1281623379218,1.14440062479293,1.16013646979156,1.1670834194085,1.16884094265904,1.17662546594735,1.18424242333622,1.19261278770803,1.20516846217865,1.21973288083606,1.22341574906237,1.22341600488817,1.22634597778314,1.23069885378137,1.23622341194664,1.24543083833822,1.25857209806655,1.26392883450658,1.26417979961702,1.26074815232697,1.26367786939613,1.26635636552905,1.27330382679759,1.28351536945676,1.29657246249667,1.29950166791423,1.29841312913242,1.29732459035061,1.29824530740719,1.29950115626263,1.3050257144279,1.31339633462551,1.32034405171985,1.32327376878902,1.32352473389947,1.32360838893628,1.32469641606649,1.32829537343018,1.33197824165649,1.33842351687834,1.34419929597985,1.34629220685505,1.34612515260723,1.34763196657311,1.34838537355606,1.35089630378954,1.35658791620264,1.36177734256904,1.3434461448227,1.2889549934562,1.1961278342091,1.06061204690897,0.889020216851296,0.719018855796324,0.572705684753508,0.45309382000305,0.367046811950859,0.304436517148788,0.255720889057996,0.211357881139645,0.173523803479952,0.136945318849899,0.1089047644911,0.0841285473487164,0.0606076674101852,0.0341570704024858,0.00896206642442104,-0.0163168484162504,-0.0430186663602053,-0.0660373602520471,-0.0868797440576603,-0.106299224760007,-0.124546511643716,-0.141621860534615,-0.162631298588061,-0.183389515705263,-0.204398697932915,-0.221725267760053,-0.238298430604251,-0.253448690345171,-0.267594577992702,-0.281908031539657,-0.303587221539235,-0.326019818521758,-0.346945601538397,-0.367117977572084,-0.385699884603069,-0.400012826498432,-0.413823582347094,-0.427718249058363,-0.44303607469872,-0.459358272432467,-0.477354594205737,-0.49434654388561,-0.507739024550195,-0.521047594352157,-0.53427250911731,-0.546074776604985,-0.556872416173471,-0.576040675939562,-0.593953598501818,-0.611866776889872,-0.62299954825722,-0.63580644366409,-0.642921215006268,-0.650119385559447,-0.656731203377521,-0.674392137526123,-0.692890133694496,-0.711639350799112,-0.724445990380177,-0.737838982696361,-0.747213974987367,-0.753826816108643,-0.760941843276614,-0.780361068153156,-0.798608099211071,-0.816604165158542,-0.83602313420929,-0.859962289331904,-0.882729506461691,-0.910937626719932,-0.942996181103913,-0.980662948689975,-1.01380953020416,-1.04067840239595,-1.06110199936588,-1.07558250716067,-1.08370139477044,-1.09014641416648,-1.09759606148172,-1.10713836384635,-1.12011256932686,-1.1249676313718,-1.12990609262775,-1.13467698798427,-1.13735548411719,-1.13593258101391,-1.14982750355099,-1.16539680595339,-1.17284696492023,-1.18021321302445,-1.1887513991215,-1.18850068983685,-1.18724535263301,-1.19946615113057,-1.21361203877809,-1.22608354656029,-1.23805261247,-1.24784536829348,-1.25136041479457,-1.25295037214567,-1.25680055044561,-1.26483603884437,-1.27186715514972,-1.27655465129523,-1.28166067845061,-1.28567842264998,-1.28668305056917,-1.2930446707542,-1.30400987622212,-1.3065210622814,-1.30844640725717,-1.30919955841431,-1.3075254343748,-1.30367500024905,-1.31530970183729,-1.32920436854857,-1.33531476779735,-1.34000200811705,-1.31254703901596,-1.24709068218154,-1.13007314687558,-1.0108793014834
-0.758006309371976,-0.496375723345643,-0.200428719944751,0.099901092256221,0.459023269465307,0.689066394951535,0.833029608908955,0.919109773165762,0.953260653706973,0.927874885309933,0.940195880271385,0.979639137648159,1.00610001091404,1.02437451913251,1.03983768119183,1.04769322530051,1.0512486026618,1.06654597515977,1.09275841681162,1.10582319024721,1.10929592555581,1.11136324051284,1.11400955529462,1.11607687025164,1.12773597060765,1.14435662686051,1.15510615918103,1.15973638868317,1.16221691390361,1.16734375390582,1.17404155109297,1.18396441015868,1.19661622605884,1.20968150495041,1.21422959785585,1.2153047027247,1.21695855469031,1.22018336384088,1.22440013035162,1.2331649897678,1.24333552226356,1.25168691868834,1.25482908578622,1.25590444338306,1.25788911628739,1.26185846209607,1.26582755517675,1.27293881535531,1.28112467494674,1.28509351529943,1.28492797846607,1.28542433623815,1.28608597811559,1.28790561964254,1.29261950210934,1.30014473073528,1.30725624364183,1.31354083056558,1.31668299766345,1.31941170176993,1.3190808808312,1.32065209074414,1.32346368963128,1.32776360365068,1.33156715989801,1.33826495708517,1.34066258752492,1.34057944001626,1.34016572429687,1.34405217532487,1.34744226858079,1.35447113943466,1.36307122020146,1.35017173087124,1.29667123724271,1.20480284383424,1.07158916219734,0.896120877024521,0.722389338597982,0.57230732727817,0.450339788461857,0.359629141974923,0.303069376029195,0.257507321290017,0.217981421860563,0.181349510642945,0.151332754559798,0.123548850267024,0.0984107553000479,0.0751746911847257,0.0536753738156922,0.0247342280573658,-0.00371106538485813,-0.0306675382388389,-0.0577066531455054,-0.0793710018919161,-0.0969838682329492,-0.113852197915869,-0.129976749124636,-0.145357269131272,-0.170578006150934,-0.193400607274857,-0.217215671214938,-0.241278408585076,-0.263108546892829,-0.278488814171477,-0.294696007432929,-0.309001422570715,-0.32314180633113,-0.340920462233505,-0.360352717373507,-0.379619688408143,-0.39938276448687,-0.418566840740838,-0.435187496993695,-0.450898837939051,-0.466444642051052,-0.482321014373785,-0.498197386696523,-0.515231253212797,-0.531851656737661,-0.542766473163549,-0.552937258387295,-0.562942506777693,-0.571873155755223,-0.579976626021955,-0.599491270486649,-0.618096346915858,-0.636453497187015,-0.65406611080006,-0.672092440132493,-0.6837517932165,-0.695659072458546,-0.708310635630723,-0.722864229654555,-0.738823496757961,-0.759165319933453,-0.784964804049875,-0.811591214149107,-0.839954118266645,-0.871707368368092,-0.898664346678055,-0.920081021994409,-0.942076444407522,-0.961756372977581,-0.976309461545435,-0.987555098910037,-0.999048915160685,-1.0072350274801,-1.01376754056189,-1.01980369587161,-1.03228972221043,-1.04452756966321,-1.05742705899343,-1.06900351729676,-1.07950537618722,-1.08827074105939,-1.09587835901003,-1.10298987191657,-1.11398783585112,-1.1270528620147,-1.12994710295453,-1.13259341773631,-1.13590112166754,-1.13581847961486,-1.13424726970192,-1.14904853715581,-1.16542101452263,-1.18138002889805,-1.19312177130674,-1.20635208157568,-1.20965978550692,-1.21271905782411,-1.21478637278113,-1.2266110099705,-1.23620304809749,-1.2387662153706,-1.24083353032762,-1.24240423478458,-1.23901388880066,-1.23727739478237,-1.25298848299973,-1.26779000318161,-1.27415748488602,-1.27854004095811,-1.28151692395062,-1.27523258975487,-1.26812132957632,-1.27936721966891,-1.29507856061427,-1.30103232659929,-1.30591124044345,-1.31194764848115,-1.30839176566388,-1.30111496865197,-1.28375002846899,-1.22239399073177,-1.1296986713405,-0.994749001141285,-0.796872083291927
-0.786736302132331,-0.616738978665183,-0.406721473200312,-0.207323335192921,-0.0540010204997596,0.271073938212237,0.499521504769239,0.655739669198959,0.797915805682246,0.933071196425891,0.942812903607536,0.965280148321841,0.989678406583174,1.00293048663463,1.00723027093227,1.01898989934105,1.04356331413054,1.06699593150157,1.08323237837122,1.0978017535372,1.11421416163574,1.12255193425632,1.12948523584867,1.14458008059912,1.15844587908309,1.16967896497308,1.18494950271885,1.2037309498016,1.20662760423892,1.20820803649604,1.20680437016856,1.20891107671089,1.20996416174849,1.22049554859153,1.2317289027151,1.24533183229004,1.24936847944507,1.25191347965817,1.2518257672773,1.25375678082432,1.25560008199048,1.26235822705467,1.27069599967525,1.28078882461395,1.2859668056546,1.28965287151973,1.29184702220935,1.29570851283623,1.29957000346312,1.30694213519339,1.31554277672299,1.32572304580898,1.33011134718823,1.33160353059732,1.33406081842956,1.33932678008466,1.34397848684009,1.35293024612675,1.36398817548859,1.37136030721887,1.37144775136616,1.3706575352376,1.3679365737956,1.36670779576269,1.36758518780496,1.3730265742218,1.37960902629068,1.38715685101626,1.39119403463846,1.39426584560394,1.39514350587979,1.39549435540326,1.3991804212684,1.39426584560394,1.35810769070025,1.28438690986463,1.16915430008935,1.00179022568333,0.807746029945499,0.629674607467547,0.478809580606627,0.360504623398706,0.281956442812338,0.231843435875903,0.189629371422127,0.151715895966731,0.115031198544242,0.0801892658207402,0.0469272288872061,0.0163856169285115,-0.0131029099925984,-0.0392567570392047,-0.0639184206767268,-0.0856839663440807,-0.107712917387629,-0.1278988354986,-0.149225282794455,-0.169586357433584,-0.184945144027383,-0.198899459592956,-0.213292605296463,-0.226808358957683,-0.239972994861855,-0.265073220403713,-0.290261158326437,-0.314922285496789,-0.337564686739258,-0.357749800149492,-0.371352461490848,-0.384955391065782,-0.398119758736369,-0.414443649753313,-0.436033234191777,-0.457623086863815,-0.479124958921401,-0.502031033773638,-0.522918650931566,-0.540295895219668,-0.556444361474868,-0.572066553444855,-0.584792627444673,-0.597343276682766,-0.610595893201383,-0.624813882376725,-0.633327079759053,-0.642805381564502,-0.651405754860526,-0.659128467880697,-0.664832723206565,-0.682209431027509,-0.699235289324977,-0.717051095517432,-0.730040038426281,-0.745135419643896,-0.753297499269152,-0.761898409032334,-0.769446233757931,-0.787701138321885,-0.80446385947675,-0.822016528526595,-0.840446857852287,-0.858350644659187,-0.869321129873733,-0.880730445226205,-0.890823270164904,-0.897931996518996,-0.906796043424788,-0.916011208087634,-0.925314085131352,-0.934265844418009,-0.944358669356708,-0.953135003881628,-0.961823357792103,-0.969370914284115,-0.978410654185223,-0.987713531228941,-0.989205446404452,-0.990346512056494,-0.991399865327663,-0.991750983084718,-0.991224708799505,-1.00605695287451,-1.02246909273948,-1.03923208212792,-1.05169448251798,-1.06801837353491,-1.07960284541554,-1.09250353947637,-1.10803721436474,-1.13471706746299,-1.15885165211455,-1.17105091536199,-1.17903757022552,-1.18465464963768,-1.18272390432424,-1.17895012607824,-1.19360614069075,-1.21071944313552,-1.22537545774804,-1.23801328289984,-1.25135334356574,-1.25424999800307,-1.25565473726487,-1.26083325477269,-1.27110177270671,-1.28189683315951,-1.28795247447602,-1.29383269103078,-1.29725535151973,-1.29602657348682,-1.29313045551667,-1.30120482276105,-1.30936690238631,-1.31261440634711,-1.31717840072168,-1.3092797264726,-1.25433985625258,-1.172544439939,-1.05125565238006,-0.854227089824036
-0.768539058875053,-0.614232149270003,-0.421369741394537,-0.238423754477282,-0.124723665065636,0.192952184236784,0.414282268688058,0.582352709682352,0.733410582462494,0.895410929084771,0.919090881432231,0.961321828115669,0.991669948441275,1.00953690752131,1.01996648556229,1.03603817869751,1.05527294700781,1.0737385022572,1.08963957850085,1.1034890715399,1.11314969780157,1.12417839457511,1.14153298041722,1.15854528734976,1.16854740867617,1.17495899811294,1.1833364703861,1.18974805982287,1.19940842480293,1.21240274313125,1.22710688831782,1.23274952597528,1.23616917969174,1.24300822584307,1.25121508122466,1.26010571058059,1.27395468105642,1.28994093510505,1.29412980188243,1.29507015439813,1.29438638042381,1.29746401651231,1.30028507405943,1.30994543903948,1.32234142248008,1.33448082737928,1.33798565890073,1.34012268119191,1.33969470191413,1.34037821460685,1.34251523689804,1.34926884396277,1.35576613376774,1.36457184660028,1.36816263977155,1.36893211411407,1.36918869265546,1.37235176783054,1.37474536866311,1.37987458795619,1.38714109082209,1.39440759368797,1.39688689488873,1.39919531791631,1.40030680988681,1.40423935940442,1.40851392655001,1.41518209452815,1.42116622725037,1.42868930865763,1.43039913551586,1.4309974704036,1.43065545277563,1.41680622101819,1.36440175227194,1.27156108022385,1.13375358175019,0.948072237654018,0.740335067700423,0.555508637033364,0.402056902139037,0.284082768145022,0.20757089033675,0.160039584905439,0.120458817595941,0.085408673410194,0.0541199392872665,0.0232586618788989,-0.00691884155513714,-0.0352156399577603,-0.0580412014393242,-0.0805244840113062,-0.101383640093256,-0.120618669685179,-0.139340803475944,-0.164730843963253,-0.187385527271632,-0.209954771493429,-0.231839719177672,-0.249621239171122,-0.264325384357681,-0.280739356402479,-0.296383854104744,-0.312968965604331,-0.336820579969797,-0.359988159079334,-0.382471441651316,-0.404441828422151,-0.424958966876128,-0.442227591068431,-0.458042966943881,-0.473260269213195,-0.48839187111432,-0.503608912102025,-0.517799900205829,-0.53370071516786,-0.544301171382017,-0.553876097275484,-0.562852426999603,-0.57131612220419,-0.57772797292257,-0.594911419309895,-0.613889870360427,-0.633723496121692,-0.652872825345408,-0.672962507084825,-0.68698235573384,-0.699378077892812,-0.711175203882447,-0.724767857098511,-0.738104193054804,-0.75161166846589,-0.765375461136743,-0.775805039177715,-0.78486680798842,-0.793415419716371,-0.80162201381636,-0.809914308284544,-0.823592661868804,-0.837783911254216,-0.85231743954921,-0.862832979239992,-0.872493344220057,-0.87941782945797,-0.885572840353361,-0.891471011425756,-0.904806563537223,-0.91891158999121,-0.933016877726812,-0.945070320976214,-0.95626911207811,-0.963706493117169,-0.969947204380761,-0.975674758561592,-0.985163984086857,-0.995935579755802,-0.999697251100237,-1.00457015313356,-1.00952875553509,-1.01132428276152,-1.01235033564543,-1.02654158503084,-1.03945072555419,-1.05227416570933,-1.06039584328594,-1.06714971163229,-1.06680795528594,-1.06680795528594,-1.0662953207664,-1.07783639077786,-1.09108728764758,-1.0949343980786,-1.09852492996825,-1.10168774386173,-1.09852440740503,-1.09382212226327,-1.10818398854026,-1.12340076824636,-1.1330608719448,-1.14391790670034,-1.15828003425893,-1.16631575018573,-1.17648874968532,-1.20196422925921,-1.22761058700629,-1.24393859740128,-1.25513738850317,-1.26214731282767,-1.25992432888668,-1.25590634028248,-1.26445547457364,-1.27762093235676,-1.28292155238626,-1.28591427195138,-1.28882129114832,-1.2625765985135,-1.19008270930944,-1.11023661687129,-0.99457064462325,-0.803589203060806
-0.652257992400987,-0.521331907457454,-0.342488259565643,-0.148962706481643,-0.0215051103833222,0.27842277302614,0.490582701069009,0.649420160529197,0.764454018149384,0.889894081960214,0.912561795632387,0.956364904369063,0.987583522940997,1.01541427506268,1.03437138615308,1.04066338468377,1.04679413842454,1.06389619477572,1.08035277886383,1.0930985138185,1.10866775845865,1.12665690770612,1.13456234034281,1.1424677729795,1.15577835780226,1.16965354594145,1.18143156560486,1.19869486674597,1.21490958364918,1.21934628088899,1.21958814807388,1.21894242925916,1.21942641018062,1.22168506999801,1.23055871102929,1.2417718808246,1.25387239006787,1.26016438859857,1.26484295302328,1.27387783884449,1.28380006411367,1.29331917740803,1.30679125357238,1.31977934881528,1.32147365186791,1.32058655897161,1.31824727675926,1.31873150423238,1.32131314673298,1.32938007071126,1.33922167358549,1.34995061590765,1.35277387904147,1.35261238769987,1.35204778438345,1.3547904251223,1.35971110328358,1.36785840310516,1.37778038182267,1.38867032238312,1.38979952901598,1.38778273638349,1.38657290735566,1.38778298293515,1.38762173814522,1.39472070028058,1.40149692628441,1.40786954721008,1.40722432149868,1.40851501947315,1.40625635965576,1.40561113394437,1.40633747515406,1.39439845725238,1.34325451919546,1.25201782843198,1.11447700882621,0.925549890875287,0.720408549124482,0.539306241415285,0.393537253041296,0.283827432108878,0.216388154753769,0.174359478361362,0.139591255445916,0.0999827302124927,0.0644881660873471,0.0303651688832961,-0.00166041329329616,-0.0287653173086179,-0.0496588451882031,-0.0704715041211598,-0.0891869945783337,-0.107176636929133,-0.131861636337136,-0.156062408272007,-0.179295218363947,-0.202850518035751,-0.225437609312972,-0.243265267218832,-0.260528321808283,-0.27795286773932,-0.29424796048584,-0.311994995996737,-0.331194220823703,-0.350232200860731,-0.365155973237821,-0.381047954009507,-0.395407369621826,-0.40774999260166,-0.420092369029824,-0.438242763067231,-0.455747931393237,-0.473494966904139,-0.491564491994907,-0.504229358002946,-0.51390971608722,-0.522863732961816,-0.531737127441432,-0.540691390867681,-0.559406634773185,-0.577960387337091,-0.597401725900612,-0.615552366489684,-0.632815667630789,-0.644431949400924,-0.65564487264457,-0.665970456440239,-0.677909474341914,-0.690413095560011,-0.703643057987818,-0.717276378942107,-0.726311511314996,-0.733975323318445,-0.741881002506812,-0.749302454222035,-0.756239925015801,-0.772131659235811,-0.788830110508824,-0.804964205017072,-0.81504816817952,-0.825373998526865,-0.830698281766299,-0.834731620479614,-0.838441976509722,-0.854413840021376,-0.871031175796085,-0.889019831940224,-0.900797111948632,-0.912574638508699,-0.917253449485073,-0.91951235585413,-0.919512602405795,-0.932500697648689,-0.945327301549991,-0.959767339557279,-0.970254414694562,-0.986065773071273,-0.998892130420905,-1.01526784556238,-1.03382159812628,-1.06681514214581,-1.09424228918932,-1.118926795494,-1.13223713376509,-1.14127201958631,-1.14014256640179,-1.13949734069039,-1.1374001722146,-1.15014615372093,-1.16369885228026,-1.17846162641908,-1.19048151326738,-1.20185592785262,-1.20580864417096,-1.21000322767421,-1.21306835799292,-1.22178050768261,-1.23186422429339,-1.23194509324002,-1.22992879371087,-1.22863858883974,-1.2244440053365,-1.2183938739907,-1.23162358986683,-1.24695047421874,-1.25356496232931,-1.25872775422715,-1.26453577183639,-1.26042156417644,-1.25533939467357,-1.26550398023098,-1.27889494089705,-1.29196341198324,-1.30059493927796,-1.28776858192833,-1.23025128329074,-1.14756549742701,-1.03220865712363,-0.859496256075915
-0.722889319824553,-0.570078309197406,-0.373697752225947,-0.17429600077765,-0.0225184607617826,0.272768125385627,0.485288611348658,0.641121059450674,0.782244836943542,0.920347419959557,0.949844221532881,0.974411808116834,0.988643473597857,0.992937005747091,0.997866463734494,1.01146220337735,1.0389712810851,1.06886562743154,1.08587962032831,1.09271685583021,1.0949427177628,1.10241612210089,1.11140024517641,1.12507544517429,1.14010244319956,1.15568614970602,1.16180872800882,1.16562549802795,1.17516681558071,1.18510543490855,1.19544135601148,1.21015002662063,1.22795959505968,1.2329685134021,1.2378979713895,1.23917006606386,1.24306581044195,1.24648430669388,1.25721728657387,1.26810918716389,1.28178390116572,1.28862113666762,1.29259634140073,1.2942659808482,1.29752579938813,1.30022915244491,1.30627178439663,1.31406351615084,1.32384297177063,1.32853404869297,1.33139656545781,1.33370237374148,1.33751865776456,1.34133494178763,1.34833158399562,1.35715654336308,1.36653821121172,1.37114958478102,1.37345515006666,1.37520400687112,1.37949729602233,1.3844265110117,1.39253608418599,1.40128182619646,1.40867601317756,1.40899409759566,1.40684769601808,1.40350841712313,1.40303116899698,1.40406463960826,1.40899385459763,1.41551300568143,1.42187347905322,1.41233289049455,1.36661669957463,1.27780821043656,1.144794249116,0.967654032969949,0.765707849174902,0.583558957684471,0.434325607017327,0.318246421236547,0.235957569178325,0.183642523821562,0.14015268083029,0.0999226563789513,0.0648604709800597,0.0344891195054853,0.00690033844468404,-0.0187804221035831,-0.0439841775237316,-0.0689493088807996,-0.0924834248534791,-0.115619753055012,-0.134383331750323,-0.15147727099816,-0.168014744762852,-0.183995510046364,-0.199101725428626,-0.221681345148984,-0.243863420096226,-0.265568246917313,-0.287750321864556,-0.304844018114367,-0.317962266633038,-0.330683213376621,-0.342370932506957,-0.353581403511132,-0.374412409425052,-0.394130727370706,-0.415041436637673,-0.435951902906614,-0.454000338406767,-0.466085602310218,-0.478409004280686,-0.488665222030575,-0.500114074099804,-0.515458427549094,-0.532710801510908,-0.550360963243868,-0.567374956140632,-0.583434938781138,-0.597269059489046,-0.609831085522594,-0.621836403074967,-0.635670523782881,-0.648947936009613,-0.662781813719495,-0.675025755334943,-0.682578863026079,-0.689177960460951,-0.694823290637585,-0.700388917461178,-0.708260109570409,-0.724558959272022,-0.740937269328648,-0.759223356899772,-0.769559035004676,-0.779179326916396,-0.784665493384975,-0.789436030662338,-0.792775795553334,-0.810267522572311,-0.827282001465133,-0.844057613296849,-0.854393291401753,-0.864728726508626,-0.868306386468623,-0.870930036172362,-0.873315304811041,-0.888898525321443,-0.904402285476825,-0.919587718216081,-0.930320698096074,-0.946539844444635,-0.959578875606312,-0.976911438917235,-0.9986169947324,-1.03439529531855,-1.06436934501804,-1.09132195724265,-1.10738193988315,-1.11779707834307,-1.11891000930937,-1.1190689300194,-1.1190689300194,-1.13266466966226,-1.14785034539954,-1.16184338681749,-1.1753594231073,-1.18744444401272,-1.19189665387397,-1.19523593276891,-1.20088101994752,-1.20970646531104,-1.22020155012203,-1.22385939943112,-1.22688107990403,-1.2280739572214,-1.22719940732016,-1.22386012842521,-1.23395718246703,-1.24540579153823,-1.24810865859896,-1.25136823414086,-1.25526373552092,-1.25248092210913,-1.24906218285916,-1.2640094775314,-1.27657174656298,-1.28086527871221,-1.28452264202525,-1.28714629172899,-1.27991102545792,-1.27490162111945,-1.27617347279578,-1.23578379864032,-1.16907768109644,-1.06245962351932,-0.896768502440533
-0.832392786991414,-0.666184009685703,-0.457556250696536,-0.253880012907948,-0.0867632086895917,0.227911500048809,0.458243876776787,0.619913780667781,0.764500671575606,0.899184267852587,0.917422492852391,0.944243590014246,0.972219899192735,0.987652068802779,0.993593843797531,1.00399226532546,1.02577936217551,1.04616380967522,1.06200938376022,1.07719462049597,1.09518540816208,1.10508870279292,1.11474430786037,1.13001177147765,1.1451967559837,1.15642072531305,1.17193587849372,1.19066948262032,1.19834432786971,1.20296568039567,1.2120434272251,1.22351458165845,1.23333539717807,1.24942840859675,1.26807978584181,1.27575513555061,1.27699333113787,1.27988186563886,1.28607133019701,1.29242575297761,1.30538228810222,1.32097966816443,1.33137783746266,1.33269825993146,1.32947980898555,1.32584871025377,1.32568375203131,1.32931535522248,1.33723814226497,1.34936988627727,1.36001599736859,1.36348213787791,1.36430718121992,1.36653512614197,1.37024845175527,1.37552988940077,1.38361738243603,1.39327273527379,1.39847194603776,1.39764665046605,1.39467588908352,1.39253042327271,1.39525425178094,1.40375464483175,1.41407058724846,1.42628430591259,1.43701239165575,1.43866247833977,1.43577369160909,1.43445301691058,1.43139952418712,1.43205986153638,1.43585617072032,1.42925431060601,1.38535020046099,1.29861446084666,1.16029951360822,0.972303387222761,0.7568255740965,0.566353560995908,0.409717657416723,0.290878878535644,0.21445908133802,0.168161563589099,0.121863793610469,0.0761438818698739,0.0363659973537157,-0.000358394438989402,-0.0300680261018281,-0.0540005887626927,-0.0725692346668165,-0.0912203596821804,-0.111274638507265,-0.137270692327101,-0.162276492352759,-0.187942377497978,-0.213608262643192,-0.23646809239865,-0.255449133858934,-0.273687358858739,-0.292008062969778,-0.308843386389547,-0.32757699051614,-0.345650509523177,-0.364054197204844,-0.377506363685936,-0.391866304849971,-0.404493175759343,-0.418275258685355,-0.430819398253802,-0.451698468191208,-0.471009426096419,-0.4915580751295,-0.510786553923476,-0.525310948850576,-0.535709370378513,-0.547015818819095,-0.556424238782556,-0.564842152722138,-0.58308088218134,-0.600411584727898,-0.617164429036439,-0.634412400242065,-0.650835075875983,-0.662553667643018,-0.674024822076362,-0.685248286946317,-0.696554483157197,-0.710914424321227,-0.723706253453067,-0.737983463276171,-0.751518108868492,-0.763071994642766,-0.772644868369287,-0.78337320634215,-0.792946080068676,-0.804252024049859,-0.817455996508159,-0.83123782720448,-0.843781714543225,-0.855005431642871,-0.864661036710327,-0.873656556658234,-0.881496864589501,-0.890327678544641,-0.900313704516411,-0.905100519724225,-0.90864939157446,-0.912775617203325,-0.916488942816632,-0.919376972858229,-0.932085818419447,-0.946362523783153,-0.959731706693618,-0.967489283283953,-0.975329591215219,-0.977970688382517,-0.980034179541495,-0.983335614058038,-0.997282907436216,-1.01180755459301,-1.02072034319999,-1.02781758244107,-1.03301654097534,-1.03252116184856,-1.03136594983192,-1.04184685047109,-1.05439099003953,-1.06817307296555,-1.07947952140612,-1.09004290115652,-1.09375673122923,-1.09697543440485,-1.10035909580293,-1.10786873060018,-1.11661630875499,-1.12453859133809,-1.13287326947734,-1.14096051028291,-1.15003825711235,-1.15985882040227,-1.17578636913909,-1.19262194478856,-1.20574369036533,-1.21564698499618,-1.22381746160207,-1.22687145878492,-1.22777973792727,-1.23727088923165,-1.24098522376375,-1.2427185462481,-1.24519443296324,-1.24783527790084,-1.24247110891441,-1.24907322125841,-1.24734040323345,-1.20558201112894,-1.13947815634802,-1.04110605184819,-0.881581361538312
-0.769317413988482,-0.624966844944438,-0.438184230957413,-0.249542772569045,-0.0898362961010888,0.2237573005017,0.448041390096062,0.609687734349229,0.763574854484057,0.905177051061747,0.928939134562426,0.965147941365478,1.00176062997534,1.00984295953912,1.0109745696657,1.02479547920126,1.04758775232058,1.06787472312518,1.09171783000972,1.11345926936382,1.122188056841,1.12622885108913,1.13301752375858,1.14101858291598,1.14942401792521,1.16211307031167,1.17698481361244,1.18991668912801,1.19937320492497,1.20688985293671,1.21828623651888,1.23008650190786,1.24253347223275,1.25692006332034,1.27074097285589,1.27462046140381,1.27534769567856,1.27647905878263,1.27898460811989,1.28383390704915,1.293936633737,1.3065451567846,1.31592064919769,1.32149718240172,1.32343680316442,1.32893280702959,1.33362030621362,1.34137928330946,1.35075502274505,1.36279786424063,1.3661116712365,1.36853669123491,1.36821358578947,1.36983010110673,1.37015320655217,1.37710392598937,1.38332716412929,1.39229828069056,1.39569261702528,1.39827894272389,1.39698577987459,1.39722810895867,1.39528848819598,1.39908720038253,1.40256280712364,1.4091904211154,1.4135550618765,1.41824280808305,1.41832383146692,1.42099093352688,1.42381983533209,1.43060900204657,1.43715559265445,1.43553883031468,1.39391479600782,1.30411988976369,1.16179021188873,0.969754417165638,0.748218453015124,0.548989362748231,0.384352810989651,0.260854894302232,0.178900235560324,0.126930651436502,0.0839326779189739,0.0459455560534265,0.0109491357383226,-0.0167734596941414,-0.0389998042389246,-0.0598522095730385,-0.0779564894633094,-0.0957374168856165,-0.12168120321057,-0.149079952130055,-0.174296257157734,-0.202260440606747,-0.22577970097832,-0.244045780613817,-0.260291216102744,-0.27823419029281,-0.291974570489515,-0.311857165442276,-0.331577960649805,-0.352107260538472,-0.371262621216485,-0.391630368382435,-0.408441979468426,-0.424849461725096,-0.439963534109949,-0.454835030388214,-0.469948855750557,-0.484658552283584,-0.500095483091375,-0.511248796521938,-0.52240210995249,-0.532262260533741,-0.54228421086023,-0.551255821466512,-0.569198795656572,-0.587141769846632,-0.605650425588729,-0.62423985769219,-0.640404269797249,-0.651557583227807,-0.661821862638369,-0.671601483880773,-0.681057752655224,-0.694636086084183,-0.709426806001083,-0.724136749556626,-0.737149154411032,-0.749595877713411,-0.760345556359684,-0.769559743072561,-0.779501164060202,-0.793079744511671,-0.807304782876545,-0.82144879785753,-0.835673342177373,-0.844644458738634,-0.851999059982643,-0.857898945654614,-0.86250566847729,-0.867193414683834,-0.880771748112792,-0.89346104752176,-0.907443509780029,-0.914636805323822,-0.921264419315582,-0.923042734378072,-0.924659496717847,-0.925548777760352,-0.94050129742249,-0.955776922530065,-0.971214100360366,-0.978649477965727,-0.985842279464499,-0.985680232696751,-0.984871728015609,-0.984224776057193,-0.999419377780895,-1.01412932133644,-1.03005140435742,-1.03805271053733,-1.04564988788792,-1.04395259620931,-1.04217428114681,-1.03861814506685,-1.05098433903037,-1.06286587482574,-1.0773334892972,-1.08929580145392,-1.10206612424676,-1.10796625694125,-1.11515930546253,-1.12243313034517,-1.13722335621705,-1.15395344987415,-1.16066159320475,-1.16583424460197,-1.16955218042717,-1.16858237004581,-1.16446055241382,-1.17868559077868,-1.19436534471558,-1.20568070491388,-1.2143287160297,-1.22435066635619,-1.22459324246278,-1.22305775052939,-1.22968536452115,-1.24100097174197,-1.2511849688362,-1.25643839659477,-1.2620149297988,-1.25013364102595,-1.19743657560487,-1.12227058953241,-1.02237295660043,-0.869051518017635
-0.760648323502936,-0.605832522015152,-0.407923884711793,-0.206235025453024,-0.0369709917754619,0.268208760568023,0.479306069553612,0.634542152441904,0.777598033618126,0.908893737744025,0.930230528429143,0.965595783381122,0.987100737974209,0.992728965745627,0.998021122439912,1.01280542570682,1.03372167825265,1.0593418989231,1.08076238645401,1.09185067808888,1.09789893052202,1.1079795224031,1.12041209834648,1.13309627830483,1.14788058157174,1.1638410052392,1.17341710539639,1.18030515041416,1.19164555954158,1.20332178300734,1.21365397890338,1.22633841560052,1.24095506843705,1.2473396486861,1.25137224487283,1.26145283675391,1.27178528938874,1.28136164628473,1.29412977982765,1.30849405843285,1.3101741570797,1.30933410775628,1.30698212369397,1.30723424118651,1.30891408309456,1.31697799177409,1.32747809483929,1.33873403690454,1.344194100768,1.34621027049198,1.34604236332281,1.34545443149193,1.34562259539989,1.35015865635534,1.35612295520389,1.36561535851529,1.37225179951809,1.37720814187405,1.37897245084427,1.38157655239913,1.38216448423,1.38468411872268,1.38863173436968,1.3948473804944,1.39904711363393,1.40274312526596,1.40559934431335,1.40937982300754,1.4129081842092,1.41794848014974,1.42357645118237,1.43063266010809,1.43357257600128,1.42475231484413,1.37913907431949,1.29278498204157,1.15930545776133,0.979372900371818,0.770963646525662,0.580782846824689,0.417566808841461,0.29080767914861,0.204285422962733,0.154556146144345,0.115747253791667,0.0834063817950483,0.0544257070921145,0.027545155697739,-0.00672767569948628,-0.040076504188699,-0.0719970947848216,-0.101733865226594,-0.129034698021471,-0.151379445199189,-0.172212257638013,-0.191113367415031,-0.210686362607511,-0.231435221461754,-0.250840052746283,-0.270664908692513,-0.288557291760569,-0.30636546450525,-0.323081727172755,-0.339714036255679,-0.355086271353464,-0.374910870560905,-0.393727770014553,-0.41279653022195,-0.432705083013984,-0.448749460266021,-0.462693714209511,-0.476217686752488,-0.488649749218296,-0.499233805868084,-0.517965981520765,-0.535774411004241,-0.553918911564836,-0.572819507864276,-0.592476199902554,-0.607008899154498,-0.622297180667697,-0.636577505688313,-0.650689666800966,-0.664717874329032,-0.680006155842225,-0.693446688278205,-0.704871050990213,-0.715119293301659,-0.724527486289697,-0.732759558877177,-0.742587519788121,-0.757791847716744,-0.773164339553324,-0.788872902467025,-0.79903744793269,-0.807690058659462,-0.812730354600004,-0.818190675202253,-0.822726736157706,-0.838602949501785,-0.855487119338465,-0.872791570575635,-0.882031856394504,-0.891608470029282,-0.894968924061762,-0.89706930410911,-0.89816147092508,-0.913533962761655,-0.929326222521147,-0.943606547541769,-0.953098950853171,-0.962843214918329,-0.965279152565224,-0.966959251212069,-0.970739216428683,-0.984851120802542,-0.999131189084368,-1.01307544302785,-1.02475140975481,-1.0358394446509,-1.04121555492977,-1.04575161588522,-1.05129563333327,-1.06103989739842,-1.0692722267247,-1.06868429489382,-1.06885245880177,-1.06860059804803,-1.06566068215484,-1.06515670390854,-1.08246115514572,-1.09976560638289,-1.10950987044805,-1.12059816208293,-1.13135063937947,-1.13454292950399,-1.13941506153658,-1.15974338225153,-1.18074358838194,-1.19997948554213,-1.21610730290117,-1.22879122612073,-1.23273909850651,-1.23458710432253,-1.23761148727789,-1.24399606752693,-1.25180862893028,-1.2569331351942,-1.26172157038098,-1.26524967484384,-1.26718163424444,-1.26919780396841,-1.2773461797101,-1.27961446692662,-1.28037081940425,-1.26735082510756,-1.13135140959584,-0.900429501402806,-0.611462033480527,-0.246808483514708
0.188785822219215,0.472267869847543,0.669620449078662,0.829291433345198,0.92337152059654,0.93471743413435,0.965442395798911,0.995421931576834,1.00105350392044,1.00295819994659,1.01943881960884,1.04337268567453,1.06647861011876,1.0909921112542,1.11285549047685,1.12080560309947,1.12651994429366,1.13943922533959,1.15351828275651,1.16635504806761,1.18399544410085,1.2037060738614,1.20925513047019,1.21182248353242,1.21215381205045,1.21480368084749,1.21629427950503,1.22573524390095,1.23691536662186,1.25024899815213,1.25712311571732,1.26192674643948,1.26846953548664,1.27675173597455,1.2846195859781,1.2961312903328,1.30946492186308,1.31650432401367,1.31824322922292,1.31865707347578,1.32271477207979,1.32644139528151,1.33381212595013,1.3435016500135,1.35426767536582,1.35600683369082,1.35650344679425,1.35550920812439,1.35774497955282,1.35948413787782,1.36652328691265,1.37439088380046,1.3831696973918,1.38598561012148,1.38805609696452,1.3879735812297,1.38755948386109,1.38847019433313,1.39252814605288,1.397579830211,1.40437067269412,1.41107899944242,1.41389516528786,1.41522047936001,1.41530350132633,1.41886483994266,1.42408231491767,1.431701352138,1.43029326921529,1.39269418998554,1.30416265311149,1.16668662970139,0.98010032893833,0.763203416995072,0.568584487874562,0.409494151140777,0.288002387405241,0.206759318580757,0.158642520550401,0.11632257944907,0.0784746874360894,0.0436910147045163,0.0142078389142784,-0.0148609863916009,-0.0398716068619673,-0.0633088598242315,-0.0847583947940236,-0.110183112633011,-0.132709148891733,-0.155980611037105,-0.178672184996969,-0.196063515131254,-0.210225088283,-0.223724257514425,-0.236560769709768,-0.24848631831733,-0.271012354576047,-0.294283563605669,-0.318962855558,-0.343642147510337,-0.365008913629561,-0.38099266707263,-0.395982688077338,-0.410061492378509,-0.422235600653538,-0.441780439597182,-0.460165755285577,-0.478799630641439,-0.497930372216474,-0.516564247572336,-0.531305455793828,-0.54530149124443,-0.558469331957809,-0.569649707794482,-0.583148877025901,-0.595820104635857,-0.610064699753926,-0.618346394010334,-0.628118686924281,-0.636731456582974,-0.644516031504455,-0.651389642838148,-0.669857727377113,-0.687828945696899,-0.705551857464968,-0.724682599040008,-0.74157731607087,-0.752343594538928,-0.762364700236091,-0.771971708564645,-0.781081597558271,-0.793586781235585,-0.806919906534357,-0.820004219049919,-0.827374190371286,-0.833999242037513,-0.837974424906702,-0.841204435004991,-0.845345661806822,-0.861081108698179,-0.87665051165689,-0.893130878203382,-0.90215774523069,-0.9102736486702,-0.911847269294063,-0.913089814515641,-0.914746457105821,-0.929985037777996,-0.945969044336826,-0.962118588596782,-0.972885120180595,-0.981829471473078,-0.984314055684728,-0.985556094674795,-0.986466805146833,-0.999054757674721,-1.01280223345785,-1.02605284302181,-1.03706768115733,-1.04775119077482,-1.05205744904629,-1.05561853454687,-1.05959371741605,-1.06886889099507,-1.07772996720548,-1.07938635667991,-1.08336128643335,-1.08609392408096,-1.08708765651931,-1.09197380297629,-1.11325754712919,-1.13255407952112,-1.14986314703634,-1.16543305622655,-1.17702803566333,-1.17943010414015,-1.1819146883518,-1.19234963830183,-1.20427518690938,-1.21686288632152,-1.22497878976103,-1.2325150581308,-1.23433673219062,-1.23441924792544,-1.23458478562658,-1.24352888380332,-1.25313563901613,-1.25769071007082,-1.26307397586272,-1.26779458461855,-1.25528914782549,-1.20212041252127,-1.13561829880252,-1.03118603045174,-0.867705654132902,-0.749608931965304,-0.68426684773331,-0.628034652494948,-0.60236213433576,-0.68840908699815
-0.566857409711096,-0.432678630737084,-0.253719683988536,-0.0258729679106089,0.334702669578083,0.580509403912398,0.747870720933835,0.86296184200846,0.917809289005737,0.896063640958981,0.901781839803528,0.933675260014147,0.967823713354985,1.00656297205315,1.04191955797809,1.05335620182297,1.05464482734821,1.06318200222237,1.07566554661334,1.08911574476508,1.10820340266447,1.1259219420975,1.12914362898848,1.13131841533336,1.13953361844304,1.14887670735151,1.15942792884409,1.17609981388681,1.19285219187065,1.19687905432859,1.19985877008465,1.20275799289959,1.20823471292078,1.21266453239588,1.22434314737568,1.23650496615796,1.24608928773401,1.24963294638945,1.25365956269162,1.26026343004423,1.26694779033798,1.27596816901462,1.28732431991838,1.29835849905768,1.30053328540256,1.30069451744058,1.29876145607483,1.29956663164179,1.30093550395236,1.30745912451966,1.31551309559131,1.32485569218822,1.32831910405834,1.32993019365961,1.33065512244124,1.33371582344998,1.33653504563536,1.34362260910205,1.35175707311483,1.36077745179148,1.36367667460641,1.36585096863973,1.36834772674909,1.37261656034195,1.37583849338871,1.38373172473392,1.39178594196136,1.39661822614205,1.39693995175074,1.39710044532141,1.39436146992135,1.39323333796678,1.39387728149573,1.37100399380597,1.31116327674577,1.21089196460081,1.06294126186636,0.867150182660202,0.67409734038675,0.510843871075941,0.379967025778234,0.285494159263152,0.231290901950593,0.193276079722496,0.150992916213093,0.110642814069439,0.0744000673248418,0.0388822493618715,0.0064248862518669,-0.0199923062491252,-0.0435100297793872,-0.0663833174691487,-0.086437875285088,-0.109230670033729,-0.12976818549637,-0.150386440055907,-0.16601142455253,-0.181877887872509,-0.195247593083131,-0.209583705898726,-0.22327538287382,-0.245343002685047,-0.267974319239889,-0.290605881950507,-0.313720648463613,-0.334983092707886,-0.351091034851216,-0.367038237268092,-0.381938046827306,-0.395307752037929,-0.411979390924862,-0.42977866945479,-0.446933265988436,-0.460141739161036,-0.473672430253899,-0.485592277901269,-0.496545471787874,-0.506693490107519,-0.526264597965177,-0.544466341200707,-0.563151534394498,-0.582158945508552,-0.599796992000468,-0.612038811412314,-0.625086052546897,-0.636361464353754,-0.646912193534767,-0.66028189874539,-0.673812589838254,-0.687021309166635,-0.695558484040791,-0.704820341540792,-0.71174667296946,-0.718028814713392,-0.724713421162922,-0.741143581226504,-0.756526840743989,-0.774245626332802,-0.785843502215706,-0.797038913393012,-0.803240562195835,-0.809603196880893,-0.813549566397715,-0.829415537406125,-0.843912143792392,-0.858892200136934,-0.872422645074011,-0.891268824150047,-0.908987609738866,-0.932344347386898,-0.959083757808143,-0.99282999259917,-1.02077753560454,-1.04204022600459,-1.05726225348405,-1.06789347560618,-1.07216206304326,-1.07731631898841,-1.0848868401018,-1.09519584430368,-1.10606879140496,-1.10880727449344,-1.11186797550218,-1.1142844868262,-1.11396251506173,-1.11388177596483,-1.12974799312902,-1.14408410594463,-1.15294325258325,-1.16188313831878,-1.16953464468485,-1.16977636966399,-1.17106499518922,-1.18201843523161,-1.19522666224843,-1.20634084201727,-1.21334742023128,-1.21922635880227,-1.22075621699508,-1.22003128821345,-1.22462209357078,-1.23621996945368,-1.24846228117709,-1.25619452664006,-1.26400726504416,-1.26779289483452,-1.26779314099031,-1.2683570838897,-1.2765720408436,-1.283014922314,-1.28857188912052,-1.29324294126319,-1.29702807874199,-1.29638364290149,-1.30041075151521,-1.27874559640957,-1.2245425852528,-1.1349827420153,-1.01280430362977,-0.830704162931356
-0.73037519303917,-0.563097434985748,-0.367898361476967,-0.146700866887117,0.0591980432688483,0.365747417859687,0.607509100146771,0.773364999683985,0.879532990562253,0.939137861661858,0.927685576976911,0.926682994260365,0.94565975932306,0.971407790225181,0.999747103979292,1.01930870895997,1.03611167846905,1.05141000740276,1.06002036355658,1.07072071120412,1.08710568241446,1.10206930610897,1.11377274747342,1.12865307810839,1.14645914133439,1.15582194552598,1.16426520456038,1.17530000194695,1.18725434449071,1.1965336001226,1.21133012669767,1.2266284556314,1.23197862945517,1.23239662775391,1.23089198717855,1.22880225118501,1.22804980314724,1.23356707409043,1.24167562788561,1.25329526519017,1.26232336414255,1.26792418364545,1.2777885346955,1.28798759098477,1.2959295586609,1.30554351953199,1.31682921809788,1.31774901875526,1.31724747189681,1.3162443781799,1.32000636286859,1.32527324363283,1.33572294560123,1.34608909900992,1.35687325071735,1.35754189469524,1.35469945516374,1.35168991851283,1.35428120136482,1.35887867165063,1.3679905746629,1.37935956628833,1.38972546419683,1.3885552733605,1.38370690189537,1.37944388134859,1.37919349116963,1.38120018960382,1.39073034641502,1.40092914720411,1.41146214223204,1.41121124105271,1.40878654431978,1.40418856303361,1.37467880294298,1.30738312084676,1.20514370077624,1.05859824954021,0.865740068704456,0.676643872557396,0.508948627205598,0.371599394042101,0.269945835890297,0.211511666627393,0.167372477081113,0.131843643688657,0.0998256383053839,0.0705665238938932,0.0350379460016235,0.000428913266546628,-0.0321736765345277,-0.0628536274614898,-0.090022750379263,-0.112259953272189,-0.131905617812949,-0.151133284054965,-0.169608246759019,-0.191761390091868,-0.213496279625797,-0.236150714316924,-0.254625166020611,-0.273517871523229,-0.290487682651554,-0.306788849802001,-0.32217072729543,-0.345076574166234,-0.36689552326024,-0.387962279816647,-0.410450128388718,-0.429343089391517,-0.444390517145916,-0.460357490057514,-0.475655563491047,-0.488612999751724,-0.508174604732401,-0.527819758272793,-0.5457931741184,-0.564769939181089,-0.583997349922924,-0.598793876498003,-0.612921759095198,-0.627801834229986,-0.641009660669621,-0.654134194049727,-0.668345880706813,-0.681972216445565,-0.691920371555506,-0.702788327322839,-0.713070932171815,-0.722601088983017,-0.732800145272279,-0.749436017661942,-0.765904792932169,-0.782624213881542,-0.793575207208221,-0.802686854720317,-0.808287674223217,-0.812885144509029,-0.818067965713197,-0.833784292945655,-0.852426863769502,-0.870651180794423,-0.883023777137117,-0.893055480806779,-0.899074298608424,-0.901748874519943,-0.904256608812224,-0.919136683947018,-0.93602345751599,-0.950235144173087,-0.959849360544361,-0.968961774557011,-0.971553568409363,-0.97372710846279,-0.977572641711196,-0.993539359122607,-1.01034207313151,-1.02756278543915,-1.04169041253617,-1.05540029683462,-1.06200472105481,-1.0677731486775,-1.07287267682213,-1.08265347931247,-1.09101293428698,-1.09101267878679,-1.09193196844381,-1.09134687302564,-1.08800339763605,-1.08725120509847,-1.1036361763088,-1.1186836040632,-1.13038678992747,-1.14083598089551,-1.14936278848962,-1.14861059595203,-1.14894504569105,-1.15914410198033,-1.17268688915935,-1.18514277856158,-1.19701331704545,-1.20629257267734,-1.21038875160488,-1.21298028995705,-1.21799601404179,-1.22602127477745,-1.23588562582749,-1.24165379795,-1.24591707399697,-1.24859216090885,-1.24967905868566,-1.25126750332092,-1.25979456641522,-1.26489435006003,-1.26756994797228,-1.26790465321149,-1.22259527282888,-1.16215466063197,-1.01912003740512,-0.784881046994508
-0.454868420298541,-0.122715108128679,0.275385635919217,0.577895395115945,0.774073054629181,0.882820034629308,0.929949265418371,0.905468858389374,0.910548276266894,0.9417735007721,0.97466412487601,1.01296729767569,1.04610783351645,1.05610023110865,1.05568413570157,1.06459392175757,1.07874930936132,1.09515288462627,1.11688553501297,1.13970054244326,1.14644485093427,1.14919235308396,1.15768528025508,1.16709412630696,1.17542086980785,1.19040921170355,1.20664660329827,1.21106001403186,1.21255897546773,1.21414090149242,1.21780432252288,1.22180087437159,1.23096006317923,1.24245065872949,1.25269245907333,1.25718883439574,1.26010328369346,1.26834706260555,1.27659109601023,1.28600070553993,1.29874111426702,1.31214753013804,1.3147288486175,1.31522841759859,1.31447893688066,1.31664365096784,1.31905802229927,1.32671850416365,1.3359609120527,1.34570288892284,1.34836742648373,1.34945003801992,1.34994960700101,1.35194813741796,1.35486284120829,1.36144096602907,1.36901822881203,1.3771782796575,1.38092517426197,1.38159118140589,1.38134152416165,1.38367318539687,1.38592162755068,1.39016834562884,1.39632986605734,1.40274104373009,1.40415602260674,1.40357272555902,1.40265655218566,1.40590413230164,1.40973450048013,1.3895008115293,1.33371196091369,1.23562313115707,1.08415982211627,0.88473483697964,0.687641258585651,0.517193310293038,0.378969978960418,0.280548272878143,0.221178711328283,0.177630191473466,0.134830897843977,0.0960281560632054,0.0593906373548285,0.0263335750880842,-0.00206092818601464,-0.0250431372569476,-0.0464429113179849,-0.065761190373266,-0.0867446145346328,-0.111308240645041,-0.1367043120622,-0.16193394531653,-0.183333210392363,-0.203566899343198,-0.221052831651731,-0.238039194979181,-0.255109031880644,-0.278590555440063,-0.300489898482199,-0.322639153261183,-0.344621969877339,-0.366438093838052,-0.385089856764202,-0.403658400608934,-0.422393382616495,-0.440961926461227,-0.458198201525525,-0.475517950163836,-0.493337267783241,-0.509990754785034,-0.526477549131397,-0.543630605114277,-0.560284092116065,-0.576438010136765,-0.593508101530836,-0.609995404862403,-0.625899665638863,-0.641470795597064,-0.65720861821069,-0.672113741024975,-0.686768952102406,-0.702673212878872,-0.718077650181636,-0.73281557135528,-0.748052807017404,-0.763040385435294,-0.776612475991321,-0.791017520839308,-0.805922389160985,-0.819412024113407,-0.833317754472908,-0.847389922995238,-0.859963130081692,-0.872203460842489,-0.885109798747202,-0.894019584803214,-0.901597102078775,-0.909341312009771,-0.915586306012295,-0.920499031234379,-0.931906407703222,-0.943064126927824,-0.945395279177837,-0.949142428274912,-0.953389146353074,-0.953639058089916,-0.955387676770038,-0.974372825007048,-0.992025449971017,-1.00093498153442,-1.00801292982889,-1.01409174016119,-1.01101085270064,-1.0075136153404,-1.02100299580023,-1.03807257820909,-1.04947995467794,-1.05988844767721,-1.06979737169539,-1.07046363333191,-1.06938127628832,-1.07845750050715,-1.09003156963143,-1.09819162047689,-1.1049361834605,-1.11093126572618,-1.11201362276977,-1.11143083470726,-1.11984079728957,-1.13216409263918,-1.13716003694268,-1.14082345797314,-1.14340426746739,-1.14098938715076,-1.13582700468443,-1.14648540942055,-1.15814320661144,-1.16147426030145,-1.16313965990015,-1.16555428572418,-1.15964216804732,-1.15539544996915,-1.17063319461649,-1.18978478101633,-1.19977692411592,-1.21035185527802,-1.21809581071642,-1.21584787754781,-1.21101837140715,-1.22334192124936,-1.23258458363102,-1.20785401037258,-1.15106551280958,-1.06480066391408,-0.932572414847138,-0.77919455794859,-0.656375918411349,-0.526562549661034
-0.483473062372179,-0.388923735282308,-0.251957023887401,-0.07899212433599,0.0565864521300114,0.347520285981042,0.531934382446129,0.655975744275683,0.759892861226728,0.879510537146453,0.90648743894676,0.956277633101515,0.996612815013187,1.01335421006494,1.01682401715998,1.02176865133858,1.03651506637885,1.05672626852564,1.08170819031447,1.10339368931757,1.11189402740499,1.11536356938641,1.12611922906287,1.13982401267922,1.15561099868893,1.17382695571062,1.1928234072378,1.19854853592189,1.20028370458303,1.19820176730328,1.20080412262456,1.20340647794583,1.2117339619512,1.22214311812268,1.23567531277059,1.24192085949621,1.24599777678743,1.25180933251254,1.25857503216606,1.26395286200429,1.27479547894903,1.28676588924511,1.29422565636309,1.29856265011827,1.30246565287293,1.30515443523524,1.30905770310353,1.31625739375755,1.32510529580444,1.33456057316114,1.34097950419606,1.34462243048677,1.34609672734309,1.346616880271,1.34887193674643,1.35381630581141,1.36014880980529,1.36821595223308,1.37602301819691,1.37931944098263,1.38010046571537,1.38088122533447,1.3832235041918,1.38651966186391,1.39198444897041,1.39918387451081,1.40516907965885,1.40482204592663,1.40395485926649,1.40187318710037,1.40386843222546,1.40673112912431,1.41488522882037,1.40482310638112,1.36179887699352,1.26959156364736,1.13401298718135,0.949858702066591,0.753820963924036,0.577560436927758,0.435997185540973,0.327396041102534,0.257481867182903,0.210033686771843,0.168137250735583,0.128062145287856,0.0913698896669,0.0603160705753694,0.0295228581750439,0.00245926422009407,-0.0218285901042923,-0.0443815408811558,-0.0740477552710111,-0.100157735524805,-0.12748193617096,-0.153765035620442,-0.175797568355764,-0.191497597097208,-0.208412111344646,-0.22315799615768,-0.238337606857583,-0.261064207057376,-0.285352061381756,-0.309119497664602,-0.332106439441967,-0.354399578868501,-0.371921468425737,-0.388402787013525,-0.404103080868596,-0.422492157085966,-0.439493363488052,-0.458403122860573,-0.477225924964819,-0.494314088635174,-0.508019667592392,-0.524153952447959,-0.537252156095373,-0.550350359742781,-0.567265404217455,-0.586522197322208,-0.604998230807848,-0.624341716067256,-0.640302351499899,-0.653573674342994,-0.664850017174615,-0.674218072149411,-0.685147646362427,-0.701368358259021,-0.718890512929884,-0.736759436219347,-0.749944332021403,-0.760266530924614,-0.76885409139393,-0.774578954964389,-0.780304083648475,-0.797219128123155,-0.814914932216936,-0.83182997669161,-0.850653309023104,-0.868869266044793,-0.879885267298836,-0.891942104635943,-0.901917004693295,-0.911805212596004,-0.922040719344562,-0.934618504950452,-0.943119373265113,-0.953268452972643,-0.962116355019537,-0.970616958220571,-0.976688590409635,-0.987010789312846,-0.9986341658767,-1.0107782255957,-1.01641666212514,-1.02222874807749,-1.02656600694629,-1.02726007441075,-1.02873463638068,-1.04183284002809,-1.05588518760392,-1.06976415087043,-1.07809136976217,-1.08381623333263,-1.08424969410589,-1.08346866937316,-1.08199384228959,-1.09621957417472,-1.11053226332812,-1.11955354968431,-1.12857510115413,-1.13759638751032,-1.13759665262394,-1.13889783028458,-1.15017443822982,-1.16223154068055,-1.17532974432797,-1.18244247771371,-1.18929513463551,-1.1905096201415,-1.19103003818304,-1.18998893698635,-1.20065816962179,-1.21219485403099,-1.21609812189928,-1.21991469761291,-1.22407830705879,-1.22190967762438,-1.21800587952885,-1.23032305844353,-1.24246685304891,-1.24689053895873,-1.25252844526092,-1.25816661667673,-1.25469680958169,-1.22971488779285,-1.1834811928878,-1.11139838953376,-0.999761163887164,-0.803636733589955
-0.628960121602602,-0.427601192227823,-0.178505826505038,0.0792399384466382,0.255448891423381,0.507187332689495,0.666656317630781,0.757724309218486,0.813870753929067,0.896528492356977,0.920717150086988,0.965249925266579,1.00481698891553,1.03709546024934,1.04358356566752,1.04550595820634,1.05663933559915,1.0760221343807,1.09396332235606,1.11671012448265,1.13897663447105,1.14586473854051,1.14762703369994,1.14866840105766,1.15419518780782,1.15763923984255,1.16997383717526,1.18423058224957,1.20105035417751,1.20962021512226,1.21562729401061,1.22115408076077,1.22892369960577,1.23645292758446,1.24670527979616,1.26048173273229,1.26881144760796,1.27209491266885,1.27209466787164,1.27657984246686,1.28090467488548,1.28883390151544,1.30044757104644,1.31422377918535,1.32039095545309,1.32263354275071,1.32359461662152,1.32319412837581,1.32463573918201,1.32976179288926,1.33761121562674,1.34674215179102,1.3534704032783,1.35539304061434,1.35643465276927,1.35579401845447,1.35659499494589,1.36011909567031,1.36588578369235,1.37237315471889,1.38038267483576,1.38302599517629,1.3839070203574,1.38422721511619,1.38735107239213,1.38991409924576,1.395360592509,1.40224894137568,1.40873704679386,1.40865699810416,1.40817646116876,1.40673460556534,1.40425162740141,1.38879317279277,1.33937448997503,1.2468646427839,1.11094343646061,0.926644669880075,0.719519052483253,0.534980384630845,0.382159357689916,0.263218265471171,0.188409460186301,0.142114145050068,0.103107422228989,0.0696272413608669,0.0407127733721004,0.00651239909390659,-0.0249646061540484,-0.055320195354587,-0.0848748080637144,-0.111385856983823,-0.13293143917051,-0.153756093555492,-0.17281894237547,-0.191321205570364,-0.214068742088597,-0.235935008628515,-0.258602251659844,-0.280468273402541,-0.299771023494395,-0.315869867620621,-0.332048760436541,-0.34670599375656,-0.361683666632595,-0.380586173275963,-0.399488435122117,-0.418871478700892,-0.438254277482446,-0.456275514147494,-0.471733723958934,-0.487112129877878,-0.501689314508197,-0.515706158310629,-0.53228602896669,-0.549826973493557,-0.56768811277921,-0.585229057306077,-0.602449317479714,-0.618067624670539,-0.632164272365456,-0.645299846189573,-0.657714492211979,-0.671170505592101,-0.684306324213432,-0.69816282583926,-0.706492785512135,-0.715303282120422,-0.722912313991581,-0.729319636328424,-0.735246421729857,-0.751986144968098,-0.768245331270934,-0.785946373177197,-0.805489758932581,-0.82070806747213,-0.830479882748432,-0.840091600645339,-0.848021072072514,-0.854348590516872,-0.86828514083239,-0.881901006794692,-0.896237800558705,-0.902965807248769,-0.910414741740544,-0.913938842464968,-0.917062699740901,-0.919705775284225,-0.937166181526957,-0.953825611278284,-0.970485285826825,-0.980817441931008,-0.98970798722899,-0.991230136319321,-0.992191699784557,-0.992992921073183,-1.00620903318143,-1.02086675609588,-1.03592472245882,-1.0433736569506,-1.04986151757156,-1.04986151757156,-1.04841990676535,-1.04609727077804,-1.05963333284787,-1.07405042009879,-1.08950862991021,-1.09767824740648,-1.10592791359244,-1.10608801097184,-1.10560722923922,-1.1036848367004,-1.11794158177471,-1.13187788729302,-1.14413219113881,-1.1535032733722,-1.16311474647188,-1.16359528340729,-1.1636755768942,-1.16768045935124,-1.17769242069664,-1.18770438204203,-1.19034770238257,-1.19347155965851,-1.19323165838662,-1.19010829070512,-1.1862639952219,-1.19867888604153,-1.21173441117594,-1.21565875534886,-1.21734026742694,-1.21950231644042,-1.21261372277654,-1.20364263919443,-1.21485582047972,-1.20908913245768,-1.16872133711452,-1.10392449317506,-0.994194385810294,-0.796439605849639
-0.623269782385819,-0.411057369285165,-0.16039431143069,0.0771530064955219,0.233399567877913,0.478604249058112,0.631673583567331,0.730814216289824,0.811870226025685,0.911255605556133,0.935287351894562,0.973086666384275,1.00290245452903,1.02000983314005,1.0282378573135,1.04159784609081,1.06277827966758,1.08029298867311,1.09365297745041,1.10709438251073,1.1171145608283,1.12689024131737,1.14228663308783,1.1634670666646,1.17332391445723,1.17959620498217,1.18863839198575,1.19873998658633,1.20639759881978,1.22163140700367,1.2379243738051,1.24232359186183,1.24126443324429,1.23979794423223,1.24118276798182,1.24256759173141,1.25055086909691,1.26187445488106,1.27523469263781,1.27947107812852,1.28346296579073,1.28712918832089,1.29201715305515,1.29413522131077,1.30293315946532,1.31164968133686,1.31857380008481,1.320854451927,1.32435709495276,1.32492700893385,1.32728932603851,1.33071080176071,1.33755400218458,1.34333829297035,1.34887808592764,1.35107757046628,1.3526252267819,1.35270639408545,1.3541723851386,1.35767527714381,1.36182999737205,1.36736979032934,1.37258366917511,1.37567947976526,1.37657555683732,1.37877504137595,1.38235934966418,1.38838764031954,1.39571933844148,1.4045989418585,1.41217513780893,1.4148633690251,1.41347829629606,1.3941714331464,1.33812441412459,1.24183459620483,1.10326532741454,0.920217123215076,0.722994020469812,0.546625686169263,0.399421062810997,0.287083024897775,0.213114215455358,0.167494705145628,0.129858721180861,0.0974363670824079,0.068435239726699,0.041144850232088,0.0073376723840453,-0.0258179262204388,-0.0584845291679269,-0.0899291409318559,-0.11762636286207,-0.140924864694469,-0.161372302744672,-0.180434917045285,-0.1983572054248,-0.220759879164605,-0.241858896458372,-0.264342488522261,-0.285685754665069,-0.30808768146649,-0.326986965242152,-0.346049330563314,-0.36307529289131,-0.381974825646435,-0.398919620670884,-0.416597411221902,-0.433460540983878,-0.447146692852146,-0.458877609030817,-0.471097022907565,-0.482420359712257,-0.49390677806243,-0.513783804172622,-0.534394323768313,-0.554923427080994,-0.575370865131197,-0.592396578479731,-0.604615992356484,-0.615857414919245,-0.626528674521452,-0.637281599386138,-0.654388729017698,-0.671332777103764,-0.688521571997791,-0.703022135675643,-0.715730545209381,-0.724691813888862,-0.733164335890815,-0.741881106741815,-0.756055756308158,-0.772837220807662,-0.789292522216201,-0.806806982242278,-0.820899966546149,-0.831653140390297,-0.83988091558429,-0.84949376350734,-0.857069959457774,-0.869696952708503,-0.882405113262784,-0.897720088750225,-0.906518026904772,-0.915804711736851,-0.921099508906719,-0.927697962522629,-0.930467610021808,-0.943175770576095,-0.955883931130376,-0.97128057188029,-0.980078510034837,-0.990505769767466,-0.994497408450216,-0.999222291638997,-1.00125894361161,-1.01241969682973,-1.02374353159334,-1.03523019892297,-1.04386555349095,-1.05315248730249,-1.05812186831977,-1.06292816779157,-1.07083027785351,-1.0815022843941,-1.09347769840127,-1.09738816978046,-1.10072822921965,-1.1012983921802,-1.10105389435171,-1.09885416083361,-1.11302831244104,-1.12744721085642,-1.1384446335496,-1.14732398798716,-1.15644784025321,-1.15595934255514,-1.1552260980491,-1.16255779617105,-1.17396254925875,-1.18601913056947,-1.19449115461251,-1.20288201135199,-1.20671081746872,-1.20711839684269,-1.2071183968427,-1.2156720861482,-1.2253661013748,-1.22821741413645,-1.23196455499071,-1.23481586775236,-1.23408287222579,-1.23066164548304,-1.24076299110417,-1.25070150415927,-1.23400145594278,-1.17990967261056,-1.09649084781111,-0.965823440103312,-0.743102350987007
-0.553640692885603,-0.311901850731342,-0.0425546520574973,0.233207519237713,0.40787306749497,0.618998334022861,0.737309509286735,0.80641242428005,0.838893062697758,0.892892201623643,0.912705204922984,0.956229136312403,0.987978882809264,1.01225814451521,1.02987896841326,1.04067879619844,1.04790581580282,1.06114153635644,1.07705711122628,1.09094256863856,1.10263584664955,1.11790218102196,1.13471145429822,1.14404999460296,1.1502217502184,1.16305169546113,1.17531305890737,1.18611288669255,1.20267795024043,1.22200377498608,1.22809387917811,1.22963656990135,1.22955516665855,1.23264079628566,1.23637591459081,1.24620113708799,1.25919339245507,1.27202308951718,1.275433339393,1.27527102926864,1.27413436203691,1.27559614587859,1.27900689211565,1.28737082713238,1.2984955233469,1.31067573173096,1.31571032375343,1.31798415457814,1.31968965178698,1.32391219682643,1.3294339674026,1.33771625099592,1.34713520182097,1.35639184252167,1.3575285097534,1.35501121374216,1.35257532097372,1.35419966312038,1.35704207574157,1.36459396377528,1.37368854253224,1.38416375006871,1.38546297560541,1.38432581201244,1.38205198118774,1.3813210892669,1.38148315121063,1.38708582866836,1.39333849116536,1.4017024261821,1.4066558631424,1.40714328987671,1.40568200239625,1.387167976453,1.32845911393398,1.23174784242108,1.09134983303316,0.90588445699073,0.705559266428635,0.53000051612618,0.381562943789622,0.270559446831077,0.196340536572484,0.148349850415214,0.106773888698691,0.0722626364621934,0.0388882996380539,0.00965535279118559,-0.0212825949032809,-0.0493781299765521,-0.0788540456487137,-0.104838308202264,-0.127899251253061,-0.147793657795199,-0.169068693116839,-0.186202338461202,-0.204878922709423,-0.228265230550795,-0.252382182132385,-0.273332100844078,-0.297367897363493,-0.315963078368916,-0.332203521668076,-0.345683203769466,-0.362086205373604,-0.375809352661532,-0.396921829678193,-0.416897391282506,-0.438983977225929,-0.458959290649626,-0.474549997090126,-0.486892515598552,-0.49899156892044,-0.510035358253386,-0.520429658908293,-0.540486623755399,-0.559894099924467,-0.580275933200909,-0.600251494805222,-0.615030154262699,-0.624287291324632,-0.633300963200032,-0.640122207493525,-0.647430630340699,-0.665863501221777,-0.6844586822272,-0.702079257944628,-0.721242524385308,-0.736102338904966,-0.745115762599744,-0.753073674124967,-0.762817989740591,-0.771425638124475,-0.786935189502804,-0.802201027513968,-0.819821603231401,-0.829240802237073,-0.839553203287938,-0.845724462542148,-0.852707768779386,-0.856930313818839,-0.87447023083533,-0.890954387501644,-0.909143793196189,-0.92562819804312,-0.94138171096921,-0.950232824539636,-0.958677914618552,-0.963955971827564,-0.969802114471822,-0.978734134923802,-0.987828465500144,-0.99708535438146,-1.00496186266388,-1.01235144057325,-1.01706116416639,-1.02087793389495,-1.02510072711503,-1.03565733789429,-1.04564536687707,-1.05733864488806,-1.06627091352066,-1.07406626674091,-1.0781262534754,-1.08340431068441,-1.08632738200653,-1.09623375956589,-1.10752051772414,-1.10979385218761,-1.10995591413135,-1.11141744979241,-1.10857528535184,-1.10435274031238,-1.11823844590528,-1.13488491269596,-1.15136882118166,-1.16419876642438,-1.17686640154276,-1.17970831780271,-1.18068267491008,-1.1814947218931,-1.19067045571224,-1.20017105796071,-1.20285091227692,-1.20577447996029,-1.20821086908997,-1.20431368884108,-1.20057857053593,-1.21105377807239,-1.22120411717952,-1.22282821114557,-1.22640101932635,-1.22891856351821,-1.22469626665937,-1.21998654306623,-1.21105427443363,-1.16720497825364,-1.09858874545277,-0.990508319816355,-0.802525399582064
-0.624141724656451,-0.411533910166704,-0.154231472724097,0.108218671681808,0.284138741434249,0.52795894650761,0.676669565322033,0.756336030691101,0.803808912022975,0.88061545694652,0.904883075641412,0.950231744319629,0.992312182219764,1.02393413179138,1.03038968047431,1.03169752219394,1.04354576403969,1.062911161433,1.08325675335554,1.10662558985663,1.12836018610313,1.13473357325736,1.13669446177799,1.13710302184164,1.14200549287431,1.14600943144426,1.15581462324068,1.16790785128597,1.18228886584902,1.18980627112768,1.19487206629337,1.20606601268266,1.21717829700546,1.22829058132824,1.2427530082267,1.25950347137403,1.26293552574732,1.26416120593825,1.26391597000763,1.26718420078571,1.27077907982984,1.28238133655169,1.29463738926781,1.306730367582,1.30999884809118,1.31138810214623,1.30975411162273,1.31155192574144,1.31432993438936,1.32282753419724,1.33246915212956,1.34341811231932,1.3475034632247,1.34970958767595,1.35167047619658,1.35591915123497,1.36139350646431,1.37070822639949,1.38026818226529,1.3873770274803,1.3874589392779,1.38508949069362,1.38239339384331,1.38525356401992,1.39015628478368,1.39963457858296,1.41009356637366,1.41989875817008,1.41998042023659,1.4182645179155,1.41524152306804,1.41205495435647,1.40984882990521,1.39391548688518,1.34219368078382,1.24798287671869,1.10866863990595,0.919838471712031,0.717199422882818,0.536294720569013,0.392649397458102,0.284302315298366,0.216646416983698,0.173176725028509,0.137306350149587,0.0958797082437195,0.0582117689771841,0.0221783196963225,-0.0120578149280201,-0.0400027239268245,-0.0619008940374388,-0.0829002819542437,-0.102102355214546,-0.12040539654994,-0.146143681635306,-0.171473656388124,-0.196231497213172,-0.220253630246351,-0.241416092565095,-0.258329630114351,-0.275406491796635,-0.291502909218595,-0.309070492493218,-0.330641764606699,-0.352785170647933,-0.374274780694911,-0.396172950805525,-0.415946408800304,-0.434003964473989,-0.450917751754339,-0.467831788765772,-0.4847460755083,-0.503212940438904,-0.520781023175705,-0.538593842380948,-0.549216154304665,-0.559184420503022,-0.567927006510446,-0.576261032454211,-0.58385985006829,-0.60355164599656,-0.623652251719567,-0.64318072351482,-0.662872769174179,-0.679868468252132,-0.69073576637538,-0.700867606437848,-0.710918034164901,-0.721131536293882,-0.737146291649335,-0.754141740996193,-0.771382176542583,-0.782249224934743,-0.792789625060864,-0.799489910212227,-0.804474293042497,-0.808723467543079,-0.82661794881483,-0.843613647892778,-0.86150787943344,-0.878421666713785,-0.894191435869701,-0.901953827347896,-0.910124778889738,-0.916498166043963,-0.925567899779609,-0.936598771766975,-0.948283190017519,-0.958170043880461,-0.968383795740531,-0.977126881210127,-0.9847259485553,-0.991181247507132,-1.00074145310402,-1.01177257482248,-1.02272178474333,-1.02541813132475,-1.02876802416934,-1.02983013049616,-1.03023844082872,-1.02966630690096,-1.04584488585162,-1.06136966880801,-1.07746633596105,-1.08612750963305,-1.09503391923567,-1.09438037297249,-1.09413563650405,-1.09364566410498,-1.1059838783498,-1.11946586098795,-1.12755490073219,-1.13433659821898,-1.1406280735756,-1.14013785144545,-1.13866718505497,-1.1493711590452,-1.16195435948955,-1.17478279586453,-1.18336230747,-1.19087971274867,-1.19153350874294,-1.19071638861565,-1.18981760642184,-1.19847878009384,-1.20910084228647,-1.21318619319184,-1.21751678002784,-1.22094833493894,-1.21915027108915,-1.21490084685749,-1.22519576132189,-1.23598089791645,-1.24047455915438,-1.24455991005975,-1.2276461227794,-1.16628244901465,-1.07411444526774,-0.966830218628094,-0.81542300350117
-0.707736877255806,-0.580563688235566,-0.420980109015841,-0.217799020122978,-0.00301924885158815,0.317710943539988,0.577404622389178,0.763640230920592,0.876747120023286,0.927172249615647,0.905867018286886,0.907841112318103,0.931120689090977,0.967644194210315,1.00992580880457,1.03139571557786,1.03904595848106,1.04998644190725,1.06158487287288,1.07935272480542,1.10526409173605,1.13010619963526,1.13520611015784,1.13652200523672,1.13421856031644,1.13693331672871,1.14252725358487,1.15741642789929,1.17140076721391,1.18612526608379,1.19352837011376,1.19862802922343,1.2051262982536,1.21540858272746,1.22527980712222,1.23803021196089,1.25217922672005,1.25982946962325,1.26106365551209,1.26188627849607,1.26476545893997,1.26896078587564,1.27776275123898,1.29001938115694,1.30235847450362,1.30885699494669,1.31157124853316,1.31280493159623,1.3136273031673,1.31667065622995,1.32399154824409,1.3336161365914,1.34299383747837,1.35089096784191,1.35409924776199,1.35574474514282,1.35590916917445,1.36100933110992,1.367096540061,1.37696776445576,1.38618078989819,1.39490054324571,1.3944070197379,1.39490054324571,1.39136341526236,1.38873112227881,1.38947128183407,1.39588733884842,1.39991799033957,1.40732109436953,1.41406599944715,1.41686271646234,1.4166982924307,1.41776780287503,1.39325479445198,1.3318074722434,1.22709123701206,1.07968207569448,0.883328355307957,0.685246925524771,0.509375310657255,0.368464418369841,0.26136227478951,0.200489933865866,0.157632583747994,0.123165887501472,0.0908377093178085,0.063691905085431,0.0269220153315202,-0.00836730389897103,-0.0424226886535069,-0.074092667884839,-0.101567320180497,-0.120816245462219,-0.137761725823669,-0.154049007232787,-0.170006937752843,-0.193615111176101,-0.217881232138799,-0.242805552053823,-0.267236599873946,-0.286321101124031,-0.300058804391199,-0.313878971087079,-0.326711839354452,-0.339544456208939,-0.361343211045503,-0.384622536405486,-0.407078987368605,-0.430276100712767,-0.447139369058395,-0.459149362928903,-0.470748045307435,-0.481606568130699,-0.491395329096755,-0.512864984457154,-0.535568322880622,-0.556132891828339,-0.578342706743999,-0.595452611137086,-0.605734895610945,-0.613385138514141,-0.623338574924731,-0.631399877907017,-0.649990604236409,-0.669733053025945,-0.691696483307037,-0.710205249033504,-0.726739920728754,-0.737104920044216,-0.746235984883717,-0.753886227786918,-0.765320234720922,-0.781031780606411,-0.796907750523531,-0.814017654916623,-0.82956477677048,-0.840834359672835,-0.850376233178541,-0.85934262257352,-0.866334666524385,-0.876205639506257,-0.889778415916006,-0.902775708215016,-0.916595372085114,-0.927042332003501,-0.936255357445933,-0.943000765349339,-0.948841086840065,-0.953940997362638,-0.966855826232941,-0.979195170992511,-0.991205164863024,-0.996798850306297,-1.00091196522616,-1.00140548873396,-1.00074703836873,-1.00140473449528,-1.01489504747632,-1.03093544142509,-1.04508395335845,-1.05355656783273,-1.06054886319648,-1.06128952557753,-1.05948010699084,-1.05939789497503,-1.07305338622637,-1.08827140860406,-1.1037360670292,-1.1160746575501,-1.1280021879919,-1.13203233665726,-1.13466437822792,-1.13639158479879,-1.14675633270136,-1.15613403358832,-1.15712158342971,-1.1566283113348,-1.15654635073188,-1.15062381722533,-1.14535923125823,-1.1576158611762,-1.17316273161716,-1.18895648951847,-1.20071959592863,-1.21157786733901,-1.21388106084639,-1.21363442479894,-1.2124827023388,-1.22218925128904,-1.23304727128652,-1.23370521882596,-1.23559710084136,-1.23666661128568,-1.23115538927111,-1.22515089516164,-1.20713640718166,-1.15671152900219,-1.07930527062198,-0.959288549584239
-0.831962156091574,-0.660718442529839,-0.4574500354651,-0.221571968146383,0.0265978120544297,0.344502580080465,0.590331215499522,0.764334418347732,0.878887468185897,0.934909598479811,0.921029352035497,0.932149853637746,0.956648690500874,0.981398227400126,1.01267005412801,1.03708557986802,1.05104939299104,1.06618390628273,1.08516478679527,1.09728885520879,1.10606846758486,1.11969775843746,1.1307349489166,1.14018335027793,1.15715735272355,1.17797746683443,1.18491733450099,1.18717465704845,1.18826153498282,1.19219146888238,1.19854611424241,1.21334610526368,1.23082176333714,1.24704315456321,1.25130735517759,1.24963525493668,1.24712672124192,1.2483809880893,1.25038761060064,1.26000314531938,1.27195956926429,1.28282937083041,1.28567217124,1.28692643808739,1.2873447825921,1.29286376116506,1.30005483997892,1.31151011940719,1.32430348791712,1.33542450063055,1.33584284513527,1.33375265594523,1.33015749987168,1.33141176671906,1.3334183892304,1.34169609042305,1.35089353619267,1.36126168213096,1.36009072640669,1.35892002623802,1.35616053695154,1.35340104766507,1.35231365861951,1.35958804855649,1.36686218293788,1.3746382285027,1.38299975192965,1.3867628080274,1.38634523018945,1.38584434122839,1.38392179650694,1.38208281846421,1.38283542968375,1.38542727450163,1.36301786016176,1.30599190750101,1.2059040708581,1.0609153721903,0.869102500109409,0.682725039922764,0.519676227541759,0.38848497530635,0.292746183734506,0.235302908791395,0.185384723821394,0.140065261736197,0.0983409557245393,0.0596268390354906,0.0280199789260129,0.00285133085525756,-0.019725216842017,-0.0402946309167794,-0.060195000450693,-0.0886240267689771,-0.116969230852961,-0.145063734900826,-0.172740405555159,-0.194898353192129,-0.211872100082155,-0.228260624665638,-0.24339462684615,-0.25928124024621,-0.284282243848358,-0.309032547414389,-0.332863106403464,-0.357697232203795,-0.375841934818087,-0.389136703400267,-0.40201338303332,-0.414555540395954,-0.425759864232492,-0.447834500746349,-0.470160092851914,-0.492485429401884,-0.515312421579697,-0.53178451284189,-0.54257049217372,-0.551935071300745,-0.560631116998121,-0.567905762490696,-0.588308043208039,-0.608710323925382,-0.629948526985391,-0.651688130117636,-0.667909010232523,-0.67702263376784,-0.68546746831791,-0.692825424933593,-0.699263636972332,-0.718160695250575,-0.737057753528829,-0.756372645200609,-0.776273014734529,-0.793748672807978,-0.80411681874627,-0.814150697969729,-0.823014132580109,-0.831208522649646,-0.844001635603995,-0.857881882048309,-0.871594739579618,-0.877949640495233,-0.884220719176553,-0.888234475310412,-0.89040874229035,-0.892499187035981,-0.910058156232555,-0.92736668094859,-0.944842083466453,-0.959892518968256,-0.973438243142151,-0.978789832802101,-0.98355568904432,-0.987067533994751,-0.996683579824678,-1.00822242593165,-1.01984483871731,-1.03004610685378,-1.0409161639755,-1.04827412059119,-1.05462902150681,-1.06081653350942,-1.0710175460903,-1.08080046972204,-1.09141957125204,-1.0936768937995,-1.09417854942734,-1.0920881046817,-1.08957957098693,-1.08598415935779,-1.09894466122515,-1.11541675248734,-1.13180502151523,-1.14058437833572,-1.14944704627932,-1.14994819079597,-1.14777392381604,-1.14585061242781,-1.15998155890825,-1.17428014985728,-1.18456524022805,-1.19309415256801,-1.20003453134576,-1.19827860887055,-1.19518459731365,-1.19961593128545,-1.20847911034023,-1.2198505675342,-1.22520215719414,-1.23047018017538,-1.23172470257836,-1.22996903565874,-1.22670840185561,-1.23632419212994,-1.24811399382862,-1.2507060942021,-1.22394916812472,-1.16065239233824,-1.04484533120828,-0.923017891433129
-0.726343245766031,-0.495985125162407,-0.248632068038586,0.00646117827900329,0.348716859420439,0.600612819520452,0.776620417253058,0.897857067234026,0.962724126354559,0.937231464433665,0.929911700120523,0.952038648730992,0.98098033751664,1.01236203345353,1.0429867074647,1.06789051741211,1.07411666275441,1.0783234829667,1.09313118154522,1.11113590920073,1.12459721959884,1.14234917804477,1.1601013936313,1.16296182566317,1.1630459106393,1.16582225769504,1.1715433788994,1.17743267005599,1.19106215040637,1.2065425287939,1.22101337318672,1.2271551764123,1.22951084144681,1.23136173948399,1.23439034146811,1.23876507449205,1.2470938585187,1.25769447974434,1.26686514209464,1.2699783433361,1.27023111254567,1.27199843988792,1.27628960221693,1.28167412637617,1.29244317469466,1.30489495109807,1.3141494412839,1.317430555337,1.31886102849354,1.31810426370841,1.31869337282249,1.32222725608517,1.3285374864036,1.33619359062124,1.34485897169299,1.34856051062672,1.34956978748083,1.35057906433493,1.3557110764252,1.35974946954464,1.36799468287636,1.37741785729564,1.38642034969369,1.38650443466982,1.38642009255309,1.383811658309,1.38078254204367,1.37901547184203,1.38196024599063,1.3851577893488,1.38919669674944,1.39441330809704,1.39643289036765,1.37211844667492,1.31053250160749,1.20889896525022,1.06174922846774,0.870345080183117,0.682306130927729,0.517824603439344,0.382285021877211,0.281155995376691,0.218139577152725,0.168753153560331,0.131229654397857,0.0978286333309434,0.0686344324763168,0.0412070446827325,0.0167241738971475,-0.0158354831273121,-0.0466283270907237,-0.0767479769639328,-0.10552149579733,-0.127900956476771,-0.1456531720633,-0.16231151153839,-0.178044659135502,-0.193525294663635,-0.2185972745633,-0.242743805444382,-0.268236724505875,-0.293561216474517,-0.313585526400637,-0.329655271042851,-0.345051821594855,-0.3589335568736,-0.373656656194798,-0.397886757770813,-0.420350046285773,-0.443738783819322,-0.466538926519993,-0.483029096042844,-0.493966314313583,-0.504651277655943,-0.514326707003602,-0.523918051375139,-0.543521164998833,-0.563460875667633,-0.583905353333781,-0.603929148978705,-0.619493612342363,-0.629084699573296,-0.63876012892095,-0.648603985361459,-0.658027159780739,-0.677125763547678,-0.696645049335847,-0.715238628964835,-0.734252633474449,-0.752509616058325,-0.763783688514769,-0.775646612944696,-0.787593622350744,-0.797773818695763,-0.810646019979802,-0.825200692208145,-0.839082427486889,-0.845813082685951,-0.852543995025606,-0.85683515735462,-0.860200870665045,-0.862220195795066,-0.87837376827281,-0.894695253562195,-0.911858102894046,-0.925655753196662,-0.939622087732731,-0.946100488003408,-0.952326890486319,-0.957038734836551,-0.969322341287713,-0.98328816154258,-0.997170153961929,-1.00894847913453,-1.02055889149548,-1.02762640088023,-1.03343212134192,-1.0379755385993,-1.04622100907162,-1.05623303546438,-1.06700208378287,-1.07129298897128,-1.07583640622868,-1.07777164638257,-1.07836075549664,-1.07735122150194,-1.08862503681779,-1.10158132307794,-1.11596782535404,-1.12076298325861,-1.12690452934359,-1.12665176013401,-1.12547379904645,-1.12244493992172,-1.13876693949232,-1.1540791479276,-1.16779297039469,-1.17713180269725,-1.18832153303696,-1.18840561801309,-1.18798493599186,-1.19076154018821,-1.20094173653322,-1.20943920479332,-1.2122996368252,-1.2152444109738,-1.21574892083055,-1.21288823165807,-1.21019596957845,-1.22172255410388,-1.23476318248077,-1.23804455367446,-1.24107341279919,-1.24359724778596,-1.23812812436939,-1.19883755500528,-1.13918659295114,-1.05101436699199,-0.926917284979143,-0.74518882318279
-0.673726587091948,-0.559419071784178,-0.412559572233735,-0.261120962948029,-0.14348318601462,0.189615240783961,0.433548762413166,0.625199110351429,0.790874028293384,0.941396612070812,0.958546645197971,0.990099652733567,1.01474277451841,1.03156023949575,1.04945988683051,1.06094888231652,1.07210480074966,1.08742329176333,1.10082678056163,1.10823615466592,1.12163989791576,1.14112121596148,1.15302623969916,1.15868753179184,1.16210099906781,1.16684677455526,1.16984446803109,1.17875332500212,1.19182450010215,1.20664401166534,1.21372056316829,1.2191317294069,1.22820623432401,1.23719778804233,1.2463557530613,1.2591770567588,1.27266451456203,1.27399656832198,1.27407977397232,1.27324720856591,1.27682708714255,1.28173901947915,1.29447711752631,1.30679867841873,1.31853754530727,1.3208685757743,1.32036883296923,1.3175378052456,1.32136730077325,1.3252797474997,1.33468707501816,1.34592619910164,1.35749840023798,1.35758160588832,1.35724878328698,1.35533428997468,1.35150479444703,1.35042261208961,1.35583428723128,1.36157903942582,1.36857238527844,1.37764714464709,1.38230946003268,1.38430741344685,1.38630536686101,1.3912172991976,1.39471397212391,1.40112462397265,1.40895078968321,1.41669349529191,1.41636041823904,1.41569426413329,1.4136960562676,1.39987577586303,1.35650069578855,1.27699349844322,1.15486032632795,0.985771941110028,0.791707357054388,0.606217535110791,0.449200584931227,0.32548497875041,0.240066109006811,0.187865377611633,0.148236332962941,0.114268580406911,0.0831318555745163,0.0549923153148916,0.0191103238981027,-0.0136915317471121,-0.0460771046891205,-0.0767145956195058,-0.101441177506211,-0.120506467300249,-0.138239448882801,-0.154889993656411,-0.170374895970745,-0.195850074258945,-0.219826787486518,-0.244885937523034,-0.269695470608543,-0.289093583003926,-0.302414375054954,-0.315485295703451,-0.328389805051278,-0.34037854334236,-0.363523200066583,-0.38716734514435,-0.411394184225983,-0.434705252250876,-0.452688105235971,-0.46401068942131,-0.474750325151245,-0.485073932629508,-0.494731386002033,-0.515128729556017,-0.537024792622155,-0.558421367334755,-0.579568070644819,-0.594720404809342,-0.604127986779331,-0.611870183484961,-0.619945457243471,-0.627438036998099,-0.647418843397347,-0.668315420853341,-0.689462124163404,-0.709276773713523,-0.724595519178716,-0.734586049604104,-0.742661832265671,-0.750487489073173,-0.760228148096025,-0.779376643540401,-0.796193854066209,-0.814010041299105,-0.831077123227444,-0.844564072127624,-0.853055628589335,-0.861214362449705,-0.86937335076161,-0.878531570232114,-0.891352873929603,-0.903758149375432,-0.917911506832866,-0.925404341039028,-0.931981149736911,-0.936809876423171,-0.941055654654027,-0.944302710629334,-0.958955556440312,-0.974024684954503,-0.989759713122902,-0.998001907085138,-1.00682654059972,-1.00974001061909,-1.01182091523206,-1.01207027773154,-1.0276383856962,-1.04145841164924,-1.05461253794807,-1.059108442033,-1.06518601682887,-1.06368755176825,-1.0623554980083,-1.06210588105729,-1.0789230915831,-1.09382555434509,-1.10972699381416,-1.11955085848735,-1.12754292659552,-1.12712638944078,-1.12720959509112,-1.1251281815751,-1.13645076576044,-1.14993822356367,-1.15967939148958,-1.16800504555368,-1.17549838866291,-1.17591518026917,-1.17483325236329,-1.18057800455783,-1.18931994132513,-1.20139163081502,-1.2048880492898,-1.20855087906525,-1.20880049601625,-1.20721831640223,-1.20272266676885,-1.21496102201093,-1.22603398924527,-1.22586732349307,-1.22461872983498,-1.22403578137957,-1.21446153365739,-1.19306495894479,-1.15368604015017,-1.09232785263906,-0.983931500826496,-0.821420178757987
-0.715887366264325,-0.56900853358012,-0.380258835287616,-0.215423567648966,-0.0824463034174431,0.228357835596045,0.452855002269815,0.620089856596473,0.786414749613743,0.941154707194984,0.955801341244522,0.976571372521055,0.998003515723088,1.00636109811048,1.01331175588305,1.0361500649773,1.06900098336515,1.08803303406413,1.09821129779288,1.10789335693881,1.1173270608858,1.12767097904969,1.14695163785514,1.16879728487621,1.17823048300812,1.18087842489506,1.18807743786659,1.19734498156336,1.20686088045908,1.22299663407216,1.24153222728076,1.24782102603538,1.24897959545124,1.24856583872469,1.25121403351917,1.25468948885922,1.26428859433381,1.27446685806257,1.28630014869755,1.28936184731104,1.29027206152796,1.28944429516732,1.29225763858187,1.29449157083473,1.30111117264455,1.30888934387024,1.3179914860394,1.32171479076334,1.32370062072478,1.32502459166825,1.32717607606483,1.32965886933171,1.33520336121208,1.34182346883697,1.34976754740534,1.35431887139745,1.3563874021227,1.35680115884926,1.35903534400964,1.36093847320728,1.36499333970903,1.37086888755215,1.37889566688433,1.38228867436811,1.38435771090843,1.38642649454121,1.39163967755129,1.39710121576033,1.40628631160083,1.4161332664593,1.42614562284538,1.42871035815344,1.42821339484802,1.41472482439928,1.36648195345751,1.27909911246574,1.15067317222633,0.976735509510987,0.777311595814447,0.596506228997852,0.440277151853063,0.318885328872652,0.23506114979981,0.184915402567938,0.144037451940378,0.110772523918433,0.0813138542917594,0.0550825377137311,0.0219830112193889,-0.0112821697100949,-0.0440511460567531,-0.0769028231672127,-0.104541317267587,-0.126883674686542,-0.146412435783404,-0.164120515538901,-0.17934605493506,-0.20143955134,-0.223284945453531,-0.245544096293607,-0.26788594789749,-0.290227799501379,-0.308846093473792,-0.326719574756903,-0.344096598549644,-0.361473622342391,-0.380340271513747,-0.399620677411665,-0.418239224291622,-0.433961474085674,-0.450511490240378,-0.464330610836801,-0.477074115688695,-0.49039677879476,-0.509015578582239,-0.526144500083575,-0.544845747727328,-0.564208854389054,-0.578441478804496,-0.589943207661658,-0.600866031172181,-0.611209696428544,-0.620312091505241,-0.638599582422442,-0.656059559886524,-0.673602238114412,-0.690979261907159,-0.707694426681933,-0.719279362117968,-0.731526409479508,-0.743525101642094,-0.755772149003641,-0.769839624799001,-0.784072249214444,-0.797808416139527,-0.808979341941466,-0.819157099855154,-0.828424643551921,-0.837278683429675,-0.845470611381924,-0.859951590996309,-0.875177383300007,-0.890568577131308,-0.901077643915285,-0.911752112226865,-0.917461499819782,-0.921681514941611,-0.924164055300943,-0.935997093028387,-0.947664982135762,-0.961236000440764,-0.970835105915353,-0.980930415972773,-0.986060898219057,-0.990942772358853,-0.993342359046851,-1.00484434081155,-1.0173394904645,-1.02991734088125,-1.04009560461,-1.05101868102806,-1.05681102229231,-1.0615274949045,-1.06583021079014,-1.07476695143169,-1.08535846607193,-1.08759265123232,-1.08990953715652,-1.09172996559035,-1.0915643111552,-1.08899907003206,-1.10439026386337,-1.11878854271396,-1.13517265152598,-1.14485420485684,-1.15461871185904,-1.15370849764213,-1.15403955360488,-1.15197102287964,-1.16132177315528,-1.17290645568378,-1.17605085506108,-1.17629921026003,-1.17762343411103,-1.17356907342435,-1.16694947161452,-1.17903111744845,-1.19558088069562,-1.20939974838451,-1.21990856226095,-1.23149324478944,-1.23331367322327,-1.2324037119139,-1.23480380441695,-1.24365835010977,-1.23894213040512,-1.20369137242173,-1.13914734633928,-1.02975345679884,-0.899341180782931
-0.714043109525532,-0.47957612226833,-0.213785667728644,0.0621953296446719,0.391217085123195,0.627353945884798,0.789818009555649,0.891973880623592,0.939251137087595,0.924967476703761,0.937079356946663,0.959548997137602,0.983271616866772,1.01175520143058,1.03380692648214,1.04583507052118,1.06237373666319,1.08216994536996,1.09603569061441,1.10572509269141,1.11942387611476,1.12978138076949,1.13938704664263,1.1535867155293,1.17371710317159,1.18031566921164,1.18248744935257,1.18031592450494,1.17973155813106,1.17831161677173,1.18440955264176,1.19460009547539,1.20754704011713,1.21723644219413,1.22375178261694,1.2370329061942,1.2483929476555,1.26008716805232,1.27253297193744,1.28781891383454,1.28948929792554,1.29082575837432,1.29007391959272,1.2930810194258,1.29600438305503,1.30602796406755,1.31638546872229,1.3271603779298,1.33033418429068,1.3297493073302,1.32799518703533,1.33033418429068,1.33409363349198,1.34136106798968,1.35138515958881,1.36140899589464,1.36182691103401,1.35965513089307,1.3573998698416,1.35856911317596,1.36115855316297,1.37084769994666,1.38087102566588,1.39164619016669,1.39415189394984,1.39398442154213,1.390308963838,1.39014174672358,1.39022522763414,1.39431808989104,1.3999981106217,1.40793339240384,1.41085675603305,1.38504609236682,1.32181453613467,1.21615016918371,1.06680001197571,0.871926718598554,0.681814390056043,0.515424170656091,0.37943861793591,0.275528371279804,0.210375477638392,0.160425044983514,0.115653492302654,0.0767289221735604,0.0419806952119194,0.0104902661083333,-0.019246297993701,-0.0453076596849118,-0.0704502207734223,-0.0949244239908757,-0.119064703566123,-0.136856604539678,-0.153980147642181,-0.171604831501319,-0.186389632641788,-0.200422595000647,-0.224896542924809,-0.249287009938408,-0.272842157259853,-0.299487885324941,-0.322792334621428,-0.339915877723931,-0.358375881275224,-0.375666386198835,-0.389448650532732,-0.409579293468328,-0.429125059443434,-0.447334364969758,-0.466379245481533,-0.486509888417123,-0.501962792135328,-0.518251015545677,-0.533035561392831,-0.547485673011174,-0.561852303718948,-0.577137735029434,-0.592256204518806,-0.602446747352436,-0.611718744876658,-0.620656818758668,-0.629762109755084,-0.637447459392177,-0.656576076107812,-0.676372795401191,-0.696002297580152,-0.714712743863098,-0.733506415763299,-0.747288424803893,-0.760569293087852,-0.773933642282375,-0.787548689501855,-0.801999311706803,-0.815029992552411,-0.8277264944625,-0.836914755782861,-0.8456018763466,-0.853787600860402,-0.862641427951941,-0.871411774132928,-0.886530498915608,-0.9018164408127,-0.917269599824208,-0.925706277656281,-0.933641559438423,-0.937567459874215,-0.941075445170621,-0.943080008197148,-0.956945753441596,-0.97156359276095,-0.985930734055336,-0.995536655221786,-1.00647878154371,-1.01073860562171,-1.01391241198261,-1.01750387818958,-1.02961550313916,-1.04030718672942,-1.04849316653653,-1.05592730756204,-1.0626930907165,-1.06519904979296,-1.0681229240088,-1.07772884517524,-1.0884207840588,-1.10044943868445,-1.10429185820969,-1.10754940077444,-1.10679781728614,-1.10654737455448,-1.10345679381084,-1.11715583252748,-1.13244177442458,-1.14772746102837,-1.15724964599095,-1.16885987489062,-1.17044652277776,-1.17061322930556,-1.17086367203722,-1.18046933791036,-1.18982481634514,-1.19116153208723,-1.19191362616213,-1.19241502221207,-1.18765405737743,-1.18305979907059,-1.19751016598223,-1.21296306970043,-1.21931144830213,-1.22565982690382,-1.23058851943948,-1.22457483035992,-1.21755834918048,-1.22908509716959,-1.21045787650388,-1.15265513239081,-1.07154768368796,-0.954272321957424,-0.772178500814303
-0.67782089987963,-0.545482289794714,-0.370982210977247,-0.200469286036309,-0.0640587386623598,0.254147927981994,0.473524878220852,0.637421585667903,0.791901889519712,0.93586282758414,0.956052947204298,0.992106639641544,1.01373885510389,1.01628365386173,1.02137325137741,1.03579472835232,1.05717233430063,1.08296127046453,1.10662958420964,1.11401014879861,1.11689434048298,1.12554743408912,1.13716950279215,1.14870678808267,1.16491001310279,1.18094367129788,1.18628813760408,1.18840901929936,1.19646811046492,1.20707200038833,1.21767589031172,1.23303050337725,1.25076034837558,1.25576516247875,1.25491655052415,1.25423750539458,1.25678230415242,1.25924231949775,1.26882828991801,1.28180767105072,1.29292103927867,1.29538131390049,1.29504218025043,1.29326095075819,1.29377016978625,1.29606061830655,1.3039498833706,1.31387498744091,1.32447887736431,1.32838098855183,1.3311803968237,1.33211379219081,1.33448954267661,1.33635633341085,1.34288880459819,1.34950579992156,1.35663149572001,1.35858229203727,1.36087222200459,1.36214423246878,1.36604634365629,1.37105141703596,1.38012842770466,1.38912065496084,1.39692539588886,1.39904627758414,1.39870714393409,1.39641695469028,1.39726556664488,1.3997258412667,1.40532491708692,1.41253565557437,1.41991596088685,1.40863328511036,1.36256918663731,1.27553110575985,1.14429519859059,0.969964427321667,0.774849533992001,0.597379961524654,0.449516912272707,0.335586933039219,0.254656887733572,0.200703524196471,0.155318211576498,0.11714337816748,0.0821923886458821,0.0512285530008079,0.023233951729124,-0.0015370649316398,-0.0319066388596473,-0.0599012401313313,-0.0866235716623464,-0.11173424052614,-0.133366715264977,-0.14940037346007,-0.166706301395849,-0.18197613104886,-0.197585094351924,-0.220828972481487,-0.24526059621571,-0.268589517034272,-0.293869752723098,-0.316944323304119,-0.335437996844552,-0.353422710633406,-0.371152814908236,-0.388967443319086,-0.409496955865791,-0.430705254265565,-0.450980416574734,-0.472188714974515,-0.490173688039865,-0.507988835003693,-0.523173881244184,-0.538867627959763,-0.551592140301951,-0.566946234814489,-0.58043405714578,-0.595873194347322,-0.605968124519156,-0.617844802736211,-0.627685641946993,-0.637865614807838,-0.647876020843646,-0.667218047062186,-0.685711720602607,-0.704883920719632,-0.723547420361574,-0.736187667844232,-0.744586151936335,-0.751966457248816,-0.759261979148775,-0.767066201523806,-0.785644139923764,-0.80362833515964,-0.823818195503309,-0.842650743417298,-0.85978684525155,-0.870305951762441,-0.88040088193427,-0.887781446523234,-0.896519323541878,-0.906784339091717,-0.918491709760246,-0.929350727750657,-0.936646508927111,-0.942839587187916,-0.947420484228522,-0.950559026150443,-0.95420652782393,-0.966422080414547,-0.979909902745844,-0.993906944105196,-1.00111768259265,-1.0075648518145,-1.01053408618789,-1.01172183179254,-1.01341853714876,-1.02834871459874,-1.04540003302048,-1.06143343193909,-1.07186801431395,-1.08035128181857,-1.08323599205593,-1.08298164181839,-1.08281181571688,-1.09341570564028,-1.10690404652455,-1.11733811034644,-1.12590590198708,-1.13286203096049,-1.13625518239645,-1.13650953263398,-1.14092086284956,-1.15050683326982,-1.1624680356229,-1.16272238586045,-1.16424926511515,-1.16187377390584,-1.15873497270743,-1.1533059822652,-1.16823693754465,-1.18333771892562,-1.19436656301755,-1.20089929348138,-1.20836490075935,-1.20505653273592,-1.20072998593285,-1.20844968417187,-1.2215986321296,-1.23585054227948,-1.24484302881215,-1.25451404192141,-1.25680449044172,-1.24272240639336,-1.18927800260783,-1.12141186257091,-1.01392905255927,-0.828994391366944
-0.651897860959867,-0.425448742776658,-0.152707574091505,0.123601071561747,0.319217292639407,0.554160650845625,0.68564769618475,0.76625574948872,0.821296971055937,0.897148301867797,0.930104758979094,0.988373116784881,1.01971561637102,1.03143699263261,1.02931317302294,1.02829396806174,1.03406989551505,1.0548802643636,1.08010753418256,1.10321124399577,1.11382852481671,1.11917948066495,1.13073107596764,1.14423619071327,1.15825116754343,1.17506934742273,1.19248202026208,1.19647420923134,1.19766371435925,1.19817357644376,1.20310007989476,1.20845155495082,1.22170225786203,1.23461287964762,1.24794821343436,1.25321453840707,1.2553378388089,1.25355410032486,1.25771632985691,1.26170851882616,1.26960774668131,1.27997035606391,1.2918617728883,1.29474934720908,1.29602322360862,1.29644767600586,1.3002698244123,1.30528121834275,1.31453973228471,1.32524242279292,1.33611515386394,1.33900350699646,1.34002297156157,1.34010812164493,1.34486458453312,1.35064025238252,1.3603229591178,1.37000592545699,1.38045342531903,1.38062346588184,1.37892487748115,1.37586726259756,1.37289453819342,1.37204511419112,1.37535766011697,1.3803687944435,1.38656943389795,1.3939590592725,1.3956579072771,1.39761168632396,1.39752705544842,1.39727212440617,1.39710234344727,1.38249261405316,1.33339710089814,1.24454999821733,1.11153466464423,0.930358392001784,0.735167402133092,0.559937616714579,0.414096811439246,0.302826161196468,0.229863183517126,0.181022861008276,0.138977411310005,0.101603534020483,0.0666078881750604,0.0338209524187477,0.00145872866358689,-0.0281854421257728,-0.0565554769116883,-0.0833112945685296,-0.10845341430413,-0.131302193075082,-0.153471328802625,-0.174620999965064,-0.195261328250811,-0.215901656536559,-0.23722162786572,-0.258031996714274,-0.279267337167897,-0.299483213056403,-0.319444157902664,-0.337960926182658,-0.356902406463803,-0.375588955702697,-0.394615586067204,-0.410924163465916,-0.427232740864628,-0.442861675219925,-0.457556035489568,-0.472164986071933,-0.490001851704612,-0.508518360380695,-0.527629621620741,-0.546911183027505,-0.561776362671693,-0.575027325186802,-0.586324508655063,-0.596092625077618,-0.605775591416811,-0.622847923526632,-0.639920515240369,-0.657927681039765,-0.676784270841466,-0.688675687665864,-0.696575175124921,-0.703795279144481,-0.710505521079533,-0.71619655805338,-0.734883626500097,-0.753740475905709,-0.773276449146901,-0.793661846390403,-0.810734697708052,-0.820927266527841,-0.830864904305374,-0.839443775203924,-0.846748510099017,-0.861272829805854,-0.875797149512691,-0.890236838343983,-0.897796504281339,-0.905526210781501,-0.908924166394616,-0.911472698005433,-0.912831724488334,-0.929394713721474,-0.94629752447631,-0.963115444751702,-0.975516464056696,-0.988172674007858,-0.99216512258102,-0.994798285067377,-0.997686118992067,-1.01051210990212,-1.02427215569001,-1.0387115849174,-1.047884948776,-1.05646381967455,-1.05884205111864,-1.06020107760154,-1.06062604920661,-1.07277265667716,-1.08568379767058,-1.10003859602243,-1.10513488043232,-1.11074076732282,-1.10972130275771,-1.10751259266859,-1.1041151562633,-1.11897981669966,-1.13418403905382,-1.14981297340912,-1.15873166582937,-1.16688556512285,-1.16603588151664,-1.16314778798804,-1.16000476341717,-1.17079208480092,-1.18344829475208,-1.18591193588345,-1.18795086501367,-1.1904996562284,-1.18608301486191,-1.18005241597027,-1.19364268079926,-1.2105454915541,-1.22515470174038,-1.23509233951791,-1.24486019633656,-1.24460500569039,-1.24171665255787,-1.24171639295396,-1.2504650448114,-1.23882803982143,-1.19075225083544,-1.11838376611614,-0.997090068408548,-0.793744660038553
-0.638411685128607,-0.436523496074176,-0.19375877850865,0.0359253131644649,0.183081236631603,0.443831847676299,0.6094039604817,0.717920841301599,0.807677506509593,0.920325332783539,0.941409040827713,0.977294558200633,1.00517699342178,1.01756930374986,1.01903246748097,1.0297035943727,1.05087357200232,1.06782659760946,1.0852099190757,1.09897886053243,1.1088754022744,1.11730878028526,1.134175799324,1.15250571907682,1.1640371746697,1.17186798066762,1.1799570693878,1.18529236981664,1.19157453154909,1.20336426986423,1.21584258676072,1.22186672878794,1.22608368081039,1.2346893349751,1.24346726529366,1.2536220897579,1.26661697209892,1.2815050510131,1.28417309575307,1.28460339161215,1.28253818190216,1.28322649746648,1.28537771374489,1.29277822388372,1.30146988461684,1.31153843949563,1.31592740465491,1.31549710879582,1.31678825939011,1.31997234354055,1.32315616467395,1.32892149794484,1.33881777666978,1.34673458923611,1.34862778580929,1.34983266681813,1.35198440913059,1.3518126590108,1.35344783587874,1.35861112317075,1.36420470632185,1.36790482988275,1.37126066415297,1.37306785415773,1.37272356486705,1.3744447483034,1.37642421446202,1.38038288376221,1.38356696791264,1.39157031308144,1.39449637752664,1.39862732298068,1.40077906529315,1.39019447100389,1.34045426862286,1.25353739827463,1.12342024396603,0.94820934610686,0.753291371332164,0.57988740046073,0.434710154101116,0.326623043106246,0.255540323924731,0.209930540963696,0.17120522873102,0.136696605503773,0.0959918271124858,0.0568362190207223,0.0194875379166929,-0.0166562621784866,-0.049013669127332,-0.0758632364764575,-0.0995289826921757,-0.121817571745199,-0.141782668365965,-0.164931586120132,-0.185843018010444,-0.207787054755761,-0.224309784503827,-0.240660238098043,-0.254084890264089,-0.267337529293312,-0.279815583172768,-0.302189915777173,-0.325166820394511,-0.348746297024793,-0.372325773655075,-0.394356343002861,-0.41010501363522,-0.425939690835999,-0.441688098451337,-0.458727393643927,-0.479294799260592,-0.501669131864998,-0.523269142336668,-0.538931543383585,-0.553905365849167,-0.566383682745655,-0.577657381650321,-0.58798421925138,-0.608379348714195,-0.627311840479961,-0.646502614967992,-0.66603741572967,-0.684625618204756,-0.6983088161101,-0.712163764135229,-0.724813831151513,-0.736517562898246,-0.751233365658578,-0.765346596405977,-0.779976392597907,-0.79047550635281,-0.800974357090693,-0.809063445810876,-0.816980521394235,-0.824209018396241,-0.840387195836601,-0.855360755285144,-0.870334577750719,-0.878681949193161,-0.886513018208106,-0.887889912353785,-0.891073996504214,-0.893741515210118,-0.910092231821361,-0.926356941864195,-0.944084815638139,-0.952690732819878,-0.961899222014551,-0.962587800595904,-0.9651693127334,-0.967492542148631,-0.985305896456929,-1.0029472376284,-1.02317061697143,-1.0353051706113,-1.04855833567459,-1.05277555071407,-1.05776708788629,-1.05922998860037,-1.07239635804415,-1.08323949807271,-1.09115657365606,-1.09451267094333,-1.10105311539804,-1.10002051054304,-1.10088083924419,-1.11017480897322,-1.12575067741767,-1.13848648798533,-1.14872679298392,-1.15621357270819,-1.15982795271771,-1.15888161744816,-1.16000075490562,-1.17024158593827,-1.18168703496273,-1.18160076537729,-1.18469857994228,-1.18530088893819,-1.18056789750526,-1.17626520193142,-1.19304621440175,-1.20638485999939,-1.21094557527847,-1.21404338984346,-1.21782951997277,-1.21051475338532,-1.20406057851605,-1.21843209198571,-1.23452478889171,-1.23848372120894,-1.2408072136412,-1.24381928465481,-1.21249474557799,-1.15001768056118,-1.0781603762299,-0.981949273135611,-0.82919897746629
-0.700288837574039,-0.550299199443611,-0.35450803071117,-0.121990024225097,0.0986279467744152,0.402887101673208,0.642339469207326,0.806026445897241,0.907217827250901,0.962607678002544,0.954646062352041,0.955844438836837,0.972367381688752,0.998821150109191,1.02938419859376,1.04838971701068,1.06696716906753,1.08734218585157,1.09419072430419,1.09881363166955,1.10686080826121,1.11353848648576,1.11670633454283,1.12809300438242,1.14187642719157,1.15463259539827,1.16345060542319,1.16824463467086,1.17492178958691,1.18502347538351,1.19606711649567,1.20967889411399,1.22603045342934,1.2322800652938,1.23159531611025,1.22962610619222,1.23039641631694,1.23296455282312,1.24032698023123,1.25188424864462,1.26378428413117,1.26952053034867,1.27114749650204,1.2720894518176,1.27328835161091,1.27602787165365,1.28219192257697,1.28998241634514,1.29999880285484,1.30599147024157,1.30907375735748,1.3101012736142,1.31395387085483,1.31772090715431,1.32388495807762,1.33184657372813,1.34152019316466,1.34511584592755,1.34562947322878,1.34554391228762,1.34913956505051,1.35359161218779,1.36121098407364,1.37079956587753,1.38090177498264,1.38141566393813,1.37936115473319,1.37645051280812,1.37405323653002,1.37422409675809,1.37927480882926,1.38603752468647,1.39365637326382,1.39913515169505,1.37422252683257,1.31301113057652,1.20993636190025,1.06790886272884,0.881364032035619,0.699612968935829,0.541404770677152,0.413845181844213,0.310427646094781,0.243565564562402,0.190915233853505,0.14280198791456,0.101965608442554,0.0690911062753086,0.0392130686285485,0.0125023557303587,-0.0106124427506893,-0.0392062813172341,-0.0675431754060277,-0.0947672539512027,-0.121648827077466,-0.147160640182348,-0.168563173223109,-0.187568953294283,-0.206574733365457,-0.225409129900051,-0.24655498011732,-0.268471402113571,-0.290986750697968,-0.313501837628107,-0.333534348993239,-0.352796550233653,-0.370175364151453,-0.38729749524576,-0.403563755274183,-0.423768173484406,-0.442602831673259,-0.462378921869157,-0.481042196521425,-0.499705471173688,-0.51511533682772,-0.531466634488797,-0.546362872841591,-0.56314223686274,-0.578979645568333,-0.595930131471814,-0.612110307250559,-0.622896742230727,-0.631628668005948,-0.64070336085434,-0.648665238159096,-0.6553431780379,-0.673750031520934,-0.692927456782946,-0.712019059449538,-0.732651544019827,-0.751228996076677,-0.762957386372401,-0.774343271249219,-0.78530108976596,-0.794032753886935,-0.808414841629985,-0.824081128453251,-0.839576293394191,-0.848479602706004,-0.856698424488504,-0.861835482463601,-0.865945285836233,-0.869798144731132,-0.886321349237294,-0.905241568367308,-0.924332647725395,-0.935034045072896,-0.94513625417801,-0.949074412359805,-0.950529733322341,-0.950529994976599,-0.966624871468443,-0.982805308901446,-0.997359041835335,-1.00540648008126,-1.01345365667293,-1.013624516901,-1.0130248053501,-1.01422318183489,-1.03006085219473,-1.04701159975247,-1.06327759812663,-1.07671851551689,-1.08947442206933,-1.09452539579476,-1.09829217043998,-1.10223032862178,-1.11318867044703,-1.12397589038995,-1.12543173466101,-1.12740120623329,-1.12774371165219,-1.12457586359512,-1.12046606022248,-1.13484788631128,-1.14957221781899,-1.1645537554587,-1.17636796834983,-1.18792549841749,-1.19032303634984,-1.19092274790075,-1.19460422325905,-1.20333667234279,-1.21412389228571,-1.21968849331238,-1.22679423789699,-1.23073239607879,-1.23175991233551,-1.23073239607879,-1.23912233974362,-1.2472553389307,-1.25059430887011,-1.25410440069183,-1.25787169864556,-1.25641663933727,-1.25436213013234,-1.22688110710943,-1.16258742373747,-1.05805681079015,-0.880585887982563
-0.721229970739201,-0.515584759318644,-0.292428779844272,-0.0702213804969331,0.0870314805517234,0.368585775256646,0.554822003805514,0.694908939158928,0.812050411978603,0.930486098206735,0.948859763079836,0.985175776236891,1.01295166820019,1.02675327177172,1.03762186980871,1.05150942032894,1.06720844779549,1.08221779054488,1.09446707622092,1.10637151953838,1.11491164073213,1.12681582040863,1.14389553551423,1.1635628865139,1.17201626983612,1.17641564631745,1.17909002008306,1.1820230256176,1.18607729609942,1.19737721072557,1.21074749770793,1.22152988515528,1.22696431599425,1.22981111093915,1.23671244000681,1.24456234920151,1.25517231546956,1.2696638673992,1.28501778886622,1.29079679842282,1.29234911631832,1.29122758773011,1.29088248173057,1.29148648313998,1.29657580797942,1.3047705595327,1.31348310190573,1.31710605579838,1.318141110156,1.31874484792446,1.31745089815695,1.32046958699924,1.32676638737561,1.33513356010816,1.34298346930286,1.352385960034,1.35411149003163,1.35480196567163,1.35393959613423,1.3579076560264,1.36196219014916,1.36946699334434,1.37757527066702,1.38602865398923,1.38620107516852,1.38378533317184,1.3822322243535,1.37964432481849,1.38111069576528,1.38818391873033,1.397931515461,1.40586789888629,1.41596060161648,1.4006064165085,1.3466074777593,1.25137588583384,1.11439384991236,0.932815365972818,0.743473447069167,0.576559463520438,0.438284005113354,0.333909081507584,0.26093274011681,0.209090120672494,0.164061828783361,0.123950440554385,0.0875484804486393,0.0576162691804445,0.0288917970901088,0.00353164712348636,-0.0213109756643237,-0.0490868676276273,-0.0768630232318704,-0.102482595890271,-0.130344962084162,-0.153463109438136,-0.17252672266935,-0.192021388848779,-0.210567211260229,-0.226870240136179,-0.24929764820921,-0.273105480280334,-0.29510183540514,-0.318737246296982,-0.337628438348901,-0.353586888507229,-0.367906019257576,-0.382829151417328,-0.395423279451943,-0.416988317987578,-0.437690723344877,-0.458652287752998,-0.478923640162077,-0.495140722089336,-0.507131375996436,-0.518690713314366,-0.530508682401238,-0.541895334898939,-0.563460637075519,-0.583386619844124,-0.604520078149637,-0.625049535045756,-0.642301144048749,-0.652997057265501,-0.665332026249289,-0.676459519696157,-0.686983539015516,-0.704494834351233,-0.722782288634687,-0.740379794560057,-0.757545983896238,-0.774366803591957,-0.785494297038825,-0.796880685895575,-0.806110491806483,-0.816634247484891,-0.826899371394368,-0.841304976375308,-0.853467787820747,-0.861145012195211,-0.866234337034656,-0.873652665999233,-0.87598167012437,-0.880467257195356,-0.897288076891069,-0.916092794712401,-0.931878560050495,-0.949130696335385,-0.963794933085255,-0.971385946870072,-0.977424379118446,-0.984066285494329,-0.993468512584519,-1.00399226826293,-1.01684476442553,-1.02917973340932,-1.04004859508725,-1.04694939687302,-1.05600651796369,-1.05945705067705,-1.06540927233578,-1.07343160270976,-1.08464557038722,-1.08956247404737,-1.09836096336911,-1.10275981256856,-1.10810750553599,-1.10940119166255,-1.11923499898285,-1.12751596112578,-1.14054140574956,-1.14088677539003,-1.14381978092457,-1.13950661503287,-1.13726382149738,-1.13139833771019,-1.14606257446006,-1.16029549462076,-1.17772005208494,-1.1868636474062,-1.19704203344414,-1.19678313803426,-1.1954029776771,-1.1925567100141,-1.2032534141537,-1.21446790911305,-1.21429575157471,-1.21602128157233,-1.21869539169699,-1.21326069721708,-1.20653178932871,-1.22317966056324,-1.23749852767264,-1.24448527640711,-1.25043723442489,-1.23404799495929,-1.17150946229823,-1.06808338246044,-0.943696001855471,-0.774884330770775
-0.654738547744954,-0.483987641113865,-0.307952093597028,-0.104714374093677,0.114116994406378,0.424084389869498,0.652877911449665,0.82882608327172,0.94863722461557,0.990133530719921,0.952708931992744,0.944046029016645,0.954875054899015,0.974453829902598,1.0117052658892,1.04167936559919,1.05476056620846,1.06359716147479,1.07260691948171,1.08525547801436,1.10448819231161,1.12761892169579,1.13671499629818,1.13896717102507,1.14468445398744,1.15412685407099,1.16530220543452,1.18349488418895,1.20298707782223,1.21043757683942,1.2093983356211,1.20757933252049,1.20792618755132,1.20913938583472,1.2163298759662,1.22828498921202,1.23842056980756,1.24275175652078,1.24474392236196,1.25054831624429,1.25661245423749,1.26501587787755,1.27688440975307,1.29057220950403,1.29498997758753,1.29602921880586,1.29568236377504,1.29585552651562,1.29637501473736,1.30157280947799,1.30867671823918,1.31586720837065,1.31959232549183,1.32019892463353,1.32227846616952,1.32609042943582,1.32938263970554,1.33562046998898,1.34480365551132,1.35060804939365,1.35208072701309,1.35441974788512,1.35762484723488,1.36108995547035,1.36620090406585,1.37460406293107,1.38214087854371,1.38517307992773,1.38551967018373,1.38560651632885,1.3848270192214,1.3854336183631,1.38872582863283,1.3930575448957,1.37079342353894,1.309718342431,1.20506767845755,1.05666800410319,0.861054211132431,0.672544062148035,0.510283425302131,0.379816420816487,0.283655232303724,0.226131576026713,0.178137695528036,0.13490817336886,0.0947974339640033,0.062137458351153,0.0325096841223215,0.00721309660670837,-0.0164371209992225,-0.0380080618439953,-0.067982691103659,-0.0980439017336108,-0.127238504336153,-0.156086781457537,-0.182942627962888,-0.204513568807661,-0.224438669292414,-0.244190607036578,-0.262469602386456,-0.283347627494075,-0.303446155494235,-0.325103942484139,-0.341650516103703,-0.3588905350101,-0.374051277155345,-0.389038856560008,-0.401773996462943,-0.423432313002509,-0.443617422372963,-0.464322549514825,-0.483208144006411,-0.504259331854613,-0.520545631813644,-0.537958548685786,-0.554764866416232,-0.575036821931805,-0.592277105613028,-0.61029688640171,-0.627883230789271,-0.643996632782545,-0.656644396990693,-0.670677992673159,-0.683239175511012,-0.69406793661854,-0.70749599225864,-0.722830161919298,-0.736345063704517,-0.745268240341148,-0.756443591704677,-0.765712829047641,-0.773682551511738,-0.784511047844434,-0.804695892440063,-0.822888306419659,-0.84116756654438,-0.85511511040622,-0.867330232537734,-0.873567798046348,-0.880585125437246,-0.886909272316148,-0.902589767457976,-0.916884166350643,-0.93369074885592,-0.946252461243435,-0.958467583374956,-0.965658073506442,-0.972501973381921,-0.976573945533925,-0.988009570557998,-1.00048470157523,-1.00706885733983,-1.01451909158219,-1.02300856704287,-1.02595339273209,-1.02829214882928,-1.04111334055284,-1.0554943208158,-1.06944239422731,-1.07914559752106,-1.08867510852456,-1.09222706290515,-1.09335315026861,-1.09395921986064,-1.10617407721733,-1.11847578071914,-1.1222874792106,-1.12765843669181,-1.13276965006214,-1.13164329792386,-1.12895768679584,-1.14498477219367,-1.15919258971604,-1.16569016411037,-1.17036847062924,-1.17634602725214,-1.17192746484415,-1.16759574858126,-1.18024377756424,-1.1961837520421,-1.20216130866502,-1.20709935929476,-1.21307691591767,-1.20909205468562,-1.20242184710039,-1.21541699588902,-1.2309245930651,-1.23490998384681,-1.23958829036569,-1.24513267536231,-1.24036778747314,-1.23490971907198,-1.25102312106526,-1.26774285742541,-1.27701235954321,-1.1666436182829,-0.965571756910979,-0.677348465033225,-0.306825211909086
0.167218921584912,0.47707860276325,0.703872335717249,0.869831469446671,0.960824487562515,0.96961326418775,0.993223291289879,1.01304201944989,1.02605347509972,1.04173590559473,1.05267894905427,1.0670685560909,1.08421578269011,1.09739921098577,1.10575766095975,1.11980332270474,1.13884672549063,1.14996226831161,1.15539086271937,1.16383490397955,1.17115888450058,1.17693168755779,1.18778861301552,1.20372939751596,1.2088996379183,1.21122640411403,1.21777558597656,1.22553120993786,1.23242512716544,1.24621217154719,1.26198072004401,1.26697819772711,1.26887358384038,1.27085535131325,1.27283711878613,1.27525000298368,1.28335009895222,1.29205328429125,1.29860193943818,1.30204876637307,1.30316909047003,1.30764986014226,1.31462963201385,1.32221275661372,1.33220823869553,1.34340989951831,1.34573613899843,1.34349522744671,1.34211602262871,1.34297746600463,1.34495923347751,1.35211124135272,1.36245172215738,1.37218911359156,1.37486061515234,1.37434364378367,1.37201714094574,1.37115543421202,1.37081043548917,1.37511870579997,1.38140927029927,1.38856154153228,1.39019883699791,1.3901129823539,1.38770036151416,1.38985436499067,1.39355928257318,1.40071102709059,1.39881511426172,1.36598493045188,1.28490074970043,1.15943998895132,0.988655086826814,0.796328306432671,0.620287572619636,0.476301170526708,0.366006658977352,0.291471660088432,0.236410390636665,0.189965661806504,0.146795523907618,0.106124124850272,0.0695890234579195,0.0394306045666698,0.0109092177832468,-0.0146825767917742,-0.0389818112662025,-0.0653491945731162,-0.0915443418764187,-0.117308372455051,-0.137816044629539,-0.157117274705254,-0.173575030574371,-0.188395754335666,-0.202355034721039,-0.226396178547838,-0.250178968369206,-0.274048139550184,-0.299037371470312,-0.32333713266035,-0.341777182717952,-0.360648086142421,-0.37917399084404,-0.396838188811923,-0.414502386779817,-0.432683819474179,-0.451123606173978,-0.464221179825626,-0.476629546104981,-0.489554883753006,-0.501618514667313,-0.512475703482847,-0.533500610383814,-0.555214724657074,-0.576670221567096,-0.595281980912721,-0.613721767612514,-0.627163813271414,-0.639399416831536,-0.650601341012118,-0.666715151589598,-0.682914816811085,-0.698769746667525,-0.714711057883574,-0.730565987740013,-0.743663298033859,-0.755985282953598,-0.768307267873336,-0.780284517428026,-0.793037355714626,-0.806134929366275,-0.820007828392031,-0.831554224579865,-0.84327285677131,-0.854560635595898,-0.864900589684954,-0.874120483034853,-0.887045557325082,-0.899884513613491,-0.910482821707984,-0.9212533658061,-0.931765555898778,-0.939606771146288,-0.946931015025121,-0.957271495829787,-0.968560064727788,-0.980365341636651,-0.984759993307077,-0.989413262340736,-0.992084500543712,-0.993376797286491,-0.994496858025647,-1.01095487725257,-1.02637869038435,-1.04257809224803,-1.05464145980453,-1.06618785599236,-1.0693758022062,-1.07325321915015,-1.07592419399532,-1.08695361881447,-1.09867251436373,-1.10203322329681,-1.1047905795016,-1.10772043506781,-1.1054800502317,-1.101947105295,-1.11625112104542,-1.13081375415908,-1.13624261192465,-1.14236094042032,-1.14813453355094,-1.14374014523832,-1.13925963892389,-1.15270194794059,-1.16657511032415,-1.17269317546202,-1.17794953386616,-1.18277503890344,-1.17855288659445,-1.17346902755173,-1.18587713047328,-1.20276600306706,-1.2094010395736,-1.2143987806145,-1.21905178629036,-1.2143987806145,-1.20492026990137,-1.21629416672777,-1.23223521458602,-1.22491097070719,-1.1775186804993,-1.10617162782423,-0.987259785579842,-0.807426962751257,-0.706351554478383,-0.650945022945957,-0.616563661672295,-0.609153036433851,-0.695321076228012
-0.618543232328482,-0.451534831463486,-0.225781765886198,0.044791127781963,0.420060301226305,0.652341024642544,0.812387406181654,0.909250549749074,0.949109932420498,0.930224384389743,0.940580434685225,0.962859747695696,0.985400262776087,1.01342336142587,1.03196072869337,1.04170846011524,1.05458902043677,1.07478004683735,1.08931426629196,1.10445733659998,1.11925196015484,1.13108771219671,1.13831093359251,1.15258368498733,1.16911921235849,1.17695208257736,1.18147763453009,1.19226937626195,1.20027593787762,1.20924006308972,1.22377375056456,1.24013532054904,1.24170173499888,1.24283325598201,1.24004807586581,1.23996109717247,1.24022203325249,1.24822859486817,1.25701823071381,1.26737481298907,1.27172614156522,1.27398891754159,1.2738149601549,1.27616498081449,1.27894989494081,1.28451972319342,1.29191716796579,1.30279588839101,1.307669621107,1.31080271599656,1.31323971534949,1.31680796969567,1.31880954360212,1.32316060618838,1.33099294442747,1.33847736789319,1.34143650539607,1.34309016452914,1.34526622780205,1.34570191923844,1.34796496120468,1.35231655577072,1.35919212838304,1.36519738208216,1.36876563642832,1.37024507218482,1.3733779010845,1.37781594236411,1.38355946201353,1.39069517273621,1.39957178727519,1.40540255160784,1.403836137158,1.37633491066829,1.31332616206306,1.20958771187321,1.06364012434222,0.878181068913178,0.695507193600338,0.534242312384765,0.400739593738939,0.301787365591953,0.238169234153557,0.188388694653358,0.149574120261604,0.115110874445997,0.0846510424331706,0.0559315822568665,0.0301709935935599,-0.00220423160202636,-0.031446095918168,-0.0619061939208808,-0.0907998774737634,-0.117431051040167,-0.138753066444088,-0.160684464681192,-0.181310650538368,-0.201066251492447,-0.223171341126346,-0.245363675443483,-0.26720782899735,-0.285570706898393,-0.305239329159132,-0.323428515663375,-0.341182542711007,-0.3584144316087,-0.380607297905615,-0.399840760709749,-0.420640637963725,-0.441092334454442,-0.455799979315964,-0.468679741667844,-0.482952227072761,-0.494352819658026,-0.505666433549945,-0.527946012550309,-0.549529230024149,-0.570242128584785,-0.591390186602013,-0.611145787556104,-0.625418272961021,-0.63734126968613,-0.649090309024546,-0.661100550432882,-0.675808727274176,-0.689820808578845,-0.705660240413382,-0.71584286530195,-0.725416107357353,-0.732726573436384,-0.739427922672129,-0.746129537897761,-0.765189043315208,-0.784857931565834,-0.804961979273064,-0.820627187731023,-0.837336406498991,-0.845951818968065,-0.853870869910609,-0.8614417400899,-0.878847320384393,-0.892771891015937,-0.909220705683652,-0.921927308618505,-0.933067497103516,-0.938289410582766,-0.945513163958337,-0.949864492534496,-0.960916904356496,-0.973622709321691,-0.986937897120057,-0.99137593839967,-0.997119724038973,-0.998077021645523,-0.998860361865387,-0.998425202408782,-1.01530891054321,-1.03027802346454,-1.04716199758886,-1.05490788911438,-1.06352409955312,-1.06091340880338,-1.0611746108733,-1.06082643011004,-1.07805805301785,-1.09459331439913,-1.11469683012659,-1.12601017802861,-1.13714930255407,-1.13740997264422,-1.1386282063308,-1.13549511144123,-1.14611289578641,-1.15577364851493,-1.15995155168416,-1.16221459365041,-1.16656618821645,-1.16317215724685,-1.15977786028736,-1.17178756971592,-1.1849288001276,-1.20015884912896,-1.20833936813132,-1.21712926996685,-1.21530165344709,-1.21434435584054,-1.20947088911444,-1.22087201367948,-1.23131584063798,-1.23531952043064,-1.23706042424694,-1.24097685935638,-1.23540703110376,-1.23183877675758,-1.24524120923919,-1.22609472512839,-1.16534822051976,-1.08127812660076,-0.957696830773592,-0.768321606225
-0.649591925002175,-0.503916557176953,-0.315385023080107,-0.13246986579881,0.0178714678884498,0.3365255903977,0.54415196062295,0.687926242464759,0.826862116557155,0.95214629722014,0.958626467930907,0.987398647710928,1.01660312055315,1.01988664647588,1.01807217755075,1.0310325189723,1.05081844303215,1.06827125212279,1.08745217715669,1.10663336626696,1.11259515501004,1.11855720782952,1.13290051734318,1.14810788482847,1.15994537340915,1.17809006266044,1.1949386649543,1.19874030876831,1.19778963373841,1.19960383858714,1.203232512361,1.20703389209862,1.21671070759745,1.23122619492209,1.24107624453747,1.24219962553114,1.24375529958702,1.25196411439384,1.25982751727312,1.26976418394679,1.28531722743601,1.30087000684883,1.30277109283223,1.3009566239071,1.29922877204025,1.3009566239071,1.30311650475975,1.31287967324047,1.3235068996928,1.33361574417743,1.3352575071388,1.33482574222939,1.3337892423704,1.33819614928679,1.3430348211126,1.35124310776662,1.36005612937022,1.36696832906681,1.36489453711963,1.36135221632766,1.35789624851756,1.35979707042457,1.36480818413775,1.37457161669485,1.38502613718342,1.39548065767198,1.39643106862548,1.39332077681932,1.38908710401948,1.38424843219368,1.38061923026701,1.38131005412207,1.38407466992433,1.37681653014741,1.33983606371337,1.26207348703127,1.14240568318383,0.977980891157747,0.792301118074215,0.620100068379921,0.47684416850581,0.365038711232064,0.290041014428599,0.234570182739338,0.189381165574884,0.146438646321362,0.10738438794015,0.071181362419454,0.0408537726599585,0.0113041519665984,-0.0138390899631551,-0.0378589508992477,-0.0640389567643926,-0.0879722006422038,-0.110782591679139,-0.135753127645139,-0.159859869715903,-0.180942408885989,-0.203407652071788,-0.226391013148891,-0.246695583252847,-0.267518535324485,-0.289550957295285,-0.310027969286599,-0.329554570324414,-0.350031846392125,-0.370509122459841,-0.389776928628412,-0.410081762808758,-0.429695509057645,-0.449568314252178,-0.467885709467232,-0.486462427704339,-0.502792648030495,-0.520850984299897,-0.537354174666221,-0.554808040062452,-0.570620142497312,-0.589456183756454,-0.605268022114929,-0.623153652420572,-0.638533461793223,-0.656764504026391,-0.671021196481776,-0.688388180743324,-0.701693934092414,-0.718714978273627,-0.730810997647164,-0.747399748766181,-0.759495768139711,-0.776516812320931,-0.78679836276933,-0.801659526097899,-0.809695106788152,-0.821446242386948,-0.828186264272565,-0.843480248816128,-0.854885708410991,-0.864995081048422,-0.870611193787581,-0.879164628292735,-0.881237892087116,-0.88443480095156,-0.898431906308497,-0.917094713451094,-0.933079257773324,-0.9434476893564,-0.953038151873341,-0.955370738689769,-0.95467938668191,-0.953210593760705,-0.966343905222424,-0.980773567717972,-0.988118324553167,-0.992352525505793,-1.00090648816374,-1.00047445917793,-0.999869460151963,-1.01438494747659,-1.03641763352379,-1.05214311890037,-1.06726360525098,-1.07892812379149,-1.08385341267558,-1.08247097273626,-1.08696396855815,-1.0949998133248,-1.10942921174395,-1.1155637064508,-1.1248090211166,-1.12878363497079,-1.13232595576277,-1.12930175286208,-1.1400155963727,-1.14891470688178,-1.15556731947993,-1.15824558230028,-1.1635160190355,-1.16170155011037,-1.1605784331931,-1.17051509986677,-1.18321664641907,-1.19004275721017,-1.19712792694692,-1.20265795078059,-1.20127551084127,-1.19937442485786,-1.20861947544727,-1.2172597910871,-1.22235752185857,-1.22831931060164,-1.23289892348181,-1.2319485125283,-1.23125742459684,-1.24128018017599,-1.22935660268982,-1.17699632688313,-1.0994064561648,-0.985958971853296,-0.809351015242604
-0.719460340295053,-0.569766911061977,-0.374886413232247,-0.184891378602387,-0.0292665533964188,0.298470602160646,0.517165466857578,0.665724446957526,0.813411327618126,0.948187883866647,0.959441192682393,0.990409121169081,1.0245175141303,1.02722152896183,1.0284423615307,1.0410036861977,1.0637715870608,1.08296284042191,1.10616692431245,1.12274134612442,1.126230810344,1.12535871090465,1.13312255550081,1.14158439958709,1.1512673428578,1.16723121507756,1.18589910212885,1.19409912975245,1.19776269392127,1.20072852521548,1.20604937159616,1.2134639498317,1.22419335910653,1.24006978142836,1.25463792128339,1.26109348341274,1.26030856725577,1.26301311531838,1.26379856470644,1.26693902918096,1.27182422576528,1.28342653432609,1.28848636409071,1.29197609492584,1.29040626261189,1.29337236052165,1.29276181092945,1.29843192367074,1.30192085465925,1.3108183485419,1.31544172866353,1.32006510878516,1.31936710929502,1.3231183899773,1.32556112157723,1.33201641709104,1.33768652983233,1.34745692300096,1.35600568375409,1.36158861321299,1.36307152886011,1.36595017687194,1.37031174053089,1.37493512065252,1.38252433206836,1.39159645913133,1.40101758593935,1.40293641799836,1.40337233441027,1.40127860255541,1.39883613757102,1.39656830576693,1.39874948751973,1.39028817666452,1.35138203701692,1.27400567413361,1.15275052512046,0.985697757918445,0.794481357488613,0.622456743650982,0.478695776852966,0.366687921314161,0.291928656595542,0.243513673626447,0.195796156916396,0.150521371806282,0.110044333382555,0.0707889273743397,0.0382508999581608,0.0107727023066019,-0.0140886637958035,-0.0380773972277681,-0.0601472986007227,-0.0886727621030258,-0.114493944158256,-0.14031485959794,-0.165350858880655,-0.19021222498306,-0.210014027936392,-0.231560562999519,-0.251537265748695,-0.271862968242931,-0.291578121144967,-0.312689006411724,-0.332927792239135,-0.352991678270695,-0.371136199012147,-0.389891535961357,-0.407425507110601,-0.423476295997192,-0.440050717809159,-0.458631688193607,-0.475816659597791,-0.494135813519551,-0.505825038747195,-0.518212263464982,-0.528941939355353,-0.540369614735856,-0.54883119220661,-0.571512176402859,-0.592709978336454,-0.614431413195425,-0.634059116199535,-0.652465453403674,-0.663020496113741,-0.672877805949212,-0.682037116294552,-0.693028342032075,-0.710300763334179,-0.727660634534196,-0.745980055071503,-0.759152462561806,-0.771801503742275,-0.779652265005264,-0.787503026268259,-0.79404523844891,-0.810532476978492,-0.826932532225702,-0.843681853833512,-0.861041725033541,-0.877441780280744,-0.887560639963356,-0.897417683183292,-0.907623459532747,-0.915561137462574,-0.926552363200086,-0.939201137765019,-0.951413995918038,-0.958916290667049,-0.967116318290651,-0.973222614059393,-0.977584444333881,-0.981597008247757,-0.993460600040169,-1.00698200727554,-1.01954386517363,-1.0304481742443,-1.04039320059324,-1.0471980290832,-1.05068775991834,-1.05583477296534,-1.06543053295367,-1.07703257489894,-1.08052150588744,-1.08558053580544,-1.0886332837665,-1.08915638346078,-1.08749856801783,-1.09962397627292,-1.11218556755548,-1.12666652412812,-1.13338390272015,-1.14097364736708,-1.1421952797826,-1.14184681326861,-1.14010234777436,-1.15388503824133,-1.16827827830051,-1.17255239206153,-1.17787350505775,-1.18302025148921,-1.17970568706548,-1.17464665714748,-1.18869169730822,-1.2028236541358,-1.21163423135162,-1.21808926024988,-1.22620157136001,-1.22323520683471,-1.21948392615243,-1.2262882214113,-1.23946089551715,-1.2500164714583,-1.25961249806217,-1.26868489174067,-1.25943786488187,-1.20770778425794,-1.12291630990801,-1.0029697099772,-0.811666126264992
-0.677215038954044,-0.508769012245101,-0.318794770019103,-0.128117709250546,0.000172053577889494,0.296820024367315,0.499359330082209,0.653833850540565,0.788450054487437,0.921835990286261,0.943188031189674,0.983432113818133,1.01383485693881,1.02877263797584,1.04397414381561,1.05891219341149,1.07253215611137,1.08615185025239,1.10170436252514,1.10899707843001,1.11470798263612,1.12481250982893,1.14115619650992,1.14950408018463,1.15802760135527,1.16637548502998,1.17366900661144,1.18017135378465,1.19300014207629,1.20855319146677,1.21540735074955,1.21997661123217,1.22876385720555,1.23746328443096,1.24493217494947,1.25837596303571,1.27199565717673,1.27463156240988,1.27551001844836,1.27524629364561,1.27744283658009,1.28280273435322,1.29185316801163,1.30195823232215,1.31267856498613,1.31601809443842,1.31549118195066,1.31628235635889,1.3182154430495,1.32023607992919,1.32673788998468,1.33350342484292,1.34018114095319,1.34255358994246,1.34352040184662,1.34624466294545,1.35099009804172,1.35406590269126,1.35986543132192,1.36689495954177,1.36856458998848,1.36803714038299,1.36900341516943,1.36996995851473,1.37146395146552,1.37541794359468,1.38077810992667,1.38543545771611,1.38886253735749,1.39070780530013,1.3929927041003,1.39395951600446,1.39808941418841,1.38596344443932,1.34027110817204,1.25512532656682,1.12850492562623,0.950568834401361,0.759364324027315,0.587491486235841,0.448130384310438,0.341017562007214,0.274149090891309,0.229247929032271,0.191288208086262,0.149198320397435,0.110711149845925,0.073366160135648,0.0397119748694938,0.00904550694606819,-0.0169636131879237,-0.0425333710232392,-0.0662578609159207,-0.0922672496087732,-0.119067544151008,-0.144637570545184,-0.169329140900892,-0.189012088475315,-0.206058593698861,-0.222050736829149,-0.237427880164844,-0.252365392643008,-0.276353338779576,-0.30122027807234,-0.325296311515728,-0.349899794564611,-0.373449184079097,-0.392253944173906,-0.409301255074039,-0.427315109319472,-0.444098426857997,-0.462550837725507,-0.47977271188612,-0.498048948139992,-0.509998743275427,-0.521948806969729,-0.531438871485671,-0.541632023103019,-0.550770812627109,-0.570365672894706,-0.590487714208939,-0.611839755112346,-0.628798441587933,-0.646284309110143,-0.657707460316677,-0.66833970567384,-0.678005407685699,-0.694261275618723,-0.710780868354506,-0.728530729238331,-0.74584122782349,-0.761833908071494,-0.775893501628911,-0.787844102440934,-0.798827891348798,-0.809811680256662,-0.823782649389526,-0.837226168916902,-0.852339050332128,-0.866397838212945,-0.879929445047139,-0.891791689993477,-0.901721116808083,-0.911035812386957,-0.921931782546862,-0.933530571249318,-0.941087549074656,-0.950401707535808,-0.958924691588717,-0.965251132707147,-0.970523480291174,-0.984055355684229,-0.996884412534726,-1.00988937544002,-1.0167435347228,-1.02421242524131,-1.02614551193192,-1.0264089681758,-1.02667242441968,-1.04240084274722,-1.05786580483088,-1.07271576711994,-1.08677482355963,-1.09969169915809,-1.10267914794195,-1.10478787212847,-1.10909340780834,-1.11761692897898,-1.12728263099083,-1.13167652253639,-1.1361582328299,-1.13932185622741,-1.1385312189369,-1.1375646755916,-1.14916319573519,-1.16164070903498,-1.16454033907089,-1.16981241809605,-1.17323949773745,-1.17042795500837,-1.16682523787106,-1.18237801870267,-1.19626143764644,-1.20197287897027,-1.20785995779003,-1.21234139952468,-1.20636650195696,-1.20074287938109,-1.21462629832485,-1.22754317392332,-1.23474833963909,-1.24151414305618,-1.24819212772532,-1.24379850473862,-1.23975642530264,-1.22754236824673,-1.17499614125553,-1.09362871428355,-0.97535619701767,-0.800231917080731
-0.689300365628512,-0.536049044341023,-0.348055880771348,-0.15803447253266,0.00147756519194479,0.322706137238608,0.547998413043205,0.714123671061823,0.853619256979202,0.972040610020277,0.972745887232451,0.988705849701661,1.00466608166923,1.01665848925974,1.03253059526309,1.04752090262745,1.06542098380144,1.08323266951284,1.09469578232127,1.10122087665106,1.11347739263589,1.12926083367828,1.13904847517297,1.14663135057184,1.15483164671701,1.16188576633051,1.16955730669033,1.1819900746036,1.19618670929321,1.20412289704406,1.20800286495526,1.21346990871762,1.22008366800836,1.22722618308445,1.23842464850184,1.25218011437359,1.25764715813594,1.25826403988553,1.26425983943324,1.27034376494518,1.2765160859197,1.28868420644194,1.30446791698269,1.30676080904275,1.30711385189637,1.3073784992874,1.30958326538323,1.31125873669696,1.32069333533803,1.33100973261807,1.33894538137221,1.33912109430393,1.33682793274553,1.33259519147906,1.32915612288735,1.32977327413529,1.33409414136598,1.3409722785494,1.3495256175482,1.3548164093821,1.35605125087471,1.35781511765104,1.35904995914365,1.35922675006883,1.36275421412312,1.36822125788548,1.37315927636412,1.37677432738591,1.38030125244349,1.38224110164991,1.38479837160264,1.3884136921228,1.39308733270875,1.38709153316105,1.349351791105,1.27131503704019,1.14980711926431,0.98288791907257,0.794806090541946,0.622507972552075,0.476751131200861,0.364148517283951,0.287698569571936,0.231176678204552,0.183208125835978,0.140089465981806,0.103937069275284,0.0709590937694247,0.0448589859486269,0.0202578280147547,-0.00178632946475322,-0.0307964805935513,-0.0598947576865664,-0.0888165133527695,-0.115798419812554,-0.141633880242322,-0.162355070264991,-0.181841957791775,-0.201681888172189,-0.222579869120035,-0.245329842808437,-0.269314388491096,-0.293034286782707,-0.310052569317716,-0.325924675321063,-0.339944788583848,-0.352554077923937,-0.365251493228255,-0.388970852523141,-0.412954589710701,-0.436850200934039,-0.460216517375313,-0.4828775566044,-0.499719317712597,-0.515591423715944,-0.531375403755068,-0.547335905220998,-0.563560784579609,-0.579608873013042,-0.595568565983893,-0.608794737073567,-0.621580008843754,-0.634012776757024,-0.64688671348816,-0.659936902147736,-0.678542260533893,-0.696971366991611,-0.715312347485093,-0.726951981720332,-0.738503489991348,-0.745999047921074,-0.754376134991415,-0.762400179208132,-0.781005268095929,-0.799786878410544,-0.817862942014626,-0.828973281467795,-0.839378343708783,-0.844316362187419,-0.848196060600263,-0.854103734183749,-0.871562377041525,-0.889461919218794,-0.908155134070827,-0.92323329790105,-0.937870562411787,-0.94545397680737,-0.952420239955014,-0.958063805144185,-0.971025867839544,-0.982224333256924,-0.991658931897983,-0.999770832580563,-1.00841202804523,-1.01282102124014,-1.0179355611456,-1.02878179220443,-1.04192064582497,-1.05532387733818,-1.06237799695169,-1.06925586463675,-1.07181313458947,-1.07269493322845,-1.07198938651792,-1.08442242392956,-1.09685546134119,-1.10108766361094,-1.10708346315865,-1.11307953220472,-1.1119330861747,-1.11061011871786,-1.12745187982606,-1.14200128787093,-1.14923165941289,-1.1544340557842,-1.15946020022707,-1.15434592981998,-1.1494957678072,-1.16157603186358,-1.17815341507909,-1.18362045884145,-1.18908777210216,-1.19596617878394,-1.19367382572063,-1.18758990020869,-1.20319735882099,-1.21933357321866,-1.22233147299251,-1.22568214612163,-1.22947344907188,-1.22180190871207,-1.21510029295546,-1.23167713717426,-1.24710780486139,-1.25654267300081,-1.25178117594899,-1.2040775404698,-1.11378453991853,-0.987074495269697,-0.815394067524491
-0.699007165795894,-0.547431630735103,-0.367913501453291,-0.193491566815566,-0.0442006717124662,0.274503245385717,0.49540835127036,0.664294458536751,0.822636094349175,0.958659050993372,0.958747407234829,0.980451352552917,0.999255655503165,1.00742739931799,1.02078342545834,1.0496922985753,1.06928724217859,1.08475227003374,1.09802101417265,1.10979575900692,1.11954932124785,1.14160454305173,1.16568067888895,1.17569716137422,1.17596035017855,1.17358789109941,1.17455470711536,1.17798206989191,1.19072389930213,1.20803474006774,1.22596031468348,1.22929932121857,1.22921123353712,1.22692632501942,1.22894723905277,1.22850787488552,1.23782207295919,1.2479271802459,1.25961410595873,1.26137156262772,1.26629238758891,1.26831357018225,1.27534312829823,1.28061522974522,1.29318061523253,1.30407636317229,1.31523556847641,1.31620211593235,1.31778366579845,1.31549902584075,1.31795957260135,1.3224413019553,1.33228295187767,1.34282742333163,1.35468998728735,1.3565349945178,1.35521636489604,1.35389800383429,1.3505589972992,1.3500315454505,1.35521609633603,1.36189491508622,1.36769473694191,1.37525174690659,1.37718537893849,1.37692192157414,1.37507637722369,1.37832729607734,1.38026012242923,1.38561950587765,1.39203352446347,1.40038090652119,1.39994154235394,1.38913361353563,1.34511125760931,1.26330465753962,1.14441690341812,0.985899629362808,0.803217863228802,0.636703946481551,0.496375435846318,0.376784323073221,0.291286634302627,0.232677441735654,0.182328080664957,0.141380736789386,0.110450412519076,0.0827715442224067,0.0566742257918316,0.0333887306076558,0.00201931073009877,-0.0298772924361544,-0.0610710740708016,-0.0912983082495145,-0.116429079224131,-0.135321201295832,-0.153598320957384,-0.170293890752836,-0.185759187167995,-0.211241771748419,-0.237339627298999,-0.262558485955083,-0.289182987674342,-0.310535119386634,-0.326351423727574,-0.341991552705611,-0.356401676863363,-0.36958179620082,-0.394273203008192,-0.41790997467817,-0.440141103284948,-0.463954050317834,-0.482582715025185,-0.494181553056544,-0.505604752845011,-0.517906680967979,-0.528714609786295,-0.548660829875385,-0.567992316114324,-0.588378168930661,-0.607445929245253,-0.620538766581269,-0.629326318486252,-0.638904242484267,-0.647076523419099,-0.655951625885526,-0.676600936066218,-0.697952799218496,-0.719304930930782,-0.741183977371762,-0.757527465001404,-0.768511032062618,-0.776243680270192,-0.782746055097473,-0.787930605983017,-0.80374717888396,-0.817982201918821,-0.834325958108465,-0.849439709477832,-0.865431920621679,-0.874570480452455,-0.883796859404677,-0.892847600114007,-0.904885802312617,-0.916221182979638,-0.929577477679998,-0.944515590806455,-0.952160419892582,-0.957872154066817,-0.964111071529755,-0.968416894080793,-0.969383441536739,-0.982827555358551,-0.996359488301809,-1.00989168980507,-1.01639433319236,-1.02509379741589,-1.02711524856924,-1.02843360963099,-1.02860924787388,-1.04345900475889,-1.05901158317548,-1.07421261654628,-1.08229627267965,-1.09020429057012,-1.09125838858751,-1.08862220358402,-1.08686474691502,-1.10039667985829,-1.11515888618184,-1.1285154494422,-1.14011428747357,-1.15127349277768,-1.15443659250987,-1.15549095908726,-1.15759969224205,-1.16858352786327,-1.18000699621174,-1.1815012640764,-1.18413771763989,-1.18615890023324,-1.18150206975641,-1.17517560173204,-1.18870753467529,-1.20259074410435,-1.21594677024471,-1.22561197624417,-1.23624399825958,-1.23764964132277,-1.23668309386683,-1.23615617913813,-1.24705246419791,-1.25856348310782,-1.25830002574347,-1.26102402986842,-1.25012801336864,-1.19485782733676,-1.11032722314212,-1.00418076131085,-0.81895116641481
-0.670719744545636,-0.477108689741917,-0.238947407367957,0.00869091898684342,0.175643084262857,0.45082601530975,0.628672043995219,0.733094396976418,0.809883357192811,0.915456977470511,0.941318669211196,0.985159674981101,1.02660962878064,1.05619148662896,1.05645730945642,1.0533575770764,1.06354330146688,1.08116881668197,1.09719993632302,1.11934227404209,1.14024482708728,1.14511626049143,1.14485043766397,1.14617873971521,1.15016418725963,1.15149248931087,1.16088074521899,1.17381186178467,1.18736314138264,1.19250012691889,1.19807997003735,1.20507690327975,1.21490801677008,1.22376462702329,1.23873272604987,1.25316917942153,1.26025435934597,1.25927985610886,1.25839414094447,1.26131683856975,1.2661882719739,1.27513367029982,1.28841912707033,1.3010846915039,1.30285612183268,1.30143903170873,1.29975638945267,1.29984490683004,1.30250178162787,1.30994157245247,1.3198614740155,1.32933878869168,1.33376763520897,1.3339452113544,1.33438861032728,1.33235189856173,1.33306057897138,1.3375776721707,1.34377740762609,1.35033121259096,1.35883348263935,1.36166712149658,1.36246377789291,1.36219768437011,1.36697978831085,1.37273612479336,1.38212411000613,1.39151209521891,1.40240595862837,1.40284908690591,1.39992665997597,1.39585269505419,1.39363867783855,1.37716497131065,1.33234919160829,1.24971456544599,1.12660421802592,0.956818143197332,0.767812698970312,0.596875356845226,0.45348316080291,0.340912607282807,0.2664267230501,0.216917086089027,0.175555649666864,0.139419445462983,0.106649067161919,0.0733470432059447,0.0415506267513057,0.0110825123479019,-0.0193856020555019,-0.0469310188336195,-0.0726162172102482,-0.0959983396031858,-0.119202885850699,-0.140015838737147,-0.163662971871515,-0.185450427995065,-0.209009314447401,-0.231594239053313,-0.253470753944933,-0.272778640720742,-0.293149277415684,-0.311217379517625,-0.329551033751679,-0.350276281346792,-0.371621691974185,-0.392258422191924,-0.415109169625292,-0.435834417220405,-0.455142303996214,-0.474184638639915,-0.491987188609754,-0.506335665994737,-0.523341288872887,-0.539815536791472,-0.55558083360507,-0.567448929556273,-0.582062417682686,-0.594195795070661,-0.60562049204899,-0.616071227180901,-0.634581645474348,-0.650346671592598,-0.666820107425158,-0.683913706289991,-0.694541746871984,-0.701184610604918,-0.709333081839164,-0.71659610860437,-0.722796385450444,-0.74316756353607,-0.764423915395405,-0.784794552090347,-0.806139421327049,-0.826421269949282,-0.839174810369542,-0.850954388943384,-0.862822755589935,-0.87283117453034,-0.886116631300841,-0.900287803235748,-0.911447760167989,-0.915079138202922,-0.919507443329525,-0.921278873658305,-0.920836286771457,-0.92367046701937,-0.940409996374727,-0.957238313802794,-0.974597735495089,-0.983985720707866,-0.993019636411163,-0.994436455839777,-0.995498935063562,-0.995941792645759,-1.01383258929762,-1.03004047299806,-1.04518587747472,-1.05138588362545,-1.05767413645821,-1.05510577903775,-1.05227159878984,-1.05280270305406,-1.07095878114269,-1.08955798750885,-1.10718296133325,-1.12073397023587,-1.13162810434067,-1.13322277061005,-1.13260314896846,-1.13384320433767,-1.14518019602466,-1.15775724308086,-1.16236312435289,-1.16803175554406,-1.17139785214223,-1.16980372726353,-1.1661723492286,-1.17892588964885,-1.19238783978342,-1.20753243217405,-1.21506046968068,-1.22391707993389,-1.22258850718731,-1.22064031279913,-1.21674365332743,-1.2272834472274,-1.2372918661678,-1.23835488678227,-1.23959467145614,-1.24110000826212,-1.23454566190657,-1.22763697534619,-1.24278183843216,-1.23250786735965,-1.19088087880538,-1.11621795981793,-1.01126477326784,-0.841745062657405
-0.724456388153156,-0.567055659987318,-0.381020510344738,-0.164945311920513,0.0499881498864851,0.375945497792516,0.626189036956965,0.802914456021352,0.919560314431258,0.980342688738202,0.953640870578531,0.945823209626155,0.964180390821319,0.988861552616563,1.01828603542988,1.04481228440365,1.0665079646752,1.07669715190941,1.08223133962732,1.0896098091605,1.10023791935948,1.11112938333732,1.12202111576957,1.13493269920302,1.14916212534843,1.15899990575641,1.16409463360072,1.17612810265021,1.18816184015411,1.1995805485985,1.21407332852278,1.23199158675317,1.23471451986123,1.23207963980054,1.22962032892574,1.23190407061463,1.23532954892074,1.24718691187549,1.26334786752031,1.27819124890758,1.28100142969977,1.28003499381404,1.274413558412,1.27379879780691,1.27371128166836,1.28091391356123,1.29031223409561,1.30585896604416,1.308230492326,1.31007504259569,1.30972390422388,1.31297408179848,1.31481890052259,1.32430554255876,1.33414332296673,1.34573760059703,1.34916307890315,1.34907502585578,1.3483719437489,1.34635128738447,1.34327694745018,1.34477035934806,1.34802053692267,1.35074373848515,1.35452116052632,1.35812247647275,1.35935199768294,1.36102097876672,1.36699382099499,1.3734936392354,1.38069653958267,1.38912922959456,1.39764943574497,1.39729829737315,1.37094788603971,1.30770620085798,1.2054653377794,1.06246879958164,0.879507184510122,0.699619640918493,0.542393945029736,0.413890723665084,0.312880187159929,0.247706435569963,0.196410703299177,0.151965927640608,0.110858845695203,0.0766907734093899,0.0460362324770606,0.0168751034426038,-0.0110562359272638,-0.0378458386798927,-0.0649871167131675,-0.0929189929918513,-0.118742965221985,-0.1439519083926,-0.167843277305669,-0.189889827494624,-0.211057994845207,-0.231523348543345,-0.25190118610293,-0.272718215081701,-0.29362302865343,-0.31461562681811,-0.336047684856388,-0.356601091601882,-0.37627611550901,-0.396039192463506,-0.412991551716982,-0.430119211701956,-0.44803773838675,-0.464638690813998,-0.480800183367642,-0.497928111807027,-0.514265710455414,-0.528231514367544,-0.5437782463161,-0.559061624485788,-0.57513506399207,-0.590593742893257,-0.607633349830868,-0.618875952180525,-0.629679363111002,-0.638902114459471,-0.648827411005992,-0.657523186342323,-0.675880904446303,-0.693711646538152,-0.712947747480504,-0.731129896398576,-0.743690609914613,-0.750102912016479,-0.756778836351616,-0.762488324801025,-0.768197813250421,-0.785764933108998,-0.805176334782849,-0.825026659421474,-0.844174438862047,-0.863234433709669,-0.876409639376384,-0.887476940994549,-0.89775391282171,-0.908997052080195,-0.920503545117546,-0.932010038154897,-0.945009943090121,-0.953705718426446,-0.960996134912268,-0.967671790793,-0.973029872416173,-0.976806757548517,-0.988137681399953,-1.00008336585648,-1.01176542807974,-1.01826497786574,-1.02476425919732,-1.02722303316328,-1.02889147733824,-1.03073575915352,-1.04355982644842,-1.05787730564121,-1.07351235909154,-1.08554609659544,-1.09784345633262,-1.10443132762039,-1.10917491709288,-1.11251314771486,-1.1242835314399,-1.13491191009329,-1.13851349449414,-1.14167561902139,-1.14334433165076,-1.13983080029728,-1.13666840731562,-1.14729598060577,-1.15941669733939,-1.17426061563548,-1.1829561225174,-1.19112492184159,-1.19244276455356,-1.19244330146238,-1.189984259042,-1.20087599147426,-1.21255805369752,-1.2137875749077,-1.21545601908267,-1.21730030089795,-1.21132745866968,-1.20482764042927,-1.21879371279582,-1.23205723996433,-1.23592217814403,-1.23978684786933,-1.24321232617544,-1.23583385664225,-1.19261860219388,-1.13868745295357,-1.05506819866666,-0.925598809870682
-0.780756194544762,-0.601433320253343,-0.382417275319331,-0.13652891440568,0.121829236066714,0.452460633487572,0.684121732134078,0.845265982946915,0.955212702595022,0.996486739800292,0.958374167321935,0.955915637998691,0.97769428918609,0.992623144864898,1.01729942515424,1.04021930632882,1.05549895871347,1.0613825199902,1.07437917560372,1.09317189461632,1.105817753524,1.11424868399364,1.12601634334393,1.13708160408735,1.14603940061175,1.16246135657716,1.18213227514715,1.18915760320786,1.19029936999182,1.1890698369318,1.19047490254394,1.19258236676296,1.20224229349583,1.21497565028117,1.22946540618128,1.23464630045276,1.2375441979531,1.24219822616982,1.24799375277211,1.25370151309834,1.26502980427154,1.27776316105687,1.28487625539364,1.28838905362319,1.29014545273797,1.29365825096754,1.29761014897578,1.30454797915883,1.31201267539663,1.32114600447315,1.32246357220763,1.32061967521519,1.31658027932928,1.31561431349584,1.31508744744108,1.31982951033227,1.32650350489034,1.33669002927957,1.34274939150683,1.3449446220019,1.34608612038746,1.34661271804382,1.34678825059594,1.34986141225001,1.35618407330545,1.36347270019434,1.37014696315081,1.3735719951043,1.37462626401061,1.37304566584634,1.37339699934898,1.37717309640671,1.3825297916287,1.38858888545756,1.37128899833317,1.31148580934187,1.20610535163442,1.05734339250269,0.863531299107963,0.67621739932079,0.516038845943005,0.388879737048159,0.295881302623415,0.24073214184884,0.19295991103601,0.150017509390417,0.110499871299929,0.0728263986002745,0.0377872561743789,0.00871944130129234,-0.0183284072304292,-0.0445858224808338,-0.0675940067282629,-0.0927096551946935,-0.118352169715888,-0.143731117010505,-0.167353665190341,-0.191590845700996,-0.213193427539472,-0.232951843987127,-0.251920095551844,-0.271151914343132,-0.291261932691817,-0.309967153826761,-0.330867873855171,-0.345270131877624,-0.362043421345667,-0.375743012362853,-0.391462301322991,-0.404371459058848,-0.428872475194477,-0.44977319522288,-0.472606115316581,-0.494560835852897,-0.510895025542238,-0.521257619280387,-0.531707710896196,-0.542684400168354,-0.551290057994928,-0.572980674507869,-0.593968892413945,-0.616098877103977,-0.635331232692075,-0.655880619217845,-0.668087378346827,-0.680118336525287,-0.691622428649002,-0.703301784926439,-0.7172646747718,-0.732193530450609,-0.749405651298939,-0.75713337796653,-0.767144638202034,-0.773818632760115,-0.780492627318185,-0.783302490144075,-0.803061174990126,-0.82167809305221,-0.840734379291385,-0.85917576480135,-0.878583384543158,-0.889999710390811,-0.899396338295512,-0.909758663635252,-0.919594391318643,-0.930747418338121,-0.941022245800207,-0.952438840046255,-0.961484402846719,-0.971407896806172,-0.981067823539048,-0.990025083266652,-1.00021160765588,-1.01259363093859,-1.02497565422129,-1.03296667971705,-1.04166037221808,-1.04754393349482,-1.05140779682861,-1.05562299366504,-1.0646682880671,-1.07467954830261,-1.0868860390332,-1.09074990236699,-1.09197943542701,-1.09215523637753,-1.09039883726275,-1.08556900809551,-1.09979546516745,-1.11454851989574,-1.1293893409001,-1.14001523346642,-1.15283662492622,-1.15503185542129,-1.15810528547375,-1.15889545035668,-1.1684673424151,-1.17900520030696,-1.17926876753354,-1.17918126965588,-1.18014750388772,-1.17803977127031,-1.17329743998073,-1.18989466009986,-1.20631607926847,-1.21219964054522,-1.21483423921739,-1.21755660416561,-1.20833577721143,-1.19972985098646,-1.21272677499837,-1.22835829768246,-1.23652566092552,-1.24486855672071,-1.24978642056242,-1.24328822695485,-1.1947255628607,-1.13755643574477,-1.04499710109872,-0.899396338295512
-0.775488117441778,-0.609768907787608,-0.393759991456131,-0.181816791625251,-0.00337097898838149,0.315869750559493,0.527547683391257,0.683102466729257,0.831233015644132,0.965929492868889,0.977861105242263,1.00906050225152,1.02496949883556,1.0207271177551,1.02435063254741,1.03787330665678,1.05996907521698,1.08754468730459,1.11326424078643,1.11839075515415,1.120954012338,1.13014624320631,1.14101759797122,1.15188922286546,1.16850541802757,1.18538661005946,1.1883029262737,1.18892152243252,1.19572662043818,1.20438804717894,1.21145895244236,1.22577742754905,1.24230529042123,1.24433828373619,1.2430124889993,1.24133282484405,1.24044869155679,1.2400064898485,1.24760738885149,1.25626908572158,1.26572631345967,1.27085255769805,1.27359247946176,1.27898372056992,1.28561215399572,1.29285945370967,1.30222807902851,1.31186197134646,1.31504409481846,1.31681236139297,1.31601737078362,1.31955309354466,1.32627039951904,1.33643428557655,1.34659790150473,1.35817564445974,1.35985449822701,1.35746790562301,1.35331412696181,1.35304940022135,1.35304994048,1.35985584887364,1.36834088116388,1.37832810264154,1.38089108969606,1.38186301501459,1.38097915185666,1.37903476096095,1.37930002796006,1.38248188130274,1.38769672796038,1.39299990690794,1.39901028443357,1.38990692611385,1.34933890378575,1.2686445205792,1.15012203680826,0.987054146498549,0.800123031442108,0.628482316810893,0.484417484396628,0.365276674596195,0.281930972045186,0.22580728229276,0.183294869068956,0.145201501505452,0.113294905918127,0.0837749029347954,0.0577900824538518,0.0252646205783759,-0.00620004342999009,-0.0366039095712521,-0.0663005771344388,-0.0932573229339113,-0.115883085233682,-0.136741391346925,-0.156008905853487,-0.174746426620492,-0.197814660757866,-0.220175696317184,-0.244304458192349,-0.268521552357439,-0.291766180945355,-0.312270887769556,-0.332864197013014,-0.350717314363432,-0.368747366423035,-0.388014880929598,-0.407017128437056,-0.425577444365549,-0.440691180210922,-0.454832450479096,-0.467736528429644,-0.480287277220482,-0.49213109756257,-0.512901341515214,-0.534644051045037,-0.555590959577535,-0.576361203530166,-0.597131177353478,-0.612333245488769,-0.625855919598136,-0.639467196126759,-0.653254867105905,-0.666954205795127,-0.681095205933988,-0.696826997679517,-0.709730535371408,-0.722722675482554,-0.735449818723916,-0.747823632805568,-0.759136919149441,-0.775841446601482,-0.792369309473661,-0.808631905346743,-0.819326325402471,-0.828871885430491,-0.835324194535093,-0.840627373482655,-0.846019154849472,-0.861840089272908,-0.878721551434128,-0.894630818147488,-0.905060511462763,-0.914694403780707,-0.91858318557213,-0.921499501786362,-0.926360208896308,-0.941649798933552,-0.957646587548861,-0.974704174031285,-0.987166050273542,-0.9988323956478,-1.00546109920292,-1.0111176073102,-1.01527165610072,-1.02835239863113,-1.04010734642463,-1.04417306292524,-1.04770851555694,-1.05168589976762,-1.05044870744998,-1.05009537829027,-1.06467858013743,-1.08032230972235,-1.09534744314846,-1.10639546249323,-1.1161176871011,-1.11788568354628,-1.11930035083175,-1.12053808340804,-1.13123250346377,-1.14316438596647,-1.1459926400201,-1.14873229165449,-1.15209053944768,-1.1502344808419,-1.14758316149745,-1.1637574250806,-1.17895949321589,-1.18426267216345,-1.18877032024302,-1.19327769819325,-1.18709065608776,-1.18205274413931,-1.19619428453681,-1.211926616541,-1.21776005935745,-1.22421236846206,-1.22880834883155,-1.22385849904369,-1.21767118680887,-1.23101665607973,-1.2449807215094,-1.25107889106632,-1.24250579661548,-1.20096584896886,-1.11620628952035,-1.00157312779948,-0.849288530094088
-0.713051539083101,-0.541185986644438,-0.339713302135582,-0.104721212554277,0.126625454902609,0.429812074367536,0.658135609425299,0.81150747210628,0.902019376780221,0.948609311764132,0.932872718754437,0.934829262868923,0.956256953571616,0.986042076807777,1.01538235800013,1.03645379462866,1.05370208970902,1.07103951624349,1.07833008875009,1.08722122303923,1.1023360698081,1.11602834596038,1.1259863402764,1.1406566167437,1.16012803507415,1.1659071772523,1.16928574849888,1.16946346792262,1.17248632857949,1.1744423292095,1.18475603411521,1.19791488025407,1.2121405864198,1.21916430804857,1.22192031782761,1.22974432034764,1.23712402430834,1.24565971975001,1.25775224934648,1.27215649016265,1.274201893989,1.2739353148534,1.2719793142234,1.275179894304,1.27980304500119,1.28993875874092,1.30158590280911,1.31367761717886,1.31367734543662,1.31020964273594,1.30683079974711,1.30852022124152,1.31020964273594,1.31883419788948,1.32959247309676,1.34061759918188,1.34017275713807,1.33919448508083,1.33697163357298,1.33261479026915,1.33048079847318,1.33492650148887,1.34017248539583,1.34657418904153,1.35502102477134,1.35875557834985,1.36160099132524,1.36204556162681,1.36320155310778,1.36515782548003,1.36924781790602,1.37404923151141,1.38178491780405,1.38614176110787,1.36355835066644,1.30567725394629,1.21258705891704,1.07717518423807,0.898997059607814,0.723219505909136,0.569936502940025,0.43496947030487,0.330587570054899,0.261503627825889,0.206201093203288,0.158189131087275,0.118979171806307,0.0842151872832531,0.0519403616614091,0.0244664061604832,-0.00558583969575839,-0.0327929443188404,-0.060356031273878,-0.0815171428409761,-0.103389132102997,-0.122771690721584,-0.142154249340171,-0.159936246176215,-0.186431657877659,-0.212927341321345,-0.238089313860326,-0.26387357612461,-0.284856696525739,-0.301572105077141,-0.317576092449148,-0.333046649807714,-0.348072636864717,-0.371722907333019,-0.394039738638847,-0.416801140246257,-0.440540542168665,-0.461612522281657,-0.47859450996866,-0.496109655926867,-0.511935652132904,-0.527050227159533,-0.544743364283709,-0.560658491943846,-0.576307040468387,-0.586798464797824,-0.596667599401965,-0.605291882813265,-0.614983026251443,-0.623962748510207,-0.644145316277829,-0.664594734923282,-0.685399864158443,-0.705315852790463,-0.72478754286315,-0.738746941635516,-0.751550348926904,-0.763286896191431,-0.775379154045653,-0.789071430197951,-0.802052285170835,-0.816455710760299,-0.829525425445052,-0.841617139814801,-0.852731125611784,-0.863578532273171,-0.872647657728277,-0.885006494718101,-0.899232472626068,-0.913813889381507,-0.924394173422813,-0.935152448630095,-0.943687872329531,-0.950178163944855,-0.95489044609614,-0.967960432523135,-0.981030418950125,-0.99365583507555,-1.00530325088597,-1.01730610554386,-1.02415183600664,-1.03126414560503,-1.03908787638282,-1.04931244983443,-1.06024844446545,-1.06273814685112,-1.06442784008777,-1.06451697154188,-1.06318326063717,-1.06096040912933,-1.07580840502036,-1.09127869063669,-1.10843839774743,-1.12070810328315,-1.1326223699714,-1.13582349353649,-1.13875776622374,-1.14026946829442,-1.15120573466766,-1.16285287873585,-1.16569774822676,-1.16827603858207,-1.17192118896424,-1.16925376715483,-1.16551975706078,-1.18027916498218,-1.19557200291702,-1.198683995028,-1.20357399660302,-1.20899742819148,-1.20330714572519,-1.19610543293046,-1.21139854260753,-1.22758106462998,-1.23211617084201,-1.23700671590151,-1.24314184041161,-1.23682899647778,-1.22847102045984,-1.24234074429362,-1.25843331963525,-1.26145618029213,-1.22340221249213,-1.1499614269593,-1.0277083984192,-0.844373421336086
-0.720814174306122,-0.571760739709952,-0.403234656054796,-0.242246513592296,-0.116166191722758,0.212809374938404,0.445317999310667,0.628291895007253,0.803727849511177,0.958344780581403,0.963280480978114,0.985624974827817,1.00653368341543,1.01182812442776,1.0221479509907,1.04530015975863,1.06584985346409,1.07913093570514,1.09312977344397,1.10300062570433,1.1116150630104,1.12767803062174,1.14939417986104,1.15935499154183,1.16384199190246,1.17218764801333,1.18268657061756,1.19363446752438,1.20942810540747,1.22872138415865,1.23311842509885,1.23141358437503,1.22737528405047,1.22934945450254,1.23096488433897,1.24065664055803,1.25277126726523,1.26757836845534,1.27251406885204,1.27565469483797,1.27861595051607,1.28292330630237,1.2862433025961,1.2947683290148,1.30365264458216,1.31020377481531,1.3127168789904,1.31119168284091,1.31092290164572,1.31424317220598,1.32016568356219,1.32824146141176,1.34035581385243,1.34735482132206,1.34744450647597,1.34663679155775,1.34466289537221,1.34367581014617,1.34609895490084,1.35300882574961,1.35821385587456,1.36503404156943,1.36655978625195,1.3667394308263,1.36476526037423,1.36871360127837,1.37293099764424,1.38064803487818,1.38872408699428,1.39859493925463,1.39868435014201,1.39572282019738,1.39285124967318,1.37921115254997,1.33407319054796,1.25698921216415,1.14266422785313,0.982932226078384,0.800407030417864,0.63125287641884,0.486865812491113,0.370117957691961,0.294918190339784,0.245024172515422,0.204462896027957,0.170093460624959,0.141377481116444,0.10431611976359,0.0690495585549852,0.0362055935679974,0.00174647301109418,-0.0304694216320254,-0.0568522158063097,-0.0809915098002741,-0.105310174102048,-0.125590538079253,-0.149819242960598,-0.172881766574616,-0.196662045686426,-0.218467880079636,-0.240902059083244,-0.25983632295226,-0.279039642282996,-0.297973906152011,-0.318254544395746,-0.339611953019415,-0.360969635909614,-0.382955389143693,-0.398480245831587,-0.414004828252963,-0.427734610530071,-0.441284748232841,-0.451424930221441,-0.472782064578585,-0.492434358211916,-0.512625037035204,-0.533982445658879,-0.553724698712639,-0.567364795835843,-0.580825248384702,-0.593567945435788,-0.603349112542227,-0.620398891113083,-0.637628314258279,-0.655755411742117,-0.671459638737832,-0.688689610416069,-0.701342896579763,-0.713816538169117,-0.725482190573727,-0.741455198764638,-0.757517892109447,-0.774118970644238,-0.790810008599452,-0.803104279880991,-0.814411465936495,-0.823564836965589,-0.832180097071238,-0.839538667956072,-0.855063250377442,-0.868972402962372,-0.885304426035437,-0.895264689183168,-0.904866211715273,-0.909621719004585,-0.913659470796105,-0.915723052135562,-0.92936314925876,-0.94461867621841,-0.96077160325019,-0.971540129849188,-0.982398615868633,-0.987334041998807,-0.990833408600358,-0.993166319668058,-1.00824220205337,-1.02322812501824,-1.03875270743961,-1.04979056376686,-1.061456490438,-1.06531514618823,-1.06899443163065,-1.07177631700094,-1.08317291394383,-1.09465947030714,-1.09806942602131,-1.10219713723327,-1.10587642267569,-1.10542799690615,-1.10426126710577,-1.12050387929145,-1.13674676574366,-1.15406614830929,-1.16537278583174,-1.17542355693296,-1.17632095700509,-1.17542328266643,-1.17353852310174,-1.18358901993644,-1.19570309811059,-1.19857439436826,-1.20279206500065,-1.20700973563304,-1.20351009476496,-1.19884399836303,-1.21275342521449,-1.22594482230163,-1.22764993729198,-1.23043182266227,-1.23276500799649,-1.22531675195775,-1.21777853649857,-1.23240544458129,-1.24864750823391,-1.25394167497972,-1.24398058903241,-1.19031787487824,-1.10058088459725,-0.969744506905355,-0.802205782742758
-0.707036056167086,-0.577652135057347,-0.403481252660502,-0.236241452905957,-0.0981485938648661,0.242817760261339,0.471905794050127,0.635768592175574,0.797320938888872,0.955318932994809,0.970692248115701,1.00908099447775,1.04275975513515,1.04506966335901,1.03707148731147,1.04560198788796,1.06248563806268,1.08070254390712,1.10265196811963,1.12557885966872,1.12922229515645,1.13020003408719,1.13535407622288,1.14344052036834,1.14806115159849,1.16219029393003,1.17720782071779,1.18733801082262,1.19187010236072,1.19586905458742,1.2014674247483,1.20928743503513,1.21932908544791,1.23265838301528,1.2466987140606,1.25238616710184,1.25345271731879,1.25274195543497,1.25300866088775,1.25407521110468,1.25958449838522,1.26767067093653,1.27664549953821,1.28179927007976,1.2850866456402,1.28935176013138,1.29459461355329,1.30037060628659,1.30845705043205,1.31867632341724,1.32489691576989,1.3273852613486,1.32987360692732,1.33156210774186,1.3331617972702,1.33973763476768,1.34880154624972,1.35706561296759,1.36497443454063,1.36826235328936,1.3675513198114,1.36577400771065,1.36559638513823,1.36595190187721,1.37083951015429,1.37688247993451,1.3824808500954,1.38488011279376,1.38710148132555,1.38692358715899,1.38621255368103,1.39136686741087,1.39954239443669,1.3974098371911,1.36293123176954,1.2925519539705,1.1704543606479,1.00152633167296,0.806295224302269,0.6290140457291,0.480080234699355,0.368290997242301,0.29213545511581,0.244948959536191,0.204516467214761,0.161773523481182,0.120008047084188,0.0823306057942425,0.0450974925294991,0.0170171020329944,-0.00857521447894488,-0.0291911114275895,-0.0508735585931883,-0.0682018083872445,-0.0985041106038387,-0.12427432128234,-0.15333245070957,-0.178658333362887,-0.202740043226834,-0.218290980920149,-0.236241452905957,-0.250281783951286,-0.267521222459143,-0.292225154514848,-0.31879493836336,-0.341632203843815,-0.367580037094727,-0.384730664316373,-0.396638438116108,-0.406058409525418,-0.418677488397269,-0.4277419430676,-0.450579751736346,-0.473506371691297,-0.497321376102477,-0.519092634554275,-0.53722045751836,-0.545751229689004,-0.554903952457255,-0.563345913341694,-0.572676530276508,-0.593025993366536,-0.616752186491505,-0.639145667135061,-0.662960671546234,-0.679755510434756,-0.691041062042739,-0.699838539666157,-0.709346779173393,-0.716544838862619,-0.735650400757429,-0.752445511240096,-0.771017933823523,-0.788879322928974,-0.805496539245073,-0.814649262013324,-0.825045885976782,-0.833754009125697,-0.841751370390806,-0.853480978429828,-0.867698932047573,-0.881828074379106,-0.888226289304164,-0.895068832254411,-0.899956440531489,-0.903066736707806,-0.905466271000312,-0.923594365558543,-0.941278132091584,-0.959050709910837,-0.973090769362013,-0.985709033451414,-0.990329664681573,-0.994772673339308,-0.997882969515626,-1.00907998143155,-1.02285387861825,-1.03680566997152,-1.04924658308265,-1.06106527400203,-1.06790781695228,-1.07341764742111,-1.07803882183956,-1.08568148114812,-1.09545669770227,-1.10647581545163,-1.10914151200862,-1.1100296248707,-1.10905161434582,-1.10647418588674,-1.10229733949348,-1.11464916972426,-1.13073351832312,-1.14646235018299,-1.15419354918361,-1.16219118204286,-1.16219118204286,-1.15952521389172,-1.15721476247958,-1.17178823283629,-1.18707273667098,-1.20004678909351,-1.21195456289325,-1.22315130321502,-1.22537294334096,-1.22599489393857,-1.23017119714353,-1.2384352638614,-1.24803231465484,-1.24900978199143,-1.25043184894736,-1.24927703063251,-1.24403444880474,-1.23754796578177,-1.24856708353113,-1.24616754923863,-1.19978089842318,-1.13082314439177,-1.02400951171554,-0.848949701674172
-0.739661772677827,-0.600814694777385,-0.411647500814788,-0.228091483088146,-0.0819412200508899,0.256849264871442,0.49927499768977,0.664573052574368,0.817313330973624,0.962750696438261,0.96960828656692,0.990359621598798,1.01654384042291,1.03168454362325,1.03382214753229,1.04005666681569,1.05938329551115,1.0783536115214,1.0906443576445,1.10605209120709,1.12439879196768,1.13250334039346,1.13757963929828,1.14933550809026,1.15904305529616,1.1675926543257,1.18130783458301,1.1998325555851,1.20499813681288,1.20802638633383,1.20802665853604,1.21105490805698,1.21354882465123,1.22316763393858,1.23510179517427,1.24739226909516,1.25237983008144,1.25469545423197,1.26155304436063,1.26698592815286,1.27393252840228,1.28417440853488,1.29539594440015,1.29566297476241,1.29619703548691,1.29361438097412,1.29717696342179,1.30287714977848,1.31374291736295,1.32451967482667,1.33734448167428,1.33832413740694,1.33485056508003,1.33182231555908,1.33395964726591,1.33743321959282,1.34642841363052,1.35756093937504,1.36913878792552,1.36958383852927,1.36637729656462,1.36299300656066,1.36219191547391,1.35969881548628,1.36415258795026,1.36976403638841,1.3752859303014,1.37573098090515,1.37697739479786,1.37573016429854,1.37510627684667,1.37626395282085,1.3803608681952,1.37368129830805,1.33743321959283,1.26422470899418,1.14737592442273,0.985550897460633,0.800124578389403,0.634291646173687,0.494019589734622,0.38509733334746,0.31117619737839,0.263706582797899,0.214366939075023,0.168055000468704,0.125839705034533,0.0869199616857755,0.0528092146773858,0.0260013806036078,0.00150944288256657,-0.0212012036146404,-0.0436448197495985,-0.0713430272330791,-0.0983288815483584,-0.123889757325008,-0.150697319196584,-0.174565913870165,-0.195049946337586,-0.215355686361296,-0.235572688466473,-0.253741641187764,-0.27582921683972,-0.297115429202714,-0.318134611203448,-0.334611282821664,-0.350998672116924,-0.3651597195846,-0.378608141681866,-0.392412604262134,-0.415479563444546,-0.43890256310996,-0.461345634840507,-0.483432666088046,-0.49955248061664,-0.510150673434469,-0.520660128333729,-0.530991562991499,-0.543727359718349,-0.565636642926601,-0.587901966617849,-0.60989998774464,-0.633055684845603,-0.652827364144816,-0.667879057224409,-0.68239641737729,-0.696379444603458,-0.708848483170262,-0.723365571120946,-0.73823842735243,-0.753289303825409,-0.760413652114103,-0.768517656135479,-0.775196953820428,-0.78071884773342,-0.785439378357445,-0.805656652664819,-0.823736595265362,-0.84261790115486,-0.862300570333319,-0.879934645723499,-0.889463900485695,-0.8998835286576,-0.909145480855338,-0.916448121587753,-0.927669657453024,-0.938802455399755,-0.950469858475389,-0.958040618378863,-0.967214377062468,-0.973805209031075,-0.979683415629265,-0.984581966494792,-0.998119126510609,-1.01094393335821,-1.02439235545548,-1.03258618620421,-1.04167039036265,-1.0448766601251,-1.04772661720234,-1.05004196915067,-1.06286650379607,-1.07471165491101,-1.08628977566369,-1.09492892921839,-1.1018760738722,-1.1046372930309,-1.10552793864281,-1.10989188437943,-1.12049007719725,-1.1341162473338,-1.13607555879913,-1.14008346405275,-1.14061806918166,-1.13759009186292,-1.13171242966913,-1.14649682018426,-1.16065759544974,-1.17677740997834,-1.18835525852882,-1.20180313622167,-1.20420749829076,-1.20643384011834,-1.20750277817396,-1.21721059758206,-1.22682940686942,-1.22896701077845,-1.23074857420449,-1.23226256286386,-1.22994693871332,-1.22647336638641,-1.23929817323402,-1.25399300922399,-1.25817893471911,-1.26174151716677,-1.24936230532733,-1.19343182963585,-1.10080795242319,-0.998030660794266,-0.848941158356807
-0.723908399453725,-0.572567278782604,-0.384818816046937,-0.153345979040927,0.0874964446597355,0.421677461006983,0.6751016673589,0.835276463274939,0.927722688357421,0.968948597085373,0.940393380490924,0.945211674425853,0.982511111326029,1.02498611646094,1.05246978288443,1.06353464976809,1.06183909685059,1.06023272614381,1.063266557679,1.0802207232116,1.1020826376183,1.12207063468608,1.12903039259207,1.13313468338433,1.14491328068219,1.15838743089755,1.17320013245906,1.1923854896304,1.20871537968798,1.20871565241646,1.20568209360974,1.20175616723893,1.20211344153874,1.20514781853087,1.21576677436095,1.2284380119514,1.24173407047379,1.24557136009083,1.24637454544422,1.24476844746592,1.24637454544423,1.24789118848335,1.25627895267469,1.26582690379076,1.27823059474906,1.2830497068694,1.28617353880071,1.28715536130401,1.29349111646346,1.29929123290168,1.30883891128928,1.32106341964073,1.33203910431367,1.33257447030645,1.33159292053162,1.32864827120716,1.32784535858224,1.32829154236429,1.33480566194518,1.34158732815822,1.35077855043143,1.35086773264214,1.35059991328152,1.34801199279992,1.34685207860367,1.34819062994982,1.35515120604124,1.36193314498276,1.37023199969186,1.3770136659049,1.37621020782303,1.37424656281644,1.37290801147028,1.37094463919216,1.34827926670359,1.29554230730993,1.20568400270906,1.07352851193775,0.898362650038753,0.71927031631201,0.561147802156322,0.428903129174304,0.329050416946813,0.262749579670133,0.214117183797191,0.17110653994104,0.133360919258804,0.0990061316830925,0.0685775432066677,0.0390410495658741,0.0113787459924823,-0.0152130983238586,-0.0417154877009969,-0.0670579628818878,-0.0914186155594734,-0.114976355612141,-0.138087639154295,-0.160039008500195,-0.182614926049569,-0.204477113184744,-0.226428755259116,-0.24829148785124,-0.269886673811214,-0.291035675989139,-0.311916858806435,-0.332529949534656,-0.352964403112955,-0.373220219541351,-0.393297398819837,-0.413731852398143,-0.433631212712146,-0.452905752094198,-0.472091109265531,-0.490830555383287,-0.508231177426408,-0.525988528312394,-0.543478332566228,-0.560343588616582,-0.577565573509794,-0.594965922824438,-0.611474177303457,-0.627893249571757,-0.64475823289364,-0.660284937597831,-0.675990279451926,-0.691963167938177,-0.707846874213704,-0.723730853217708,-0.740149925486002,-0.756925999325637,-0.773434253804656,-0.789853053344484,-0.805468667530923,-0.821173736656546,-0.835897256007354,-0.850531593147436,-0.859454996060021,-0.867753578040648,-0.874178242682345,-0.879978086392091,-0.884528833694869,-0.899430990195574,-0.914154782274853,-0.928521572782791,-0.93949753018421,-0.949491937810807,-0.953418136910099,-0.956630605595186,-0.962341539822684,-0.974656048570265,-0.988755019717581,-0.992324489974009,-0.996161506862577,-0.997946241990788,-0.995268866570003,-0.991966942945725,-1.00990265825314,-1.02855237670323,-1.0486298287102,-1.06469189940716,-1.08066478789341,-1.08476962414259,-1.08833909439902,-1.08896391533098,-1.09958314388954,-1.10930973215552,-1.11020209971962,-1.11100501234454,-1.11243247317294,-1.1076133610526,-1.1033298876535,-1.11894577456841,-1.13384793106912,-1.13848840603955,-1.14303969879928,-1.14741262713756,-1.14143414627791,-1.13509866384693,-1.1519636471688,-1.1706133656189,-1.18078586493845,-1.18890608249765,-1.19729411941747,-1.19167264012916,-1.18453397234478,-1.19399274125014,-1.20746716419397,-1.21514119797111,-1.2231722333196,-1.23102490424665,-1.22968635290048,-1.22558151665129,-1.23361255199978,-1.24449878173353,-1.247443431058,-1.24806825198996,-1.20639615947996,-1.13295692714737,-1.02016597615425,-0.866327208126142
-0.746785911405522,-0.568152077126723,-0.347359439930078,-0.13260215371311,0.0560311291415152,0.365104919124403,0.568601778366438,0.711833231106037,0.845786305668778,0.964425375752197,0.969109993101722,0.992802070219672,1.00820665589841,1.0110895608803,1.01874683844276,1.03865515439499,1.06486918831116,1.09171371142688,1.10792857209002,1.11000037611913,1.11000037611913,1.11576563543733,1.12531438059845,1.13873664215631,1.15576205312665,1.17161624092891,1.17738122492432,1.17927269252298,1.18530804350266,1.1925146176504,1.19963116124433,1.21134201631117,1.22719675475902,1.23143094401664,1.23233207552326,1.23017051626313,1.23251296259929,1.23350384933693,1.24170103489953,1.25233042202932,1.2658424388182,1.27115699472171,1.27458008302654,1.2769225293627,1.27962537323695,1.28250827821884,1.2889043020594,1.29755246635949,1.3058399577987,1.3098935353031,1.31250579797793,1.31403714336131,1.31583858040614,1.31818075141952,1.32493717279815,1.33133319663871,1.33962096340072,1.34430530542746,1.3473679961942,1.34808824062479,1.35358313295872,1.35790680212458,1.36403245898087,1.37168946122053,1.37961683044446,1.38087780884357,1.38159860391973,1.38204875668885,1.38439092770221,1.38826444409896,1.39348924477142,1.39916419821301,1.40483942697739,1.39474994784774,1.35132989120799,1.2710661381995,1.14936437734933,0.990008094500419,0.808131233024432,0.641388314920116,0.500679369624334,0.391139167255719,0.304750032713731,0.246466675009368,0.196110686528924,0.149177511030526,0.112153478231336,0.0826964171179734,0.0551310989260791,0.0317994193462074,0.0109002166563391,-0.0211693824546539,-0.0506264435680039,-0.0804439022194445,-0.111432308716172,-0.134943774080884,-0.151789123943583,-0.168364382144803,-0.18322795853222,-0.197641106827721,-0.223314682098159,-0.249709052444773,-0.276733911990937,-0.302857915353287,-0.322315803213616,-0.336729226831909,-0.349160601652134,-0.361591976472359,-0.374834176922567,-0.398345642287279,-0.421947138205823,-0.445819001108614,-0.468970344258041,-0.486536489196903,-0.498247619586544,-0.509508046561476,-0.520498106552144,-0.529596148298563,-0.549864586466088,-0.571213666602287,-0.591662165877465,-0.613101551890277,-0.631838644674425,-0.64318882688039,-0.65417888687107,-0.66354757092454,-0.671925368240376,-0.688770993425861,-0.707057933440904,-0.725524934563587,-0.744262027347741,-0.762458936808957,-0.776061534797256,-0.788222817956009,-0.799753611915212,-0.814977585840707,-0.830110978566791,-0.844703912647144,-0.860828467433662,-0.869386050534344,-0.874791187637264,-0.880106569509144,-0.885692043042502,-0.889205437223948,-0.906141092963259,-0.923616932025508,-0.941092771087757,-0.949920996495503,-0.95983013919471,-0.962803074730431,-0.965325582174236,-0.966947233434226,-0.984783470034559,-1.00135872823579,-1.01874453674421,-1.02757276215196,-1.03631068168308,-1.03658104866734,-1.03694144620543,-1.03559043725249,-1.05090444173181,-1.06738966937922,-1.08450538622618,-1.0927928776654,-1.10216128639608,-1.10180088885799,-1.10071997156653,-1.09756697492316,-1.11234052075675,-1.12684369960608,-1.14359901891494,-1.15422868136753,-1.16503868025056,-1.16702045372584,-1.1681016463401,-1.16693069849482,-1.17765066682401,-1.18990198053659,-1.19170396822703,-1.19251479385702,-1.19359571114848,-1.1874697789694,-1.18017289894503,-1.19314445708819,-1.20944934830515,-1.22386277192345,-1.23458301557544,-1.24620411541126,-1.24683515525641,-1.24494368765774,-1.24800665374728,-1.26052833444412,-1.27142836388096,-1.27620273646152,-1.28088707848826,-1.26872579532951,-1.19936179643507,-1.10387379417827,-0.980910504283408,-0.78516040251206
-0.652291915854245,-0.509637899316181,-0.329262451421707,-0.138212931627841,-0.0174500519783339,0.2818790358612,0.496900152319899,0.656560026776823,0.782026266122567,0.919071197219919,0.943766047409651,0.984472281921516,1.01314779122872,1.03540083135278,1.0508694990582,1.05530219162873,1.06489083029466,1.08406810762653,1.1009841118009,1.11220117679007,1.12577019810043,1.14141995566012,1.1476618879351,1.15263702064929,1.16493951887191,1.17552318408068,1.18538331929151,1.20103280037814,1.21831070778801,1.22129578741653,1.22310502712099,1.22238122064998,1.22328556402915,1.22536602380545,1.23405004261915,1.24400030804753,1.25467437994692,1.25856435590071,1.25955938244356,1.26598212809975,1.27240515022902,1.27946129566562,1.29013564403806,1.30334303858597,1.30497146490921,1.30551418152593,1.3036142586578,1.30813680497281,1.31130242150949,1.32025766039503,1.32984602258791,1.34088199772279,1.33934425456323,1.33690189155144,1.33436884537599,1.33599727169922,1.33699257471512,1.34504374669455,1.35390913183561,1.36277479344972,1.36250384985094,1.36313724963134,1.36159950647177,1.36123760323627,1.36413199970112,1.37073500579241,1.37706679181189,1.3851174108452,1.389459143779,1.38764962760149,1.38683541443988,1.3841215548832,1.38339774841219,1.36928628695817,1.32668040605124,1.24617228040667,1.12721919340773,0.959237203372604,0.777414695482236,0.611150985514833,0.471753545150181,0.363383293940841,0.291739447545085,0.24135361473055,0.199109084112996,0.158402296655009,0.118419315668024,0.0816931873275034,0.0465952088371572,0.0183722859291313,-0.00514672433653553,-0.0254998415924741,-0.0455820152496295,-0.0634026392762284,-0.0909025851324268,-0.119669054076362,-0.147802123239891,-0.174849482696929,-0.199092575906662,-0.217455640076913,-0.235094897776174,-0.253096058710924,-0.270373413174671,-0.294073236821572,-0.318496866939462,-0.342378056913707,-0.366801963504656,-0.389416906864215,-0.408685143832825,-0.425963327715754,-0.442969738580736,-0.458166909741259,-0.476982560310689,-0.494350597938109,-0.512532572254086,-0.524111264005695,-0.535689955757316,-0.544916414714684,-0.554595460071238,-0.56400328535595,-0.585442112318398,-0.607333249206955,-0.629405475949798,-0.652743949307302,-0.672825846491399,-0.686666087873577,-0.699692392567209,-0.711994890789826,-0.722307335926768,-0.737685596941571,-0.753425484718816,-0.769255779186669,-0.778211294545278,-0.786081100197366,-0.792050982981339,-0.796664212460026,-0.800462952304033,-0.818011526839622,-0.837369617552723,-0.856456488193982,-0.868487489871706,-0.88151407103839,-0.886851383461144,-0.891736109484725,-0.895173499039353,-0.91353656320961,-0.93054242112847,-0.948091272137117,-0.957679910803056,-0.96880629262855,-0.971248932113405,-0.97450578475987,-0.97731032748022,-0.994226608127647,-1.0095147389249,-1.02724495626088,-1.03556734831216,-1.04452286367075,-1.04624142021154,-1.0481410666066,-1.04796025322538,-1.06505707078097,-1.08188266826473,-1.09870826574848,-1.11191510735027,-1.12503126578838,-1.12864946872423,-1.13072965202746,-1.13190521547846,-1.13995583451178,-1.14710211016592,-1.1452021872978,-1.14520191082474,-1.14547313089657,-1.14275927133989,-1.1422162782501,-1.16121274220076,-1.17776684313962,-1.18780779173167,-1.19540637731193,-1.20065328304407,-1.19558774363927,-1.19106519732425,-1.20155900878854,-1.21539952664378,-1.22562128861706,-1.23385272103159,-1.24136007050206,-1.23982149792332,-1.23575043211524,-1.24117787475554,-1.25149031989249,-1.25700872216952,-1.2607178847421,-1.26442677084162,-1.240635987558,-1.16537421469945,-1.0760913870775,-0.952343704272542,-0.770792969400125
-0.669790144492539,-0.537020669841477,-0.35699397443508,-0.176697119862443,-0.0304251891224838,0.297403880447324,0.530718783617626,0.700754266762796,0.849276331739747,0.978985744877428,0.978355740304411,0.993388089594422,1.00986064584502,1.0203924515499,1.035694684895,1.05117711605464,1.06944972467259,1.0887124583815,1.10221436424807,1.1112157265295,1.12606760289379,1.14677054356329,1.15667179447281,1.16333251094325,1.16603272704984,1.16891314097101,1.17152367083711,1.18115531280272,1.19321756193105,1.20428968596841,1.20906093894213,1.20969121862631,1.21788265363135,1.22616377487691,1.23660506900777,1.25100686350242,1.2678392651598,1.26954935617546,1.26882911513958,1.26630854662519,1.26846871951048,1.27053893104407,1.28125065945234,1.29313271076611,1.30681536466957,1.30906632424005,1.30987680173879,1.30672650376255,1.30807674937143,1.30834635831535,1.31401694969482,1.32013789805509,1.32967930355785,1.33075939000049,1.33129970833299,1.33156959238806,1.33075911488933,1.33156876705456,1.33759947895197,1.34408027271902,1.35137154398479,1.35974290169321,1.36235370667046,1.36019353378517,1.35758327903025,1.35767324038194,1.35848344276951,1.36244394313332,1.37135534406306,1.37990662447487,1.38170695195339,1.38278731350721,1.38278758861838,1.37045600565731,1.33220042229458,1.26072984237557,1.14920307650416,0.995099831277092,0.817322994996515,0.646027227594147,0.498675210411527,0.380307530255135,0.29479472613707,0.238986224969926,0.194969538653707,0.156803366420331,0.122958090179884,0.093883791801974,0.0599488293209971,0.0276339965039834,-0.00288023372334481,-0.0330346185439027,-0.0584185757242424,-0.0811920030384886,-0.101174702672103,-0.121787681989893,-0.140690295180865,-0.167603870451141,-0.191276911282319,-0.2166605933515,-0.242584318641995,-0.26445758221699,-0.282460581891024,-0.301364020415487,-0.319007174682763,-0.332869751289608,-0.355283608308262,-0.37625698325516,-0.396600078517875,-0.415322769005456,-0.433055334402085,-0.444937110604681,-0.457988934601627,-0.471580801819888,-0.487873160255933,-0.509206105498429,-0.53197898259035,-0.553672048350789,-0.573834945798954,-0.589137179144046,-0.601469037216279,-0.611460799699844,-0.620732321147513,-0.631534010907473,-0.648636571731084,-0.665739407665868,-0.684912455134246,-0.703635420732992,-0.719117851892641,-0.732259912352442,-0.745041577183136,-0.757282923681343,-0.771144399843513,-0.790496819792945,-0.80777902820877,-0.826051636826726,-0.834513230998005,-0.842344820596267,-0.844775702870147,-0.846846464626079,-0.84720686025518,-0.865209584818049,-0.882042261586592,-0.900854913425862,-0.919127522043805,-0.935509841831551,-0.942440717468219,-0.949371317993722,-0.954591827503565,-0.962602514471716,-0.97394369723066,-0.985915159673793,-0.997616738061844,-1.00895847104312,-1.0175100265661,-1.02507145699812,-1.03191264639426,-1.04046420191723,-1.05189589625021,-1.06494799535831,-1.07439943950938,-1.08178067212684,-1.08763146132087,-1.09087199575998,-1.09366217321828,-1.10131328989082,-1.11328502744512,-1.1250771174072,-1.12777788373615,-1.12903844310451,-1.12795835666187,-1.12390789494637,-1.11895699438043,-1.13326882752341,-1.14920106544151,-1.16594378085835,-1.17791551841265,-1.19150738563091,-1.19510776547679,-1.19627781327113,-1.19645746086335,-1.20680906875367,-1.21527066292495,-1.21365080837214,-1.21446101075972,-1.21446101075972,-1.20950983508262,-1.20500846616398,-1.22085019250806,-1.23507206429934,-1.23939268518109,-1.24146317182585,-1.24443409732105,-1.23660333305628,-1.22850213451411,-1.2285920958658,-1.18889603043132,-1.12129543930211,-1.01219873037105,-0.844773777091969
-0.729875443803171,-0.585956312837603,-0.404462026568729,-0.238519377359237,-0.108174272620712,0.224161606760355,0.459682473593614,0.636323123718561,0.809637991803299,0.966682216500764,0.971626518326082,0.990414370722225,1.01010146183109,1.01666373395256,1.02610258087459,1.05001441799191,1.07779163532596,1.09433180305701,1.10053443464228,1.10529877882725,1.10808523743541,1.1161753636606,1.13118767728792,1.14952604769995,1.15635784416518,1.16040318202227,1.16939254696018,1.18053893088179,1.19231475442786,1.20939452033545,1.22836205562744,1.23204802769282,1.23249805916592,1.23052072307808,1.23393689605519,1.23564498254374,1.24643200067365,1.25793829987595,1.2704334044944,1.27277038111844,1.27429823522217,1.27214066674949,1.27348883795736,1.27681461999756,1.28436569753519,1.2933550624731,1.30522100221158,1.31034471218827,1.31151347524478,1.31178299958855,1.31430020859743,1.31744658248626,1.32293048248812,1.33111072490572,1.34135869434807,1.34531364126825,1.34603237285166,1.34693078733092,1.34926776395496,1.35133521623522,1.356908957685,1.36499990814366,1.37300101715438,1.375788299996,1.37659769726081,1.37650785581288,1.37965395495723,1.38603599469386,1.39412584617456,1.40338446071176,1.41345219776927,1.41372172211306,1.40886753648015,1.39403545523765,1.34756077644435,1.26548827843561,1.14826744319552,0.99005500493052,0.807840888100281,0.640728926345303,0.493843104386742,0.377610799818323,0.294189855857212,0.242501076150326,0.199981344277216,0.164922573749314,0.133010177110249,0.105502484119977,0.0704439883365675,0.0354753340010815,0.00329368776273492,-0.02825879359565,-0.0545974487849354,-0.076531400325435,-0.0961278257529044,-0.116084166461066,-0.134692061216869,-0.16228959565507,-0.188448842692979,-0.214338840131611,-0.240947843898134,-0.265578962087844,-0.28535561990014,-0.303963514655943,-0.322750817563105,-0.339290710549672,-0.35915693506541,-0.378303878508771,-0.397990420128663,-0.41731759595685,-0.437543735753287,-0.455162825092917,-0.472961872072894,-0.490580961412525,-0.507480769679765,-0.523301931082922,-0.540022331198803,-0.555663809706102,-0.565821662956038,-0.576159473846308,-0.586317327096244,-0.595845465977225,-0.605463721050623,-0.625330220310855,-0.645196444826594,-0.666321548591261,-0.68466019374777,-0.70147043531158,-0.713605899393849,-0.72520231478856,-0.735270326590573,-0.749203718609315,-0.766553283605164,-0.782554677393154,-0.799364918956965,-0.811500657783714,-0.822108267762259,-0.831007791252247,-0.840176839086011,-0.847458117535366,-0.86408812671435,-0.880088971013353,-0.894471845016223,-0.901483324377314,-0.908135437946695,-0.9096638415394,-0.91119197038761,-0.913798746099916,-0.930878512007503,-0.950205413091209,-0.970341436695222,-0.983106340401946,-0.994972280140438,-0.998478294565469,-1.00009653960609,-1.00000669815817,-1.01376068202555,-1.02868315420495,-1.0448639561443,-1.05690985352313,-1.07039403830224,-1.07659639514302,-1.081360739328,-1.08486647900855,-1.09664230255462,-1.10697983870041,-1.10877776663688,-1.10958661441271,-1.11057541982888,-1.10706940540384,-1.10338370808295,-1.1173171001017,-1.13448670745722,-1.15174615626065,-1.16487070050357,-1.17889420871473,-1.18338902855593,-1.18464763306037,-1.18536691413275,-1.19471591960686,-1.20361516835236,-1.20505318100816,-1.20685110894463,-1.20891883596939,-1.20577273682504,-1.20226727188898,-1.21386396202818,-1.22797731168726,-1.23238201533605,-1.23804504874478,-1.24307891727354,-1.24083150735294,-1.23543799828799,-1.24928154885881,-1.26258605074207,-1.25332716146038,-1.20109905832145,-1.11632939366349,-0.990838199813378,-0.81770328936898
-0.686654692737305,-0.541099522587326,-0.366701274482525,-0.15551242254295,0.0654992111255233,0.386791863909592,0.63494981150831,0.80836553580928,0.90668205316376,0.945258394012013,0.914182803636237,0.915968813573,0.942311914293609,0.979281555799313,1.01598318664518,1.03545025827859,1.04375476780726,1.04920149768316,1.0585772310813,1.07393626152155,1.09563557265262,1.11349539909691,1.12063971176722,1.12439049638838,1.13340951906106,1.14358928443868,1.15493006544449,1.17046758770911,1.18421937296023,1.18752338217392,1.18814837648248,1.19564885403168,1.2050248603531,1.21475812324652,1.22984941595022,1.24699472925051,1.25119228927913,1.25110331629023,1.24976408176093,1.25244309666607,1.25413986069064,1.26298011861569,1.27324940282877,1.28646543968353,1.28959068414957,1.29244791795578,1.2928051745278,1.29780567484278,1.30075242748446,1.30834296971569,1.31539776355053,1.32468479688304,1.32620306908325,1.32709634697491,1.32807887077875,1.33334765467684,1.33727693112237,1.34459946269376,1.35174322951751,1.35897596933017,1.35763618895432,1.35683215697484,1.35513512002699,1.35951035311015,1.36442160751295,1.37370836792218,1.38263787175941,1.39121039194791,1.39022814106735,1.38719214251349,1.38469189235599,1.38174541263759,1.38120966424122,1.38388840622308,1.36361757553346,1.30762763780184,1.21198958950592,1.0718816950784,0.887571692255808,0.704601196885778,0.548331058808369,0.420903725762517,0.326158955358254,0.268026296964419,0.225163423098636,0.178460518699519,0.135865655493563,0.096485828512397,0.0588024926325194,0.0234409150857741,-0.00433039315302557,-0.030315964378358,-0.0540692961060204,-0.0763938744689257,-0.100236452108767,-0.125597029025539,-0.150779114117946,-0.176675712354371,-0.20373305329572,-0.227754122759931,-0.25034643885938,-0.272759990211193,-0.293655269362787,-0.310621544992152,-0.329016846909532,-0.346608662694,-0.357145957566904,-0.367683252439802,-0.381078054042202,-0.393401085928585,-0.406170347375876,-0.430994902973,-0.456355206966489,-0.480376003507423,-0.503771805739791,-0.523327850362102,-0.536364849545942,-0.548955619168868,-0.560653656746691,-0.572708950896519,-0.590033028944443,-0.610125640732962,-0.629324974629822,-0.645845020698273,-0.66370457421929,-0.679152850571712,-0.690850615226264,-0.70272714462845,-0.720676216984923,-0.736214012172814,-0.752198309844884,-0.768807601825514,-0.782737878901012,-0.792738879530986,-0.80300789082078,-0.811848148745829,-0.820063412362318,-0.833368695129261,-0.848191977173135,-0.861408014027894,-0.870427309623861,-0.880250091352748,-0.886322361383752,-0.891233888709837,-0.899360179337423,-0.916415973802244,-0.933382795278157,-0.950885638073723,-0.961512724705366,-0.968924775112219,-0.971782554764998,-0.974104313098124,-0.977050792816534,-0.991695037189483,-1.00785755376264,-1.02375233259926,-1.03384285206469,-1.04366563379358,-1.0484876422842,-1.05197014332226,-1.05518490662376,-1.0692939484469,-1.0818849909931,-1.08768979621084,-1.09304837186767,-1.09903166890978,-1.0980496909525,-1.09822845570013,-1.11153373846708,-1.12769625504023,-1.14305528548048,-1.15421730173866,-1.16377207280772,-1.16609355821757,-1.16591479346992,-1.16475377784172,-1.17546956453899,-1.18752458576554,-1.18806033416191,-1.18957833343884,-1.19073934906704,-1.18618507831297,-1.18055958368943,-1.19779441582517,-1.21377898642053,-1.22199425003702,-1.22628051013127,-1.23217374249135,-1.22547593230524,-1.21976037299968,-1.23217265079824,-1.24869269686668,-1.25146123060728,-1.25512276931626,-1.2568200791874,-1.24958733937473,-1.20342072921855,-1.1546643500694,-1.06429535859486,-0.895522878036874
-0.734945415840757,-0.534979540983905,-0.282073704594624,-0.0305181485841542,0.134334657762739,0.410559591389068,0.581984661148987,0.697408730262147,0.791404424877789,0.912500387035208,0.94410250642078,0.997943113496292,1.03062556725464,1.04169995768577,1.03899884657949,1.0415194433331,1.05142269186648,1.07231007365465,1.09751906810827,1.11597583514484,1.11993751980224,1.12083816534532,1.12957164785254,1.14073602028567,1.15478119265478,1.17350790569739,1.19187441555764,1.19736634459788,1.19844667897066,1.19988749170013,1.20141828643161,1.20438961871824,1.21339304723149,1.22572773603942,1.23554127774511,1.24148339196973,1.24463468826038,1.2511172448457,1.25778004060938,1.26651352311659,1.27812835590843,1.29037306271434,1.29307417382062,1.29334411982665,1.29082324789872,1.29271369546393,1.29631517693896,1.30603901181695,1.31576284669494,1.32827749950689,1.3306184074308,1.3295377978837,1.32647648359506,1.32476572485957,1.32368539048677,1.32809726032855,1.33557016928464,1.34331302424677,1.34952535965176,1.35114586121092,1.35177573522502,1.34934484529909,1.35240615958773,1.35654780824914,1.3633003108405,1.37050327379057,1.37959668430583,1.37932673829981,1.378066439923,1.37671615954418,1.37572580717342,1.37752654791093,1.38391884731993,1.37491541880667,1.33404020007612,1.25454041336262,1.12831272534732,0.957247858769773,0.772587729833162,0.608185108670649,0.470522551867542,0.365362484818761,0.29630638899934,0.248858356507139,0.200239732465828,0.155672775083926,0.115787633549836,0.0778829215829676,0.0472711545681711,0.0248527028742062,0.00378480673336926,-0.0166529402190634,-0.0361000596264043,-0.0653609959137443,-0.0959724877542306,-0.125323681217908,-0.154224414322883,-0.176822830020879,-0.194739429871055,-0.210495360975675,-0.226161034903964,-0.241106852816155,-0.267126785985155,-0.290805811230251,-0.316015356032505,-0.342125546377835,-0.362473311328247,-0.377509111242454,-0.393355299523405,-0.407940914253232,-0.419915399878794,-0.442514090751105,-0.463132076881879,-0.484290230199047,-0.504368049143425,-0.523725461723073,-0.5355197081703,-0.54929465935906,-0.560638445447584,-0.574773324644398,-0.590979165759076,-0.610876745525113,-0.628433417367247,-0.648781457491981,-0.665077830957307,-0.682004353611043,-0.696049525980158,-0.709554531162884,-0.720628646419691,-0.734403872782773,-0.7467385615907,-0.759253489576973,-0.768527414444899,-0.776630747763716,-0.783923692715787,-0.789235932926327,-0.796888805886441,-0.814084999371893,-0.834432213973678,-0.853158927016283,-0.872155586064928,-0.885480352069313,-0.895113654596649,-0.901595936007659,-0.910058922160208,-0.920412906226602,-0.937159189701991,-0.950034320870635,-0.963990061586374,-0.973714171638681,-0.984428358887446,-0.990190784282353,-0.998744027611227,-1.00720701376378,-1.02134216813491,-1.03196609820733,-1.04511090020769,-1.05600505146048,-1.06680922071125,-1.07329177729657,-1.08121514661136,-1.08796819955136,-1.09643173605255,-1.10516549373408,-1.10570621126911,-1.10597643244947,-1.1049860800787,-1.1027351541568,-1.09904341550544,-1.11533923862213,-1.13109516972675,-1.14874154839658,-1.15846510810025,-1.16962948053339,-1.16827892498026,-1.16746826143919,-1.16431696514853,-1.17827215551565,-1.19060656914926,-1.19474794263636,-1.19573829500713,-1.19960999766252,-1.19240730988677,-1.18610499247978,-1.19898012364843,-1.21761740503766,-1.22923168748087,-1.24120617310643,-1.25128993599246,-1.25236999519093,-1.24849829253554,-1.25408020357779,-1.26254346490466,-1.27226729978265,-1.27559911042596,-1.25723260056571,-1.1909678730289,-1.09751262077396,-0.966602841736538,-0.786444014295082
-0.691352879926264,-0.561083589529041,-0.383313876959153,-0.208491092600244,-0.0675974151266622,0.265172425515001,0.502495248311452,0.66526370728254,0.812139384322073,0.952943827095693,0.958300910872849,0.976872371137476,1.00071195336828,1.01553364601118,1.02080149508837,1.03678378460887,1.06258734890602,1.08580146957006,1.10187272090154,1.11696184475537,1.12642618073211,1.13053370582069,1.13508767729811,1.1429452428974,1.14883882643035,1.15660715732966,1.16803602115073,1.18116143582721,1.18687600418224,1.19205434567047,1.20169687815817,1.21133941064587,1.22026751975582,1.23437424324298,1.24982057878568,1.2524097495298,1.25249898422978,1.25178483374101,1.25330291519649,1.2552674430408,1.26428587840669,1.27553627282781,1.28723284074879,1.29116162354843,1.29312615139275,1.29330462079268,1.29419751357037,1.29687619190346,1.30410829593598,1.31223301985719,1.32250074102267,1.32776859009986,1.32973311794418,1.33116196469968,1.33446583171054,1.33821614511023,1.34616267252051,1.35544826620832,1.3642871406183,1.36830488522893,1.36919750511763,1.36973318620644,1.37366169611709,1.37830490229449,1.38687634549354,1.39678712785914,1.40392972430269,1.40321530092494,1.40169721946947,1.39776870955882,1.39705455907006,1.39794772473675,1.40339431610287,1.3977692553368,1.36107223541842,1.28008915274927,1.15803463964022,0.990890678591651,0.801068005078876,0.629192148930928,0.487405851568634,0.37588730950296,0.299636667711159,0.247939758638937,0.200082124777393,0.154456722860074,0.113206277242254,0.0756166374351746,0.0423129921166093,0.0129378567087014,-0.0128659804774283,-0.0376874172969001,-0.0625088541163779,-0.0885806682914069,-0.113759589688753,-0.138938511086087,-0.157956690628551,-0.175724765704435,-0.192421205713704,-0.208135518245305,-0.222332022210434,-0.247332474207838,-0.273582757782809,-0.298672171591186,-0.324029562388468,-0.346083086174894,-0.362868487995142,-0.378136354137908,-0.393225750880719,-0.406797066168063,-0.428761628143503,-0.44902963926354,-0.469565354483487,-0.489565388614619,-0.509922634434618,-0.524743781299547,-0.539922412742326,-0.55295831982985,-0.567155096683961,-0.581887554626894,-0.597691647636447,-0.613495467757011,-0.625370505077935,-0.634656098765742,-0.645459773909034,-0.654745640485843,-0.665192376829245,-0.685817872527144,-0.709568492946969,-0.730372458044811,-0.753140678097978,-0.771980115351504,-0.786176619316621,-0.797158490970866,-0.809390467091674,-0.819211741868303,-0.832604587755704,-0.845550987254259,-0.859569294708434,-0.867516095007689,-0.875909068806803,-0.883051938139348,-0.888141317816593,-0.894212552082513,-0.908944464247462,-0.923587414601431,-0.936534086988981,-0.947159019843336,-0.955551720753455,-0.960283888741827,-0.963676717563669,-0.969926694118519,-0.98331981289491,-0.997516589749022,-1.01215954010299,-1.02457025851273,-1.03376661750058,-1.04046304044427,-1.04635607819925,-1.05108851907661,-1.06296382928652,-1.07733907554057,-1.08314260570659,-1.08751728911709,-1.09180273782763,-1.09135601854979,-1.08921274841654,-1.10055183175965,-1.11581969790241,-1.13117679874514,-1.14064086183289,-1.14903383563201,-1.15010547069863,-1.14894487382103,-1.14796274634337,-1.15930237546446,-1.17162385917423,-1.17457024160722,-1.17724891994029,-1.17832055500692,-1.17349915231857,-1.16930293830801,-1.18555320481742,-1.20180319843784,-1.20930327945926,-1.21457140142544,-1.21948231170275,-1.21260741935911,-1.20546482291555,-1.21885794169195,-1.23600082809006,-1.2408222307784,-1.24573286816672,-1.25001831687725,-1.24305364405566,-1.21832116904717,-1.17412434099635,-1.10662388469255,-1.00206974255947,-0.839122268410465
-0.73534722165423,-0.573977140577398,-0.369574745612971,-0.171896320943739,-0.0110641026904497,0.306117686952673,0.519036562956846,0.674130664424401,0.820887755126992,0.955721169573019,0.967465101554376,0.996422013890862,1.01363526824641,1.01910404261975,1.02735227724878,1.04537218883942,1.07163951305782,1.10068574953107,1.11834644657171,1.12255947702235,1.12480052645367,1.13071756551336,1.13986205551467,1.15106867267333,1.1646958095381,1.17652961365706,1.17984638873544,1.18011490914658,1.18746579240165,1.19625134185339,1.20691982218809,1.22099522373921,1.23883593905548,1.24331858591894,1.24457350784038,1.24215271413385,1.24430416542798,1.24367670446726,1.25084893944881,1.2601728997249,1.27146911502076,1.27478616409955,1.2775650763544,1.27684774325607,1.27792346890314,1.27873012613823,1.28384023396242,1.28984714515971,1.29890203702383,1.30401214484801,1.30849479171148,1.31252889988818,1.3186245872214,1.32463040241702,1.33278794290719,1.34184201277005,1.34999982726064,1.35421340571213,1.35663419941866,1.35744140465459,1.35887634485165,1.36084914787224,1.3645248635002,1.36990403973637,1.37617974534521,1.37940719628683,1.38182771599292,1.38272451936604,1.38595197030765,1.39061353944507,1.39697829519026,1.40361211934744,1.41248699293594,1.40316330666026,1.35932460953799,1.27738478407835,1.15546089939836,0.989160454772554,0.802329706712414,0.632083930045842,0.48846441814725,0.373981288859933,0.293116915046941,0.239147874413906,0.193337196272294,0.15604299917044,0.1235002433436,0.0936468016344243,0.0654965465330282,0.0406633405104267,0.00749284972245645,-0.0250501801048011,-0.0555310827746955,-0.0846671913855521,-0.113982496270773,-0.1368431732732,-0.159345183726462,-0.181398929493375,-0.202825214299576,-0.224610165654924,-0.246574313284655,-0.267821127816054,-0.290233540132127,-0.311569952800722,-0.33156184541069,-0.351015875197128,-0.36984271802327,-0.386159443006114,-0.404359098871962,-0.422737951012175,-0.441027205015199,-0.4534887440953,-0.466936136684862,-0.477962735567894,-0.488809864176144,-0.499029257823258,-0.520993131452571,-0.542150347846788,-0.564921426712021,-0.5874237111657,-0.608581475560759,-0.622567278974693,-0.636822150800597,-0.649463160155487,-0.661386836412057,-0.675999826786292,-0.691957337219146,-0.707824975514394,-0.717148113789224,-0.726561124201665,-0.733643487045609,-0.739739722379667,-0.745298094890202,-0.764035339579156,-0.783130976816853,-0.80339166383838,-0.820156105506736,-0.836472282488744,-0.845974891038368,-0.854401773940937,-0.8622014698832,-0.87672486212024,-0.892503450279141,-0.908102568163248,-0.924687813557233,-0.940017863029369,-0.951134608050432,-0.960906559012457,-0.970678783974894,-0.978927018603922,-0.988340577017205,-0.998919185214314,-1.00098103837125,-1.0020564900179,-1.00411806917443,-1.00456605986035,-1.00384900076245,-1.01944811864656,-1.03594403990378,-1.05019863772927,-1.05629514706375,-1.06185351957428,-1.05979194041776,-1.05674395975094,-1.05692343002573,-1.07521213602792,-1.09457656767717,-1.11250633312978,-1.12837424542544,-1.14164216774022,-1.14513813909296,-1.14809624762217,-1.15159221897493,-1.16019802415144,-1.17041769179897,-1.17292753564183,-1.17400298728848,-1.17570617389626,-1.17418218356285,-1.17077553634686,-1.18323680142655,-1.1968636642909,-1.19928418399701,-1.20233243866425,-1.20520149705712,-1.19973327068461,-1.19507170154719,-1.21156762280441,-1.22770460351206,-1.23469709421839,-1.24007599645413,-1.24384131021928,-1.23684854551253,-1.22878005515871,-1.24106212396401,-1.24231704588545,-1.19991246695899,-1.12541339689203,-1.00501377654586,-0.858974292942005
-0.654232022806941,-0.430198389799111,-0.175533479931924,0.0949815658306213,0.427025597602567,0.661121335904928,0.831283666044509,0.938136077682123,0.972061426498991,0.936978090555616,0.938046813339585,0.96333556486864,0.991473427379468,1.02851595235309,1.05923649355498,1.06618196698754,1.06404506571437,1.07161402880776,1.08879931977776,1.10509414450149,1.12619754138461,1.1468554329972,1.15237567057041,1.14943702309873,1.14863527690022,1.15112841910137,1.15344357691222,1.16217025498473,1.17365732399122,1.18630210797682,1.19173389764966,1.19547401917246,1.20509089134387,1.21675567259327,1.2277079719867,1.24311260261153,1.25905145855465,1.26101037543752,1.2593184351401,1.25629079547327,1.25771548703784,1.26252378704984,1.27409930395671,1.28727776896584,1.30081247490297,1.30116871583096,1.29564793396298,1.29137385926926,1.29199707678271,1.29351076054243,1.30615472808588,1.32155908656333,1.33562801781875,1.33936786719416,1.34070356656358,1.33678573279786,1.33714224587323,1.33785472772921,1.34417698364833,1.35219090771746,1.36171851554632,1.36225246871722,1.36305339847358,1.36180641915193,1.36002548665937,1.36073796851534,1.36634801472586,1.37097887464234,1.37730140270883,1.38264420018651,1.38273319238167,1.3820207105257,1.38059574681374,1.35886886026979,1.30508627744931,1.2152411723914,1.08238779951613,0.906081197847731,0.721938656500512,0.555872144516963,0.416785780065118,0.310467593745793,0.243773794649009,0.196580716480478,0.157757531161682,0.123653925807122,0.0944478848071003,0.0595428054014174,0.0275761013200207,-0.00510281246997313,-0.0365355633804526,-0.0661876539457747,-0.0904966748860214,-0.114805423678884,-0.136264789342602,-0.156299191294358,-0.180429411402151,-0.202333738041626,-0.224060352438184,-0.244896772735849,-0.266801643670099,-0.283720230202035,-0.303666456400802,-0.322811208548439,-0.343736621041258,-0.362970365384038,-0.384608259732838,-0.404643205979374,-0.41978058787136,-0.435006961958507,-0.44934286979937,-0.462521062661117,-0.474898053619119,-0.497604126457108,-0.517371823970798,-0.53918743056251,-0.560468811835926,-0.576941620949953,-0.586647213169112,-0.597688504757696,-0.607038128196252,-0.616477015977346,-0.635443511587298,-0.65512248905323,-0.674890458714317,-0.693945946519417,-0.711398486222252,-0.722796290886207,-0.733837582474785,-0.743988407817086,-0.75618741438478,-0.769989096907354,-0.786372913826233,-0.800619829471949,-0.809613211982517,-0.816291164534846,-0.823681598943157,-0.828400634612624,-0.837037776195205,-0.856003999657773,-0.875682704976321,-0.893758734339984,-0.904800570223342,-0.913705232686141,-0.917089113280958,-0.920562258218314,-0.92376815442283,-0.942289416909646,-0.960098197540481,-0.978886436612741,-0.988146795708765,-0.999098822954811,-1.00034498583431,-1.00239262276494,-1.00212510188471,-1.01966636163532,-1.03302281103475,-1.04896166697787,-1.054571441041,-1.06116094569296,-1.05768834505037,-1.05688687099925,-1.05448272099324,-1.07059983347405,-1.08689493034516,-1.10479297531853,-1.11859520213588,-1.13337661524727,-1.13845216399211,-1.14308220746642,-1.14682178469446,-1.15732857881737,-1.16569847166711,-1.16543095078688,-1.16632141703317,-1.16534195859174,-1.1621363345346,-1.16106788389802,-1.17923317760423,-1.19499404915705,-1.20559037976987,-1.21173465129869,-1.21761167409465,-1.21191290783637,-1.20763883314266,-1.2175226818995,-1.23310529691463,-1.2378243325841,-1.24227611952074,-1.24530321489279,-1.24085088366139,-1.23221346993142,-1.2425428239588,-1.25474210267389,-1.25661257165637,-1.22357768908578,-1.15358981803149,-1.04130588886842,-0.88690443028167,-0.680501049219598
-0.56623182332957,-0.419338530015914,-0.24687130658855,-0.0777239302804735,0.0341734297981986,0.325716068541993,0.522231545955474,0.668675885139905,0.794212180954989,0.92459427427115,0.944515002512093,0.985612817494885,1.01594258973132,1.03155615572456,1.04411864371681,1.05982189083421,1.07103806494717,1.08243387556268,1.09867520942506,1.11078901754228,1.11958270428601,1.13465818353427,1.15673263002617,1.16624458852582,1.17216710802528,1.17360310302871,1.17737190427723,1.18069229990491,1.19181961565633,1.2051006496587,1.22215021065538,1.22897008990489,1.23094417165331,1.23228993702418,1.23489178664175,1.23641691426095,1.24386456137961,1.2537349701217,1.26279770023793,1.26755326810645,1.27051439072908,1.27410355547507,1.27912871522448,1.28567927684731,1.29519096109275,1.30524073208319,1.3117910194518,1.31439286906937,1.3145722313177,1.31286746719597,1.31502145970112,1.32040589245561,1.32740568246184,1.33584091896312,1.34598091958613,1.34885236108459,1.34876267996042,1.3483137258312,1.35199257170135,1.35638914081902,1.36473414768772,1.37460428217562,1.38510273304107,1.3865384537903,1.38465432742025,1.38169320479762,1.37855299418086,1.37747682069089,1.38070753519442,1.38627105594303,1.39255257419336,1.39946186031283,1.40125603130452,1.38555223567871,1.33583982194632,1.24826003348046,1.11823666466095,0.947026073988689,0.764688716073414,0.600298004650661,0.460673544715739,0.352724896642327,0.279143865426352,0.226021923450504,0.181873030466721,0.143467294734076,0.108022681624055,0.0758087830175677,0.0452996485328039,0.0149701505505691,-0.0142826254332885,-0.0421893617920788,-0.0691992869092275,-0.0953118522763273,-0.120616739017551,-0.144486179263736,-0.167458259759883,-0.189622387375942,-0.210440201112721,-0.230181292851135,-0.249922110335342,-0.269393610192859,-0.288865110050369,-0.308785564037111,-0.328436974651358,-0.348985745015653,-0.368727111008256,-0.388468751255071,-0.407672030502706,-0.427593032997844,-0.445719590247102,-0.464563870743874,-0.483766875737303,-0.502161927850643,-0.519300621463077,-0.536439040821311,-0.553129054558727,-0.567934667671883,-0.584086594664308,-0.600507839283435,-0.611814517283177,-0.623300283277041,-0.63496541151924,-0.644835820261346,-0.653809143507605,-0.672922193122666,-0.689612755368483,-0.706752271743531,-0.724071150366895,-0.734480194362382,-0.738877037734253,-0.74444028422865,-0.74955457659384,-0.754579462089051,-0.773782467082474,-0.794511148203505,-0.81622687019874,-0.837224868946461,-0.857504595938261,-0.870605444929694,-0.881103895795154,-0.889897582538877,-0.899498947908494,-0.910805351654036,-0.922022074275416,-0.934405200019329,-0.940776125139608,-0.946249690509844,-0.949659493007504,-0.952710296754295,-0.956120373506157,-0.971823894877764,-0.987886140746027,-1.00529442623936,-1.01337066398978,-1.02028022436345,-1.02189530736101,-1.02252362373857,-1.02216462498771,-1.03903427522766,-1.05707032859014,-1.07367093545759,-1.083272026573,-1.09098899131835,-1.09089931019419,-1.08919454607247,-1.08740010082657,-1.10112981470397,-1.11737197132896,-1.13361385369975,-1.14536893732031,-1.1575724265617,-1.16098195480515,-1.16349412329856,-1.16385284779521,-1.17435157291487,-1.18538893328792,-1.18601724966547,-1.18512016416963,-1.18529980067216,-1.17964687305359,-1.17130159193068,-1.18404344217125,-1.19965673391029,-1.21275758290172,-1.22253803626546,-1.23420316450766,-1.23501056887934,-1.23366425500007,-1.23779178074524,-1.24927754673911,-1.26112231148383,-1.26605779010909,-1.26991654673596,-1.270365226611,-1.2437145744989,-1.17686346715408,-1.09152735231754,-0.96392701937567,-0.754400648349124
-0.587190520029977,-0.373651430074894,-0.126626512790798,0.114399529723485,0.276367232984012,0.519631702449174,0.667094234880252,0.764327889494644,0.840431669361053,0.92244456800217,0.937038400241411,0.976254381647594,1.00392057255066,1.01779854599975,1.03087063101725,1.04743444316106,1.05701452740593,1.06963892703326,1.08691887161355,1.09900582985561,1.1075115786226,1.12291129929341,1.14260863552211,1.15048773420139,1.15594944123226,1.16544004312837,1.17546808640975,1.18433203821814,1.20053764732054,1.21871296268117,1.22417466971204,1.22292136953661,1.21978784545171,1.21996708379558,1.22050452518085,1.22802542081872,1.23930649062921,1.25184113426144,1.25613847617298,1.25954044730419,1.26016682374558,1.26401648026695,1.26697103965432,1.27529782372376,1.28371409014198,1.29517467194265,1.29911435810544,1.30251632923666,1.30511241193628,1.30940975384783,1.31308017202535,1.32069027636566,1.32910654278388,1.33564285893896,1.33779207718739,1.33850903056286,1.33877829854815,1.34173340522816,1.34549412669342,1.35301502233128,1.3607148826667,1.36796705761193,1.3684147430021,1.36886242839227,1.3667137574365,1.36778809291439,1.37002624621894,1.37593536499365,1.38256061620484,1.39034995888902,1.39214070044972,1.391514050362,1.39070816193043,1.37593509134732,1.3276761934352,1.24431996497724,1.12112110502538,0.953692515672966,0.766924519486927,0.598152600317664,0.455703542234625,0.343158828359199,0.269292928151014,0.219332771026966,0.177162503879746,0.139379608285507,0.10759558746108,0.0716034334275377,0.0380283973960768,0.00597510858636376,-0.0252725654381072,-0.0547297715481996,-0.0801580827930524,-0.104243064221053,-0.126805751134668,-0.14713001109741,-0.170408556801181,-0.193149934766005,-0.21580210402838,-0.236305602334986,-0.258152156812113,-0.277760557984692,-0.296384106028159,-0.314201491993722,-0.33694314360487,-0.357177647572515,-0.376964466149983,-0.397198696471302,-0.411434325669134,-0.422536430782077,-0.434265459629048,-0.446710894558844,-0.457992511661977,-0.481629807699801,-0.504819144701131,-0.528008481702461,-0.5518244687915,-0.573849714319842,-0.587816896471367,-0.60187383461799,-0.61557256972321,-0.626853913180012,-0.641716739758214,-0.658817993287289,-0.675650526123734,-0.687200590273172,-0.699645751556637,-0.710300171279398,-0.719342814139008,-0.727848562905994,-0.747366934437156,-0.76527380275148,-0.783717838804758,-0.802609560248206,-0.819889231182164,-0.830632859607373,-0.842719544203104,-0.85373189332095,-0.863222221570729,-0.876204550593143,-0.889634838652045,-0.903512812101135,-0.912914205294797,-0.923121486920045,-0.930642929850568,-0.937358210703181,-0.941656099907389,-0.953832814144542,-0.965830290037831,-0.978275177674971,-0.982841240279159,-0.987676023575983,-0.988660876705102,-0.989198318090375,-0.989556794778103,-1.00621063656333,-1.02429674322152,-1.04202464683831,-1.05151524873442,-1.06064764758912,-1.06145298872805,-1.06073658264524,-1.0604678619526,-1.07676295340377,-1.0932372831988,-1.1096224042914,-1.1188445591412,-1.12591804303522,-1.12412757512085,-1.12215786886262,-1.11875562408508,-1.13030541458819,-1.14489924682744,-1.15779209350107,-1.16701424835087,-1.17704201798593,-1.17928071858312,-1.17937047457822,-1.1840262931775,-1.19566556602939,-1.20873737740057,-1.21258676027562,-1.21768999061875,-1.21903277314295,-1.21607794010927,-1.21106391846858,-1.22494189191766,-1.23720781485726,-1.2409682626762,-1.24356489266847,-1.24544511657794,-1.23702885015972,-1.22906054277801,-1.23989420084464,-1.25368241829862,-1.24204314544674,-1.18151832459502,-1.09619238987881,-0.959742480211907,-0.750143076419622
-0.623800382605839,-0.506993357112008,-0.34831077906288,-0.188826242981555,-0.0982139716301006,0.217547540715489,0.446171751641335,0.616971929172567,0.75623132876241,0.919368654332326,0.949572654012244,0.997506870152737,1.03305662131994,1.06317157506555,1.06522072080147,1.06299321088521,1.07466503607233,1.09346434836803,1.10896705491236,1.12892478128921,1.14763504765061,1.1511987912049,1.1529807991379,1.16162342868829,1.17062251428763,1.17971064582127,1.19539198885766,1.21249888377811,1.21677581174202,1.21891427572397,1.22087464783732,1.2252403494238,1.22871504704379,1.23762426977364,1.24965200638626,1.2582940913132,1.26016514518052,1.26123451332736,1.2682737714368,1.27210546972918,1.28048096147666,1.29161823874623,1.30391338547349,1.30560580284874,1.30792181407585,1.30507043799601,1.30622857976543,1.30596144196252,1.31148582994187,1.31718858210157,1.3261876677009,1.32716798991343,1.32832640399457,1.33162300974595,1.33509770736594,1.33785976519975,1.34507657055436,1.35371892779303,1.35585711946325,1.35781721926487,1.35924277114893,1.36441043076762,1.36645984881527,1.37269687658079,1.37875554016598,1.38552684353733,1.38365578967002,1.38490297737374,1.38454624901307,1.38240778503112,1.37911117927975,1.38187323711356,1.38285328701437,1.3686870864198,1.3244947057022,1.24261383752372,1.11689704467659,0.947968193324388,0.766476512818574,0.603250141314349,0.467376938033632,0.363756880168752,0.294884615438875,0.244900708939003,0.199906097877486,0.15909909653384,0.126221812642691,0.0964630426343084,0.0705356986065803,0.0476378225273093,0.0255416321685121,-0.00457332157709171,-0.0359354630264224,-0.0672082862297208,-0.0989268837279963,-0.129041565161876,-0.155057955123906,-0.177956103514901,-0.200943570151929,-0.22125775257772,-0.243264624690485,-0.263043714575273,-0.284337402278424,-0.30358194424565,-0.32594527240736,-0.345635860981294,-0.367375867602876,-0.387066728488528,-0.408004777077906,-0.426091449587438,-0.446405632013229,-0.463334162753343,-0.48195565549216,-0.49932996052725,-0.5180407715121,-0.533544022679876,-0.552076469484385,-0.569183092093108,-0.587358810536948,-0.602683425212672,-0.620681051787896,-0.6366295326272,-0.653736427547648,-0.668259356502892,-0.686256983078128,-0.702472601720351,-0.719668270263383,-0.734814793070484,-0.752545281842801,-0.761722731622475,-0.770632771287511,-0.777315301036283,-0.7846211523252,-0.790501451730049,-0.808854989730776,-0.827208527731496,-0.846720479813359,-0.859372354901295,-0.870064130187607,-0.873895828479986,-0.876747749183287,-0.879421305706248,-0.895102921054358,-0.912833682138405,-0.924594553259834,-0.935731285905946,-0.945977286897288,-0.948560708239044,-0.94962953176243,-0.96263759058758,-0.97805152350933,-0.993910686102609,-1.00531537348681,-1.01850179649231,-1.02429304996285,-1.02812420363179,-1.0317772654321,-1.04523082624051,-1.05627905757577,-1.06171412730909,-1.06679274099347,-1.07098035071135,-1.06875284079509,-1.06670342274744,-1.07882074991782,-1.09236390128398,-1.09655178331358,-1.10252167327619,-1.10831319905847,-1.10555114122465,-1.1010958490804,-1.11597496177287,-1.13138862238289,-1.1394073857697,-1.14698064717325,-1.15589041452656,-1.15455363626508,-1.15134607644802,-1.16364149548701,-1.17869897235981,-1.18431240627347,-1.18974774831851,-1.19429181408534,-1.19170784812013,-1.1853817744203,-1.19544941123131,-1.2045369981415,-1.2107737535953,-1.21558522947676,-1.22306971725773,-1.2217334836197,-1.22449581376524,-1.23598927477203,-1.23759264621298,-1.23705755367197,-1.21513918287006,-1.14680092143429,-1.04808084076172,-0.93341255156158,-0.753525059431879
-0.648606739515168,-0.492429794287581,-0.295533781771325,-0.0939665599177061,0.0563054444250408,0.351385207599405,0.555067821121687,0.697848542858361,0.833049627415266,0.96031873399237,0.974773596125566,0.990021494432517,1.00271303632338,1.00650285491326,1.01461100329307,1.0309156546264,1.06105776357177,1.09005449554336,1.10036639016554,1.10195300126046,1.10829917626644,1.11799474386228,1.1289240430056,1.14637541818122,1.16488435450431,1.17096573516287,1.17387416300529,1.18215875115882,1.19273490138102,1.20154827010828,1.21679589904154,1.23160256322735,1.23503977164351,1.23424619672235,1.23609652466989,1.23944510913864,1.24297013338111,1.25257653828213,1.26421051902551,1.27223139032642,1.27373018559503,1.27558159103737,1.28175186501704,1.28756925944928,1.2959422021765,1.30695904777244,1.31815206376839,1.31823961022099,1.31744576592614,1.31436062893631,1.31806236232618,1.32123558451602,1.33013784656439,1.34080289010769,1.35234905502476,1.3515557494773,1.35032147918241,1.3489110384875,1.34767703756632,1.34679564681884,1.35314155245112,1.35904676270967,1.36468744799449,1.36733135086319,1.36891769258442,1.36803630183695,1.36830082681067,1.37059238887934,1.3753516834167,1.38152141864897,1.38945393537617,1.3964167067822,1.39958965959833,1.38963064452358,1.34635575956621,1.26835510277873,1.14963564807626,0.98825844356388,0.803348483217324,0.63483206752521,0.48411909843503,0.363284252063914,0.27823246929669,0.222001517474746,0.176522886275012,0.14073928392371,0.109274550109733,0.0804539885381636,0.0508401214191284,0.0181419254313605,-0.0145560011827088,-0.0456675860755576,-0.0771315117684327,-0.103748057723944,-0.127809055384455,-0.14993137052373,-0.171084209715527,-0.189328890438605,-0.212509036099056,-0.233133094717115,-0.254109763508899,-0.272178004458264,-0.292361367702588,-0.308314486356989,-0.326470812506358,-0.343833563734563,-0.367189341047624,-0.387989031318299,-0.410198623536476,-0.43011692305967,-0.44448289187176,-0.456293043015151,-0.468632244105979,-0.479297018275583,-0.491107438792672,-0.513670449305677,-0.534559032897451,-0.556152567462983,-0.578451053002266,-0.598546061672888,-0.611854738711194,-0.625251231575806,-0.63785468826665,-0.649400583810025,-0.66394326176952,-0.67980775647652,-0.696289655704659,-0.705191648379336,-0.714622421627752,-0.722114242981222,-0.72766711243974,-0.733131357950852,-0.7523447065003,-0.772086835623498,-0.791652524972967,-0.811130129122444,-0.828669050750662,-0.83942164074657,-0.849028584394999,-0.857666321469648,-0.870270047534203,-0.884019419946238,-0.898385927505726,-0.910813213796552,-0.922446925166231,-0.930907953093469,-0.938575675473253,-0.944832957158132,-0.95452771663286,-0.967659953897449,-0.980703836588329,-0.99374798865292,-1.00599910454374,-1.01560604819217,-1.02239264919818,-1.02882664003047,-1.0358774966365,-1.04539608571122,-1.05632511548084,-1.05958615349699,-1.0623186803131,-1.06478668215548,-1.06513929232921,-1.06408146180803,-1.0795933463413,-1.09519331607458,-1.11193893215534,-1.123220302725,-1.13582375941584,-1.13890862703197,-1.14181705487439,-1.14216993442183,-1.15406870951262,-1.16376427710845,-1.16376454648215,-1.1644700362033,-1.16517525655076,-1.15874126571848,-1.15398170180741,-1.1697581113144,-1.18447669030022,-1.19196797290628,-1.19928308511234,-1.20509967142347,-1.19989914276498,-1.19496313908021,-1.20606806987615,-1.22008142851451,-1.22898315181547,-1.23612236299521,-1.24290923337492,-1.2411469906274,-1.23762196638493,-1.24564283768583,-1.2585108193504,-1.25022569244948,-1.19126221381143,-1.10427147914926,-0.971890467861071,-0.769353231312582
-0.695583303119994,-0.614463955353467,-0.498541528963166,-0.377961124951908,-0.314067779424708,0.0447727059884186,0.31906610288068,0.540715300476524,0.729758654725659,0.92451508930581,0.947629306032713,0.987002795199173,1.01486336245732,1.03674761092827,1.04870024850266,1.05599490845608,1.07427520757346,1.09879533254487,1.11856937559571,1.13509188649144,1.1531084099313,1.16022712989617,1.16180897812924,1.16989469650455,1.1799138744794,1.18659341599951,1.19898550062932,1.21524477306887,1.2221880902665,1.22271564162154,1.22297968590971,1.22403478861977,1.22640796388539,1.23317534109446,1.24460069592449,1.25690467625467,1.2634958448645,1.26586875151946,1.2737785299062,1.28195208397045,1.29047724940116,1.30251799127517,1.31701920688241,1.31983129198211,1.3186883535831,1.31508440422952,1.31420497289736,1.31341364586481,1.31789595210788,1.32510277637235,1.33547383432433,1.33890184368935,1.3399569463994,1.34338468715374,1.34874588750762,1.35147040552905,1.35885290117143,1.36781724504689,1.37300250541221,1.37247522266784,1.37326601247905,1.37177173132425,1.37273819251336,1.37493515917974,1.38117498503378,1.38688779675413,1.39374327826281,1.39558943939475,1.39805071895999,1.39734776483773,1.39928122443728,1.40086280405968,1.40516863309284,1.39224872849734,1.34874454445428,1.25971514969035,1.12876422494845,0.950354629886139,0.761838021160027,0.590898757429035,0.451422935867092,0.344025406296832,0.275649754526565,0.222214765418955,0.175722824898305,0.133361579254255,0.099349827663029,0.0665683129384163,0.0394117742452001,0.0154189320181506,-0.00664045060936308,-0.0374006700454827,-0.0664912055595825,-0.0937363857737539,-0.121245073054767,-0.146556525058735,-0.165891926886163,-0.18496355303608,-0.204386521941791,-0.223194103803525,-0.244989979364196,-0.2667855863142,-0.288844700331046,-0.304663988493841,-0.319604651156491,-0.33357858401937,-0.347376845504353,-0.360120541500607,-0.384113652338336,-0.409161328664788,-0.432626888147479,-0.456619730374529,-0.478855052990607,-0.495026221130544,-0.510142823781765,-0.524995919366131,-0.538091226728859,-0.554438066246693,-0.570697070075575,-0.587043909593415,-0.59961139699043,-0.613233718486848,-0.62439529763936,-0.634589878381433,-0.644081505001251,-0.6623620727293,-0.679499970669014,-0.69742892703059,-0.709557773204215,-0.720983396644911,-0.727311326798568,-0.733463585574323,-0.739528008661138,-0.757808307778513,-0.778373409251224,-0.799114450712506,-0.812736503598255,-0.824512663962735,-0.831015728272947,-0.834531036105569,-0.836991778449469,-0.855096406188948,-0.874519643705333,-0.891482138877812,-0.903083433696404,-0.915123906959742,-0.917672753603261,-0.919782153191367,-0.924088788056538,-0.94140262598481,-0.959156179579169,-0.977700522984729,-0.994574645246927,-1.0087242494877,-1.01593080514151,-1.02199469100698,-1.02682834000583,-1.03491405838114,-1.04554835478929,-1.04695453164447,-1.04888799124402,-1.05170034495438,-1.05275517905377,-1.05240383629799,-1.06971767422626,-1.08624045373266,-1.09986277522907,-1.1107603100934,-1.12157000926878,-1.12288808182434,-1.12411858730163,-1.13132541156611,-1.14178403659636,-1.15153970750437,-1.15892220314674,-1.16648010155635,-1.16946812664461,-1.17157752623272,-1.17456555132098,-1.18335422381854,-1.19100049513843,-1.1962735911927,-1.2013707472584,-1.20541333783539,-1.20620412764659,-1.20884080997906,-1.2190356593318,-1.22325418989735,-1.22641815497418,-1.22861539025123,-1.23028507417326,-1.22747272046289,-1.23503088748317,-1.24575301958027,-1.24751080780191,-1.22439659107502,-1.14881411504027,-1.04378976073564,-0.899040574508756,-0.718169968491866
-0.605148287277042,-0.468831610699206,-0.290726372609967,-0.113322122250748,0.0477872425905342,0.349594055686842,0.567648364949354,0.722888229397269,0.855350544487829,0.959690881232797,0.956887465826632,0.968013838681231,0.981943894698963,0.991318065985471,1.00848932004442,1.02460909250834,1.0440576195405,1.0623671084506,1.07375561537231,1.08234070688786,1.09723388470273,1.11677050377582,1.12851004007647,1.138322261755,1.14936081032563,1.1604866476663,1.17073611646597,1.18668024036193,1.20534022313705,1.21182315473343,1.21269925551748,1.21322513019347,1.21585343254561,1.2181315087897,1.22811884352225,1.24082230489092,1.25133578205645,1.25659292227465,1.2588712662757,1.26552984644003,1.27271376576642,1.28156179461996,1.29198664423063,1.30451392151742,1.30547704331456,1.30363674970553,1.30065795348838,1.30337354461056,1.3074911111928,1.31721577634431,1.32965630037498,1.34227166970271,1.34437436513582,1.34235922622973,1.34008114998563,1.34218357766178,1.34603847466298,1.35514970861148,1.36671413185811,1.37889171855079,1.38081930092986,1.37933003669977,1.37740272207766,1.37556296398256,1.37433663709045,1.37740272207765,1.38248367821398,1.38782757168831,1.3911565940135,1.39334657821666,1.39492366673072,1.39720174297482,1.40210785381408,1.39807784375886,1.3599685306807,1.28471356183544,1.16416589609955,0.993068928768748,0.795076577741395,0.61530669461108,0.463658789826364,0.344687944847576,0.265228120650037,0.214591262528117,0.172452474908655,0.130313687289206,0.0936944417120266,0.0579510291619286,0.0240471069499757,-0.00258587492250027,-0.0259773909967871,-0.0482301367059922,-0.0689933504281383,-0.0873033748521734,-0.116213629697845,-0.142583406475359,-0.169391233644897,-0.193220532354247,-0.216349111090527,-0.232206213973407,-0.248063049099331,-0.263569390360234,-0.281879147027308,-0.303430101735603,-0.327083751876999,-0.351350833221411,-0.373164993024663,-0.392701344340794,-0.41048576184579,-0.4262550404447,-0.44097310520553,-0.458844811480573,-0.478118225458699,-0.496340425598763,-0.515351169995856,-0.528755083580625,-0.539005355651181,-0.548730020802698,-0.558191748616227,-0.566689819118692,-0.586138613907803,-0.608653761441085,-0.629854757798288,-0.651143310682512,-0.670855042809629,-0.684434337205384,-0.695560442303022,-0.706511434346636,-0.716936819471216,-0.730428289582994,-0.745146086586869,-0.76109021048284,-0.775019195472719,-0.788335017016538,-0.799635967411238,-0.810674248224906,-0.819347431781388,-0.833364776569167,-0.849134322925038,-0.864728756226886,-0.877169280257558,-0.889872473869264,-0.898983707817777,-0.906254915914222,-0.913963906645723,-0.925089743986394,-0.937705113314129,-0.945765133424575,-0.953211990088967,-0.96057129022635,-0.965389844538601,-0.969244473782838,-0.981859575353606,-0.996840309695481,-1.01085765448325,-1.01944328151273,-1.02715307551513,-1.03039507682724,-1.03232265920632,-1.0334614295714,-1.04800438127821,-1.06324778520112,-1.0705187255406,-1.07568723820394,-1.0818196759353,-1.08041770047526,-1.07814015974509,-1.09250799839788,-1.1091536455378,-1.12395926682564,-1.1370126865454,-1.14989045769721,-1.15383237571149,-1.15584697910365,-1.16145380991597,-1.17003943694545,-1.17932605170495,-1.18475803722022,-1.19097856699251,-1.19492102052072,-1.1962351716968,-1.19842569141387,-1.20674864886231,-1.21130426583657,-1.21366989860767,-1.21691163216282,-1.21892650331195,-1.21796257824392,-1.22610988712441,-1.23819938177615,-1.24152786858742,-1.24161515735747,-1.24310442158756,-1.23828586727531,-1.23110194794892,-1.23066416531385,-1.18370655562518,-1.10959062490197,-0.99920540695266,-0.833014550461125
-0.692223735710425,-0.540269233230996,-0.348637177285615,-0.155038440688448,0.0122227177023503,0.314421429214637,0.536495610826367,0.698882537435657,0.837839436968292,0.952169051741094,0.955247789027215,0.972264738385138,0.989025039184919,1.00048327348864,1.01698666437737,1.03485823775274,1.0535852192043,1.07128612912911,1.08351457046018,1.09300638546504,1.10626063696997,1.12430339650175,1.13627492792177,1.14465494764521,1.15371945064134,1.16278421499037,1.1721910902993,1.18672858459496,1.2035746091494,1.20844857957799,1.21092803464025,1.21152627145246,1.21246635787166,1.2145185009252,1.22631936889463,1.2372650901408,1.24641505553867,1.25385498884291,1.25890040678081,1.26642554113388,1.27737126238005,1.29088216244313,1.30499182202426,1.31987090457399,1.32346215491767,1.32320524500661,1.32021223147516,1.32149442885424,1.32354657190777,1.33295318586379,1.34475431518615,1.35723940507537,1.35937779458938,1.35877955777716,1.35518804608057,1.35356295368286,1.35450304010205,1.36185646559291,1.37040714876691,1.38083931154388,1.38400324987884,1.38391804882999,1.38152405616949,1.37938645071421,1.3782749167857,1.38152457887531,1.38520155297364,1.39050309676387,1.39683097343378,1.39948161465243,1.40076381203152,1.40170415980363,1.40461144958043,1.39511937322267,1.35475785918983,1.27488997784742,1.15354852583784,0.980557988942273,0.780716838076944,0.596866303689862,0.443543618723792,0.321775116058394,0.241052087992719,0.191113296553273,0.151350280685556,0.11252761258995,0.0771252700345368,0.0433477585239299,0.0108529670982212,-0.016254556782592,-0.0390006232923801,-0.0587536762707101,-0.0774806577222724,-0.0950103814906673,-0.121433160745876,-0.148112849912148,-0.175818610605175,-0.201985002655151,-0.227381971736513,-0.246365601746223,-0.266460504331534,-0.28433233905982,-0.303230506667787,-0.322983820999026,-0.342908321486665,-0.360267643157393,-0.374291840336767,-0.387204242234715,-0.399175773654736,-0.411745803239885,-0.424059445619802,-0.446121551562718,-0.467927270300396,-0.490160823752627,-0.507263496865195,-0.526161664473169,-0.537962271089698,-0.550190189714963,-0.560365703933778,-0.578665112023696,-0.594484803698457,-0.611501491703466,-0.628432978659646,-0.646989035307718,-0.660841784977783,-0.675806329929273,-0.691369634398795,-0.706248716948526,-0.721042598449434,-0.736777089075356,-0.753451927473389,-0.765680107451557,-0.777309527911687,-0.786972006367115,-0.796634484822549,-0.803218748697691,-0.816302075399136,-0.82964205065873,-0.845547204735227,-0.857005961744776,-0.870602585562517,-0.880265586723774,-0.890441623648413,-0.896855485425882,-0.90925485156045,-0.921568493940367,-0.932086119119072,-0.940893712204149,-0.951496799784597,-0.959021672784759,-0.964750789936624,-0.975439862624643,-0.98664197107605,-1.00083709305891,-1.00648100916194,-1.01400614351501,-1.01717008184997,-1.02238616323845,-1.02076133219364,-1.03606772675211,-1.04838136913202,-1.05983986478867,-1.06574016809692,-1.07548837030702,-1.07574475751225,-1.07839539873091,-1.08506538636071,-1.09703691778073,-1.10952174631704,-1.11884289787132,-1.12679586693893,-1.13192674727858,-1.13551852032808,-1.13577516888623,-1.14501033533294,-1.15467307514128,-1.16091522805653,-1.16356586927518,-1.16980802219043,-1.16869622690901,-1.16826865354737,-1.17502410357892,-1.18708135875359,-1.19110044381182,-1.19853985441023,-1.20221656715565,-1.20307145252602,-1.20059147475794,-1.21033993832095,-1.21658261394201,-1.22316740052297,-1.22915368893881,-1.23582393792151,-1.23676454704653,-1.24121120546639,-1.2413823916228,-1.20161937575509,-1.12936182981458,-1.02700426916762,-0.878641017031877
-0.709980771770603,-0.525344279130109,-0.304067019495685,-0.0459803691882005,0.220192237055355,0.485775046583012,0.699555374675074,0.827924591273358,0.887644662406615,0.905164791389662,0.901458674618814,0.918052531849896,0.960842528156719,1.00725471555592,1.03488299742107,1.04397992310978,1.05021282066042,1.05526663966074,1.06554264389978,1.08811684932388,1.11625074478572,1.12745379309894,1.13141271666812,1.13806704469625,1.14825886581608,1.15861879573359,1.17622310783586,1.19559629520434,1.20250343003081,1.20275623682916,1.20334629098578,1.20688429895895,1.21134883612484,1.22128810788706,1.23324880427311,1.2432720017138,1.24680923736478,1.2464719900065,1.25177861580515,1.25885437431077,1.26626712273392,1.27831251712064,1.29313749908551,1.29667524961795,1.29625407658119,1.29583290354444,1.29650714082027,1.29676020505934,1.30257244445469,1.31099564774903,1.31975584096093,1.32261935421754,1.3242193483639,1.32447164028078,1.32531372891355,1.32733489609665,1.33238871509697,1.33879023632675,1.34712925650189,1.35218333294293,1.35403664876909,1.35555297467769,1.35858536905417,1.361870570229,1.36684020611011,1.37391570717499,1.38099120823987,1.38410804317628,1.38486620613059,1.38570880964483,1.38966799065475,1.39522768069249,1.40280879535405,1.41081108305238,1.39261697423423,1.32809511857681,1.21909857446555,1.0634375510382,0.861280414533183,0.663166642157302,0.494113036995228,0.357488983341015,0.25817967651582,0.197364452510712,0.14909972160755,0.107236769374899,0.0684901371972064,0.036734822965183,0.00809608622884836,-0.0170048999750481,-0.040674258271006,-0.0622377513831942,-0.0912979185970082,-0.120779258847589,-0.14866034751108,-0.175614649541136,-0.198694211121194,-0.216214597544982,-0.232050291821755,-0.247548996180974,-0.261952805109079,-0.281747422955045,-0.302468569993723,-0.323442523830753,-0.344753210144601,-0.364800377348172,-0.382573313129582,-0.39824012628648,-0.413906682002654,-0.429320688361207,-0.448524994609819,-0.466465781748166,-0.486596874630221,-0.500663436200042,-0.513803468577151,-0.524753710092019,-0.535872575286026,-0.54581236192971,-0.565438870977998,-0.586160275457412,-0.605870710184182,-0.626170684186099,-0.643859179407572,-0.656156865711171,-0.667191290345246,-0.678394338658454,-0.688165501623,-0.702485127431892,-0.718489445387809,-0.73466212958213,-0.744770025023488,-0.754877663024122,-0.762458520244955,-0.767933254841288,-0.773155182639292,-0.791011786658438,-0.809879360430227,-0.828831117321229,-0.84466655415726,-0.860080817956554,-0.867998665094946,-0.874989983040615,-0.880886405555175,-0.894363685290562,-0.908683311099459,-0.924266198577886,-0.936227152404673,-0.947177136478811,-0.953999573304612,-0.959474565341681,-0.963602112590018,-0.974468170985679,-0.98828244063862,-1.00234977453064,-1.00892017688029,-1.01591149482597,-1.01877552296404,-1.01970230959748,-1.01936531967993,-1.03461121724081,-1.04926757552653,-1.06577673475694,-1.07495758612412,-1.08455961052806,-1.08590705531679,-1.08717031698632,-1.08548588228004,-1.09812081594193,-1.11109273952136,-1.11766314187101,-1.12280140143126,-1.12861312594515,-1.12675981011899,-1.12473812805443,-1.13501413229347,-1.14823860523051,-1.16255823103941,-1.17182403784799,-1.18066841417909,-1.18319545239961,-1.18386917479398,-1.18344800175723,-1.19254492744594,-1.20138930377704,-1.20484261374955,-1.20745357764854,-1.21082270450184,-1.20922219547403,-1.20694796405185,-1.21705611693394,-1.22927013499981,-1.23407140464251,-1.23979920347792,-1.24577955167095,-1.24434740888155,-1.24047241099082,-1.21789820556672,-1.16222098368113,-1.060216272397,-0.926624613119272
-0.713792087101017,-0.453976954923354,-0.170181388767157,0.118089379231664,0.435998004356131,0.664993832315397,0.812422842029399,0.905558448014801,0.947018002044168,0.929961859665894,0.925655435979368,0.951999796425709,0.978343898801477,1.00392824140418,1.02858378800713,1.04901781614276,1.05307107259513,1.05881314289088,1.07460319102777,1.09182862770331,1.10618302923097,1.12492798545264,1.14401075605709,1.15144086598451,1.15388943960096,1.16275519613761,1.17060802566702,1.17702546665779,1.18960718140515,1.20826826468992,1.21392594590762,1.21873896213305,1.22186316451509,1.22650714451383,1.22929327444251,1.23891904882279,1.24888263758587,1.26053504019233,1.26602342711277,1.26957009102623,1.27691632801674,1.28544478631174,1.29312883768505,1.30486614551073,1.31736321310946,1.31981230286707,1.31947474655485,1.31972817185958,1.32268333801494,1.32639852201394,1.33627746362839,1.34750740470343,1.3558663106306,1.35721705202061,1.35670994334057,1.35341644666127,1.35299398512984,1.35502061335603,1.36017144396425,1.36701134648643,1.37604665539091,1.3778203744535,1.37866503944577,1.37832748313356,1.38077605675002,1.38280242690562,1.38989498052083,1.39681875597992,1.40475571651681,1.40517791997766,1.4049247527435,1.40264495728315,1.40433351305596,1.38026868999939,1.32149982635758,1.22025848167917,1.07468732203525,0.873387370124075,0.674366955602668,0.500086992903424,0.356711497712361,0.250404485715514,0.187582881762493,0.140804751251094,0.100781359972102,0.0670907625352484,0.0332308708011274,0.00249518144905546,-0.0274807481299673,-0.0530656068738161,-0.078819501844353,-0.101533325440325,-0.123402742114611,-0.143583344945496,-0.169083814611299,-0.193402062972614,-0.216791515334174,-0.240518524007957,-0.258588109534611,-0.273280067374488,-0.287127618292674,-0.301059816359485,-0.314570069036026,-0.337959521397586,-0.360673344993557,-0.384738168050126,-0.40795858418501,-0.429067983015656,-0.443928977082215,-0.458283378609874,-0.471118002520827,-0.484965553439013,-0.502106084895339,-0.5211888554998,-0.541285069252634,-0.55834121163092,-0.575144444845602,-0.588908122826883,-0.600898597886713,-0.611706851642065,-0.62825717569316,-0.64269622436945,-0.658570661584395,-0.674107284416543,-0.686012854257168,-0.695638628637452,-0.705855642705268,-0.714890435468601,-0.725867209309483,-0.743683885672544,-0.760571507965289,-0.778725740640575,-0.790884735785939,-0.800679546392912,-0.807265249398637,-0.813513396092145,-0.818410543325054,-0.835466943773909,-0.852945547683605,-0.870255631507773,-0.882837088184559,-0.895165119556612,-0.900906931781787,-0.906226540546119,-0.910786131466817,-0.924380515150831,-0.93822832413959,-0.952751761893932,-0.960520202345292,-0.968541810030819,-0.971412845178696,-0.974283622256,-0.975465585489909,-0.990072896181155,-1.00434265056018,-1.02038560786066,-1.02714060516364,-1.03533099100527,-1.0367666376145,-1.03735761923146,-1.03617539792697,-1.05213422421997,-1.06741767981795,-1.08219454287703,-1.09553627546804,-1.10870897183236,-1.11284661736278,-1.11622424504956,-1.11960187273634,-1.12753909134381,-1.13387214325651,-1.13150795871812,-1.13074794087448,-1.1292279051872,-1.12534342689094,-1.12432972567199,-1.14096366458941,-1.15489560458565,-1.16215693635696,-1.16722286174598,-1.17102243482303,-1.1662094185976,-1.16266327082529,-1.17524472750208,-1.19103503370954,-1.20023912077013,-1.20783904113595,-1.21493211089231,-1.21282135165865,-1.2086839641988,-1.21763436788407,-1.22979310495887,-1.23519684473068,-1.23840543619077,-1.24178306387755,-1.20792343021401,-1.15703561181783,-1.01796602417214,-0.877535945803604,-0.539173019666108
