-0.308821088319052,-0.587148201191804,-0.524586806766386,-0.478601389686394,-0.394414613308224,0.0186457220444067,0.325185065153471,0.562027764789803,0.786116944106081,1.0109245040224,1.02565446313507,1.057000233375,1.08610082404762,1.09535193012394,1.0905019689312,1.09472303828035,1.10954221164407,1.12597767273151,1.14061704506617,1.157052780659,1.16630333772456,1.17007531625917,1.17187167951734,1.17842824070642,1.18426642129546,1.19172143861901,1.2021402906153,1.21552297728433,1.22055273950613,1.22100183032067,1.22001361092437,1.22073199152441,1.22252808027719,1.22881507717539,1.23905385363723,1.25037061275722,1.25692717394631,1.2598015198626,1.26698669838989,1.27524985957529,1.28378258505158,1.29411139928067,1.3071344838916,1.31063744714611,1.30964950225519,1.30695468286255,1.30497851857533,1.30381077265537,1.30650504303723,1.31171433178268,1.31782207666261,1.32204396952792,1.32051771957141,1.32006917776765,1.31791376146216,1.31755470841483,1.31944056042944,1.32545771853137,1.33138511337147,1.3390193827133,1.3427913612479,1.34404887042969,1.34422867145875,1.34916867041872,1.35536590405508,1.36264112034958,1.37189195192052,1.38240029267325,1.38231025490604,1.37889705491336,1.37683085285892,1.37305859981893,1.37009476514619,1.35770057237884,1.31467953898238,1.23429557724405,1.11520086570945,0.950569553404017,0.772106738120402,0.610618787011379,0.474278823495142,0.367847320007999,0.295815184695362,0.243991312520942,0.199262855611973,0.158217162986551,0.120045816277443,0.0851976317937791,0.0521458105682882,0.0222376250445811,-0.00569467069728577,-0.03201040421004,-0.0567093009882892,-0.079701872275592,-0.103502861930135,-0.126136380170121,-0.148680135148261,-0.171313927893626,-0.190085429831772,-0.208946695031757,-0.226191398002623,-0.242807209129892,-0.259243219228108,-0.282954445620829,-0.303971127126304,-0.327592315751805,-0.351124015620871,-0.369895517559016,-0.384265874613582,-0.39980397758811,-0.413366190780803,-0.425850421315369,-0.447585757926262,-0.468872278227998,-0.489889234238859,-0.511445044326097,-0.528060855453373,-0.538658959467932,-0.549346552238938,-0.559944381748117,-0.569733792890043,-0.58958272847555,-0.611587354871939,-0.633771782297376,-0.656225499508295,-0.674727437155571,-0.68855894013376,-0.700234752301073,-0.711012382839293,-0.721251433806541,-0.739124754115612,-0.756189930562805,-0.773793961086381,-0.786907357969923,-0.797775300780762,-0.804691189522547,-0.811696567020779,-0.817444709842607,-0.832084356682662,-0.849148709613696,-0.864866064606506,-0.88076322062835,-0.894594449101153,-0.904114844962976,-0.912198479624722,-0.921090532653733,-0.928814839762776,-0.942197526431808,-0.955490175333626,-0.968962350759105,-0.97668610885737,-0.984410141461021,-0.988362195530069,-0.990966977155494,-0.99411088736267,-1.00830226690435,-1.02312198927884,-1.03848029122432,-1.04880910545339,-1.05761084620979,-1.0611135349589,-1.06344902679883,-1.06506613803872,-1.07808949715505,-1.09210080116229,-1.10251937865319,-1.11096179185688,-1.11841626016966,-1.12030238668966,-1.12129033158057,-1.12811618255514,-1.13988175798428,-1.15326389564254,-1.15497022113349,-1.15748496499169,-1.15613769254807,-1.15182685993708,-1.14661784569703,-1.16323365682429,-1.17895128632248,-1.19197437093341,-1.20176378207534,-1.21101433914089,-1.20939750240639,-1.2068824840428,-1.21218153605009,-1.22394738598461,-1.23768912570097,-1.24460473993737,-1.25295766438462,-1.25529315622455,-1.25421572257719,-1.25062354507163,-1.26023425320606,-1.26993445009693,-1.25080362060607,-1.17859195876977,-1.07853776445343,-0.933935188762559,-0.731132529748011
-0.593896949482245,-0.425652632357857,-0.221150060799912,-0.0101695208369721,0.18308693679672,0.485027689456808,0.705995211952257,0.862813853501648,0.982294670876506,1.05697031922557,1.03564730445365,1.03366772662245,1.03825603551139,1.04797271313932,1.06866574974603,1.08890919477697,1.10204496821727,1.11356111206654,1.11634995473414,1.11823906429108,1.12804566023417,1.14505012106261,1.1521580676328,1.15467770531406,1.15989626734776,1.1656543392724,1.17132221790232,1.18382773819786,1.19993219093607,1.20497064135991,1.20596056776529,1.2119889445945,1.21882713621923,1.22629475605005,1.23898038795546,1.2534654860822,1.25625460372936,1.25481481076865,1.25085620506535,1.25031642019486,1.25004666524939,1.25562462556416,1.2640818968208,1.27388849276389,1.27640758048603,1.27595743895113,1.27424789104496,1.27460783928513,1.27577760232083,1.28045637948404,1.28846405916491,1.29782133851178,1.30142027095445,1.30303990054547,1.30339984878566,1.30366987871068,1.30331020545006,1.30762903437309,1.31257756648177,1.31932528983223,1.32364384377571,1.3269724713138,1.32769181783504,1.33147031192848,1.33578886587195,1.34028725644574,1.34640527661055,1.35252329677537,1.3530628066663,1.35072328059492,1.34901373268873,1.34955324257966,1.35243227854198,1.34703442983708,1.31491516769626,1.24770713917801,1.13443453526269,0.977166302137513,0.796775588019095,0.627451426174169,0.482149753412716,0.370227024142946,0.290963341884491,0.237071198416412,0.193075844186129,0.152948902364434,0.114981100024711,0.0805223118124904,0.0538908166917221,0.0280688613868932,0.00395645398826118,-0.0178164273389902,-0.0392293604260581,-0.0710785926418667,-0.100858328711319,-0.130188198225424,-0.158978557848602,-0.183180608582831,-0.201084802521945,-0.218989271440608,-0.235544140693276,-0.252548601521712,-0.276300785700611,-0.298343696952882,-0.320836199780932,-0.342969029348367,-0.364022289174819,-0.380846913372944,-0.398570995702185,-0.415395344920761,-0.434108803696265,-0.453632077267288,-0.472795402598128,-0.493218409279823,-0.507433477481548,-0.519219376276284,-0.52956575708986,-0.540182167828467,-0.548369409160078,-0.568343099245554,-0.590026337237202,-0.61206952346904,-0.635462309366872,-0.659844746690535,-0.67738899238946,-0.692953935236748,-0.708518878084024,-0.72084483672881,-0.732810847133418,-0.747116383609407,-0.760162238734547,-0.767449746955493,-0.776626364733384,-0.784543576139976,-0.789761588214572,-0.797948554566627,-0.81585247352618,-0.832767016039464,-0.851750779719554,-0.863626871809003,-0.874513587452191,-0.880541964281404,-0.8863905044803,-0.890349660142713,-0.90834432235609,-0.925709006404271,-0.944782963379069,-0.955759322357853,-0.966195621486588,-0.970513625470951,-0.973482029789312,-0.972581746719529,-0.989495739273696,-1.00641000680742,-1.02287468276538,-1.03502080477985,-1.04806665990499,-1.04914622964597,-1.05112553249762,-1.05166531736811,-1.0621018914764,-1.07433793180603,-1.08216577485658,-1.08963366966696,-1.09710128949778,-1.09917051066458,-1.10007024377525,-1.1126659573655,-1.12526167095575,-1.13875739263623,-1.14397595466993,-1.14874437516874,-1.14802447868838,-1.14622501246705,-1.14460538287602,-1.16061991729908,-1.17636469677667,-1.18545167121896,-1.19291901607022,-1.19903676125548,-1.19597761368329,-1.19318822105657,-1.20317492860953,-1.21658045699529,-1.23097563680689,-1.23961274469383,-1.24816020924519,-1.2496896455415,-1.24932997228088,-1.24861062575964,-1.25877744492246,-1.26966361060653,-1.27362221630983,-1.27731079208811,-1.28117920449669,-1.26687394300026,-1.20875343888341,-1.13110938621599,-1.02377496583516,-0.868845983801821
-0.67969815469072,-0.508321340833014,-0.289824907407603,-0.030978575183064,0.233746445676088,0.520294267296548,0.751884217836459,0.89146182898305,0.957999578722578,0.97412173393377,0.961473324530558,0.972250920360689,1.007345281321,1.04377578212659,1.0764654724974,1.08608524380391,1.08394763784119,1.08902513259549,1.10167381423582,1.11761819859963,1.13935252229294,1.15894896778639,1.16162151971406,1.15796973082156,1.16295793179646,1.17008373873408,1.17756563184075,1.19128257198818,1.20900793167142,1.21167993912482,1.21150135156605,1.20963053799296,1.21114444868561,1.21141151331239,1.21835900492836,1.22682095171126,1.23822251504858,1.24116213160303,1.24285462985446,1.24525984491822,1.24864484142108,1.25096076270546,1.25817586342246,1.26574705030851,1.27118035899471,1.27269454192449,1.27251622660284,1.27296133431413,1.27545529868301,1.27919638135491,1.28516436376892,1.29255777980759,1.29799163296804,1.29861560047524,1.29852685117012,1.29861614494951,1.29995228479477,1.30262456448531,1.30885961152609,1.31527297388851,1.32132997784478,1.32346785604464,1.32328954072299,1.32186410709833,1.32453611455173,1.32800986035972,1.33406659207885,1.34235049577723,1.350723693255,1.35116907320343,1.34956559649425,1.34662597993981,1.3440424495544,1.34306212364103,1.32382203655375,1.27376280043159,1.18771817121514,1.05980918803265,0.886829441940042,0.713404315899014,0.558684603217464,0.434962354892417,0.342771972414583,0.285141549406373,0.243098880118688,0.206311476432683,0.162754624215211,0.121068585570825,0.082500478802524,0.0444667735249012,0.00919436948007536,-0.0198432597611046,-0.0464762184127991,-0.0727530908954494,-0.0974267589060577,-0.122902165271258,-0.146239693436608,-0.169666243144212,-0.192023717633317,-0.214113583021389,-0.234422200852903,-0.255175926395704,-0.275840358159126,-0.296950442108096,-0.317615418345773,-0.338101807024672,-0.35947922783755,-0.379520781042287,-0.398493259028536,-0.418089432284856,-0.438398594590643,-0.456569878696561,-0.47589925956324,-0.496119400326755,-0.515537530498558,-0.534153650078639,-0.553393192691665,-0.571652681628459,-0.588932389126137,-0.605588673590883,-0.62108713353201,-0.637387331827723,-0.65288579176885,-0.667760828677031,-0.682992496228524,-0.700451063522117,-0.715861046395256,-0.732162061402373,-0.748641119493995,-0.765208926890746,-0.779193476139223,-0.794157806826802,-0.80644958558672,-0.817405224501362,-0.827113745112999,-0.837089602588544,-0.845907363303334,-0.857575719030307,-0.872005375990077,-0.886524326729232,-0.892314266058722,-0.898193499167603,-0.902825613973474,-0.903894961429093,-0.905587731917669,-0.923580700701947,-0.941751712570734,-0.950480996217531,-0.96152592891157,-0.969453201966649,-0.969987331220197,-0.968027223867731,-0.984772529874732,-0.999112893055104,-1.01416597304781,-1.02423112430274,-1.03785958738219,-1.03937404254911,-1.04267028974684,-1.04908419658353,-1.06431613637215,-1.07723188263927,-1.08818806602818,-1.09736245738627,-1.10511168735683,-1.10733858709894,-1.10974352992557,-1.12141215788968,-1.13459496878357,-1.14154246039954,-1.14848995201552,-1.15534869432637,-1.15579380203766,-1.15517037900472,-1.16389966265152,-1.17129253421592,-1.17440964938061,-1.17815073205251,-1.18064442418426,-1.18010975045645,-1.18251496552021,-1.19382777955241,-1.19560957158323,-1.19801505888413,-1.19819364644291,-1.19721386500381,-1.19026582891356,-1.202735650758,-1.21627427558378,-1.22019285686593,-1.22277557053994,-1.22714007624478,-1.21974693244325,-1.21253210396336,-1.22642790390671,-1.24317402662511,-1.22179660581224,-1.16897661293155,-1.06983846660061,-0.927766891085127
-0.709718569813271,-0.442297107619117,-0.147585786978081,0.158885035632396,0.489683137602326,0.723800140612932,0.869045807001992,0.956929159988244,0.98601418003627,0.967880935264472,0.974703537058041,1.01007285734659,1.0411332959378,1.0710265914064,1.09275070810783,1.09741873187088,1.09445615278346,1.09517416255118,1.10370220902037,1.11267911448077,1.12255346355988,1.13413353167831,1.14688046855566,1.15271508671394,1.15837027102121,1.16896290423172,1.17883752767453,1.18835328341532,1.20199848700245,1.21627225779547,1.21851710147887,1.21842765891705,1.21618363832472,1.21681220553061,1.21770964914934,1.22677599717155,1.23674033753985,1.24724325382487,1.25128271038202,1.25262928735564,1.25388614740374,1.25747674496968,1.26124677638664,1.26699167761942,1.27525029894841,1.27991804834777,1.27964862320757,1.27848175444866,1.27776401904463,1.27812343547402,1.28180429869283,1.2892554676923,1.29805293930169,1.30676041962188,1.31160760287224,1.31447991630679,1.31528764300001,1.31789108002173,1.32112280988566,1.32686825984582,1.33333199393736,1.34105231371334,1.34266804146346,1.34311690045466,1.34141118141535,1.3431163517273,1.34491151332843,1.35038726378469,1.35738902506558,1.36609650538578,1.36681478951717,1.36681478951718,1.36510907047787,1.33853749616238,1.28207290074198,1.19212441228702,1.06106170231073,0.888525903111091,0.717785539876273,0.55934352889128,0.427922225576662,0.327650803415077,0.260863274288036,0.208528401077654,0.166067876946398,0.127377384232095,0.0927263480749368,0.0613967587072176,0.0307851791072051,0.00169988469550682,-0.0259491158170809,-0.0488401012774285,-0.0714619359612686,-0.0917494843998903,-0.111049597930607,-0.129272559627906,-0.155754417017884,-0.181248839499951,-0.207282112262416,-0.233853960941586,-0.255937219708714,-0.272993587010785,-0.289690812247152,-0.305490319501114,-0.319853532855959,-0.342924226530998,-0.365904928916846,-0.388885631302694,-0.411956050614055,-0.43421874323219,-0.450825977179371,-0.466625210069642,-0.481706158828515,-0.495979106530484,-0.512675508675784,-0.530718762158397,-0.548941723855696,-0.561688935096732,-0.574795288403462,-0.585298753415848,-0.594814509156631,-0.603881405906221,-0.624259219997725,-0.644367608949031,-0.664924582527851,-0.685930415097883,-0.705769104545305,-0.719054617339356,-0.731352969589188,-0.743920472615527,-0.755051681742749,-0.768517177115195,-0.782341540189644,-0.79814049871623,-0.80684797903643,-0.815914601422323,-0.823724089396428,-0.831174709668512,-0.835573308291369,-0.85280883508075,-0.870762646001548,-0.888627014360517,-0.899220196298409,-0.911608814201117,-0.916277112327851,-0.919778267331981,-0.922740572055715,-0.939886107555911,-0.956403350213901,-0.974536594985699,-0.985578087187421,-0.996350428612629,-0.999492715914745,-1.00227558678747,-1.00344245554639,-1.01870311251996,-1.03405348641903,-1.04976272802011,-1.06107364536203,-1.07328255505004,-1.07777114496208,-1.08136201689172,-1.08477345497034,-1.09635379745245,-1.10730557272867,-1.11008844360141,-1.11269188062313,-1.11466675043895,-1.11233246419374,-1.10927989381713,-1.12400170051029,-1.14015952673889,-1.15685620324789,-1.17005227348013,-1.18396662784377,-1.18773693362441,-1.19025065372062,-1.19195637275993,-1.20111271207134,-1.21062819344844,-1.21332134739566,-1.21511705772417,-1.21718191882918,-1.21475819002216,-1.21143674323272,-1.22292709442564,-1.23746919290413,-1.2431243772114,-1.24824098560196,-1.25380645298373,-1.2511132990365,-1.24491953881252,-1.25596130537793,-1.26933735818855,-1.27346708039858,-1.24393347572305,-1.18136456264048,-1.07705313519437,-0.939526965490212,-0.772556633672341
-0.649976625504191,-0.501613283821101,-0.305303392379877,-0.073983478313247,0.17190122672052,0.484096831252244,0.731519387100573,0.871650167114505,0.945198532078528,0.974509216544875,0.959582497005967,0.96799588471481,1.00888634803139,1.04896254118457,1.07049355855822,1.07610276018986,1.07863598369994,1.08288788406429,1.09175333687234,1.11364572983295,1.13707597360813,1.14476522768098,1.14548880833214,1.15173090110268,1.1586968510168,1.16801464541647,1.18420770021801,1.20049116803939,1.2031145280769,1.2017572268096,1.2059187141541,1.2104424065628,1.21713711741739,1.22944047691879,1.24418664691043,1.24608642629679,1.24481981454174,1.24282962213554,1.24282989862796,1.24282989862796,1.24916268091076,1.25775689465929,1.26309458073899,1.26544670171697,1.26580863028875,1.26906515795758,1.27404063897308,1.28055369431073,1.28779060679195,1.29774156882295,1.29955093518946,1.29737991674359,1.29611358148096,1.29882763103073,1.29937066213461,1.30525110282579,1.3120359502078,1.31863997155012,1.31791639089896,1.31610702453245,1.31266911783911,1.31248829179941,1.31230746575974,1.31755446232718,1.32424889668935,1.33175760121493,1.33447137427229,1.33582812255476,1.33365682761646,1.33564702002265,1.33718514732964,1.34116608512687,1.34677556325093,1.35310862202615,1.32958796523113,1.27322802776416,1.17851057399826,1.04796855095113,0.876264825527878,0.708270245857494,0.55999731719425,0.439135570103414,0.338538228631186,0.271051130398018,0.216952900889189,0.17271522039152,0.131914893602352,0.0993468519899285,0.0692216208677533,0.0411772716640299,0.00761468683334088,-0.0237763265666369,-0.0545341723352997,-0.0836637542695482,-0.109898737106752,-0.131429477987991,-0.151060715975278,-0.169696581267065,-0.188061207499321,-0.208777678217146,-0.229856077506748,-0.253195908262074,-0.269750891635403,-0.286757940107936,-0.30213672474606,-0.31688234175287,-0.33072355206884,-0.356415780294574,-0.381655943421099,-0.406986519567463,-0.432769437305457,-0.458371252511352,-0.477459735887176,-0.495733949099587,-0.512922653089052,-0.529206673895264,-0.545038353109845,-0.561050858364112,-0.577696531249701,-0.590452232342725,-0.602122147720385,-0.613611237058366,-0.624466882272624,-0.633241922060832,-0.650520486085316,-0.668613320273213,-0.68598229731753,-0.697833038734887,-0.710135845251455,-0.717553583772359,-0.724790496253585,-0.732660852858539,-0.752382227373265,-0.773008561563658,-0.794268339877785,-0.808290929218268,-0.820956493783867,-0.827379689086512,-0.832445859614261,-0.836788172998455,-0.855062109718445,-0.874240453129275,-0.892785905401216,-0.905993671593451,-0.918387444114697,-0.92327251211036,-0.927162760395325,-0.930781493128352,-0.946794274875032,-0.96362105029272,-0.980447825710401,-0.995374821741729,-1.01021112826079,-1.01744831723443,-1.02359972049272,-1.03047498089457,-1.04069718198509,-1.0514624141795,-1.05435701327654,-1.0582469850691,-1.06032759049514,-1.06132296319066,-1.06168489176244,-1.07923524783128,-1.09579050769702,-1.10890786086941,-1.1208487388142,-1.13224713863992,-1.1342370545537,-1.13631738348733,-1.14644944805043,-1.15793881388082,-1.17069423848144,-1.18010272239338,-1.18842569708238,-1.19249677140703,-1.19512040793696,-1.1957541285531,-1.20344393561079,-1.2115860842601,-1.21547605605266,-1.22018002151621,-1.22515550253171,-1.22606018571497,-1.22850271971279,-1.23854464774846,-1.24297792713732,-1.24578238970694,-1.24849616276429,-1.24958139549482,-1.2474098240641,-1.25537031719648,-1.26930194053229,-1.27255874469354,-1.27436838755247,-1.2759969278793,-1.2324831045252,-1.14346498891838,-1.03318764798226,-0.809556987988484
-0.558090461901408,-0.251903032050279,0.0679573382665102,0.399285518708859,0.589384523694086,0.770839061862447,0.852877513482861,0.890015585874418,0.898925347746268,0.946472206913822,0.970289447926902,1.01598355545033,1.05012169077201,1.07111612769401,1.08911143637251,1.09219872669219,1.0944041266411,1.10754782504079,1.12298508546559,1.13357073561159,1.14803794358942,1.16550401020194,1.16938556803379,1.16868027142421,1.16982745684996,1.17097437266692,1.17079831812331,1.17961964831018,1.19126351297934,1.20008430394859,1.20317159426828,1.20546488668459,1.20916985075525,1.21499205269862,1.2229317621235,1.23581124390339,1.24789699738872,1.25257282273273,1.25266152402652,1.25054455576259,1.24886866748845,1.24869207372727,1.2529260102551,1.26139415291958,1.27127369762961,1.27656611828941,1.28027081275127,1.28679831130422,1.29059116784228,1.29464878021772,1.30214660082644,1.31149690347047,1.31246695591744,1.31361333251681,1.31361306290801,1.314053873289,1.31308355123324,1.31802359319705,1.32340498475942,1.3291390246266,1.33205053001148,1.33372668789441,1.33319771543723,1.33152182716309,1.33258085051265,1.3336396042534,1.33769775584644,1.34254963573405,1.34916583558079,1.34907740389579,1.35181177630189,1.35084118463733,1.35375188119582,1.33910807945679,1.29658915472045,1.21375697480547,1.09202267214859,0.91877206002491,0.732906991567528,0.563273181438316,0.41983860603228,0.30674957901866,0.23256240513814,0.179899179854379,0.135175124777918,0.0968025137108026,0.0623993529429373,0.0306426721137697,-0.000143417050841401,-0.0242254139013107,-0.0484840045129688,-0.0702724393383239,-0.0922374679248738,-0.111291799952931,-0.139079030482849,-0.164219781074075,-0.191301445385619,-0.2151189560075,-0.238142199117212,-0.256049345719518,-0.274573896464008,-0.290804885183373,-0.308270951795901,-0.329354090011683,-0.350525120694859,-0.371343503073252,-0.391103131710876,-0.412274432002858,-0.430005254452769,-0.447207104445502,-0.463703118611056,-0.483375124390091,-0.500665136459006,-0.518572552670118,-0.535950457206446,-0.549799721824513,-0.561972828559646,-0.572822695325426,-0.583319913786417,-0.593993726008602,-0.613136220112854,-0.63077888048657,-0.651420938712568,-0.671798241101177,-0.691117059357823,-0.705054755660885,-0.719433801562526,-0.731254529601662,-0.742722339727221,-0.754719391918747,-0.767245686176263,-0.780389114967157,-0.791503737570327,-0.802265711868713,-0.812586336568515,-0.822201395049938,-0.830581914855815,-0.844255124930282,-0.858457307461933,-0.872571597526184,-0.881216603560645,-0.890214257899895,-0.895683272320891,-0.900270396371108,-0.905122006649925,-0.920647429150928,-0.936172582043125,-0.951433248706733,-0.961048307188174,-0.970310447756007,-0.974191466370269,-0.976573190471577,-0.979837074552448,-0.995185903292262,-1.01018208372728,-1.02561961376088,-1.03885174384555,-1.05190754977784,-1.0581711013198,-1.06452281493794,-1.06902177691196,-1.08048958703752,-1.0913397234121,-1.0938098791984,-1.09557419915753,-1.09777959910644,-1.09504495709155,-1.09257507091405,-1.10712990175049,-1.12309613463248,-1.13941528542804,-1.15211790383795,-1.16508500847645,-1.1691428904607,-1.17117196625721,-1.17364212204352,-1.18484517633168,-1.19428418026951,-1.19543082647767,-1.197283308513,-1.19763622642658,-1.19349045197494,-1.19005024374167,-1.20372372342493,-1.21757325765179,-1.22216038170202,-1.22674750575224,-1.23098171188888,-1.22568875201148,-1.21977865760071,-1.23424559596975,-1.2485359405776,-1.25382863084619,-1.25912132111479,-1.2640610934698,-1.233098410544,-1.1610284745362,-1.08296001243262,-0.961843383526718,-0.781976571556298
-0.694612512002851,-0.590080152019659,-0.433855201290407,-0.291391539524766,-0.179008758083912,0.181957222491634,0.449505937713958,0.657334508824527,0.855371486882693,1.02526902581797,1.02623934200816,1.04432297305603,1.05958408668374,1.06311270527149,1.0750212537908,1.09980866701964,1.11621588070973,1.12486029527108,1.13403421830632,1.13932687658078,1.14382581135872,1.15891006268557,1.18113944312402,1.18757874067519,1.18872537995191,1.19057785078905,1.19278350701356,1.19393068550461,1.20548712706521,1.21792545366559,1.22471793660413,1.22692305361431,1.22665829937736,1.23062745607424,1.2367138378452,1.24527036047046,1.25620886240675,1.27014647445689,1.27252845376791,1.27314639339223,1.27279374721919,1.27535204961674,1.27632236580694,1.28382014109157,1.29149423946272,1.3005800009547,1.30322619528835,1.30525525881917,1.30675535309042,1.31010764859165,1.3126659509892,1.31822336350061,1.32501557683199,1.33083720436601,1.33268940559597,1.33383577526553,1.33604089227571,1.3384223323724,1.34186251980972,1.34733177077786,1.35394793062988,1.35827054232132,1.36038803700256,1.36091754547645,1.36171153858013,1.36382876365421,1.36771029802217,1.37309138744704,1.37935463151886,1.38500047518069,1.38544155250416,1.38438280516354,1.38305930358597,1.37511991176354,1.33568851570983,1.26114860490099,1.14594276682564,0.986366059809487,0.794150709285338,0.616578532764577,0.464940947963695,0.343560296966949,0.26081677931307,0.208947595873312,0.165988120446182,0.128321303293506,0.0970940532991788,0.0609270608105974,0.0272299395691431,-0.00399731042519026,-0.0336365742121717,-0.0639813999523953,-0.0877106050549377,-0.110645547446634,-0.132433580954436,-0.153692375595517,-0.174951439843762,-0.197445304911988,-0.219322039177394,-0.237758586005476,-0.255754325117253,-0.272162078021672,-0.288393238232417,-0.303918566882738,-0.326677455795078,-0.348553920453313,-0.372018371318907,-0.393983536734729,-0.410832366962617,-0.42230010776563,-0.43491475745253,-0.444441865875155,-0.45388054314734,-0.474345883899079,-0.497104772811418,-0.518540429753343,-0.541740126381988,-0.563616860647388,-0.579406673927493,-0.593167693283941,-0.606664228010611,-0.619543631934454,-0.635245553278467,-0.651565144639634,-0.667267065983646,-0.677146820579307,-0.687114467111054,-0.696023635909354,-0.702198179223577,-0.710137031831673,-0.72989627141583,-0.749743942150415,-0.767562818961336,-0.788557398579802,-0.806111790760945,-0.81828536312437,-0.827900902697416,-0.839721828887799,-0.848278890727397,-0.861158294651234,-0.872096796587519,-0.886034139030488,-0.893531644707957,-0.903763775869489,-0.908879571843094,-0.915759946717736,-0.919994127258735,-0.934902325106236,-0.946017150129036,-0.961895664166734,-0.971334341438925,-0.983066566871715,-0.986418592765782,-0.993740584178222,-0.996475209662292,-1.01050125286285,-1.02144002440631,-1.03617189916728,-1.04455209870602,-1.05654907837576,-1.05990137387699,-1.06545878638839,-1.06810498072203,-1.07957272152505,-1.08786502912768,-1.0905114930685,-1.09068808576218,-1.09404038126341,-1.0900706853522,-1.08795319067095,-1.10250793352391,-1.12076734844397,-1.13470469088693,-1.14908338026054,-1.16125695262397,-1.16531481007845,-1.1648742719693,-1.16813840592728,-1.17563672042624,-1.1868397069923,-1.18825137011313,-1.19222079641718,-1.19363192032369,-1.1929258191561,-1.18754472973122,-1.19910036247033,-1.21012702594987,-1.21409699146826,-1.21683215616665,-1.22186059941849,-1.21833225043791,-1.21489179339343,-1.22644715652537,-1.23950180510707,-1.24320593795984,-1.23059101866578,-1.16901840371688,-1.06827968616556,-0.93428519430341,-0.770386954024502
-0.625195927487108,-0.466378712398486,-0.278540573382743,-0.0583194110242328,0.182428865026936,0.485642206188169,0.7296638847509,0.904407332050856,1.00651071908979,1.04402518283398,1.01509268539354,1.00686388420174,1.01925035277191,1.04597002470619,1.07136275850547,1.08481142658538,1.09622520380205,1.10091505260485,1.10578175438102,1.12144270713231,1.14612802903814,1.15453341278591,1.15692200959586,1.16152262065982,1.16541527899553,1.17019301345025,1.18417251086763,1.20080642538981,1.20310713654786,1.20257657762778,1.20408063915353,1.2085928237308,1.21337028776812,1.22540277997417,1.23858562775926,1.24362891209139,1.24221354746971,1.23938254780895,1.24079845326541,1.24239121169524,1.24761134900075,1.25672441505935,1.26672255723695,1.2677844863293,1.26751920686925,1.27052760033816,1.27353572338967,1.27725125833464,1.28618720100249,1.29609664627602,1.29990114854245,1.30069779817475,1.29963668033457,1.30237979434344,1.30636114958323,1.31308534841449,1.32202129108235,1.33210731891184,1.33219547498113,1.32865652259214,1.32494071722978,1.32564866995801,1.32715300190117,1.33396589763649,1.34254813435763,1.35201490636296,1.35148407702548,1.34741429529901,1.34334451357254,1.34422931927414,1.34555679824392,1.35201571761513,1.36183646598459,1.3705071291924,1.34378691642334,1.27981724895274,1.17638638294402,1.03128284497796,0.842648326747298,0.664630936101002,0.509087123523942,0.383006637724795,0.285681255557955,0.225073957920382,0.175172755188643,0.132084177774843,0.0932425054782581,0.0596209704871783,0.0283001466541676,-0.000100980614018675,-0.0275286052765333,-0.0561950120047609,-0.0833573572072281,-0.110608399313769,-0.131046816102371,-0.149804318391857,-0.166261379940668,-0.182275768221291,-0.197316924313637,-0.222002246219462,-0.248368753041799,-0.274735259864142,-0.301013610617189,-0.325168644020314,-0.344899378498076,-0.361710145993619,-0.377989813734289,-0.394003931597518,-0.412406646270716,-0.430367228510504,-0.45062825149096,-0.465934957460736,-0.481949345741359,-0.496902075347027,-0.511589525492647,-0.523534402464195,-0.545034477927753,-0.564499662528079,-0.58458437336995,-0.599802652853054,-0.616790273321954,-0.628026927147865,-0.638909875027063,-0.648111637989742,-0.665807211186878,-0.68173317298081,-0.697836258165512,-0.714647025661049,-0.730661413941672,-0.741898067767596,-0.753842674321749,-0.765521730998465,-0.777466067135223,-0.792153246863449,-0.807194132538412,-0.822765847550847,-0.837541453765757,-0.851697804156511,-0.862934457982435,-0.873817405861626,-0.883019168824312,-0.893990272772793,-0.904518973870481,-0.915401651332284,-0.924161011444164,-0.93318592143348,-0.940618343410364,-0.947608632953837,-0.955837434145634,-0.967428064335672,-0.97972664725394,-0.983885125884489,-0.989812945500829,-0.994236703591419,-0.997067973669571,-0.998571764777931,-1.01609021458431,-1.03148507662339,-1.04767631787737,-1.05917852158073,-1.0713889484297,-1.07537084450427,-1.07935301099624,-1.08236167488253,-1.09483711077416,-1.10483471211698,-1.10704618553619,-1.10987664436216,-1.1128842265789,-1.10961001281517,-1.10996371876189,-1.12642050989331,-1.14243516859133,-1.14915963783997,-1.15517615436039,-1.15986546232842,-1.15561855721119,-1.15110610221653,-1.16535114951136,-1.18233931081504,-1.18862164763028,-1.19384205535317,-1.19923958646682,-1.1936654727972,-1.18702943003524,-1.1998583014562,-1.21560713985939,-1.21958849509918,-1.22427807348459,-1.22817127265509,-1.22224372345614,-1.21525424516483,-1.23073780410798,-1.24843310688772,-1.2568382202181,-1.26568546598189,-1.229586096442,-1.14924806432666,-1.03484609436946,-0.893016229332343
-0.730297590689787,-0.576029643894984,-0.386480148895594,-0.16358981189845,0.0813513579365783,0.408498513521881,0.676020240836595,0.857984294629187,0.969738401773829,1.02398382257537,0.999375214978442,0.997170050820669,1.02398382257537,1.05873591571811,1.08202169440034,1.09366431416148,1.10036768970516,1.10292573404418,1.10909992410599,1.1283282546539,1.15099669520394,1.15902343882226,1.15858240599071,1.16069941749817,1.16440371587128,1.17084236388404,1.18513118063452,1.20233092190525,1.20497711889458,1.20374271221017,1.20630102612916,1.21088765974535,1.21591532619311,1.22782294306514,1.24167099656403,1.2444053462037,1.24290621198836,1.240260284579,1.24123050289243,1.24184784102462,1.24846306391798,1.257812636451,1.26786769976653,1.27130754018868,1.2735124347665,1.27862825386456,1.28392037826326,1.28877173941037,1.29732766851057,1.30676593285384,1.30808903134851,1.30606017249136,1.30332555327174,1.30385446917365,1.30473599567682,1.31135121857019,1.31999556990066,1.32969856177487,1.33084589412884,1.32969990967472,1.3267895243144,1.3284655029903,1.3305822449178,1.33746192576212,1.34575285775142,1.35404378974072,1.35421982546138,1.35174993377268,1.34901531455305,1.34628069533344,1.34469286930785,1.34680988081531,1.35042629611808,1.35351352593896,1.33366785725887,1.27695308392856,1.18019355389688,1.04074333975446,0.860896027889352,0.680783988493329,0.523869305549251,0.396238555628544,0.303272015780232,0.238706804132238,0.189136439177182,0.145299501032338,0.10825409108151,0.0720907467937779,0.0433365384122223,0.0172282574400167,-0.00764507768782569,-0.0372816213124762,-0.06480142300963,-0.0929385628389691,-0.120722822487071,-0.143832565448641,-0.16332562352747,-0.181760310642557,-0.199577390045479,-0.216600556435612,-0.24076813120098,-0.264318367834163,-0.288574095249845,-0.31185987393208,-0.334881194663355,-0.353492187079076,-0.372279754375401,-0.390273408658925,-0.408355215592775,-0.42687805535817,-0.445577470004187,-0.463482971637397,-0.47592004357128,-0.488268693274874,-0.498765059001926,-0.508996697198061,-0.519139913163901,-0.539691072626505,-0.560242501669077,-0.58229333450696,-0.603814981862961,-0.625513204099576,-0.641742727056878,-0.657619369832948,-0.672172914114348,-0.687432218758227,-0.702338643220875,-0.717774522745352,-0.731887303775169,-0.744853291610948,-0.755702267939268,-0.766374938966949,-0.775900816800609,-0.786308490717404,-0.799979969335695,-0.81532715704992,-0.829263093619159,-0.838965007173473,-0.847696971994334,-0.853959045126492,-0.859163016874877,-0.865337206936684,-0.879979173448372,-0.895062172791611,-0.910145441714825,-0.921435720454677,-0.932725999194523,-0.939429913898145,-0.945780948420529,-0.952131713362951,-0.965891614211525,-0.979210482228548,-0.992352505784993,-1.00496534385957,-1.01687269115163,-1.02454628500874,-1.03186699868462,-1.03795303609611,-1.04527374977199,-1.05285892139881,-1.05171185862481,-1.05109425091265,-1.05153528374421,-1.0502124548295,-1.04906620079542,-1.06617832857577,-1.08205524093181,-1.09555041424947,-1.10948662039867,-1.1220115754029,-1.12518668829414,-1.12889125624722,-1.13753533799773,-1.14679675788043,-1.15852779987186,-1.16505487011491,-1.17149378770765,-1.17405183204667,-1.17546308319165,-1.17466917017886,-1.18304852439844,-1.19169233656899,-1.19627843102524,-1.20174686072457,-1.20721556000388,-1.20783316771604,-1.20827447012756,-1.21912425519579,-1.22953273785249,-1.23535431731304,-1.24196954020641,-1.2470850897245,-1.24681982303364,-1.24593721821059,-1.25502179363271,-1.26119571411455,-1.23164732314023,-1.16946385053062,-1.07649731068231,-0.930873176058043
-0.80444030503302,-0.663082714320893,-0.484059092225109,-0.273218865938527,-0.0506800561357447,0.3133940347815,0.610024054099903,0.81873741294873,0.959031569941976,1.03719936566979,1.00564848447396,0.995987923194341,1.0159282534666,1.0471242955968,1.07291405306192,1.08886664232315,1.10100863923664,1.10747862849011,1.11474632846749,1.13397833495603,1.15604607440508,1.16207237939173,1.16278124491448,1.16136297212995,1.16224898631602,1.16703470892047,1.18121499894008,1.19628157401525,1.20620785828983,1.20886698432606,1.20762640194388,1.21276669274447,1.22003385098282,1.22969387052341,1.24281045595462,1.25707932030587,1.25778845669814,1.25495272373763,1.25238271377209,1.25433216167703,1.25832017355757,1.2691324720182,1.28162849538881,1.29297278157839,1.29377103404134,1.2904035842214,1.28579528114976,1.28632726887871,1.28925184704038,1.29758243899761,1.30795159493046,1.31964990757714,1.32027019876823,1.31725677540539,1.31335706698698,1.31397708730856,1.31424281030352,1.32035768962183,1.32859997811692,1.33728540913979,1.33675396314988,1.33524765777272,1.33303248687283,1.32913304932394,1.32815818993671,1.33356420373227,1.33932478572396,1.34561681370557,1.35421312865777,1.35749200414606,1.35633972522601,1.35563058883373,1.35749200414605,1.35784711408121,1.3378182094773,1.28606127501423,1.19477716472472,1.05528044758587,0.872622840066644,0.689344941356317,0.526185063320591,0.396968927782944,0.303291685321679,0.244355625212888,0.200929011837535,0.164769556700538,0.121431246787333,0.0813720832319222,0.0437943553104012,0.00825492049498385,-0.0220553783186729,-0.0458956878788611,-0.0676088591317747,-0.0881697514646431,-0.107666939209123,-0.134076987865332,-0.158714737279922,-0.184150197418421,-0.209851380551891,-0.232184842995899,-0.250973165217622,-0.269938906972179,-0.287575492012892,-0.303617197344813,-0.325242336005098,-0.346070034810999,-0.366897462747374,-0.387104057753627,-0.404208384195862,-0.418122138611961,-0.432567609887502,-0.445772498780849,-0.460661654323193,-0.481666230922882,-0.503291369583173,-0.523409931996803,-0.544769076792622,-0.563646515085042,-0.579421955682958,-0.593601974833049,-0.608313439973057,-0.621872897062534,-0.637559492459279,-0.652625525795423,-0.668932412383274,-0.68071984110064,-0.693393554873584,-0.704471847198691,-0.715727559056626,-0.725476423798374,-0.743112737969573,-0.758976482029632,-0.775549362481956,-0.790615666687613,-0.800896248288804,-0.808251980858811,-0.815253145232683,-0.82119060501816,-0.829343777442562,-0.847777802337676,-0.863553242935599,-0.880746685448525,-0.890761814924272,-0.899801814143281,-0.9026378179733,-0.906537526391714,-0.909107807226769,-0.925680687679087,-0.940835837085915,-0.957142994543275,-0.969107301054434,-0.979565302188453,-0.983199016742388,-0.987187028622939,-0.990111606784609,-1.00110105390855,-1.01545795085242,-1.02981511866582,-1.03725969643699,-1.04328654316268,-1.04585709486725,-1.04621220480241,-1.04568075881249,-1.05924048677149,-1.07616766455042,-1.09017026416769,-1.09601914962151,-1.1024000228043,-1.10107059522094,-1.09699373813922,-1.09655032474191,-1.11330035385755,-1.12916409791761,-1.14290097453991,-1.15539726878003,-1.16505783005964,-1.16612153464803,-1.16718523923643,-1.17356638328872,-1.18384723575943,-1.1962549556679,-1.20183865986579,-1.20786550659147,-1.21025863876322,-1.20963807670261,-1.20724494453087,-1.2168163897398,-1.22665355794369,-1.22984385910032,-1.23294585679482,-1.23711128820819,-1.23480700123761,-1.23099640888988,-1.24180897822003,-1.25430527246015,-1.25829355521021,-1.2230206559983,-1.15885545988774,-1.04435078949011,-0.857704899220807
-0.762058930257147,-0.633822027361628,-0.473083281115872,-0.320315306226877,-0.224137967396185,0.14135416350427,0.410757465565678,0.626935405960214,0.82743814563439,1.01988187463292,1.02882679724319,1.05344692057381,1.07151351510486,1.07673858201164,1.08506312266219,1.10490045837144,1.12172655965582,1.13323908404176,1.14032367279115,1.14404298714911,1.14599128965611,1.15608738350314,1.17291429680578,1.18770412693704,1.19372659578681,1.19434670707376,1.19992635529261,1.20550573283869,1.21391932482639,1.22782351369578,1.2442076063675,1.24748464144005,1.24668778084257,1.2449167689916,1.2452710796309,1.24668778084257,1.25386060891084,1.26333632079815,1.2735203832913,1.27723969764927,1.27706267766601,1.27786007960899,1.28131413466481,1.28405956844202,1.29087889788927,1.30053190043262,1.30726244921547,1.3077052698464,1.30850240111662,1.30655409860962,1.30628856863472,1.30876847243704,1.31505647126172,1.32099043011986,1.3291382214599,1.33197243590152,1.33303536781941,1.33206121656591,1.33427504904781,1.33737452279157,1.3429536296649,1.34950661711896,1.35818519773605,1.35995620958701,1.35898205833352,1.35836194704656,1.36181600210238,1.36668702904263,1.37439172907897,1.38351313032699,1.39236900160011,1.3921029302797,1.38785174395365,1.37377053510099,1.32807312415995,1.24588875486304,1.12810279779937,0.967541612882394,0.783068655240634,0.613828348361058,0.466727990337029,0.349472822550401,0.267287911907982,0.216542454043426,0.17518419807455,0.141088092183858,0.110888591307143,0.0839658548302283,0.0492496376525776,0.0142678905000133,-0.0184112435062609,-0.050470266225571,-0.0793410345367312,-0.102101094679231,-0.122647051667079,-0.142750188024,-0.161702423816909,-0.184640045288196,-0.208640328004624,-0.232197790090113,-0.254604080938836,-0.277895742376668,-0.297644838767037,-0.315799943289725,-0.333423717189835,-0.353881434858807,-0.37141642809453,-0.390368393214678,-0.409497378318095,-0.424552738424253,-0.438545166612519,-0.452803666121204,-0.466619344998957,-0.479726402598119,-0.501866622126423,-0.521438698533528,-0.542338966160677,-0.562265082534322,-0.581482848302133,-0.594678415892933,-0.609290955368158,-0.623017853581517,-0.63665624180325,-0.650826231320303,-0.666058882082486,-0.679520250320944,-0.689262033528675,-0.698738016088748,-0.708479528623736,-0.716804069274287,-0.727697023718785,-0.745675108258197,-0.764273304084561,-0.781985587976309,-0.794295784977999,-0.804037568185736,-0.809882475706727,-0.814753231974215,-0.820332880193054,-0.837779634109896,-0.856820650567198,-0.876215977663796,-0.887729043395258,-0.897205025955338,-0.900747320330027,-0.902252531533334,-0.903226141441314,-0.919166872136582,-0.936613084707905,-0.95370498663994,-0.965306291690279,-0.974871054914746,-0.977793508675239,-0.980184631813167,-0.981956185009648,-0.996834525132541,-1.01436951836826,-1.03119616099814,-1.04483481989263,-1.05767607684413,-1.06352125503788,-1.06724084006859,-1.07051760446838,-1.0790191651022,-1.08964631889905,-1.09088572945469,-1.09425073317336,-1.09646456565526,-1.09619903568036,-1.09425100384611,-1.10983823592035,-1.12330014550433,-1.13339651002412,-1.14225265196999,-1.15013437198961,-1.14951426070265,-1.14951399002989,-1.1588129526067,-1.17014899835489,-1.18139653411145,-1.18972161610751,-1.19724956683335,-1.199463669988,-1.20026080125823,-1.20336054567476,-1.21265950825157,-1.2210728295665,-1.22585507584236,-1.23072583210984,-1.23409110650127,-1.23293966459175,-1.23462216645108,-1.24436367898606,-1.25012007651541,-1.2524226896617,-1.23586184767948,-1.17147827226595,-1.07547849476405,-0.94414265947028,-0.728230519723413
-0.510929755846831,-0.240523035816574,0.0710173405099064,0.39797200253297,0.628390255169239,0.817674851509274,0.917029545479405,0.954111429756924,0.940546836807717,0.949795300544518,0.967059278988459,1.00995459870176,1.04412989986281,1.07381301315088,1.09486413721698,1.09336656179076,1.08966690709319,1.091604359968,1.0992672189483,1.10287857511273,1.11327222775178,1.12525121594449,1.13828709450631,1.14366011408783,1.14797597409738,1.15784064314619,1.1668247496893,1.17422352067875,1.18822799107654,1.20619620416276,1.20989558965748,1.21086445069631,1.21341891649164,1.21949697832397,1.22583939734999,1.23878778498721,1.25481881440147,1.2667097732639,1.26776639443016,1.26327366815149,1.25860488321226,1.25781154242832,1.26186277604133,1.2697016936822,1.28115196748751,1.29427587537962,1.29594977866925,1.29189854505623,1.29013742004484,1.29172356320704,1.29286902131213,1.30114862401011,1.31242283915485,1.3225521346002,1.32466591533841,1.32431352881444,1.32087850051341,1.31682699769755,1.31497730495018,1.31770782940608,1.32237607593963,1.32907007388111,1.33505929877461,1.33523535743518,1.33268089163985,1.33003839651424,1.32448931827216,1.32167076448597,1.32316807070935,1.32721984272806,1.33074316956221,1.33911080159049,1.34386707745432,1.33118358541648,1.28379634703305,1.20267449254568,1.07716028132447,0.909279733980207,0.727658535026148,0.565767212575397,0.421139330162888,0.307867925922405,0.230092532000084,0.174072765988987,0.12976790017974,0.0954162711552828,0.065556830003795,0.037987766656785,0.0135018834924999,-0.0199683754177354,-0.052117386765159,-0.0838259822583182,-0.113508826343544,-0.13861172242835,-0.156579935514575,-0.174372089940225,-0.190138492957936,-0.207314442071595,-0.232241279495831,-0.256463613074951,-0.281214391838617,-0.307198388834814,-0.326664177347252,-0.342694937558669,-0.360223003993461,-0.375725049817477,-0.390345994730108,-0.414215403379553,-0.436411447145053,-0.456757798163189,-0.477985250092709,-0.49524922853665,-0.509254237340128,-0.522642502425928,-0.536999628550551,-0.549330734064403,-0.569589055752251,-0.586764466460212,-0.604644650216143,-0.622084418117811,-0.635648741864174,-0.644633117610131,-0.654850711588616,-0.66542042288823,-0.674581126497599,-0.693694797688903,-0.711310893453978,-0.729807820927593,-0.747776303216656,-0.760019110197377,-0.766536780275442,-0.775168231091717,-0.781861959830346,-0.787939214054147,-0.807052616042603,-0.827310937730451,-0.846336310388625,-0.866242514755327,-0.884122967714109,-0.894252532362301,-0.902708732126548,-0.910812545366806,-0.918299614889381,-0.92948580070384,-0.941728607684561,-0.955821107412634,-0.963043550538665,-0.969825577810431,-0.973965379159423,-0.977400676663294,-0.977048559342154,-0.9907889417491,-1.00532212653429,-1.02091220168859,-1.02804661548434,-1.03764692733944,-1.03914423356282,-1.03940859075652,-1.03905647343537,-1.05491090578338,-1.06997307415881,-1.0864442502245,-1.0941071092048,-1.10115322446742,-1.10097716580686,-1.10027239275888,-1.09780622549668,-1.11410134290179,-1.13092517469431,-1.14651551905145,-1.15453103375859,-1.16254627926288,-1.16043222932181,-1.15796579285677,-1.15497091120717,-1.16809454989643,-1.18315617986617,-1.19592797043714,-1.20500037551338,-1.21486558296787,-1.21592301174267,-1.21433794539185,-1.21777324289572,-1.22807859700164,-1.23847224964068,-1.24040997171833,-1.24358064282566,-1.24331601642911,-1.2392642444104,-1.23397898495632,-1.24586940541306,-1.2582885402572,-1.26075470751939,-1.26339693344217,-1.26647984442205,-1.23389041722035,-1.12167644175466,-0.95044889543966,-0.682685208940706,-0.31398122371511
0.127405480388714,0.485567680655987,0.782415834200444,0.975902839053186,1.05891586403276,1.07476233170587,1.07980416445525,1.08313520830589,1.09673043519071,1.12013965198789,1.13436503917159,1.14039751693232,1.14832075076887,1.15561354912737,1.16542726386056,1.18190389183253,1.20288217584354,1.20783430018357,1.20873496160638,1.21062599286137,1.21548785843369,1.21971928852798,1.23304401428887,1.24600880569564,1.25096037967733,1.24915960719004,1.24708915911634,1.24781012854126,1.25285251164899,1.26086627943241,1.27248131701122,1.28409607941086,1.28715717249591,1.28508617406387,1.28373531951923,1.28481539776077,1.28607544317936,1.29246758011504,1.30156115096082,1.30948438479737,1.31029478745248,1.31056501339724,1.30948493515571,1.31047530498788,1.31281597900635,1.32082892125225,1.32848192914404,1.33604467826812,1.3370350481003,1.33739525763359,1.33442414813707,1.3359546946796,1.33910604653234,1.34585866818049,1.35297149936192,1.36206534538687,1.36206562056604,1.36017486449023,1.35855433435918,1.35846435077064,1.35909423589036,1.36557635641457,1.37358929866048,1.38088209701897,1.38421341604878,1.36809727278926,1.31830800487755,1.22755253877599,1.09880170880193,0.927373891739249,0.745051731343507,0.579746100450912,0.443972147704769,0.333048249888963,0.258408651867737,0.204207161147184,0.157478711141356,0.11408130498617,0.0781566643665352,0.0446632317122346,0.013330781078506,-0.0151205436472346,-0.0417708207065241,-0.0684208225866332,-0.0948908572897002,-0.114248335990486,-0.133515831102752,-0.152063182327601,-0.168720052655808,-0.184746762685127,-0.210587187447641,-0.2358874354998,-0.261367650729019,-0.288018202967483,-0.30728597325891,-0.322052087511301,-0.336457992230397,-0.350053769473562,-0.361938757817971,-0.38624836085879,-0.41019775436632,-0.43414714787385,-0.457736331848085,-0.479254792569456,-0.494200873998907,-0.50878674589507,-0.521842071248711,-0.535707524078283,-0.553894940949011,-0.572352308585339,-0.591079626987237,-0.608186140078936,-0.622951979152147,-0.636096737735979,-0.647440723832516,-0.65797485763229,-0.673280873415862,-0.690207419330489,-0.705423726704708,-0.722981258455716,-0.73468600444389,-0.744950462657251,-0.753684374328072,-0.764218508127846,-0.772591384727874,-0.792309072961962,-0.80923534369742,-0.828322321274276,-0.836875440230539,-0.847859767152135,-0.851281069770467,-0.856323177699033,-0.859114320018481,-0.87991263685243,-0.896749474357697,-0.916467162591779,-0.928261616989312,-0.939966362977486,-0.941316942342953,-0.945458388848701,-0.947079194158923,-0.962205517944603,-0.977781759672937,-0.995158498709386,-1.00245129706788,-1.00929362712539,-1.01046341377628,-1.01118328248452,-1.01010265388465,-1.02621907232333,-1.04503692467211,-1.0614241194139,-1.07024801467326,-1.07952210305444,-1.08078269883137,-1.0782615072775,-1.07862144163162,-1.09365723147043,-1.11022356785177,-1.1247194561594,-1.14011573071067,-1.15218041105296,-1.15722251898154,-1.15965372694686,-1.16334498033079,-1.17036755274452,-1.18009128388919,-1.18270218385241,-1.18612321129158,-1.18999470703174,-1.18990472344321,-1.18864440284545,-1.20070908318774,-1.21376413336221,-1.21574487302655,-1.21916617564489,-1.22132715766546,-1.21619561650671,-1.20935356162838,-1.22339953199336,-1.236454857347,-1.23924572448728,-1.24185634927134,-1.24509713435428,-1.23699365816149,-1.23006106933629,-1.24626774654268,-1.23636404822096,-1.17847130411647,-1.09311760511842,-0.965356869797353,-0.721360177966331,-0.464668370314957,-0.186638344298447,0.129206803234339,0.45864745283111,0.624853469967343,0.712098200220381,0.655106117538709,0.503666489834041
0.0975747242350749,-0.15681622000451,-0.300730479148951,-0.332919904595205,-0.319991210735759,0.0800968284912729,0.366141693372543,0.585490184278287,0.792177324944577,0.996724354043275,1.00876162998121,1.04424938349351,1.07483311209064,1.07964774994428,1.07429760728606,1.08080678400731,1.09596524901741,1.11237213515206,1.1310973619343,1.14902001281351,1.15338907796717,1.15410226680868,1.16310801325752,1.17505617465545,1.18584530199036,1.20020146361894,1.21723269657664,1.21999715496728,1.21776847390275,1.22071116137338,1.22534757014704,1.22775475281308,1.23854360762647,1.25165053056591,1.25236371940742,1.24915396083832,1.24656827657074,1.24745996701377,1.25031353994441,1.26030009137628,1.27349640137724,1.28687121297974,1.28999212953037,1.2911511635934,1.28927866816733,1.28874398092734,1.2869608725628,1.29239985723948,1.29650157877315,1.30541821068199,1.30836035310957,1.31281826028169,1.31451225410623,1.32102115830596,1.32440941847658,1.33154294202088,1.33805239126366,1.34420538234645,1.34465177261101,1.34483054673407,1.34322566744952,1.34304743836953,1.34527639195558,1.34919933936619,1.35490566766288,1.36266299298715,1.36703178561928,1.36810143262079,1.37059800234837,1.3720243800314,1.37514502406049,1.37933586013415,1.38611265299693,1.37969259081567,1.34117303529275,1.2598537011117,1.13733974007862,0.975236031478045,0.790751764826139,0.62115807452128,0.479651543085967,0.370601235673843,0.285803981739122,0.226775546026342,0.176574355160887,0.131812421493639,0.0899040607570325,0.0561991430877453,0.0249910676675805,-0.00300670414043652,-0.0309153614084526,-0.0585566750564661,-0.0852171837214576,-0.111342732624928,-0.133545061596257,-0.151913285175449,-0.169835663533121,-0.18659900782777,-0.201757200316336,-0.224227145429188,-0.25044180887266,-0.274783976890064,-0.29850179808442,-0.319366591391195,-0.335772932482791,-0.349682976368326,-0.363682134793862,-0.379197330485474,-0.400597356075297,-0.42288907210816,-0.445626360841008,-0.467650460732347,-0.489139600862165,-0.506527019458323,-0.52382532351448,-0.538894673984572,-0.554944829437711,-0.57010302192627,-0.587044595300915,-0.599438601920374,-0.610316571273757,-0.621016039025605,-0.630467358174427,-0.637689723737198,-0.651243036941208,-0.670949068706487,-0.689941911630249,-0.71089636452008,-0.726678903831694,-0.738627337751161,-0.747543969660003,-0.75610387088732,-0.762880663750092,-0.781516503470802,-0.800687030431505,-0.818965866949175,-0.832340678551662,-0.846250177394143,-0.853294041355384,-0.859714103536637,-0.864885744593332,-0.880222166161887,-0.894399553667419,-0.909290402535988,-0.918206761923302,-0.928550044036698,-0.931938304207314,-0.937020830724014,-0.940498205434637,-0.955924014064727,-0.970101129048725,-0.986864200821841,-0.992302912976999,-1.00023819485975,-1.00121872732125,-1.00371529704884,-1.0027344920658,-1.02119210270652,-1.03688579999966,-1.05427349111735,-1.06443881667228,-1.07817063147781,-1.08075658826693,-1.08459069365907,-1.0856606131821,-1.09805461980156,-1.10795205669343,-1.11089474416406,-1.11294574119166,-1.1166907320438,-1.11428327685621,-1.11214343781015,-1.1268557850772,-1.14183574848576,-1.15057415131461,-1.15859909278041,-1.16608880196317,-1.16528622606013,-1.16421603401557,-1.17455931612896,-1.18722093888994,-1.20041752141244,-1.21022557124278,-1.21905308861161,-1.22199550356072,-1.22360038284527,-1.22591872349286,-1.23358720679868,-1.24045284167991,-1.24455429069205,-1.24874512676571,-1.2510634674133,-1.25017177697027,-1.2539167678224,-1.26479528221884,-1.24740786362268,-1.19497826421421,-1.11062712802254,-0.991233811018552,-0.817894857340019
-0.701854666190768,-0.544021971713778,-0.350013580202441,-0.124563847322425,0.10972888225478,0.449422313759442,0.70479523832201,0.877812432653703,0.987946944248033,1.03385861903034,1.00045195495163,0.997504380385709,1.01760232351518,1.0373426374253,1.06708701449818,1.09263320673501,1.10692472553895,1.11782204275189,1.13461505509548,1.14265461454643,1.14497756647581,1.15283831131709,1.15989507291333,1.16293191828439,1.1749900289635,1.19330064499441,1.19973169195648,1.19848080868696,1.19740874002711,1.19651548597695,1.19535441951135,1.19999895837309,1.21053891936608,1.2204537117237,1.2250092527797,1.22768874193081,1.2351025867476,1.24117682348852,1.24939465155035,1.2591309022977,1.26958186548495,1.2706539341448,1.27118983197503,1.26636647850362,1.26618766389395,1.26556249525858,1.26976068009462,1.27369077951586,1.28226569079823,1.28423101350825,1.28583870699892,1.29235902476613,1.29914770094756,1.30513239388395,1.31352876355604,1.32290765808345,1.32174686461727,1.32121096678705,1.31808457761145,1.32022816893234,1.32317601649768,1.33076840292473,1.33755707910615,1.34693624663297,1.34640034880274,1.34407766987277,1.34264797199357,1.34380849246034,1.34398648807181,1.34988136420426,1.3550618008962,1.36006396897729,1.36006424197669,1.35988597336582,1.3336256146879,1.27369050651646,1.1766864472605,1.03975513315922,0.85959163342674,0.682733064480143,0.527490861348539,0.395293902912933,0.296682150166291,0.232638127963939,0.186012013741142,0.144298250795478,0.110980584522506,0.0801638657903769,0.0522949946235749,0.0187092429357942,-0.0115713049667177,-0.0427448339199898,-0.0730248358236908,-0.102322585871474,-0.127064794863268,-0.151628462244789,-0.174316350720833,-0.19584317273129,-0.217548536352026,-0.237288577262737,-0.257475245198536,-0.273285186688015,-0.289988382227662,-0.305976865327407,-0.322948146281869,-0.338490002356539,-0.362517498908437,-0.3843121333343,-0.406374853174984,-0.426382979500504,-0.446302108020299,-0.461219341458414,-0.477118826752434,-0.491856972581471,-0.509007068145608,-0.527228959370187,-0.54598647542559,-0.564743991480999,-0.581268645410373,-0.596542689069631,-0.609583597603452,-0.621999610501321,-0.634594438008865,-0.651923348182684,-0.669073443746827,-0.688278132826116,-0.701855212189572,-0.713735054257818,-0.722577777955592,-0.730884603823144,-0.737404648590957,-0.754375383546608,-0.772685999577521,-0.791353971828383,-0.803412355506895,-0.815292470574544,-0.822081419755372,-0.827441217055811,-0.831907760306076,-0.849325668285631,-0.86701138868058,-0.884697109075542,-0.895683697093613,-0.906581014306545,-0.910600657532325,-0.914084129928477,-0.916406262859639,-0.933198729204419,-0.950616637183975,-0.968034818162926,-0.980540647864746,-0.993403833786513,-0.998049191646453,-1.00153293704201,-1.00483759482847,-1.01841412819311,-1.03252655938798,-1.04136873708694,-1.05030073158986,-1.05816120343173,-1.06101978019192,-1.06244920507172,-1.07468694935873,-1.08781740169709,-1.10246627672098,-1.1092544069036,-1.11586399547595,-1.11702478894213,-1.11613153489196,-1.11434502679161,-1.12604660024899,-1.13908778178221,-1.14266107098231,-1.14730615584284,-1.15186169689884,-1.15052181582358,-1.14730642884225,-1.16275901411178,-1.17919412423661,-1.18571471500323,-1.19035952686436,-1.19607613438594,-1.19178895174416,-1.18544717558722,-1.19866689873072,-1.21304768833981,-1.21769222720153,-1.22215795145358,-1.22689176112045,-1.22135342220975,-1.21608316871385,-1.23010660210298,-1.24502328954229,-1.25297303218929,-1.26172675808134,-1.2693194175078,-1.22456908219048,-1.15159279248582,-1.05047981919893,-0.840214859173037
-0.580080187936933,-0.281404265086407,0.0650317512032756,0.426284133882993,0.655324226822371,0.838608403384585,0.928115259963291,0.940839813159849,0.911468923289397,0.928638146668854,0.941014019937952,0.975526939846217,1.00951697304891,1.03758051296984,1.04542461266697,1.04864956903186,1.05954415194454,1.07732363178985,1.09423154500213,1.11384099513131,1.12673975510598,1.13153310521634,1.13632672169793,1.14669841790504,1.1558498675517,1.16656971094383,1.18025266779123,1.189926471401,1.19245326879733,1.19471875602649,1.19942473637657,1.20343362324297,1.20892406683701,1.21868550657829,1.22958008949098,1.23402555878755,1.23820971791694,1.24805879378972,1.2585175933859,1.26941190992736,1.28387906364751,1.29573151746861,1.29581835448645,1.29180920124881,1.2859698113561,1.28187382110065,1.28030516098395,1.28640612741505,1.29416285735192,1.30296562707112,1.30662610038129,1.30941500705845,1.31133208073137,1.31446913459354,1.31629883850618,1.32213796202768,1.32771577538199,1.33015626850292,1.33015680124537,1.33190046725383,1.33434096037476,1.33756565036843,1.34296899057342,1.35089966091717,1.35717430138394,1.35944005498432,1.35987583830083,1.36031188798855,1.35734904090449,1.35569327739874,1.35586775054808,1.35778509059223,1.35996374080355,1.34811048786879,1.3001759212803,1.21241219796761,1.08176883471521,0.906589801646083,0.717117555263711,0.54873631573815,0.409202813006247,0.301654900043836,0.227922813506019,0.176414876996411,0.130746330379514,0.0935316071831536,0.0597157807585722,0.029822004182563,0.00245582411653377,-0.021249882639323,-0.053060732888263,-0.0833029230205017,-0.11206382279633,-0.139953155939147,-0.168626952325921,-0.19093847211441,-0.211419488876597,-0.231290249172936,-0.2511612758405,-0.270422046042227,-0.289334402687719,-0.309815952192349,-0.326549924997741,-0.343893621526532,-0.35923287462213,-0.375007644663012,-0.389213221844762,-0.412308405763546,-0.432266269448951,-0.45379305962227,-0.473402776122665,-0.495191409205591,-0.509659362039396,-0.525608871600831,-0.540773917918315,-0.559512067785692,-0.573456867542698,-0.589144534194531,-0.60457089067919,-0.618602793825263,-0.627753977100697,-0.640042746980746,-0.652331516860789,-0.665404483613565,-0.681091883894175,-0.699742664001267,-0.718655020646758,-0.732425347254437,-0.745498314007218,-0.755695270693779,-0.765195133896661,-0.772602917534848,-0.789074781059414,-0.80380377768917,-0.820798794290518,-0.830559701289357,-0.840669554586863,-0.845375801308168,-0.851389397978993,-0.855049871289171,-0.872132257650798,-0.888778594324692,-0.905860714315095,-0.914401641124687,-0.924075711105684,-0.925121484516816,-0.927039090932184,-0.928259337492638,-0.945864610559835,-0.961726750360996,-0.980465166599598,-0.99318971979615,-1.00818055933552,-1.01279996903898,-1.02020801904839,-1.02378112259828,-1.03824854268964,-1.0486194397831,-1.05698589344336,-1.05968769673146,-1.06683443657369,-1.06605023970096,-1.06761943256009,-1.07633509889024,-1.09211013530235,-1.10474758510983,-1.1147706013895,-1.12322469118126,-1.12793120427379,-1.12836698759029,-1.12915118446303,-1.14030627842923,-1.15093848568986,-1.15285555936279,-1.1561673527455,-1.15852074247737,-1.15425081181502,-1.15355398470256,-1.1703747945258,-1.18501642139527,-1.19041949522903,-1.19660676593553,-1.19930830285241,-1.19294602625414,-1.18728137588198,-1.20157512193767,-1.21447441465477,-1.21874514443079,-1.2218827310354,-1.22475874110162,-1.21787357779778,-1.2130799613162,-1.2274602780185,-1.24279926474287,-1.25029415177012,-1.23146836577124,-1.17603811304185,-1.07947135363874,-0.952836610881512,-0.797702811258066
-0.676266087298235,-0.534264392656944,-0.354548888274257,-0.142520017020756,0.0917299760697795,0.426549587317035,0.689040495469941,0.864860775865208,0.982517050008373,1.03492669890148,1.00872214503175,1.00553529117487,1.0315631583772,1.04988878565,1.06971936122913,1.08503482131245,1.09158575684726,1.09167396489254,1.10088088255158,1.1186753675149,1.13080397374132,1.13770936491823,1.14408361378564,1.1481560655941,1.15169737509307,1.16196684794789,1.1770171427417,1.18445394680491,1.18914629012178,1.19614015992079,1.202337451544,1.20791485165878,1.2188039454452,1.23190635766848,1.2357133736106,1.23828087711272,1.24624855290858,1.25457041376971,1.26200667667926,1.27502006912678,1.288741561128,1.28936091148276,1.28697009464803,1.2824549791522,1.27988774622691,1.27749774112266,1.2821898138627,1.28829862686379,1.29679744496914,1.2990992420281,1.29998456940285,1.29839141305123,1.2987455981165,1.29856864087228,1.30202120117232,1.30671300333553,1.31529975890933,1.31954889738518,1.32308993630732,1.32601135429788,1.32911000010948,1.32973016219472,1.33282907858315,1.33628218003684,1.33964680286842,1.34177191326,1.34389675307474,1.34495903769371,1.34752600004218,1.35035839825697,1.35292536060544,1.35673183539391,1.36204352906554,1.36390293301397,1.34088550357795,1.28351834607847,1.18613585235546,1.04634747615103,0.863533325956744,0.683552115130909,0.524552513702108,0.392288608452511,0.291806927764243,0.22726840206789,0.181498437908537,0.14245690768186,0.10987837552154,0.0801327827296634,0.0532203998830665,0.0183400706637698,-0.0149471022039024,-0.0481460670262928,-0.0788662775454945,-0.107993331713078,-0.131277279322731,-0.152967258850282,-0.174125825491528,-0.195284392132781,-0.217062309128782,-0.238220605193211,-0.259998792766049,-0.2761995802241,-0.292577324926369,-0.308070012830729,-0.322765851982443,-0.337107776645727,-0.360391453678544,-0.383055509779782,-0.406427665434712,-0.430154006154902,-0.453880076298268,-0.47193999712791,-0.489734211514404,-0.506023477594567,-0.521693122743145,-0.536566189715902,-0.552944204995002,-0.567728793345652,-0.579326527839423,-0.590481598645821,-0.601370963009064,-0.611109564131244,-0.622972734491339,-0.641741025451515,-0.661217415965376,-0.680428100036095,-0.692733663506745,-0.70406542098053,-0.711590433089021,-0.717875932757505,-0.724073224380707,-0.743992278581947,-0.763557418294757,-0.782945330186518,-0.795073936412944,-0.807202272062545,-0.811982823424692,-0.816143483278429,-0.820392892331098,-0.839781074799695,-0.85943496371143,-0.879354559066331,-0.89210332737799,-0.904763346490719,-0.909543897852872,-0.912642273087651,-0.914855050370861,-0.932472036936306,-0.948230160706991,-0.963103227679753,-0.971867752228244,-0.980366840910417,-0.980101405044087,-0.98080950459779,-0.982579888770451,-0.999046382671651,-1.01622124670338,-1.03454687397618,-1.05030526832369,-1.06535529254067,-1.07226041314074,-1.07810297854503,-1.0818209747114,-1.09164778387885,-1.10244866961998,-1.10315731032734,-1.10572535498311,-1.10891302057047,-1.10714263639781,-1.10333589103251,-1.11900553618108,-1.13246159231597,-1.14051747615712,-1.14875058781931,-1.15751484179097,-1.15645228659519,-1.15459315322359,-1.16468539825738,-1.17707944035013,-1.18876538288919,-1.19841523481242,-1.20895041411041,-1.21284590867464,-1.2143511275578,-1.21806939430099,-1.22612554871896,-1.23276496287588,-1.23630600179803,-1.23993551934228,-1.24099780396125,-1.2393158984107,-1.24241481479912,-1.25117933934762,-1.25091363290446,-1.25091363290447,-1.25100184094975,-1.21001215757571,-1.13387643853924,-1.04685189629317,-0.912552441581411
-0.761654617650533,-0.575248844661843,-0.360575230669817,-0.107233464070593,0.155264575919436,0.477320232190818,0.712972965373545,0.886668031265061,1.00329464403488,1.05289642272777,1.023739905377,1.02205112146515,1.02596254713743,1.03200723073698,1.05565265065339,1.07787580805716,1.09147627823532,1.10463200271468,1.11938767063949,1.12329828126163,1.12934242149441,1.13725329825526,1.1460533947303,1.15094233721643,1.16267607086653,1.17538759301387,1.18285453912606,1.18383232762328,1.18498806873671,1.18863297300979,1.1930777131639,1.20161155992311,1.21405656067122,1.22712344468417,1.23014537895887,1.22996742634268,1.23218952473634,1.23636747180786,1.23956790206552,1.24916864947174,1.26108033573805,1.26579186897476,1.26561418804195,1.26499203309372,1.26979213511345,1.27432571573396,1.28437039378883,1.29628180837175,1.3089930588357,1.30854858482029,1.30668184829223,1.3011704791745,1.30214799598834,1.30339230588479,1.31299223824087,1.32312575676214,1.33539307657744,1.33548246041061,1.33361626724933,1.32881670859637,1.3273058773007,1.32792803224893,1.33335028921687,1.3414393902773,1.35015064628593,1.35237274467961,1.34935053872151,1.34810622882508,1.34401712221997,1.34215038569192,1.34410623436976,1.3490840173223,1.35441743382384,1.36010675555778,1.33939497281644,1.28108166643153,1.18330064324177,1.045962519414,0.866400450855742,0.68728312799628,0.532877854016856,0.406384787491746,0.303892502748667,0.234823522894269,0.181666223761479,0.13339786711482,0.0929518184459731,0.060773095137132,0.0320613234851606,0.00672711965689881,-0.0175401835243462,-0.0471411748905175,-0.076831550089867,-0.105988610807396,-0.135145399841537,-0.158613138825136,-0.177458185038422,-0.194613903973093,-0.210169407778938,-0.22581375205118,-0.24936951645103,-0.274436655513309,-0.299592906725372,-0.324571477004624,-0.343772428450308,-0.35826211834267,-0.371862860204214,-0.384041339553107,-0.39693108600002,-0.419509605269407,-0.443065913036027,-0.465644432305414,-0.49008941641947,-0.50760076890315,-0.520489971983299,-0.532046024700594,-0.542713129387065,-0.55133581661268,-0.571603397021993,-0.590893188934079,-0.611160497660009,-0.632049961334169,-0.649650697651015,-0.661473271767523,-0.672406897853213,-0.681473787410853,-0.691429624999316,-0.707785508052959,-0.723963710173791,-0.74245312283808,-0.760498333170338,-0.776943600057153,-0.790455229768907,-0.8021892351024,-0.811612029892425,-0.822812449060716,-0.83356839421359,-0.844502291982668,-0.858547236176236,-0.866280975371021,-0.87259245205318,-0.878992769201741,-0.88441529785307,-0.88663766793013,-0.902282555569141,-0.917927443208153,-0.934994593359803,-0.943706121051827,-0.952773010609472,-0.954372954054916,-0.955350742552142,-0.953839367889719,-0.968861557213738,-0.985306280733783,-1.00255111181825,-1.01357357837034,-1.02504079062124,-1.02788558732989,-1.0290416001267,-1.02913098395987,-1.042642885355,-1.05739909664658,-1.07268862241997,-1.08006645638237,-1.08655507063057,-1.0865545272638,-1.0853096740006,-1.08370945887176,-1.09908782511156,-1.11624435909639,-1.13286757859939,-1.14113490395939,-1.14877980268777,-1.14700190662613,-1.14397942898466,-1.14113490395939,-1.15491305507035,-1.16958015421214,-1.18033609936502,-1.18966978200525,-1.19749208998307,-1.19713645643407,-1.19544740083882,-1.20291434695102,-1.21473692106753,-1.22771523629746,-1.23278213139979,-1.23749339295312,-1.2366044449223,-1.23224854523459,-1.22682601658326,-1.23633738015631,-1.2475377993246,-1.24904890230365,-1.25064911743248,-1.25278237535974,-1.19864701604634,-1.11944424598728,-1.02272985176115,-0.864591376409024
-0.783595860092713,-0.720776756042797,-0.614746738548695,-0.494076340087156,-0.41572900045134,-0.0101516413017745,0.308472100212058,0.567825173131891,0.797720130139937,1.01572531992374,1.02459817125597,1.04544919561746,1.06071031550416,1.07047047908796,1.08244892330068,1.09318480494107,1.10791359171351,1.12432832600063,1.1363064990299,1.14216243447011,1.1531648894428,1.16940226975298,1.17818644409674,1.1848412859835,1.19602136611658,1.2048058116438,1.21288057007982,1.22707756610492,1.24180689524426,1.24287183265622,1.24083117718768,1.23479761658709,1.23098233661542,1.22849802502109,1.23364454455357,1.2414527296573,1.25218888248114,1.25635887040668,1.2593752439318,1.26549693915396,1.27277224877654,1.27916024614755,1.28945247166215,1.29983364534867,1.30356024833187,1.30222927995452,1.2997449683602,1.30196324898912,1.3045362375719,1.31012587086327,1.31961973229821,1.33000063480128,1.33044401974362,1.32937908233167,1.32813706212623,1.32529777139459,1.3235234180749,1.32627430300153,1.33062245845436,1.33559135282644,1.34189121557589,1.34552941275409,1.34890130778343,1.351917952492,1.3567092217037,1.36212177220158,1.36975233214492,1.37782654821406,1.38545737934086,1.38794223330208,1.38749884835974,1.3856358180516,1.38820907781783,1.38164318410299,1.34721617381911,1.27756406035515,1.16771794933901,1.00445737635255,0.814312218403981,0.637920400354734,0.487082198890226,0.369162142988409,0.290903751524517,0.240506205446217,0.199335947470552,0.160827626249601,0.120811253857809,0.0828358081180048,0.0469007466632905,0.0133615909978864,-0.0174269509243531,-0.0443118070699034,-0.0687126228045846,-0.0920485011273122,-0.115295702461564,-0.138187924658512,-0.160902521695072,-0.184237857650895,-0.2032255805208,-0.222213032207243,-0.239692161539409,-0.255840322494224,-0.271545098506698,-0.294081799199419,-0.315465427858628,-0.338091347906718,-0.360539913977875,-0.377664606539623,-0.391595029232416,-0.405613857730222,-0.418745102793009,-0.431698722695413,-0.454235152204685,-0.476061894622775,-0.49788890822432,-0.518473901620422,-0.53755057266224,-0.550948662240783,-0.563370762579286,-0.575970216894728,-0.588747296370552,-0.605251250013037,-0.622730921712102,-0.641186582651201,-0.652366391600823,-0.664521918607024,-0.674281539823921,-0.683065442984239,-0.691583315179147,-0.711990954598322,-0.731600229937844,-0.750677172163111,-0.769576489227996,-0.786346202652429,-0.796017689247761,-0.80497948875191,-0.814562298358779,-0.822903087760216,-0.834881531972939,-0.848811954665731,-0.862387127037747,-0.869573759671862,-0.878535016809119,-0.884390952249326,-0.888915648128728,-0.89441660443162,-0.910476630764865,-0.925649073663095,-0.940644162584391,-0.95013856638624,-0.959011688901926,-0.961939656622036,-0.964601593376736,-0.968328196359942,-0.983855347212032,-0.999116467098726,-1.0166845446028,-1.03025998815828,-1.04383543171376,-1.04995794048627,-1.05528181399568,-1.05812137591078,-1.06876885174614,-1.07870636930688,-1.0822553471297,-1.08642560623869,-1.09086216749653,-1.09006380341688,-1.08846707525758,-1.10133283172187,-1.11481932710542,-1.12848317646592,-1.1376217875801,-1.14800241889972,-1.15093011543637,-1.15226108381372,-1.15288236509989,-1.16521578844993,-1.17497622321718,-1.17550882751488,-1.17568618149182,-1.17612956643415,-1.17062833894781,-1.16672411080422,-1.18163052273704,-1.19831183035646,-1.20647526578096,-1.21304143067926,-1.22014019987525,-1.21712355516668,-1.21286434788577,-1.22661687423473,-1.24187772293797,-1.25128236501755,-1.2594449868917,-1.24906354202173,-1.18739723882188,-1.08695685461914,-0.957768312779235,-0.766558759785625
-0.728547131462501,-0.651230143817028,-0.55659414013636,-0.461958406520966,-0.407969387284545,-0.00857120207391211,0.294511713574675,0.550321053120695,0.792257679608727,1.01652177461629,1.02809731244318,1.05195541898751,1.06980457315798,1.07616650084657,1.08579810882235,1.09843419298507,1.11372123788943,1.13351486204157,1.14889048835621,1.1602010921481,1.17336731444609,1.19183491809684,1.19916881071098,1.20005192416098,1.20508837147873,1.21021286007621,1.21436565381342,1.22558740612976,1.24219966133968,1.24564569425161,1.24352514171051,1.2378699748472,1.23354028835472,1.22841498956142,1.23115399158279,1.23680888838083,1.24714725718188,1.25324425083547,1.2598716526896,1.27021056162121,1.28178663957865,1.29132993620944,1.30343588223688,1.31395141385849,1.31386310251349,1.31059369229156,1.30714792944491,1.30458555011353,1.30352500377771,1.30971030877629,1.31854657451653,1.32605708982067,1.33118184848342,1.33409774326008,1.33657181124645,1.33833884834229,1.34098980908393,1.34417117802614,1.34885465002917,1.34938505822972,1.34956195098499,1.34867829740444,1.35159392211582,1.35389109734692,1.3602530250355,1.36626143727881,1.37297688041267,1.37386053399322,1.37430236078349,1.37315350310267,1.37014929698102,1.36802874443991,1.36820563719519,1.3583090951844,1.31695561998014,1.24167087353078,1.12520900450188,0.964477495426798,0.779976461217667,0.612529509008726,0.468852081933848,0.355748204537156,0.277812767411406,0.226563020261643,0.180791547219901,0.140763552386478,0.103474829639707,0.0743150716773432,0.0477176930463521,0.0249198627725794,0.00318230876934846,-0.0174066576183255,-0.0478035846065168,-0.078642338384979,-0.109480822098174,-0.140230724401086,-0.170185284468447,-0.193247508646676,-0.214895941109077,-0.235395785955927,-0.253686766916672,-0.270740578851596,-0.287352834061516,-0.305467192332267,-0.319693690900803,-0.335333711119905,-0.351769073574552,-0.368557681409199,-0.383314048047741,-0.404697546475145,-0.425816380932825,-0.446140143220216,-0.462134219015133,-0.47865843294533,-0.492090129408874,-0.504637902226591,-0.516743578188764,-0.537420315790888,-0.557655226602735,-0.577713244659314,-0.59768295137089,-0.615355482851358,-0.629493670074897,-0.642836785128165,-0.655472869290879,-0.668462468898873,-0.685074724108799,-0.700272917537624,-0.715559152246173,-0.729254972548875,-0.741713623825774,-0.752670172041831,-0.762831648087622,-0.772904812788404,-0.786424280466398,-0.80118091717022,-0.815760931184042,-0.829192357582312,-0.842093915910571,-0.852609447532183,-0.861622606027697,-0.870193937732934,-0.881592582804552,-0.893697718636166,-0.907835365729157,-0.92170807878714,-0.93513869498959,-0.947155789541479,-0.958289500578095,-0.965623393192231,-0.974812904312465,-0.984179308187979,-0.98497438035825,-0.986387902008805,-0.989480689540731,-0.990894751321838,-0.991690363622662,-1.00918654247841,-1.02526892961833,-1.03949542818688,-1.05160110414904,-1.06344184607621,-1.06644632226313,-1.06998093658534,-1.07581299620392,-1.08579784955971,-1.09701960187605,-1.1018794265038,-1.10594417896128,-1.10894865514821,-1.10894919527877,-1.10753567362821,-1.1191995228001,-1.13201195958754,-1.13740192235058,-1.14376357997388,-1.15030240041774,-1.14994915503774,-1.14880056742219,-1.16320368868073,-1.17751849859428,-1.18432225307313,-1.19050728800645,-1.19607387345948,-1.19271588182727,-1.18909295616007,-1.20057991257669,-1.2139224874994,-1.22214003369408,-1.23026926854377,-1.23724964571263,-1.23671950757735,-1.23389219421097,-1.24290535270648,-1.24873741232506,-1.23415793844179,-1.17309969056097,-1.0788169322603,-0.947157139867859,-0.776087802122266
-0.667191312928037,-0.540698045693108,-0.382404829764753,-0.18480308894625,0.0304653500299589,0.368870173009758,0.6505648895038,0.851788090163485,0.972628057184139,1.0245682253611,0.994181871697398,0.986762387624376,1.00557756424969,1.03799602826263,1.07668603783325,1.09143753371236,1.09276230659448,1.09558895670162,1.1021256188214,1.11493382649886,1.13843065923763,1.16219233856237,1.1670508290426,1.16599090274646,1.16864125843909,1.17473650958225,1.18118515948285,1.19523012782323,1.21015845806912,1.21386820010562,1.21068788126492,1.2074192802289,1.2100693659454,1.21289601605254,1.22190592952204,1.23515581815225,1.24822887241568,1.25070158381314,1.25131955918039,1.25176124013315,1.25467617243561,1.25918126415843,1.26792660101809,1.27852667390794,1.28638810890984,1.28612326232387,1.28285520124011,1.28347371655963,1.28479902939401,1.28753766728197,1.29531082008854,1.30529210768273,1.30811848781374,1.30741142032276,1.30608610748838,1.30590954309773,1.30643977622193,1.312269910803,1.32004360356184,1.32958402013167,1.33559071910339,1.33735744291438,1.33576755347017,1.33497247375999,1.33453079280724,1.33612095222759,1.34106745492703,1.34848720897617,1.35396367482367,1.35440481582416,1.35396286489528,1.35237297545106,1.35413996923819,1.35740857027422,1.34230421558995,1.29186619461414,1.20388637255918,1.06476146203742,0.88164664048819,0.695793181051007,0.533083155595158,0.39802138586734,0.30235615324886,0.239462783400751,0.194324663881805,0.153603353890346,0.115355295248607,0.0761355925060406,0.0419506746582399,0.0101504559886898,-0.0180283028396725,-0.043910104732831,-0.0672301031048185,-0.0889602120325875,-0.114046664239446,-0.138249754540798,-0.163159642357004,-0.185331432237524,-0.205117982987519,-0.21951635008533,-0.237271330438363,-0.250079808091949,-0.266421463391409,-0.287975007928538,-0.313326846673625,-0.333378513985718,-0.359613444660176,-0.377280142817876,-0.394416607851374,-0.408019895239017,-0.425598581177527,-0.438672175393224,-0.462963817866039,-0.483899117059758,-0.505805790378173,-0.525945469909462,-0.546438548198181,-0.560660350905345,-0.574528484878955,-0.589368532929517,-0.601911894021006,-0.616045144556713,-0.630089842920976,-0.646608062611076,-0.654822896370398,-0.666748012118496,-0.676023312126233,-0.687507016897711,-0.695722390609295,-0.718336131418701,-0.738034669949501,-0.760029625463243,-0.778402851159667,-0.797129475613514,-0.806934198817061,-0.817710566121422,-0.82557200112332,-0.83537672432686,-0.846682784803162,-0.860020685652564,-0.872298660205824,-0.882368499971469,-0.891290131245645,-0.899858633738522,-0.906572130225082,-0.913285626711643,-0.926358950951208,-0.940492201486916,-0.954184041046016,-0.964696101716672,-0.975296444582655,-0.983158419536814,-0.990048750390158,-0.995525486213793,-1.00868682267255,-1.02220155788873,-1.03483320117555,-1.04490304094119,-1.05629792356508,-1.06292313785632,-1.06910667119481,-1.07555505111927,-1.08642024057122,-1.09631351594622,-1.09843336853851,-1.09896333168658,-1.10019982237337,-1.09807969980495,-1.09613668157944,-1.11080016523935,-1.12802518244431,-1.1426003839089,-1.15532057936717,-1.16680374418639,-1.16954211209821,-1.16945382990288,-1.17113227151855,-1.17943565744934,-1.19021256470596,-1.19136104317356,-1.19454109203814,-1.19639582806832,-1.19436371771909,-1.18923984070061,-1.20363766784616,-1.21618075896153,-1.22059756848901,-1.22351304074375,-1.22828378898092,-1.22192450118019,-1.21821502911982,-1.23234854963166,-1.24966184903194,-1.25557972585605,-1.26238069460954,-1.26573649793636,-1.22466097925908,-1.15381735226148,-1.06318744449003,-0.863907802008118
-0.599618661528153,-0.282640548667005,0.0741695718015513,0.445520202474933,0.677460018523337,0.851503356629844,0.92297155200781,0.938921753997914,0.925174431089164,0.959806685237142,0.989856229081992,1.03294798060941,1.05533121437091,1.06449609631007,1.0649369953266,1.06520175020334,1.07639363641764,1.09904135572235,1.1165779323046,1.12327518028566,1.1239800261783,1.12715250602905,1.13243979289127,1.14363114043848,1.15887622720239,1.17227099249805,1.17606024617156,1.17412158329986,1.17817532251657,1.18425606600841,1.19377323622713,1.20716773218923,1.22540915466413,1.23087285499967,1.23193025850541,1.22972737942405,1.23069698019345,1.22981599016103,1.23395780144764,1.24215335195095,1.2511418204168,1.25343304090159,1.25545977584318,1.25757485218819,1.25986607267299,1.26347918220672,1.27088154541396,1.27731457718534,1.28542205561877,1.28859453546953,1.29079768388444,1.29115024149753,1.29485142310115,1.29811170568824,1.30445639605619,1.30956753877865,1.31582415707672,1.31688156058246,1.31467841216755,1.31282782136574,1.31503070044709,1.31776228128132,1.32357826989642,1.33239059422248,1.33979295742972,1.3402335871127,1.34067448612924,1.33917645294052,1.34067448612923,1.34375862457655,1.35089650224059,1.35706477913523,1.36570068998798,1.35080789150361,1.30057772364507,1.21236640831448,1.08256110531164,0.910368627340494,0.727865791854556,0.565102681365771,0.428864885258644,0.32514453628802,0.250152111446857,0.196661661001224,0.150397160289516,0.111975383134483,0.0769903020398602,0.0480859644370805,0.0212964338457766,-0.00311353485730347,-0.0343971650147617,-0.0662975689949696,-0.0960831659637078,-0.12393010006075,-0.150279270302617,-0.170547697052647,-0.1880842736349,-0.206766595126326,-0.224655459988133,-0.245628463297251,-0.26730658183256,-0.289865959733833,-0.307842627331972,-0.327229525382486,-0.343796501195346,-0.359923116658775,-0.375521030369332,-0.397375831711511,-0.418261301617843,-0.439058699454278,-0.461353861145888,-0.479331067411124,-0.494664764912018,-0.509029130977063,-0.524274487074528,-0.536435704724668,-0.555910944178624,-0.574592727002959,-0.594067427789812,-0.60649259231607,-0.619270045121876,-0.627024696608667,-0.634867689498881,-0.64147713474359,-0.659542413078721,-0.677872176957049,-0.698404819916731,-0.717968131440576,-0.737002471877998,-0.750044410227012,-0.761852800930509,-0.772691860198175,-0.783178361852725,-0.795780209185854,-0.80935165728837,-0.823716023353422,-0.835613024793911,-0.848126800057144,-0.85967097455099,-0.86962877445268,-0.879498502284492,-0.893157483789801,-0.907080950838319,-0.920211230590762,-0.931226433998191,-0.9420652239323,-0.950172163698632,-0.956164027119955,-0.961715260858296,-0.971056017603679,-0.981013817505375,-0.986477517840917,-0.994144366591364,-1.00260467197144,-1.00939053068947,-1.01529513004154,-1.03115752929531,-1.04657929886609,-1.06120761180725,-1.06852163361106,-1.07486632397902,-1.07609987162453,-1.07601179955464,-1.075306953662,-1.08887813243098,-1.10359478677557,-1.11046844822994,-1.11804668624341,-1.12509622250401,-1.12412662173461,-1.12157091570662,-1.13337930641012,-1.14509989437729,-1.15770174171041,-1.16774788301554,-1.17938039891282,-1.18316992191987,-1.18616625763085,-1.19030806891745,-1.20141161372831,-1.21101685601691,-1.21727347431498,-1.22361816468294,-1.22820060565252,-1.22775997596954,-1.22872930740539,-1.23771777587124,-1.24441502385229,-1.24793952264904,-1.25216913667198,-1.25419560228001,-1.25190411246168,-1.25366636186006,-1.26318380141231,-1.26503466154767,-1.24080137565146,-1.18052587448843,-1.08588233538709,-0.955901157578031,-0.793754820912007
-0.691462523667921,-0.563343848310495,-0.399504206014916,-0.202065765525995,0.0126143164065701,0.367880173260248,0.640032573496141,0.827833833063397,0.954714824369982,1.02085201197597,0.991762112994059,0.993530271671942,1.02208915555343,1.04366323164842,1.06435336352283,1.08230248462699,1.09096762416636,1.09388563997007,1.1067945765257,1.12872212221425,1.14057010951582,1.14552165642926,1.15586685748481,1.16320594557495,1.17116387569051,1.18628388886273,1.20732776056738,1.2126327770744,1.21519678281117,1.21316298146473,1.21404665544863,1.21325026791636,1.21970460107582,1.22642430666715,1.23376312452059,1.2350897164432,1.23570909894202,1.24074901325385,1.24773409127705,1.25595712358778,1.26656715660181,1.27708882221744,1.27815004170819,1.27691235765735,1.27328713242982,1.27364114249677,1.27673616333396,1.28487082824629,1.29362433518405,1.3047651130618,1.30732884856188,1.30476403211503,1.29945847513463,1.2990160976693,1.29848535280557,1.30343689971903,1.31157183486806,1.32456940905877,1.32775252705765,1.32952122620891,1.3288140167851,1.33350019126669,1.33482678318931,1.34251934087301,1.35021162832001,1.35993771711344,1.35808092080048,1.35781554836862,1.35383685354754,1.35012353115831,1.34658694356586,1.34915121953932,1.34977033180144,1.3532185519955,1.33332399694329,1.27691262789405,1.18071295945047,1.04357540472342,0.866472815805268,0.691315660835158,0.537732581960043,0.411647707949048,0.318896800172913,0.251787300947938,0.196879528854781,0.148868467386417,0.107135274517435,0.0686732968090401,0.0384340811746722,0.011997095801309,-0.0128484656909633,-0.0389322517074635,-0.0669609311986144,-0.0956084527151886,-0.123725769841423,-0.150870505111984,-0.175008586943749,-0.195963821013321,-0.214885253736461,-0.233629681426131,-0.251932001887158,-0.272091388897835,-0.292339143306912,-0.313029275181311,-0.327176706497857,-0.342473454466857,-0.355913406122896,-0.368469143321654,-0.380936242885329,-0.404897319683624,-0.426647860338708,-0.448486768392179,-0.471740365529967,-0.490484793219637,-0.502951892783312,-0.516214839405881,-0.529389418630063,-0.541591415998565,-0.560336384161616,-0.579965296545263,-0.599859581360774,-0.6173665952363,-0.634166399688004,-0.648313560767859,-0.660162088542802,-0.669977085208004,-0.68465499115158,-0.698802152231436,-0.713214415506452,-0.729483204857744,-0.743010713202105,-0.752736261522151,-0.764495611188634,-0.775105644202664,-0.784300988132371,-0.801100522347384,-0.818961005816464,-0.834345580710469,-0.841772495725608,-0.849376415774224,-0.853531845392092,-0.8565379583575,-0.860163183585028,-0.879526993773496,-0.899421278589013,-0.918077879353672,-0.929395662264899,-0.94106691476968,-0.943984660336701,-0.945310711785935,-0.947344242895669,-0.964320511907468,-0.980412836698671,-0.998361957802828,-1.0093262711205,-1.01967147217604,-1.02267785537814,-1.02541886614839,-1.02497675891975,-1.04080344104239,-1.0561880159364,-1.07166122846548,-1.08271336870815,-1.09491509583996,-1.09677189215292,-1.09898215805944,-1.09995446967843,-1.11056477292914,-1.12285486745934,-1.12736430714415,-1.13098980260837,-1.13505713506454,-1.13364217574354,-1.12886736362686,-1.14363282625875,-1.15892876351768,-1.1710418530144,-1.18050256937597,-1.19226218927915,-1.19252756171101,-1.1926161993461,-1.19951318020759,-1.2109193305172,-1.22303296048732,-1.23028341094237,-1.23638427450828,-1.23700311653369,-1.2361191723131,-1.23267095211905,-1.24045214743783,-1.25017850646795,-1.25610290547378,-1.2613195545824,-1.26635919865754,-1.26582818355713,-1.26317526994858,-1.21976120485335,-1.14982178698636,-1.04283535073197,-0.872453007878542
-0.781999449655686,-0.674942565910448,-0.527605711058208,-0.372532836332864,-0.258273404470677,0.122118046969059,0.416881438629501,0.650913568536869,0.848222568062988,1.02979319961007,1.03548392736046,1.05717989484973,1.07336313968299,1.08954638451625,1.10519615759335,1.11399912097878,1.12084593067044,1.12938202229605,1.13178278108052,1.13382780143973,1.141296949553,1.15659098420482,1.17010687025727,1.17802089522477,1.18086653086347,1.18806907898041,1.19580482709002,1.20407404695578,1.21830086633177,1.23190534728616,1.23377263431448,1.22906025517447,1.22621516306278,1.22434814779796,1.22603770149539,1.23324024961233,1.24506658196735,1.25555882728671,1.26018233976128,1.26107154994272,1.26356117539263,1.26800668277282,1.27316393876705,1.28205576881793,1.29254801413728,1.30072836733761,1.30188444927888,1.30072836733761,1.29699379328097,1.29654918819025,1.29681605995008,1.30241792103504,1.30962046915198,1.32046845289662,1.3242918936187,1.32749272415567,1.32740358572673,1.33309404171362,1.33665061067586,1.34536443563235,1.35532320919554,1.36652693136545,1.36590459294384,1.36572685961296,1.36270349064338,1.35825743973619,1.35638988094437,1.3601241832375,1.36368075219975,1.3692828850482,1.37604082807443,1.37817525862608,1.3808431609339,1.37177359755214,1.33540593383265,1.26080386289237,1.14867804629134,0.99298256138088,0.814879903894108,0.641578763976298,0.493352155415615,0.374024062461143,0.288840336009057,0.232554853399675,0.189696118413798,0.152439244512877,0.119717288184584,0.0896629624006062,0.0544516523858941,0.0215522344902165,-0.0101022347987469,-0.0406008939099377,-0.0678098558187149,-0.0894172284060439,-0.110402262571766,-0.130320081461661,-0.150148761922609,-0.173978616436524,-0.197719332521491,-0.221193176846625,-0.243956087848225,-0.264407378494274,-0.282013033501633,-0.29988556026882,-0.316780281952634,-0.3350085471451,-0.356171042878208,-0.377778415465537,-0.398674582965813,-0.420015083793309,-0.439399159163542,-0.456738214174569,-0.473188059004155,-0.489193298743027,-0.50448706163134,-0.52102604488988,-0.538009361475626,-0.554725806301545,-0.570730774276916,-0.586291408925068,-0.599806751450513,-0.612166283798178,-0.624348082814963,-0.637863697103915,-0.651557044723746,-0.667028812706459,-0.682767452448998,-0.692192754256041,-0.701440050968678,-0.710954219441161,-0.718334229125483,-0.726069977235085,-0.7464324012157,-0.765728153447496,-0.784401295494178,-0.805119729663574,-0.823170261525148,-0.834284845266112,-0.84459881372758,-0.854735048858162,-0.863003996960424,-0.874563185792107,-0.887634194990332,-0.901061214377339,-0.908086029163396,-0.914488233764339,-0.920001228183849,-0.923291197149769,-0.92684749434851,-0.942052118807887,-0.958946568728199,-0.975929885313952,-0.984910582030262,-0.992824606997759,-0.994336699127809,-0.99487044264747,-0.993181160713543,-1.0073193851876,-1.02288029159924,-1.03941900309428,-1.04724361786932,-1.05693579143619,-1.05915881688978,-1.06022576040211,-1.06058149882738,-1.0774762205112,-1.09339259358462,-1.11019790507598,-1.12140135548239,-1.13269394431774,-1.13553903642944,-1.13687257993809,-1.13571676976032,-1.14567581508702,-1.15581232198111,-1.15554572198478,-1.15643493216622,-1.15839081409648,-1.15323328633873,-1.14727568682851,-1.16239144462244,-1.17830754593236,-1.19431278567123,-1.20720578977507,-1.22080999896596,-1.22338849108132,-1.22534464477508,-1.22658932161829,-1.23725957203204,-1.24650741227169,-1.24979765300111,-1.25113174003677,-1.25344417568281,-1.24917640163352,-1.24624217109288,-1.23717260771112,-1.18640039128476,-1.10219474167955,-0.989179714897074,-0.828504707323262
-0.711743268008175,-0.574834253085444,-0.401970148178053,-0.188689286905091,0.0374514513932805,0.367520380634489,0.642913242084407,0.835985457800784,0.951898411364711,1.00272509874693,0.980854725105172,0.980767293876874,1.00552476966888,1.04069297859888,1.07971003319037,1.09423190567475,1.09501932147698,1.09921869417302,1.10700435147187,1.12135136149966,1.14532168886322,1.16902918779432,1.17191575519699,1.16902892042053,1.16351754455249,1.16264243014818,1.16386726946567,1.17384057908842,1.18503846065486,1.19719862048012,1.20218540897838,1.20480995006995,1.21382044668631,1.22440550753332,1.23455314486507,1.24793760926025,1.26245948174463,1.26438403826227,1.26237205051633,1.25869806731143,1.26158516946168,1.26412201195117,1.27391992436974,1.28573009190804,1.29981480825095,1.29955251456606,1.29937818685704,1.29561703979764,1.2947424601409,1.29299276607985,1.29929129037632,1.30506442518167,1.31311210879162,1.31459870704642,1.31451074107055,1.31276077963571,1.31074879188978,1.31162363892031,1.31678528987516,1.32290948646262,1.33034595359587,1.33891956144453,1.34224435448382,1.34294460643154,1.34408201452074,1.35003081390404,1.35685419294407,1.36472728147122,1.37487491880297,1.38344799190405,1.38029832869513,1.37426209808355,1.36945043941566,1.36490107443265,1.34023076249516,1.28721669016284,1.19509813201074,1.06090108940788,0.879289048942826,0.693477903155513,0.528399722920772,0.392977841000417,0.289224245140397,0.223700020695851,0.176022194401191,0.134818022233384,0.0972881006442707,0.0635198608621366,0.0314141512865442,0.000795574713332719,-0.0284230327120165,-0.0565044994219502,-0.0823985811817925,-0.107505781886976,-0.131213280818077,-0.153083921833622,-0.173467162472995,-0.195338070862325,-0.215633880273406,-0.236279414597667,-0.258499513152607,-0.279582470992132,-0.300140306714316,-0.320785841038571,-0.340206803419131,-0.357440915597175,-0.376774446749431,-0.393920860325386,-0.410979842673043,-0.427776531335812,-0.44457295262479,-0.459707378454809,-0.47589178114573,-0.491288768034416,-0.507997758095107,-0.525669293788404,-0.543865684225262,-0.561536952544767,-0.577633656633604,-0.593030643522296,-0.60685279880653,-0.619450114773265,-0.632222560570381,-0.648319264659219,-0.663103698202266,-0.678675547547548,-0.694597656553575,-0.703258695630526,-0.70990747958776,-0.717343411973433,-0.724166791013466,-0.730464780562368,-0.749535215908385,-0.769568196887007,-0.788026613634968,-0.807272446185146,-0.82599369136556,-0.837978721360447,-0.84838891975087,-0.860199087289173,-0.870259828140206,-0.881545408308733,-0.894405552707926,-0.907178265878827,-0.914001912292646,-0.921962699421874,-0.9288735096902,-0.93394746204297,-0.939721131595892,-0.955555274626063,-0.969814586051763,-0.983986466249177,-0.99177212354803,-0.998245777674883,-0.998770632418439,-1.00017060156631,-1.00148313948588,-1.01574298565917,-1.03070254903259,-1.04662465803862,-1.05703512380283,-1.06788274570853,-1.07173159137002,-1.07523071211833,-1.07759242477744,-1.08975231722892,-1.10095019879536,-1.10873639084179,-1.11538490742523,-1.12343312578276,-1.12596970089846,-1.12850627601416,-1.13874134457422,-1.15090150439948,-1.16236167965081,-1.16664848357514,-1.1706727264408,-1.17014787169723,-1.16822304780581,-1.16542364425764,-1.17793379636987,-1.19114366568225,-1.19341848186065,-1.19481845100852,-1.1962181527826,-1.19026908602552,-1.18309544732473,-1.19796704472229,-1.21546318321142,-1.2241236875408,-1.2311221964112,-1.23829583511199,-1.23427185962013,-1.22753591180839,-1.23925891549218,-1.25273161323701,-1.2303363848517,-1.18213397118727,-1.0954393576749,-0.885132762406692
-0.637799683528949,-0.340168001528479,-0.00161093991714163,0.342215126755923,0.534722507920447,0.735133933509457,0.836305809509246,0.879953732081961,0.893654218906244,0.960663186692262,0.985868249469193,1.02126050272537,1.04839762349693,1.06403016831582,1.07096818374299,1.08018988205684,1.1007408807092,1.11716391049533,1.12770245745068,1.13384998791062,1.13771410389985,1.14236870485632,1.15343468914973,1.16924331483061,1.18013375509395,1.18329542654693,1.18171445661246,1.18259217676283,1.1855774989379,1.19154894853587,1.20252662398235,1.21482195331819,1.21938905067557,1.22000426002868,1.2269425438718,1.23247567022648,1.23915010119259,1.24924951965681,1.26101768007053,1.26066632359443,1.26005138265727,1.25890980962989,1.26444293598457,1.27041492241444,1.28306133981043,1.29535640073032,1.30510446271843,1.30238165134063,1.29781482239922,1.29359934993388,1.29456564734714,1.29711291469486,1.3059832565326,1.3158193589517,1.32214270185767,1.31985928738695,1.31722424802419,1.31344763563405,1.31476502110746,1.31985875055506,1.32872882397684,1.33786275027566,1.34813851801779,1.3476996579426,1.34524069944181,1.34172793992867,1.34067387050038,1.33812660315265,1.34216626317196,1.34576679470013,1.35094802774682,1.35138715623795,1.35226541322023,1.33470054199077,1.28587111795541,1.20121004375679,1.07711625103484,0.910165020707402,0.731533670397236,0.568534328074074,0.427051744984622,0.316482895056881,0.240340537803948,0.185978255829859,0.139959415187344,0.100966093571097,0.0667151449263455,0.035625867734578,0.00436077809678326,-0.0231279675668105,-0.0502650883383618,-0.0766994961577148,-0.0977768584843603,-0.116834122385398,-0.136067198732463,-0.153807613991991,-0.170757544284297,-0.197016408073576,-0.221958154805397,-0.24795343413362,-0.272016387051275,-0.293796193914172,-0.309692054778179,-0.326027044133322,-0.34130850089207,-0.357731799094146,-0.378897470267713,-0.401292754899661,-0.423073098594445,-0.444326273367117,-0.466633249152132,-0.48498806851693,-0.501498601902136,-0.518096907302394,-0.533729452121286,-0.548308195927841,-0.563852968731698,-0.580187958086841,-0.590287644966998,-0.601177548398446,-0.610574253910464,-0.619444327332252,-0.627875540678855,-0.647284697887894,-0.666342498620831,-0.686015240290926,-0.704897228577841,-0.721407761963059,-0.732648753454651,-0.743450616455119,-0.753813350964444,-0.765493739363119,-0.780423571229818,-0.795353403096517,-0.810546819424278,-0.82266633631409,-0.833380427299511,-0.842865173242522,-0.8514719306192,-0.859551787489714,-0.874394115757319,-0.889148672009902,-0.904605672798718,-0.914880903708956,-0.9250680941882,-0.930425139680908,-0.936572670140854,-0.940700370591139,-0.954927757921593,-0.968979869637924,-0.984524642441781,-0.994448785291863,-1.00437292814195,-1.00929111355947,-1.01359408962389,-1.01719488956801,-1.02966576293393,-1.04292685285112,-1.0542558847737,-1.06479496856095,-1.07436775493493,-1.07884681186132,-1.08271119626649,-1.08956143967864,-1.09922172965172,-1.10870620717878,-1.11081354078751,-1.11274533036618,-1.11283310238122,-1.11037387546448,-1.10940784646717,-1.12530370733118,-1.14040908322796,-1.14901530377274,-1.15604109121495,-1.16192530562979,-1.15770983316446,-1.15446065811238,-1.16473642585451,-1.17905185361595,-1.1916104989969,-1.20171045429301,-1.21172236915813,-1.21435687168899,-1.21453214730312,-1.21857180732243,-1.22990057082906,-1.24070243382952,-1.24702577673549,-1.25422764503967,-1.25818006987584,-1.25774120980065,-1.25730234972546,-1.2668748676835,-1.27363707066466,-1.25282302438313,-1.19696781290556,-1.11450211274667,-0.974336915130632,-0.72193385722139
-0.483759539718457,-0.192533149959283,0.139068151940456,0.452851666864339,0.615579943315048,0.798144658457872,0.879684506566832,0.902943666487876,0.906190946092555,0.962979307436952,0.980182512209231,1.01441348012956,1.03986753816918,1.05206824231627,1.05452603461186,1.0633034810113,1.07971666195576,1.09340888816827,1.10525763602942,1.11464859159497,1.11982653384441,1.12430270959689,1.13606400490526,1.15045853413349,1.15809507345661,1.16230835503208,1.1683645784402,1.17292874326416,1.17933638643949,1.19030792617942,1.20312294427072,1.20777536642553,1.20970656558902,1.21637710294135,1.22401310574575,1.23314089887494,1.24604283300026,1.26113939698481,1.26359692102103,1.26315804870107,1.26017419979211,1.2609644918793,1.26184223651924,1.26842532131882,1.27685134795104,1.28624257177596,1.28729548978078,1.28747093140502,1.28589088374937,1.28703205908505,1.28782208291287,1.29422945782884,1.30054911193268,1.30967717332124,1.31204670828597,1.31388991837799,1.31511881452577,1.31722518705415,1.31898067633404,1.32468601649367,1.33161998454173,1.33688618412202,1.33987030129034,1.34127463906237,1.34285441845865,1.34496079098702,1.3477694665311,1.35163159659872,1.35654691293053,1.35900470522612,1.3579517872213,1.35663543852076,1.35470477587599,1.33723840866734,1.28852519070667,1.20364980566217,1.07760975290866,0.908824716531112,0.72441652303692,0.557123813502883,0.416338348272668,0.31232882755176,0.243252309507519,0.196294044308014,0.157586364116472,0.123881452809512,0.0829794110181173,0.0440962892023383,0.00758323887002954,-0.0271743221823934,-0.0596495325634765,-0.0851905066371288,-0.108185967603074,-0.130303952188442,-0.151193040626015,-0.17374989753135,-0.195692708751838,-0.21974216076006,-0.236769655648738,-0.253446267288937,-0.268104227212883,-0.282674198065341,-0.295225517201546,-0.319099527585531,-0.343587851913732,-0.368339338678288,-0.393617686834311,-0.416438510954107,-0.433817425610003,-0.450669747133807,-0.467083464596995,-0.481829413592428,-0.500963549268841,-0.519307929376795,-0.536950274728415,-0.548448407600431,-0.56029742372094,-0.569074870120375,-0.577588617564717,-0.586189817561809,-0.606201161359443,-0.626212773416439,-0.646926420229769,-0.665972835094064,-0.684931797405603,-0.696957059928448,-0.709333205699767,-0.721270210891762,-0.737683391836225,-0.753394269764997,-0.770860636973642,-0.786308352466047,-0.800176556821534,-0.810709224241486,-0.82062730945786,-0.829491940150682,-0.83923431548345,-0.852136249608778,-0.86442413804926,-0.878028911709017,-0.889966185160369,-0.901552307103872,-0.910680905011162,-0.920160386166931,-0.928674133611273,-0.93946969520823,-0.951143001445127,-0.957988980421702,-0.963255180001997,-0.968697089465897,-0.972910371041366,-0.975631594032685,-0.987919750732522,-1.00284087309284,-1.01618194779749,-1.02162358900203,-1.02750410252654,-1.02838157890713,-1.02767927589143,-1.02882018296774,-1.04584794611578,-1.06313887170019,-1.07946460009189,-1.09482486303154,-1.10834218413854,-1.11334522128247,-1.11755850285794,-1.12317585394608,-1.13204075289828,-1.14266087287099,-1.14757618920279,-1.15187692333103,-1.1553879018908,-1.15652907722647,-1.15617819397798,-1.16706201290579,-1.17926244879351,-1.18408977605383,-1.18716161403427,-1.19137435909102,-1.18961860155177,-1.18645877449984,-1.19883492027117,-1.21410746239869,-1.21823302316205,-1.22446495645377,-1.23078434229825,-1.22806285104757,-1.22332270808064,-1.23841927206519,-1.25035627725718,-1.25386725581695,-1.25904627110386,-1.26466415871073,-1.25983683145041,-1.22990659765831,-1.18250999665756,-1.10237448632063,-0.981161760827435,-0.813167016537075
-0.680371623114067,-0.523817474207902,-0.332660086558927,-0.131944964768249,0.0793016245496335,0.404888586178674,0.66551725269784,0.847824215317089,0.978005336439907,1.04269747775775,1.01181119573259,1.00004065247233,1.01490847934297,1.03614857977725,1.06358351791378,1.09084129067045,1.10447031228954,1.1046474776694,1.10562094057341,1.11402831691274,1.12517918706572,1.13774602785013,1.1504897635329,1.15845436166331,1.15960444898418,1.15925011822446,1.164117162263,1.16969232685799,1.17677218001509,1.18721520009311,1.19978204087751,1.20500368615727,1.21084473406281,1.22022584378764,1.23066886386566,1.24040403386871,1.25385589010794,1.26518392564078,1.26713085144879,1.26323672935127,1.26102392023271,1.25987329194884,1.26075803692218,1.26633347199867,1.27606837152023,1.28146718217985,1.2827062579129,1.28244091556536,1.28730823008539,1.2932377254401,1.30137921846889,1.31270698352024,1.32403474857159,1.32651290003769,1.32412346650227,1.32129179572093,1.3213805136516,1.32315054456125,1.32766379880306,1.33633651748994,1.34500923617681,1.34474362334776,1.34191168208493,1.33908001130359,1.33934562413264,1.33908028178509,1.34474416431076,1.3511158969114,1.35872643476359,1.35660234357572,1.35554016274103,1.35173475857418,1.35067284822099,1.34987655069685,1.33182299276663,1.27881267677837,1.18987159886506,1.05446883246249,0.872781001987522,0.690385050956092,0.528254926010453,0.395152604731127,0.295591341359936,0.234173108069355,0.187888314478456,0.149214599702742,0.108416793739155,0.0732828703012398,0.0363791864351783,0.00708631090280131,-0.0222950120787619,-0.044684929352408,-0.0696414455413466,-0.0878721688514209,-0.116722807137879,-0.141679593808312,-0.170176171816555,-0.195398300834535,-0.220797595232375,-0.238674258264222,-0.259736922837129,-0.276197885719064,-0.292835743499352,-0.313898408072265,-0.335403850854086,-0.355758665352034,-0.374077836111282,-0.39186605169395,-0.406025758008132,-0.420539254119047,-0.431955466619576,-0.451955950357803,-0.471159866090383,-0.491160349828616,-0.509567968037056,-0.529745346673649,-0.542843142634645,-0.557888134885148,-0.571605603953417,-0.587358446278886,-0.604350364337407,-0.623731445449848,-0.640103419919602,-0.651696527318497,-0.660988919112648,-0.669485013382659,-0.675591944598739,-0.683911414451872,-0.702231126174121,-0.72223215087533,-0.740816934463637,-0.756481058858425,-0.770817660070974,-0.781171962218323,-0.788251815375408,-0.796747639163924,-0.813031436665986,-0.830023084243007,-0.845864103536162,-0.860731659925303,-0.87321005326052,-0.882325279674816,-0.890024535457674,-0.897192836063958,-0.910821316720053,-0.926573347601032,-0.941263738610313,-0.948608934114957,-0.956308189897828,-0.960202311995347,-0.961884436418808,-0.962592827456762,-0.978611282611265,-0.99374472231096,-1.00843538380174,-1.01746162180385,-1.02639941235678,-1.02737260477929,-1.02852296258166,-1.02993920369458,-1.04427661635162,-1.05958749191267,-1.06888015418832,-1.07773003825505,-1.08480962093065,-1.0850746927967,-1.08569382494099,-1.09808350034552,-1.11153535658475,-1.12719975146103,-1.13870468189224,-1.14888208914122,-1.1525105984097,-1.15472313704676,-1.15569687043226,-1.16481263780953,-1.17499031554001,-1.17897288508671,-1.1830439020826,-1.18684903576795,-1.18658315245741,-1.18454750871871,-1.19693745460475,-1.20941584793997,-1.21569967405441,-1.22118693216322,-1.22800144297276,-1.22534639660828,-1.22410732087523,-1.23561198082495,-1.24879822423513,-1.25463927214067,-1.26233879840503,-1.2670294885082,-1.26605629608568,-1.2624280572987,-1.22295777451735,-1.15746879471237,-1.05613777091303,-0.885335197761998
-0.812572162731102,-0.727390205015526,-0.601388391315593,-0.467240143092659,-0.390558600909847,0.00196818042101193,0.306037055929819,0.552993477035972,0.767275935425374,0.990413060985002,1.01334632149636,1.05062420236157,1.0786931644191,1.09843897207644,1.09932419522855,1.10029818426078,1.11464253398694,1.13128911341502,1.14510222099884,1.16121782891226,1.17795317422046,1.18069842143995,1.18034444043019,1.18574589836137,1.19274108271956,1.19654881422373,1.20921094227043,1.22674328610598,1.23329572357429,1.23302996718927,1.23356093870392,1.23435766660359,1.23400314433845,1.23940433164195,1.24932148309684,1.25968138144163,1.26393158920801,1.26455159723048,1.27190130385381,1.27748002291755,1.28403273101354,1.29271040767887,1.30546103097801,1.30404375380052,1.30377772678782,1.30165221696311,1.30696490901416,1.31015263249587,1.32148706112826,1.33069625056361,1.33972844949408,1.33645250138761,1.3335308049186,1.32874935500988,1.33158282685414,1.33353080491859,1.34265095784614,1.34982286208154,1.35699503694462,1.35327634194826,1.3515941202688,1.34468770179073,1.34566196145065,1.34681294098776,1.35371908883815,1.35832300698661,1.36965662373595,1.36992210949328,1.37107335965808,1.36992238012096,1.37550109918472,1.37948582119377,1.38851747886887,1.38524098950704,1.3519475600232,1.27110457595413,1.146254012419,0.977130383660461,0.783656758468432,0.607095198461814,0.460196597567426,0.345440446619743,0.265836937340235,0.215010622765488,0.168611777089687,0.127614389345068,0.0901587060919265,0.061735221769259,0.0333120080742732,0.00984750542057398,-0.0119345049259914,-0.0317682665804052,-0.0625822052297512,-0.0902969156498351,-0.118188887202485,-0.145638382492927,-0.17096290921402,-0.190443231114034,-0.209481076751833,-0.227987680247291,-0.245697014587731,-0.267656556694539,-0.287490859604322,-0.309538626335899,-0.326184935136293,-0.342300272422027,-0.354785139336163,-0.36939524544733,-0.381614897231818,-0.40375170047121,-0.426508241105364,-0.450504527156768,-0.472641330396154,-0.493980864480511,-0.50965372550403,-0.52506083014255,-0.539139694111387,-0.554281042364883,-0.571459134562982,-0.589256693528175,-0.606700271483598,-0.617768673103287,-0.627066087163404,-0.635389512191277,-0.643624712594398,-0.65053167232783,-0.669657742590393,-0.69020081940276,-0.710035392940224,-0.72429124741394,-0.741203312599346,-0.751563210944128,-0.761037344881441,-0.770511478818755,-0.788751784673843,-0.803893132927352,-0.820362451222861,-0.836300527376029,-0.850025139707409,-0.860296542799751,-0.871541934924326,-0.880839348984436,-0.889959772539656,-0.903684384871036,-0.915726504895276,-0.923075670263242,-0.929362351346535,-0.935383546672493,-0.937597551749656,-0.939546071069484,-0.950349257559537,-0.964074681773962,-0.978773824392937,-0.985503522993803,-0.993207210626907,-0.996394934108614,-0.99772290415061,-0.997457147765604,-1.01490072572103,-1.03207854729144,-1.04881362197195,-1.06227247791832,-1.07652833239204,-1.08060127902585,-1.08352297549486,-1.08555917818409,-1.09512180737384,-1.1039759332887,-1.10486115644081,-1.10565815496815,-1.10796065529775,-1.10512772470886,-1.10194081311021,-1.11610871358684,-1.13213582624782,-1.13700604203667,-1.14099049341804,-1.14612592433653,-1.14284943497469,-1.13709399603374,-1.15161560689247,-1.16897096022313,-1.17764863688846,-1.1845555966219,-1.19217051837487,-1.18907129014561,-1.18482081175154,-1.196243194381,-1.21023329246971,-1.21421801447877,-1.21669750531325,-1.2182030071155,-1.21111959813255,-1.20279671436003,-1.21510486139697,-1.21280263169505,-1.17463898642237,-1.10592661762999,-0.998519090794906,-0.833202381657487
-0.718530928628184,-0.561687471295923,-0.372010303563969,-0.166357879658793,0.0562412103736745,0.390669251708107,0.658370520149415,0.851842687946288,0.989091503558605,1.04937503103298,1.01265783890635,1.0013605110901,1.01477681285504,1.03596034783504,1.06932386916217,1.10471734325364,1.11513201253902,1.11177753245604,1.11636643962867,1.12607487418487,1.13684266083483,1.15414217456555,1.17408993365008,1.17462001433871,1.17214927183127,1.17585659951767,1.18300634942675,1.18892005367919,1.20251277924583,1.21654656431676,1.21804724567596,1.21610523505132,1.21398680062497,1.21433964822839,1.21575157816441,1.22325363615457,1.23340393949855,1.24311291357707,1.24699639530403,1.24876171236579,1.25520495778453,1.26138329773954,1.2691505309546,1.28035991663116,1.29280507820321,1.29395264219781,1.29307025342809,1.28918677170115,1.28874598195804,1.28883473338122,1.2956313659257,1.30392814030706,1.31496110218192,1.31707899708594,1.31690203376191,1.31522438907867,1.31531233121836,1.31398807366087,1.318577790117,1.32396168344197,1.33058162242359,1.33067010408561,1.3299641391176,1.32828730371785,1.33067064360793,1.33305371373685,1.34064398362787,1.34920512395063,1.35723645334593,1.35882480708365,1.35908944278622,1.35688306622017,1.35953131157398,1.36315042735953,1.34426229012992,1.29148109040688,1.20101155836431,1.05837857966584,0.869584340225944,0.682996747113255,0.519181042718277,0.383873967969439,0.28634343744098,0.226059640205441,0.181133615837147,0.138237544233185,0.0986956829510316,0.0620664329640944,0.0273791936018056,-0.000864800341747583,-0.0250486189954926,-0.0477317562900256,-0.0684731527210912,-0.0883321603824414,-0.116488212186311,-0.14340875785587,-0.169976455922014,-0.1954848018944,-0.219757371971323,-0.238998626565515,-0.258239611398543,-0.276509725799841,-0.296986486528338,-0.317375035355983,-0.33785179608448,-0.358417038474998,-0.37368659944139,-0.388073771638062,-0.402372462172718,-0.415523858473927,-0.427792596244246,-0.450211367597385,-0.47095276402845,-0.491959065923248,-0.511729861683734,-0.531500657444226,-0.546152465343466,-0.560980966805586,-0.575456620664272,-0.593285945322454,-0.610673940715194,-0.62788524254506,-0.645273237937805,-0.658247940676135,-0.669545808014723,-0.680843405592147,-0.690728803472393,-0.700702143492329,-0.717383364633568,-0.733270408905945,-0.749334416502369,-0.759837837210931,-0.769458869149772,-0.775725960527966,-0.782080994045855,-0.787376675469975,-0.804676189200693,-0.822946573363154,-0.841834980353924,-0.852780000089097,-0.864784102156853,-0.870962711873026,-0.875111099063705,-0.877582111332309,-0.895234202905285,-0.911827212145673,-0.928508433286906,-0.940158878467752,-0.952692251940645,-0.956575733667598,-0.960723851097107,-0.963548250491471,-0.977935152926979,-0.992675172727072,-1.00829812081922,-1.02056739811187,-1.03274819374251,-1.03910349702155,-1.04378142537853,-1.04792954280804,-1.0577261892651,-1.0694648463468,-1.07237718788084,-1.07564291654064,-1.07882043329958,-1.07882070306074,-1.07564345606297,-1.08976572279592,-1.1048588599606,-1.11483273950287,-1.12365905505052,-1.13425068765994,-1.13522155809167,-1.13486844072708,-1.14537159167448,-1.1582578127508,-1.16831936467158,-1.17696898665636,-1.18508879771368,-1.18632430384799,-1.18588297458254,-1.19038447913781,-1.19903410112258,-1.20697802790052,-1.21227397908581,-1.21792304763569,-1.21986505826032,-1.2193357868552,-1.22216018624955,-1.23222200793151,-1.23751741959447,-1.24148911322227,-1.24440172451748,-1.24484305378293,-1.24131268942056,-1.247226393673,-1.22277739979438,-1.16646529618664,-1.0792612230427,-0.945718925833283
-0.778852441204692,-0.593876236339855,-0.375899867140453,-0.127094218937536,0.134911388830461,0.460746705358389,0.709117857988877,0.883498687926547,0.997436857363139,1.04476635124487,1.01697668329538,1.0129820844163,1.02470629848187,1.0370383285895,1.06430750428637,1.08818963172437,1.10277960553064,1.1163272677224,1.13395632173898,1.14029565726244,1.14481127923784,1.15445033923071,1.16131043242863,1.16556541014494,1.17859151839668,1.1956992838951,1.201257217485,1.20273349382822,1.20568631193651,1.20724964664733,1.20855260252091,1.21619489391795,1.22748461241108,1.23208729275408,1.2327819017419,1.23139215292257,1.23373688956693,1.23582124737407,1.24250802010236,1.25162658784262,1.2620478460346,1.26474001988381,1.26560848018496,1.2685615637151,1.27403323520296,1.27950490669081,1.28801592381085,1.29774257301503,1.30095576996056,1.29913179099065,1.29609191451476,1.29965228324327,1.30303906608028,1.31033365485063,1.32014683157869,1.33091526155366,1.32987294993917,1.3283093498065,1.32535653169821,1.32596434774027,1.32718024524626,1.33438830649272,1.3412491959562,1.34932571750381,1.3492386591362,1.3465459544433,1.34298478944924,1.34411336316577,1.34550258114139,1.35132115899038,1.3593111530141,1.36825666570657,1.36938603568866,1.36851810623121,1.3431602332937,1.28315180294321,1.1821529488126,1.04268252428143,0.859877204747629,0.678461368611287,0.515890483997526,0.383628120712811,0.283237348046119,0.219146995027107,0.172251731295956,0.13360684042576,0.0982622048686912,0.0669121681906958,0.0372990521150117,0.00560157823218627,-0.0254015520846807,-0.0544076483838498,-0.0828056632191067,-0.109814194656888,-0.133696322094901,-0.156362286605065,-0.179549008789705,-0.201346247576857,-0.222883107526783,-0.24459381879005,-0.265609921065508,-0.286018472720755,-0.30686125452658,-0.327356333705712,-0.347243331420932,-0.367304180449492,-0.387191178164712,-0.406730738675096,-0.425836334456753,-0.445028723184158,-0.464394697803058,-0.482544774915966,-0.500434473191644,-0.518410964413063,-0.535345409441842,-0.551584980060962,-0.568693010981231,-0.585280018805181,-0.601259210587063,-0.617672632519517,-0.633565296777502,-0.648676293680091,-0.664395106624736,-0.680374298406619,-0.696266697242753,-0.712679853753356,-0.7292668615773,-0.744551178949516,-0.759140887333923,-0.774077767501315,-0.788059394421804,-0.801519998245973,-0.815675211057951,-0.829830158448079,-0.835214240724639,-0.839382690917059,-0.843116910958907,-0.845548705970873,-0.847199099049287,-0.863612786403598,-0.882284152034683,-0.900868459298169,-0.915978925357045,-0.931436828620751,-0.93855756607776,-0.942986395107417,-0.946807408095007,-0.95809712658815,-0.968344533466791,-0.972252604821979,-0.976160676177168,-0.980937473255362,-0.980764152785729,-0.980938534942772,-0.995094544020308,-1.01029259929048,-1.01550336109741,-1.02219013382569,-1.02852920392729,-1.0273127755776,-1.02644378443274,-1.0425960312624,-1.05796714158037,-1.06465417973051,-1.0721231506579,-1.07802878687449,-1.07551072976047,-1.07229753281495,-1.08749479181957,-1.10191011804693,-1.10894379713634,-1.11684593652691,-1.12466154839358,-1.12205616749012,-1.11875644302071,-1.13187014048374,-1.14437602190472,-1.15071588827187,-1.15653473154271,-1.16348214853008,-1.16139779072295,-1.1585317655604,-1.16877917243905,-1.18006862551033,-1.1860607892508,-1.19222680430462,-1.19917448671384,-1.1990876937681,-1.20047717716557,-1.20916151475525,-1.20742459415294,-1.20273485544235,-1.19908742834625,-1.19326911591912,-1.18519285979336,-1.19891437329847,-1.18137237764947,-1.11980061258817,-1.02470739467414,-0.880634555221827
-0.715647006296146,-0.493849986174938,-0.269164862802679,-0.0295122165612562,0.222744448267852,0.505373280057245,0.719817621607256,0.886646781826012,1.00787381897252,1.05146315130183,1.02380466712948,1.01356442033933,1.01680350464496,1.02590680823236,1.0540912289545,1.08700185569148,1.10170641028576,1.10441955804159,1.10888306329756,1.11728547483997,1.12840130165427,1.14713224028257,1.16735110316821,1.17129000945465,1.16840163868756,1.17321612499813,1.18030637032653,1.18774679416139,1.20175152677486,1.21838219691262,1.21995759891756,1.21768157238367,1.2148801443321,1.21671797957985,1.21811815857354,1.2259954361143,1.23693630743339,1.24805240176372,1.25041563852917,1.25234121904056,1.25391688856155,1.25575499132534,1.25899380811492,1.26695909843537,1.27413655399534,1.28113878654405,1.28376472406834,1.28350175579344,1.2829760867597,1.28700193576163,1.29094057453201,1.29733019533148,1.30608332041243,1.31396140050133,1.31396193553343,1.31448733705112,1.31597526130847,1.31781336407226,1.32070173483934,1.32910441389779,1.33663178044815,1.34354653524926,1.3460847275099,1.34687229475435,1.34634689323665,1.35019805425943,1.35361155902817,1.36043883608168,1.36892926040378,1.37514392570805,1.37383122446195,1.37164347822381,1.36919303122682,1.36796780772833,1.34179698029727,1.28245255785434,1.18319474109362,1.03947254701153,0.846121845823175,0.658197975178583,0.493819529472857,0.359025950999025,0.263269919302787,0.206026300382493,0.162962369570873,0.125237524039373,0.0926768082927982,0.0547770072660981,0.0193281882684852,-0.0144577509765814,-0.0462303644466155,-0.0752895626447596,-0.0998847205548302,-0.121679252961466,-0.14373648612695,-0.164393272782685,-0.188638519702356,-0.211833766134781,-0.235904057559252,-0.258748590453133,-0.281593390863067,-0.301637565769553,-0.320718682904298,-0.339187188289795,-0.356430470176806,-0.374198618549417,-0.392054244669625,-0.411397795047173,-0.424089291382456,-0.437568622478234,-0.450435341824762,-0.462864404917248,-0.47275527574909,-0.495775031654223,-0.518969743054556,-0.540939230956391,-0.562646285615424,-0.580852090242078,-0.592231152847312,-0.602209768942803,-0.612363073017447,-0.622341154080852,-0.640372003212306,-0.657877450826056,-0.676170733200319,-0.693501492834921,-0.709869462213828,-0.72247374831756,-0.734377677408394,-0.744356025987845,-0.756259955078679,-0.769826763922059,-0.782693215752541,-0.795122278845021,-0.806588284165766,-0.816478887481562,-0.825056789551263,-0.833372258378167,-0.843263129210009,-0.858493352838034,-0.874423665962893,-0.891316769343452,-0.901294850406856,-0.908296815439516,-0.912410409705098,-0.914248244952844,-0.913722575919094,-0.926589027749583,-0.94295699712849,-0.956874251994368,-0.964664586819621,-0.972980323162577,-0.974993916453661,-0.973681215207561,-0.974906706222105,-0.991274408084966,-1.00869237795113,-1.02654773655529,-1.04291490338606,-1.05735648970544,-1.06392079848405,-1.07022267401987,-1.07381140179985,-1.08387749564294,-1.09420602272884,-1.09551899149098,-1.09604412549262,-1.09814492901526,-1.09543151374338,-1.09385611173844,-1.10943624635686,-1.12545403722932,-1.13298140377968,-1.13998363632839,-1.14619803411661,-1.14374731960357,-1.13989589106475,-1.15276234289523,-1.16834247751365,-1.18007145110928,-1.18978709892988,-1.19959049201412,-1.20055354978587,-1.19924058102372,-1.2046674115675,-1.21473323789454,-1.22147303720045,-1.22549942123448,-1.22978823851131,-1.23031310499691,-1.22733698896618,-1.23302625275275,-1.24387991384028,-1.24563080637253,-1.24668160940792,-1.24746971168446,-1.2020425441074,-1.12204133500873,-1.02085847276872,-0.852716343787814
-0.776907942019686,-0.679170990694264,-0.554022467879622,-0.419415107333091,-0.335515232711233,0.0538568134154275,0.345491640549053,0.588520975439281,0.806502779104273,1.01231106021431,1.01896688281438,1.04681689383624,1.06249338230316,1.06976243138022,1.08097235056671,1.09866303774132,1.11171183335596,1.12589928695099,1.13938598676307,1.147005145064,1.15409887186152,1.16784868892672,1.18343765008766,1.18939325423999,1.19184562481273,1.19771343399148,1.20358124317023,1.2111128741652,1.22530032776023,1.24237805612546,1.24579376239906,1.24518080358968,1.24281622799051,1.24325413218796,1.24395461830332,1.25087302282129,1.26015600293844,1.27075296331554,1.27381802503007,1.27504394264883,1.28301347784125,1.29098328070126,1.29816453480475,1.30954977627077,1.32189862110525,1.32128566229587,1.31927119592057,1.31629366151202,1.31787022368987,1.32084775809842,1.33153251344909,1.34300554988868,1.35482869555215,1.35579203125301,1.35342745565384,1.34817260528447,1.34878529642625,1.35097454974589,1.35824333115534,1.36708867474265,1.37759784014617,1.37575869605042,1.37041631837508,1.36577469448271,1.36340985121593,1.36130812520227,1.3655121125648,1.37190562091457,1.37803627967883,1.37943778724474,1.37935025993877,1.37847418387627,1.37645944983338,1.36516146800572,1.32338658530673,1.2442158618832,1.12432165410273,0.960813954862702,0.769368984962447,0.594651098868344,0.44629418892422,0.334895215507177,0.259315252969207,0.212986273683797,0.17488967917631,0.141610030840748,0.100010470421292,0.060600698656673,0.0228547487082745,-0.0122637760554402,-0.0444047664106011,-0.0691019207443659,-0.0931863839363511,-0.115518962670948,-0.138289445602982,-0.163074394910319,-0.187246117740676,-0.210279182590619,-0.23059756261752,-0.250478038446971,-0.268081198315615,-0.285509035904726,-0.302586496602349,-0.324831012695767,-0.345761816196846,-0.367480900786849,-0.389287780350426,-0.406102659130138,-0.42029038039278,-0.434215252069911,-0.446651356542766,-0.458474234538627,-0.479142723789403,-0.498847609671709,-0.518990667419065,-0.539221252472399,-0.558138392600988,-0.572326113863624,-0.586513835126265,-0.599475371102534,-0.613049865888183,-0.627762750986638,-0.642738485670597,-0.656137925844308,-0.665859077826513,-0.674704689081427,-0.682674491941445,-0.689593164127022,-0.699138993829687,-0.71674188603073,-0.734169455952235,-0.752209984683119,-0.76350716350796,-0.77331584279613,-0.778921070056974,-0.784351242705875,-0.789256251518968,-0.807648227811744,-0.826740690219877,-0.84592041226637,-0.85704280414688,-0.868602832557243,-0.872894079558141,-0.875608764381184,-0.877798017700819,-0.896101663684821,-0.912653692879029,-0.93043163969201,-0.93997746939467,-0.949173189873448,-0.949436039458965,-0.950312115521456,-0.950399910495023,-0.966952207356838,-0.984029935722067,-1.00180815020265,-1.01293027441556,-1.02343943981909,-1.02632917925407,-1.02816778801462,-1.02974381485727,-1.04393126845231,-1.05925738002775,-1.06959175848693,-1.07957602772224,-1.08912239276011,-1.09166255830643,-1.09218825747745,-1.10155930023577,-1.111806151389,-1.1226659613516,-1.12862129783631,-1.13536491540996,-1.13624099147246,-1.13711679986735,-1.13641631375199,-1.14736365102057,-1.15787308409169,-1.16102567311219,-1.1635653033233,-1.1669804742617,-1.16365202762646,-1.16137444399805,-1.175824479511,-1.19044983730349,-1.19482887927796,-1.20034657923283,-1.20367475820046,-1.19824512088677,-1.19211472979011,-1.20595207416127,-1.21882608283157,-1.223905878589,-1.22924825626433,-1.23432805202175,-1.21111993255987,-1.14858930097174,-1.08071629170827,-0.96590161201761,-0.775857346680464
-0.694042386583258,-0.572606029994671,-0.397914317096922,-0.237353311529732,-0.15256852769122,0.193723957709972,0.442249223746934,0.632661787182213,0.807883907719025,0.998208204844901,1.01746186717885,1.04607715686024,1.06965829770276,1.08122793242297,1.08555541093154,1.09915625047815,1.12538619038533,1.14048809704685,1.14746491447518,1.15479533699621,1.16177215442454,1.16839590661529,1.18535275541196,1.20707895411932,1.2133493711449,1.2108768347715,1.20584322578772,1.20434215867282,1.20345895572371,1.2125555142154,1.22518434464841,1.23878437441237,1.24249317897249,1.24381771346859,1.24258117535433,1.24487771896405,1.24823426806921,1.25618309461116,1.26651646114466,1.27790956324607,1.28312024470375,1.28497491691135,1.28568158724165,1.28718292428411,1.29009760198718,1.29574988491941,1.30290350489409,1.31164672822063,1.31517954001705,1.3151792700895,1.3148262048519,1.31782914886437,1.32074382656743,1.32772064399576,1.33681747241501,1.3459140309067,1.347062032784,1.34697349654705,1.34467749279244,1.34679696392825,1.34971137170376,1.35774819462755,1.36578528747889,1.37408717925843,1.37276291468988,1.36984877684192,1.36525649940515,1.36190049015508,1.36163542129933,1.36764049954161,1.37417571549539,1.38256587358433,1.38874802430051,1.38026959990217,1.3356694705377,1.25344575930955,1.12838778476003,0.962968893045228,0.772909394847543,0.601838220200501,0.456114592294202,0.342273727082398,0.25863721504874,0.204587192027425,0.157514256361995,0.117948005908857,0.0795300272605618,0.0472062029466132,0.01594211420056,-0.0112595648926821,-0.0409340502868653,-0.0660162582442928,-0.0912752687480645,-0.115739612539688,-0.139143950835849,-0.160163749140453,-0.181271813754461,-0.20096680763541,-0.219955131186053,-0.242122931367956,-0.262877660816813,-0.284515593214765,-0.307654862655178,-0.326819718824621,-0.344571504261013,-0.362146487151048,-0.378926533401373,-0.393321769732592,-0.414252491945143,-0.433240275640686,-0.453906198925034,-0.473247317785721,-0.488084695446593,-0.50018446787831,-0.512637575475164,-0.522706143080469,-0.533746449871828,-0.554943050722783,-0.574991379768883,-0.594686103722283,-0.615352296934181,-0.62974780319295,-0.637960888807981,-0.646439043278771,-0.654829201367715,-0.662777757982105,-0.682914083410052,-0.704817084663764,-0.725306745256861,-0.746679608799066,-0.765138064565753,-0.775559427481108,-0.783772783023701,-0.79322267668054,-0.800817628202229,-0.813711527490981,-0.828018767440359,-0.843032407792476,-0.850450826695365,-0.85972418773341,-0.865023405428035,-0.869704489029306,-0.873502369681481,-0.891254425045423,-0.906003536396892,-0.921900649625666,-0.93762096030809,-0.952634870587763,-0.959435425324848,-0.967119183011035,-0.97391973774812,-0.980985361340959,-0.990347258615957,-1.00059208891251,-1.01127852068361,-1.02064014803105,-1.02770550169634,-1.03318125200976,-1.03803886822983,-1.04316155330567,-1.05172878386852,-1.06285708704172,-1.07124724513066,-1.07946060067325,-1.08555421515248,-1.08846835300044,-1.09014595273414,-1.09756437163703,-1.10524785939566,-1.11575748862041,-1.11664042164197,-1.11867189639593,-1.11566922231101,-1.1127548145355,-1.10648412758237,-1.12211644188295,-1.13589381404836,-1.153380530629,-1.16503843165861,-1.18040594703098,-1.18296701964134,-1.18632302889141,-1.1856163585611,-1.19639078671405,-1.20433907340089,-1.20478067487544,-1.20451560601969,-1.2063702782273,-1.20133639931598,-1.19674412187921,-1.20981536356943,-1.22218020485689,-1.2231522139705,-1.22403568684715,-1.22465409086806,-1.19727560922847,-1.13889756784348,-1.07680991211572,-0.969150657764996,-0.774233813274791
-0.553099570927528,-0.277251469364693,0.0504365699353905,0.371310335890113,0.604288728160811,0.79802072330505,0.891091391017355,0.927060356766927,0.938705097866361,0.962770702810847,0.98028065411562,1.02202862350198,1.05247694169177,1.06938318338803,1.08171810429318,1.09267292921554,1.09612356461547,1.10242086217818,1.11604967249756,1.12631405398556,1.13511213292222,1.14865420941575,1.1652150975805,1.16797502591741,1.16978641837161,1.17392670631996,1.17979218015395,1.18462264790802,1.19825119459875,1.21300095393796,1.21636485551204,1.21558846913777,1.21325931001496,1.21369060648637,1.21438078629209,1.22205791620892,1.23223635475702,1.24396756605365,1.24750414439349,1.24940174341624,1.25578445666154,1.26001095117844,1.26320217598677,1.2723453448263,1.28166119043157,1.28019515150888,1.27898773229186,1.27950576258912,1.28235242475188,1.28666538946599,1.2973610674254,1.30943684136759,1.31780336020419,1.31685429706417,1.31486996421557,1.31288589499563,1.31323098489848,1.31581876372694,1.32539349266653,1.3343645119976,1.33945386308597,1.3385050635746,1.33677987768896,1.33203561650344,1.33220802964055,1.33669340749175,1.34462889348559,1.35265084967664,1.36188022508471,1.36308790793039,1.36196643165327,1.35886141341349,1.36006909625917,1.34531960054862,1.29934513664535,1.21455530845839,1.08905225333635,0.910501577631386,0.716597169350032,0.541669014924795,0.394774340255288,0.282640948489668,0.211479139736142,0.16239886670716,0.122806852420541,0.0878726291222536,0.0507819234668956,0.0149851072257845,-0.0170165109698421,-0.0493629554396711,-0.0779142018640155,-0.102669986614215,-0.125010405673061,-0.146401761591873,-0.165205602310887,-0.186942048132562,-0.207384604540008,-0.227740954378893,-0.24680341480356,-0.265952081796771,-0.283030473001483,-0.29950515459768,-0.316842429136701,-0.336249979464219,-0.355829942928847,-0.376272762964935,-0.397837059278161,-0.411206986263235,-0.423800790502689,-0.435790885133639,-0.447608302998819,-0.456492852132689,-0.479696127763,-0.502381636724696,-0.526361035100628,-0.546803855136728,-0.568540564587051,-0.581047635000648,-0.59476238825993,-0.604077970236558,-0.618051606830148,-0.633491545975078,-0.652036766988426,-0.666614113190521,-0.680846633118424,-0.692232490883544,-0.703014375411511,-0.709397088656817,-0.720178973184779,-0.737861073998007,-0.755888264714093,-0.771673030133225,-0.79263335320928,-0.807555525685588,-0.819372679922126,-0.829292235135912,-0.841540685843861,-0.8493037587006,-0.863708691765596,-0.875784729336441,-0.890534752304299,-0.897694379181177,-0.907269108120755,-0.911927426366371,-0.91822446030042,-0.92262363158308,-0.938925900042167,-0.95281306643856,-0.968942658131906,-0.977740473439913,-0.987659765025056,-0.990592370127729,-0.995508780821696,-0.998613799061468,-1.0145709776177,-1.02854435058265,-1.04493282561029,-1.0556285035697,-1.06735945123769,-1.07175888614899,-1.07727953370878,-1.07995404636309,-1.09039163187414,-1.10022524414803,-1.10255413964219,-1.10238172650509,-1.10281275934784,-1.09901703404505,-1.09530751531081,-1.10729708268445,-1.12334073143789,-1.14024697313414,-1.15344448698212,-1.1671597674987,-1.17233532515563,-1.17457801408123,-1.17578569692691,-1.18648137488632,-1.19519298362578,-1.1957966932343,-1.19743540892273,-1.19898791804262,-1.19476115989707,-1.19165587802865,-1.20606054746499,-1.2188265012129,-1.22072410023565,-1.22382938210408,-1.22538189122396,-1.21830873454429,-1.21218437737599,-1.22891820593515,-1.24246080968598,-1.24806792744297,-1.25117373656869,-1.22805745839287,-1.14801162776279,-1.03717186178275,-0.913997438526221,-0.747435802937585
-0.642189535915679,-0.544943046419796,-0.415081167180774,-0.23698231983758,-0.043691585910955,0.308299693846483,0.605702541935061,0.823282928341654,0.96129819594405,1.02944710200781,0.997689521857282,0.985930447606885,0.999834832820114,1.02850219982047,1.06601051449375,1.08240438381522,1.08540881600613,1.08892819627971,1.09459314984321,1.10592279464311,1.12789531191463,1.15149845439341,1.15913715700122,1.16162611645528,1.16840648481628,1.17716112687576,1.18685988414132,1.20282432401229,1.2178446486772,1.21878876388327,1.21587037497872,1.21329537223829,1.21320932895194,1.21432500607653,1.22299386717675,1.23277866772866,1.24016028978577,1.24222034444352,1.24573946239001,1.25312108444712,1.26239093691636,1.27303407171508,1.2862524715813,1.29612331541956,1.29663852582932,1.29354883733333,1.28925742842639,1.28754049760569,1.2883988318525,1.29380618021112,1.30178826898306,1.31019952487841,1.31277452761882,1.31303187049661,1.31260244104612,1.31354655625219,1.31586421611482,1.32187255584245,1.33019829310563,1.33921080269709,1.34367429817672,1.34659242475419,1.34959633229092,1.35405930311637,1.3586080549011,1.36573154709915,1.37294108258354,1.37791926381876,1.37663202477564,1.37379994148453,1.36968035682321,1.37028161051932,1.37397255271143,1.38075318339952,1.36393014695464,1.31208854227181,1.20986413386782,1.06043291585207,0.865597337677453,0.672736033201318,0.502104588874498,0.367264528400254,0.268645018901992,0.207533561749927,0.162129201591059,0.123247866915401,0.0871130968986793,0.0534672863360144,0.0276320026267782,0.00316973891991638,-0.0202623662945283,-0.0412910306870787,-0.060603026586019,-0.0902145087924386,-0.119739947712502,-0.148063666221613,-0.176644989935616,-0.203509645155996,-0.224108880098052,-0.243163008465021,-0.261616407790056,-0.279297516154651,-0.299467583973297,-0.319122441382194,-0.339721676324244,-0.356287107564242,-0.373367224559818,-0.388215987306206,-0.40272162621554,-0.415768201836149,-0.436882647187959,-0.455765738290592,-0.475678725558545,-0.494304211456292,-0.509238755161939,-0.519710065715039,-0.532155387639533,-0.542626435865536,-0.556788163956543,-0.577816566022003,-0.598759187128197,-0.617555972617378,-0.632061611526717,-0.64390646673638,-0.651803036876153,-0.659356220851781,-0.667338571950813,-0.686135095112908,-0.704245108273804,-0.724500957051727,-0.744499462951842,-0.764927135975374,-0.779261212966189,-0.793509508997746,-0.805010978043263,-0.815911455719762,-0.827841829561592,-0.839256992993663,-0.851530228345444,-0.862516224654117,-0.873073316166482,-0.881227229184044,-0.88920958028307,-0.896076254257517,-0.906461783851352,-0.918048771529043,-0.930665917699152,-0.940708323455945,-0.950664948253467,-0.959076991130091,-0.966287313595768,-0.971866486200002,-0.983796860041833,-0.996070357720705,-1.00473869416674,-1.01280630157086,-1.02233323459079,-1.02705381062114,-1.0312597008959,-1.04164549281683,-1.05331878610796,-1.06361879706963,-1.06688057213832,-1.06979896104288,-1.06816807350853,-1.06610801885078,-1.0662795807693,-1.08190063447614,-1.09777903106077,-1.10928023777919,-1.12026649641495,-1.12730446998083,-1.12661769765254,-1.12515837203672,-1.13451374313813,-1.14464140519999,-1.15777323712569,-1.16712860822709,-1.17665580357413,-1.18154820385008,-1.18420924987685,-1.186698471658,-1.19588254316798,-1.20686906413084,-1.21141834056975,-1.21691173221472,-1.22111788481658,-1.22111814714367,-1.21957356522277,-1.22747013536254,-1.23519488125671,-1.23845613167121,-1.24309092674228,-1.24669556332094,-1.2459230100334,-1.24729629236287,-1.22000247001908,-1.1689334186238,-1.08052813912795,-0.92611900220408
-0.81352251694501,-0.677333319295566,-0.49515255063904,-0.315011925565065,-0.186643451531872,0.1775479005995,0.436154287417351,0.631681731513073,0.81496727481466,0.996382340065965,1.01040897675777,1.0417781330248,1.06719652407645,1.07195729214358,1.07127733089096,1.08113897756389,1.09593105783621,1.11259335633411,1.12696010356458,1.13996692828981,1.14319732884532,1.14889346584994,1.15833003930572,1.17031705206439,1.17779818479139,1.19089023201983,1.20245165191193,1.20789212140697,1.21137740999795,1.22242879399441,1.23220469851473,1.24317111983272,1.25592305652249,1.27088506215178,1.27360542681166,1.2725003923419,1.26943991714337,1.27054495161313,1.27045998893464,1.2774308259413,1.28635710367673,1.29587837998629,1.29885363268163,1.2998734446482,1.30080855376098,1.30522895146475,1.30777939076764,1.31424045170336,1.32265695336787,1.32860797840795,1.32775809179837,1.32860823823266,1.32707813054574,1.32750320376289,1.32869320091115,1.33362389433526,1.33855458775936,1.34578031280149,1.34748034584539,1.3490104535323,1.34832997263027,1.35019993103114,1.35113504014393,1.35572562302938,1.36108138967063,1.37017785258774,1.37323832778628,1.37544865655052,1.37595895227086,1.3814849040938,1.38429049125687,1.39168692113009,1.3990833510033,1.39729809545622,1.35241181874361,1.26901510375092,1.1400518909683,0.96841273023731,0.77220532488898,0.596741024853055,0.449160592493179,0.336605049997696,0.257544029854994,0.202796626118874,0.158505347980394,0.117784580936084,0.0848847973327273,0.0564056712578477,0.03302690413935,0.0104135806013647,-0.00905430505960111,-0.0381284297086147,-0.0668624438189695,-0.0961062340002517,-0.123480065780658,-0.151958932030845,-0.173721849309827,-0.196675023561767,-0.217588054231156,-0.239946229908975,-0.26009407682256,-0.281177032848922,-0.299284476355252,-0.318667139513023,-0.336349509802192,-0.35598732082013,-0.374774985403772,-0.395092757674336,-0.41396538493647,-0.434198194528542,-0.453155784469162,-0.47194344905281,-0.489541116488202,-0.5079037078547,-0.525161004926724,-0.541568155564448,-0.557890083698987,-0.573786938616365,-0.590194089254094,-0.605581427925242,-0.62130887713506,-0.636101477056789,-0.651914148769802,-0.665686417075554,-0.680903570565027,-0.695780613515841,-0.711847653614911,-0.726894621922703,-0.742706514161594,-0.756988298713577,-0.767019610918769,-0.773905485246936,-0.781386358149243,-0.787677233903282,-0.793628258943372,-0.807995265998549,-0.82584782146941,-0.843785339618752,-0.854071799684117,-0.865123183680588,-0.870988986217483,-0.874984570528803,-0.875834976787807,-0.892752682970585,-0.908225244144934,-0.923952693354746,-0.934919374497435,-0.94716101546686,-0.95064630405784,-0.953961407467134,-0.956766474980786,-0.967732636474068,-0.980229165478962,-0.983884639251624,-0.989580516431541,-0.994171359141693,-0.995531801296333,-0.994426766826569,-1.01176902657708,-1.02639092166773,-1.03931252388977,-1.04917365091328,-1.05937488847545,-1.05937488847545,-1.06056514544841,-1.06906634996669,-1.0814781761178,-1.09499503673868,-1.10494138626538,-1.11488747596738,-1.11905298563569,-1.12083824118277,-1.12109338904294,-1.12993470409988,-1.13826624308588,-1.14260193793586,-1.14685267010736,-1.15322876836459,-1.15399421194511,-1.1548443583794,-1.16649126059941,-1.17915797478599,-1.18425833374237,-1.19037850466532,-1.19564878897868,-1.19462793771329,-1.19224716394267,-1.20074836846095,-1.20686957868272,-1.20959020316729,-1.21146094104228,-1.21358682677743,-1.21095168462076,-1.21197201623674,-1.22081359111839,-1.20202618635944,-1.15016881281547,-1.06609213657016,-0.936023889317787,-0.712187504328866
-0.514249442353186,-0.226470939695909,0.0902318553492616,0.404266015027585,0.622747084640435,0.81333679713605,0.903036148832479,0.940138152397807,0.947971464117938,0.968717519126039,0.980683098131176,1.01718259997215,1.04369662236145,1.05876179648213,1.07158850568107,1.08716988433589,1.09629502289733,1.10653886771725,1.1160939136226,1.12401352253295,1.12607939307427,1.13425710425168,1.14682544808237,1.15939352881186,1.16619416836253,1.17101497146091,1.17970967647604,1.18745721720834,1.19787365640869,1.21207743723438,1.22740018741975,1.22938002387204,1.22826105451235,1.22524828278941,1.22550691125886,1.22705684036722,1.23523507774702,1.24590961921444,1.25718639930502,1.26054330738406,1.26002657664754,1.25950984591102,1.2589931151745,1.25839061345015,1.26166201364255,1.26854895038343,1.27543588712432,1.27930978904106,1.28249489204324,1.28481912795281,1.29007010149631,1.2948906414935,1.3034127521282,1.3115044292166,1.32131784049021,1.3215756796561,1.32269438591458,1.31933695163316,1.32226368926709,1.32346869271579,1.33199132955287,1.33870619811571,1.34877823785877,1.34705702987593,1.34593832361744,1.34025691652764,1.33483387480609,1.33035773426618,1.33225153662945,1.33440370436098,1.33888010800208,1.34499194863818,1.34645531745514,1.33087393880033,1.27991202766422,1.19434441705042,1.06487416332062,0.895805338836695,0.712619030717292,0.550781542431542,0.408140706247901,0.299847204173704,0.223490766210351,0.170807120889029,0.128281549399793,0.0953112869171009,0.0633739597050622,0.0375484731291341,0.011551181476342,-0.0203861457356967,-0.0533564082183886,-0.0825388028733544,-0.114303535704959,-0.137460123812846,-0.156312376457681,-0.171807194821096,-0.189884614462349,-0.203485630462504,-0.22939662492507,-0.254016318748735,-0.280444043947827,-0.303944768411801,-0.325810055880775,-0.339583403160164,-0.353873481176061,-0.365753026092178,-0.378493701202102,-0.39915398522237,-0.420503068157206,-0.441938185181061,-0.466128234761983,-0.485755583511593,-0.500217992806731,-0.515627303283507,-0.529400913664078,-0.539903123852262,-0.557894772505671,-0.575886421159087,-0.591897970259022,-0.609631253544178,-0.626675737914766,-0.639932354457635,-0.651811373171375,-0.665928593705663,-0.67806571468647,-0.69338820177065,-0.708366552498739,-0.725411299970521,-0.735741705081852,-0.746674875018712,-0.755111477766771,-0.764581015785478,-0.772242522428762,-0.79040597615903,-0.808052962253971,-0.827594013813372,-0.845068931730267,-0.859617112013237,-0.867020516389455,-0.874854354311974,-0.880621795490792,-0.886992001495163,-0.899904481681933,-0.914796798320995,-0.929172384223549,-0.93605905786324,-0.943117799680984,-0.946044800416091,-0.947680763613473,-0.949230692721841,-0.966189406104603,-0.982545617763007,-0.999934501590882,-1.00983394695352,-1.01956132413811,-1.02076632758681,-1.02197133103551,-1.02248779867085,-1.03789684604643,-1.05339219061222,-1.06854339882193,-1.07474179974944,-1.08102623476596,-1.08007933358433,-1.07792690275162,-1.07749620610413,-1.09471275865276,-1.11098241001977,-1.12682189094165,-1.13895980122603,-1.15006451313856,-1.15101115121901,-1.15161365294336,-1.15256055412499,-1.16289069613512,-1.17304876996721,-1.17537326897797,-1.17735310543027,-1.17855810887897,-1.17382333986961,-1.16857184012374,-1.18139828622149,-1.19680733359707,-1.21066671496548,-1.22280462524986,-1.2348567645464,-1.23761143400228,-1.23761169710347,-1.24200232975674,-1.25095513703893,-1.26085458240157,-1.26490055249636,-1.26997919476062,-1.27083979875205,-1.27015099983748,-1.24114093646175,-1.18449788133702,-1.09695096047331,-0.978413876680382,-0.798412671563165
-0.65103977639284,-0.486579178653093,-0.290887336590498,-0.0720964943582234,0.129997282137843,0.43166689276743,0.675892283114667,0.85255124708414,0.974707305765407,1.04365792703658,1.02791274317549,1.01216729490278,1.01173471747286,1.02358670446468,1.04763705768623,1.07064933084064,1.0945270232665,1.11338671174067,1.11745283381724,1.12039441322301,1.13302535688265,1.145569573527,1.15517247517721,1.16892796150766,1.18372152790526,1.18372126349362,1.18268291901484,1.18129872412143,1.18034710665794,1.18060649446891,1.18891166382937,1.19851456547958,1.20880916795906,1.216422107667,1.21910403485016,1.22801497125949,1.2376178729097,1.24825938345033,1.25985224704282,1.27533804309294,1.27672223798636,1.27663603979433,1.27369446038856,1.27637638757173,1.27871246434026,1.28727755033496,1.29610175972899,1.30622396582441,1.30553200058353,1.30172553072955,1.3001681462172,1.30181199333321,1.30475357273898,1.31392389695927,1.32491072909127,1.3320910913693,1.33252340438758,1.33027352581107,1.325601372274,1.32551464525871,1.3300133447652,1.33779947409209,1.34688360012037,1.359168957777,1.36167848857612,1.35917001542353,1.35726704490818,1.35640215445997,1.35302826203592,1.35545053699648,1.36003569910664,1.36340985594232,1.36384243337223,1.36522636385401,1.33840709202238,1.27430075626069,1.17394570104772,1.03189160941351,0.84329393143692,0.661703690531036,0.505980839581664,0.371972529496935,0.273088396192678,0.211318401611157,0.160881882811155,0.1150305261213,0.0785224188590587,0.0433985064902226,0.0117349491491081,-0.0161221383380433,-0.0438927632215464,-0.070538581022601,-0.0954540891039853,-0.114919544627015,-0.13473111497631,-0.151774295538788,-0.169163590927525,-0.186120308886343,-0.212160624050165,-0.23681674432058,-0.261386137575706,-0.286561033468065,-0.305593647149551,-0.319608521290966,-0.333017892795153,-0.348071111415345,-0.360961442885959,-0.384492756073932,-0.408543109295484,-0.433285427757924,-0.45577866087875,-0.476368923484223,-0.491768521342316,-0.505264884273418,-0.51876124720452,-0.532343808327652,-0.549732574893123,-0.567294266665913,-0.585807840313821,-0.598957824007034,-0.611675230270328,-0.622922243448192,-0.632439211318012,-0.641869452172546,-0.660729405058343,-0.680108662389355,-0.699055077878811,-0.717914766352984,-0.732708332750576,-0.741619004748271,-0.750097099316047,-0.75762357642033,-0.76688036324429,-0.782971661931634,-0.799841652875161,-0.817143956836972,-0.827179435917109,-0.836436222741063,-0.840934657835925,-0.844308285848344,-0.846038331156384,-0.863340370706564,-0.879517867585938,-0.89768532640758,-0.909710503018356,-0.921908869248077,-0.925110100876449,-0.928484257712135,-0.930301294447096,-0.945181852271615,-0.961705992800508,-0.978576248155678,-0.987141334150375,-0.995619693129781,-0.99726327583416,-0.996917161007902,-0.996570781770006,-1.01222923861581,-1.02857992511412,-1.04579603088391,-1.05539893253413,-1.06604017866313,-1.0680301406054,-1.0685494450506,-1.06837651984329,-1.08351620106715,-1.09727168739759,-1.11180586598422,-1.12556135231466,-1.13775945413275,-1.14295011888013,-1.1479678584202,-1.15281240834132,-1.16163661773536,-1.17201821164175,-1.17487332844386,-1.1768630259745,-1.17833368347157,-1.17591114409938,-1.17219087243743,-1.18187997227967,-1.19338610885688,-1.19554899600646,-1.19840411280857,-1.20212438447052,-1.19875049204647,-1.19399214031737,-1.20947767195586,-1.22487647657905,-1.22963429948488,-1.23395980937242,-1.23845850887892,-1.23041299174106,-1.22314616685939,-1.23577711051902,-1.24979224907207,-1.22383866092353,-1.17469961000165,-1.08740860470151,-0.927793085706139
-0.859743523096293,-0.763781682687919,-0.625593395459811,-0.485328272003561,-0.391789451272027,0.0138621783484796,0.310832039881371,0.548269720192256,0.769266728026534,0.989398673935147,1.00713733599634,1.04391291416736,1.07445798365395,1.08112062660513,1.07835142347958,1.08648501550767,1.10154068972543,1.115990741256,1.13338295540444,1.14895830149133,1.15215990334767,1.15579443286294,1.16522654340372,1.17422599074964,1.18149452085206,1.19248379575186,1.20373224542608,1.20684683860815,1.21039409498509,1.21982567659776,1.23064199200523,1.24076646944341,1.25565024202507,1.2703610551144,1.27304404295783,1.27261164422703,1.27114069515012,1.27070803195526,1.27174631783731,1.27892810372951,1.287754062655,1.29692620502919,1.30116609276758,1.30168523570861,1.30592538791106,1.31077142726474,1.31639604879794,1.32452990529008,1.33525947648733,1.33759548748991,1.33733525485925,1.33499871492857,1.33785413333622,1.3388059394721,1.34469000024378,1.35178583531794,1.36078501819981,1.3593140691229,1.3581893034947,1.35585302802806,1.35645838625119,1.35516013220255,1.36009212237429,1.36640858187677,1.37367711197919,1.37480240653551,1.37800427285591,1.37904282320202,1.37921604715839,1.37982166984558,1.3843207323584,1.3878682531994,1.39228083596606,1.38639651073032,1.34512160558242,1.26317794690192,1.13814225054791,0.97338960679718,0.783024148195654,0.611002974342501,0.467277074255473,0.356086600137015,0.270855124318048,0.212188005021718,0.161568262471368,0.115448111361945,0.0765962258908922,0.0462241158966209,0.0197459746561105,-0.00387674817676321,-0.0259420421865637,-0.0531125503244824,-0.0802830584624012,-0.107107383151622,-0.134883513976719,-0.159285083453147,-0.180658010565557,-0.200819427839538,-0.220461437708445,-0.237507732872237,-0.259226578969279,-0.279734179691959,-0.300847403101822,-0.318326625924531,-0.337622716808793,-0.353803685582861,-0.37015761384925,-0.385213816995113,-0.406673223853675,-0.425450436260971,-0.444833271355439,-0.463956402747379,-0.477628136562502,-0.488271492477649,-0.499866390064625,-0.51016329806702,-0.520027807338606,-0.541054551002312,-0.560696560871212,-0.580598274442653,-0.602144425511427,-0.62195965933671,-0.635717872897997,-0.649389606713115,-0.66262894179743,-0.673531736951063,-0.687463174468721,-0.701481091732536,-0.716018151937378,-0.724065264219309,-0.732804478934577,-0.739640345842138,-0.74621650904716,-0.752187049565003,-0.770704293805693,-0.789481241748934,-0.808430884720438,-0.821496731384317,-0.835341424691757,-0.841052525971108,-0.846417443801772,-0.851522922393939,-0.86805007461671,-0.882760094313875,-0.900152308462306,-0.911314542854419,-0.920659644720937,-0.92403447053366,-0.927062848433636,-0.928014919033573,-0.940561887220491,-0.955445130874032,-0.969982191078874,-0.978808678932473,-0.988673188204059,-0.991355647119386,-0.993259259391151,-0.995076127452705,-1.0111700875525,-1.02544691512669,-1.04171409918287,-1.05097245683916,-1.05910604886725,-1.05919252861341,-1.06049051819799,-1.05962519180827,-1.07113360964909,-1.08454590422572,-1.09224736198706,-1.09856435041765,-1.10583314498413,-1.10713139903277,-1.10721787877893,-1.1181204094685,-1.13109977638623,-1.14468476599113,-1.15255891878073,-1.16060629552671,-1.1632890189061,-1.16441404899836,-1.16406839447777,-1.17566382099286,-1.18760543095664,-1.19167262366678,-1.19548011267436,-1.2000659193974,-1.19746967576418,-1.19305629960535,-1.20456445298211,-1.21702467695881,-1.21953417638182,-1.22342814513556,-1.22723563414315,-1.22195746052272,-1.21538129731769,-1.20906483781521,-1.16605954435192,-1.09943152805576,-0.988327269219409,-0.786279904356636
-0.560392033085399,-0.271181378036492,0.0615099911194877,0.390585138299814,0.617028474321127,0.806707237791378,0.899178786217161,0.932585551141301,0.937665419356838,0.969780901990582,0.987517547120916,1.0215271911417,1.04701284576972,1.06190824881949,1.06724653138375,1.07843966205866,1.09643472153772,1.11046909429318,1.12002595162762,1.12381427440171,1.12321139530505,1.12329744570427,1.13156328389939,1.14473715266269,1.16032148520833,1.17125646468558,1.1771976263465,1.18641028208407,1.19622555376723,1.20578267425274,1.21783657207087,1.23126780257862,1.23264513526823,1.2303199324319,1.22678949770439,1.22506743711578,1.22420666997255,1.22920075093994,1.23703633713898,1.24642135682604,1.25115676029365,1.25339512327757,1.26062730407781,1.26923708071873,1.27750265576278,1.28938445278249,1.30247174484443,1.3061740172193,1.30496878532812,1.30307488709214,1.30178386795282,1.30247306059977,1.30781186946617,1.31599165726206,1.32313805081416,1.32615139369316,1.32477353470142,1.3227067462138,1.31969314018374,1.31857395869178,1.32021023203224,1.3250322122012,1.32916526287429,1.33450354543856,1.33846396901108,1.34052996804549,1.34096022004158,1.34647060340427,1.3506033909263,1.35499459279704,1.36136600645405,1.36816793525821,1.36618746032088,1.34845055203947,1.29661794933806,1.20578214795061,1.07379030899027,0.901761877100072,0.715010406109612,0.547803691237314,0.40651314614019,0.295702336638487,0.220278766998237,0.168102225851028,0.127807481723521,0.0937981008537988,0.0640072947542518,0.0374885090334963,0.0127778343005647,-0.0201984154764155,-0.0538635947492696,-0.0858927638327222,-0.117061165772939,-0.144096780191135,-0.163813900258798,-0.180517414296395,-0.197134614783706,-0.213063148926221,-0.235190732776241,-0.259212478013299,-0.283492637599071,-0.307256494789553,-0.330675624081023,-0.349187249106449,-0.365374197597685,-0.382852428379298,-0.399383315316329,-0.417119697295601,-0.437524957405939,-0.458533096612925,-0.478508367878248,-0.499000467841005,-0.51716815442063,-0.532580912469971,-0.548251821716971,-0.561597791278701,-0.574943760840431,-0.590269679037359,-0.605251132486352,-0.614463788223922,-0.625140090201388,-0.634524583586326,-0.642531481130588,-0.651227045019652,-0.669479729394226,-0.688249242466229,-0.708482664929199,-0.727252704303346,-0.745764592479846,-0.75962712758795,-0.772284167653812,-0.783908076626921,-0.796392752743282,-0.809393731254946,-0.822394709766598,-0.835223324328761,-0.841938676431567,-0.848912179732016,-0.85511122943952,-0.860277148054283,-0.866132259315987,-0.882749986105442,-0.899023511298024,-0.915296773339534,-0.924251541030523,-0.932086600927423,-0.934238913512115,-0.935530195802516,-0.936046498197817,-0.951716354840535,-0.967644625831978,-0.983745260772927,-0.993388431657645,-1.0032900168911,-1.00518417827814,-1.00621757252194,-1.0083701482577,-1.02429868240022,-1.03996880219401,-1.05650021543317,-1.06872621404975,-1.07897200088005,-1.08232980850699,-1.08517131373863,-1.08646285918009,-1.09800071775399,-1.11031355622298,-1.11436081964793,-1.11857992072024,-1.12262665784304,-1.12116274845209,-1.11892385916603,-1.13226903927456,-1.14621709847974,-1.16119855192874,-1.17023910686787,-1.17945176260545,-1.18031279289975,-1.18022674250053,-1.17936571220623,-1.18909519664123,-1.19951361057211,-1.20476584273717,-1.20932940855741,-1.2134624592305,-1.21242932813776,-1.21079331794837,-1.22035043843387,-1.23171540675614,-1.2390336379556,-1.24566293965919,-1.25100095907239,-1.25057044392524,-1.24893469688691,-1.25633950478772,-1.23274853784888,-1.17661157312915,-1.09524684182798,-0.963513417216354,-0.73879187863259
-0.504419053927438,-0.224721161546476,0.0972714065008299,0.405998396655951,0.616439215071536,0.803708251626689,0.892088219397961,0.921892658567573,0.926716361469919,0.958588289936129,0.976505652927173,1.01122041208541,1.03990541097882,1.05670307041982,1.06213019691415,1.07057180863016,1.08814428291899,1.09822266796454,1.10718108618625,1.11829282096937,1.12914654741036,1.13732988751044,1.15369656771059,1.17480112354826,1.18134821686642,1.18048704820614,1.17712767428223,1.17747229971064,1.17643868669926,1.18565563981071,1.19866268281314,1.2119282607053,1.21537372516787,1.21778557661903,1.21838847366337,1.22114495054294,1.22493530370772,1.23423861063165,1.24371409863286,1.25370639313977,1.25801355281024,1.26068367587735,1.26636881071379,1.27325973963891,1.27971995259697,1.28902273297326,1.29944574344721,1.30065180080971,1.29970454161079,1.29729321670725,1.29927514201283,1.29953394017641,1.30633930511051,1.31443681794576,1.32373986159587,1.32391177939934,1.32468685752097,1.32253327768573,1.32063796946644,1.32210229844487,1.32735698058808,1.33416208224836,1.34260369396438,1.34837491933946,1.34734104305426,1.34699615435204,1.34596227806683,1.34708198161687,1.35026917446348,1.35664382343054,1.3638799043317,1.36887605158515,1.36749781314537,1.34871928149404,1.29574279719018,1.20460635253932,1.07238128958463,0.899239526129563,0.713004102585797,0.546322552088797,0.403501771035223,0.29358653145923,0.218902857547179,0.166357615757995,0.125441178531445,0.0902098761413305,0.0587686636421736,0.0312036315726168,0.00596436041559272,-0.0264243745563034,-0.0557120072202306,-0.0851720842352544,-0.113857083128659,-0.140302674922002,-0.160718506450498,-0.18199576991309,-0.201549906233684,-0.220070166269062,-0.241432730448852,-0.263828907640018,-0.284932936930052,-0.305864785142788,-0.326365917388476,-0.344886177423854,-0.362286733909206,-0.38046236851619,-0.397604390111786,-0.417847514015357,-0.437315033249668,-0.456696461945325,-0.470134484188607,-0.484261757288693,-0.495546199696745,-0.50605556398316,-0.516823199885515,-0.536463163470929,-0.556016773243877,-0.576001362257697,-0.596416667238571,-0.611749734427325,-0.622517370329685,-0.633457187309326,-0.642932412036725,-0.65387196574256,-0.673339484976866,-0.692548732595237,-0.710724630476038,-0.727953005884094,-0.744061677742124,-0.755346383423993,-0.766544735293396,-0.778259630394679,-0.792903446726634,-0.807030193279081,-0.820984495480425,-0.835714139077212,-0.846653692783035,-0.85578429208204,-0.864225903798045,-0.872237062820831,-0.878180732547018,-0.889809800383469,-0.902127855802915,-0.915651968584839,-0.924352115190607,-0.93494757001567,-0.941838762214608,-0.948040966830558,-0.951658875644223,-0.96544152331591,-0.977070591152356,-0.99050887666946,-0.998261764076306,-1.00799578696728,-1.01195832120934,-1.01678228738551,-1.01996948023212,-1.03323532139812,-1.04529536847544,-1.05735541555275,-1.06760650822323,-1.0773405311142,-1.08190596240061,-1.0868157558416,-1.09275916229397,-1.10232021428619,-1.1114508135852,-1.11136419649891,-1.11205292080808,-1.11136340667745,-1.10791767894108,-1.10696989319452,-1.12428409586741,-1.13961716305618,-1.15176303739832,-1.16304747980636,-1.1714893547962,-1.17062818613592,-1.17036991451998,-1.17726136999274,-1.18759828992805,-1.20060559620428,-1.20861649195325,-1.21714419420791,-1.22127864625345,-1.22248444034213,-1.22127838297963,-1.23023706447515,-1.23850675838769,-1.24152177015702,-1.24384779434336,-1.24703498718999,-1.24496749789339,-1.24255538316841,-1.25246158713666,-1.23798968860818,-1.18475466941455,-1.10610846126043,-0.990421996309355,-0.798070458688288
-0.725280791848443,-0.614931714398837,-0.46191959224139,-0.307082517589211,-0.213676392579118,0.152910674237956,0.41166806469937,0.612122312632068,0.796067273349918,0.98522551148689,1.00686070572348,1.04709039191716,1.07489515780069,1.07993502224265,1.07750246041904,1.0847146344371,1.10139760019263,1.1207739111463,1.14093230666007,1.1576152724156,1.16126464627804,1.16187278673393,1.17125673920106,1.18342087613667,1.1942813617631,1.20905200462651,1.22382291305344,1.22608206189987,1.22417080126184,1.22078274190097,1.22382450643454,1.22799571260959,1.23911777830111,1.25328081183565,1.26900774892687,1.27144084187752,1.27144084187751,1.26718332755917,1.26709648828883,1.26892117522005,1.27665411929664,1.28734145750942,1.30246025414475,1.30689171256729,1.30723933521217,1.30741301375285,1.30906402214339,1.30958532332895,1.31610198649373,1.32409571394486,1.33400123316106,1.33486989142798,1.33426148540856,1.33243679847734,1.329569509175,1.32574619120836,1.32870058534457,1.3325239033112,1.3373027188151,1.34477514508067,1.35033631070819,1.35337754411473,1.35641877752127,1.36267518843855,1.36780215771437,1.37466670908755,1.3829212199132,1.38995918426355,1.38900315559925,1.3863958529809,1.38170334562029,1.37579482291141,1.37431775862508,1.3664108704443,1.32844059866057,1.25423737162698,1.14006471064722,0.974279514407713,0.782253455841362,0.603173618770717,0.450421217733746,0.330252398084205,0.249966173110494,0.199396505785395,0.159688386340799,0.124585403859418,0.0885266582772677,0.0536841936069163,0.01997117057802,-0.0119174310831696,-0.0405042815268034,-0.0638775889877869,-0.0854262095175535,-0.106714046672786,-0.12765426118314,-0.152504367366952,-0.178831803400619,-0.204464259708053,-0.230270660119678,-0.251385084297745,-0.269197757258245,-0.285967827847627,-0.302477115062474,-0.31542386768522,-0.335495423928641,-0.355566980172069,-0.376072732767202,-0.396665324632672,-0.414564305736483,-0.429335479726928,-0.444106653717368,-0.45792233017055,-0.471043026897498,-0.492591912990781,-0.513532393064646,-0.53351684447422,-0.553935492235493,-0.570357143489442,-0.582695224529247,-0.593729919823393,-0.605807748615696,-0.615800372665757,-0.633960402707625,-0.651164669648712,-0.669585483065119,-0.686355022527463,-0.702429316700051,-0.713029815642498,-0.72354320975108,-0.733535302674103,-0.744048962346213,-0.757430176884173,-0.772549239083019,-0.788102763197081,-0.798877471807241,-0.808088011297203,-0.816429361393212,-0.823206542369011,-0.828680337599157,-0.842929679277006,-0.859785792446171,-0.875512463973875,-0.892108059332027,-0.904706923746372,-0.912874595301695,-0.918783118010579,-0.924691906282979,-0.929297308809715,-0.942765362618025,-0.955798954511113,-0.970135932149854,-0.976999952396002,-0.983690294101463,-0.985688659573367,-0.986818101214828,-0.986730996380968,-1.00132849183073,-1.01670807184059,-1.03226133039114,-1.040689785321,-1.04851009979496,-1.04790222490258,-1.0463383213459,-1.0445138999782,-1.0579819537865,-1.07318785525568,-1.09047896146711,-1.10160102715863,-1.11168022491552,-1.11419989157298,-1.11498171056956,-1.11367805926039,-1.12506037719941,-1.1379200249883,-1.14408933107172,-1.14904209067982,-1.15399511585144,-1.15277883493963,-1.14999838490764,-1.1596431207493,-1.1723290899975,-1.18623134015751,-1.19170540095117,-1.19778760220073,-1.19735314028551,-1.19439874614931,-1.19057542818267,-1.20187090685136,-1.21342716889458,-1.21516475099195,-1.21698943792317,-1.21751100467224,-1.21038620105156,-1.20265325697498,-1.21577395370191,-1.21212484540299,-1.176239512798,-1.10994290838167,-0.998898054515272,-0.79427313153457
-0.566776859967683,-0.273936815821487,0.0493351290188256,0.371737568204326,0.608757581539383,0.797695420315292,0.88490428637524,0.919074901940204,0.92150962407019,0.943072673381838,0.961244863232819,1.00011059674065,1.03184649017562,1.05140957018469,1.06062574549467,1.07045046846647,1.08749219466968,1.10079520600203,1.1141851147516,1.12853142657318,1.13922592094113,1.14809424084092,1.16357075056894,1.18096033218233,1.18548192103211,1.18661265042123,1.18270040645728,1.18183116654382,1.18252687736419,1.1920911738257,1.20400276351729,1.21869666500773,1.22365247520224,1.22591287101512,1.22565164728081,1.22739039284908,1.22939009641032,1.23651993648318,1.24504093245546,1.25608354797492,1.26112705281065,1.26338798010621,1.26408342518525,1.26634408673947,1.26869137996957,1.27469022491197,1.28268903915695,1.29242713045288,1.29712224839575,1.29799201979189,1.29720967729564,1.3007748630734,1.30477453593723,1.3120781708445,1.32242480980226,1.33451046006962,1.33607514506213,1.33450992858695,1.33137949563658,1.32581460629758,1.32094542777895,1.32164113859932,1.32451061355671,1.32842365474466,1.33537996572443,1.33868445925055,1.34111944712187,1.34224991076966,1.34868404002213,1.35468315070586,1.36276886236806,1.37181097710227,1.38180976064984,1.36398542620905,1.30912153272857,1.21513121348862,1.0781016930426,0.900206735527502,0.713964576874556,0.549459528109014,0.412777863073175,0.30922324737174,0.232970099414042,0.179149506422809,0.1317627769427,0.0883754545850919,0.0524658277105216,0.0234250829158364,-0.00283308433868126,-0.0267436926217639,-0.0490021870124504,-0.0785643163104249,-0.106474331716003,-0.13412365486994,-0.161251062037928,-0.182726682449689,-0.199855040328761,-0.216201055711596,-0.231851626015387,-0.247154606650319,-0.271761191495118,-0.295498270685116,-0.320191752947124,-0.344971866885007,-0.364795904887048,-0.379403174701613,-0.393314999437132,-0.406618010769488,-0.41931274018135,-0.440528199824145,-0.461830556884157,-0.483654298447441,-0.505738998003701,-0.523215211292967,-0.537213667704361,-0.550255455302409,-0.563384406058998,-0.574165797844157,-0.593033432774182,-0.610857767214982,-0.62911712022452,-0.646420070162036,-0.661984008789946,-0.67354827455403,-0.684416829497735,-0.694415878786633,-0.705110373154576,-0.721195430544428,-0.737367651092832,-0.753887727051422,-0.771016350671847,-0.786232168148229,-0.798665939567119,-0.81049089758284,-0.82153324736097,-0.833097247383719,-0.846226198140308,-0.858920396069499,-0.870571293509464,-0.876657567351747,-0.881526480129037,-0.884917605331039,-0.888308464791706,-0.893525232979189,-0.910132206354995,-0.926739445472131,-0.944563514171589,-0.953606160388478,-0.962039993202202,-0.964213491597876,-0.966126032000572,-0.966908640238162,-0.984732974678956,-1.00142711121331,-1.01925171139545,-1.02777297310905,-1.03620707166411,-1.03568542141949,-1.03481591576469,-1.03272904904489,-1.04881410643475,-1.06498606124181,-1.08133207662464,-1.08863571153192,-1.09628720184939,-1.09376584804353,-1.0915926153892,-1.08872367191448,-1.1047223633698,-1.12037319941492,-1.13732829394225,-1.14663163241078,-1.15541332063469,-1.15428285698691,-1.15263074309451,-1.14993532871289,-1.161238636484,-1.17462854523356,-1.17984531342105,-1.18445326820537,-1.18966977065151,-1.18732194593874,-1.18314847824049,-1.19601673674544,-1.21036331430836,-1.22462299445407,-1.23410039349835,-1.24305587655669,-1.24314277397391,-1.24296871339814,-1.24157729175739,-1.25053250907439,-1.2616614905284,-1.26409594691704,-1.26479165773742,-1.23957705671346,-1.17280157354139,-1.07281214361772,-0.948650881676643,-0.779276654392481
-0.675352447874898,-0.559027989343703,-0.409863042393877,-0.243240855469104,-0.064087290523841,0.287046713027668,0.576561614648624,0.791753555871524,0.954746257616608,1.05093435033212,1.01930386639702,1.00176025413085,1.01429136801591,1.03797111085548,1.06994734809095,1.10451607474046,1.12940555792812,1.13001042810217,1.12456553999402,1.12499740145016,1.13087415101443,1.13787426863557,1.15101025269467,1.1641465008892,1.17201113382896,1.17529512984373,1.17892487915886,1.18860438675618,1.19897513681875,1.21141987841259,1.22645737355592,1.24106274310767,1.24287761776523,1.24123548769013,1.23760573837499,1.23639573389147,1.23613635288234,1.24365470425083,1.25324731128603,1.26491390985247,1.26837038631425,1.26966649895356,1.26854313089671,1.27001251638936,1.27087703170798,1.27891467336563,1.28859418096294,1.29965617349079,1.30414990985364,1.3076930227421,1.30838426520736,1.31296437386144,1.31832262554291,1.32739726296618,1.33655853681613,1.34494193177413,1.34347333868783,1.33975748121692,1.33439949367089,1.33362161477895,1.33526374485406,1.342609879911,1.35142513632514,1.36196863097018,1.36248712885299,1.36067199005997,1.35816534466625,1.35583170799043,1.3566959591736,1.36464696440457,1.37346222081872,1.38253659410655,1.38936396714522,1.3883269713796,1.35937534914978,1.29378074460374,1.18661729578705,1.0384896087383,0.849311047030801,0.663848871065115,0.502066437939004,0.371309354438516,0.272874261473848,0.210650289369249,0.162858678098516,0.121462050139423,0.0837818079221422,0.0498176873112091,0.0183596838231029,-0.0103325573975882,-0.0388517899003788,-0.0666797799378984,-0.0933841377831214,-0.118878491144812,-0.144632225515639,-0.1695217087033,-0.192164191641808,-0.214029059823814,-0.235029676822661,-0.253783557707805,-0.270635927508701,-0.288871046375584,-0.307106165242467,-0.325946154283384,-0.346859870720109,-0.368119604592636,-0.387996589399186,-0.407182067605002,-0.425330814180666,-0.441319461069292,-0.458085722714415,-0.475457118669017,-0.490149388782886,-0.504755022470092,-0.519360392021839,-0.532756021225506,-0.544682264936526,-0.561621007028658,-0.578300368111658,-0.596103097251504,-0.613387064373094,-0.625399152104448,-0.634213880247692,-0.642683119226032,-0.649596864555941,-0.656510874021295,-0.675783516924696,-0.695833774584586,-0.716488902418523,-0.73679854108755,-0.753132677141081,-0.762034305846452,-0.770071683368658,-0.777244809707692,-0.784677052920406,-0.800837651985144,-0.817257632059014,-0.833850356715339,-0.844047833924571,-0.854936553599068,-0.860208168853864,-0.864874913934614,-0.86928254214169,-0.885184288468195,-0.900308420038199,-0.915951049491019,-0.933149172592287,-0.94801392315316,-0.957088560576443,-0.965385319107774,-0.972385700864353,-0.977830588972496,-0.986818854104543,-0.99658473399308,-1.0075603542297,-1.01680747209999,-1.02527644694287,-1.03210329171066,-1.03772039613036,-1.04152289002795,-1.05154788679017,-1.06278315217137,-1.07289478536027,-1.08110490746493,-1.0903520253352,-1.0945000083977,-1.09735161468545,-1.10124048087426,-1.1100557372884,-1.11869824912009,-1.11939001985626,-1.11904453069135,-1.1184396605173,-1.1147232747755,-1.11005600142385,-1.12440172583102,-1.14255020827124,-1.16113081630302,-1.17348918560562,-1.18602056362613,-1.18731694040088,-1.18602056362612,-1.18342807421206,-1.19319395410061,-1.20287346169792,-1.20356523243409,-1.20373850528743,-1.20373876942288,-1.19708440510211,-1.19060278536379,-1.20460302060605,-1.21946750703148,-1.22508461145119,-1.22966472010527,-1.23467695435093,-1.22871356835998,-1.18342781007662,-1.13382106001286,-1.04921345770801,-0.876541512501058
-0.697518740754808,-0.475666135717043,-0.200169358335858,0.0773436398667163,0.255369026557814,0.514562705601712,0.678476153947331,0.784099763557847,0.87052721495196,0.982111347689682,1.0085828857688,1.03777174085449,1.05617893144945,1.06240199728259,1.06389179318849,1.07213107984305,1.09492085832231,1.11814919028079,1.13094680769221,1.1362938381698,1.13980012279782,1.14505981764057,1.15435141832469,1.16837628893605,1.18020999955563,1.18538209086282,1.18608345494872,1.18906385046268,1.19432327740472,1.20151078583115,1.21185362894195,1.22394988226747,1.22929664484434,1.23157540837168,1.23999016999807,1.2490186921748,1.25752105733674,1.26988038916966,1.28259040304551,1.28285348155291,1.28004856101077,1.27654254428347,1.27373762374134,1.272247292034,1.2775061831746,1.2849565022077,1.29354620300449,1.29775331591696,1.30020755441614,1.30248658584421,1.30590499903595,1.30853444460625,1.31405641425423,1.3205428264955,1.32475020730869,1.32545157139459,1.32545183929531,1.32711764597448,1.32913359889516,1.33351645468019,1.33947697780739,1.34692783264194,1.3503465137344,1.35183711334246,1.3517495098069,1.35017184246474,1.34841843225,1.34920713197073,1.35139829196252,1.35437868747649,1.36025160706813,1.36419644517538,1.36691376218195,1.35911249320518,1.3203692268287,1.24244440849725,1.12411078501088,0.962476368093332,0.775071509281842,0.600639207052162,0.451188646995692,0.332417273732259,0.253615884243804,0.202425682498863,0.161403652595034,0.126780163496209,0.0968023407890666,0.0588483099347654,0.023173310508532,-0.0111871000829081,-0.0452844321669689,-0.0771906042592283,-0.102961314053898,-0.127154356506384,-0.149068099630077,-0.169053493368647,-0.190966968591621,-0.210601144485809,-0.230673338057783,-0.245574244024716,-0.260562753527203,-0.274236674194909,-0.289137848062555,-0.303338193645756,-0.328582746425637,-0.353827299205525,-0.378370755800237,-0.402125512674212,-0.424827955518641,-0.442095764349915,-0.458837684067143,-0.475316525276973,-0.491181605936469,-0.508361811232195,-0.524490506200512,-0.540706804704395,-0.551400597758851,-0.562795486998483,-0.572612440995217,-0.582429127091233,-0.592333684623515,-0.613282985153928,-0.633619060935449,-0.655094786381368,-0.673152098635534,-0.690770857410483,-0.701990807479714,-0.712859807605289,-0.722326347459792,-0.738629713697791,-0.75423198375062,-0.770886032031557,-0.786838984127331,-0.802441254180153,-0.81383641132051,-0.82488088641791,-0.834347694173137,-0.845129358663871,-0.856875197847172,-0.868971451172687,-0.882031879190776,-0.894390943122969,-0.905873435898155,-0.916128675473393,-0.925945629470122,-0.934097312589125,-0.944440423600635,-0.954169774061811,-0.958377154875007,-0.962234121545972,-0.96635389882361,-0.968808405223515,-0.970824893945635,-0.985375653671062,-0.99983854196021,-1.01473971582786,-1.02324181308908,-1.03218219592881,-1.03367225973544,-1.03542540204945,-1.03735401933529,-1.05155436491849,-1.06706929933648,-1.07671131416282,-1.08512634368993,-1.09266480206003,-1.09433060873921,-1.09327936631253,-1.10449958428249,-1.11729746959463,-1.13035816551343,-1.14000018033976,-1.15069370549351,-1.15498842194153,-1.15788041021778,-1.16033411291552,-1.16962490989748,-1.17935426035866,-1.18347403763629,-1.1879447648576,-1.19197720650039,-1.19162679235817,-1.19022459998782,-1.20012969332155,-1.21073588284045,-1.21634599182543,-1.22195610081041,-1.22756594189468,-1.22739046692284,-1.22572466024366,-1.23510306076118,-1.24386796862907,-1.24868857419116,-1.2531584977103,-1.25754108559461,-1.23667938859976,-1.181544884549,-1.0918747628357,-0.969772847816795,-0.800688111866143
-0.698159819949916,-0.561103762394401,-0.41068457398161,-0.233715385844908,-0.0366141765031317,0.319346376205552,0.606470979036985,0.832583676054248,0.998036185162429,1.07636690632499,1.03416854978286,1.01456397108942,1.01869591757116,1.03117961931967,1.06335576206487,1.09456488209009,1.10748816404695,1.10696072153534,1.10326835526195,1.10766388865348,1.11645522412859,1.1306091157152,1.14520258751018,1.16005991490699,1.16454357929384,1.16858739478027,1.18027979841532,1.19267563786055,1.20348914977094,1.2193137685798,1.23478693817561,1.23505079377744,1.23408377105747,1.23214945692546,1.23513838738865,1.23865476036346,1.24981999017895,1.26186411171909,1.27346865305088,1.27276521724068,1.26960029347891,1.26810529086319,1.27039078551619,1.27540162372259,1.28586314903583,1.29790700188391,1.30678646835434,1.30608356992826,1.30160071161759,1.29720571561018,1.29905270482305,1.30221789727688,1.31162480625893,1.3227894986903,1.33439377133002,1.33377792913103,1.33193174599434,1.32832724202421,1.32384384632942,1.32067892256764,1.32270083031086,1.32612907229036,1.33070006159634,1.33597448671253,1.33834811236084,1.34045815109938,1.34177689172445,1.34590910689826,1.35092021379672,1.35681021241984,1.3637550960662,1.37113982861298,1.37052425510604,1.36841448505957,1.34186502271977,1.28058979868787,1.18212705632026,1.04630133970244,0.86519993639193,0.686823607942758,0.527876133580524,0.391610568062288,0.288136450104145,0.220618972159909,0.166816342978053,0.122948065289862,0.0867278383661647,0.0523540632712335,0.0227278081649806,-0.00487680789011901,-0.0363497835171831,-0.0660641696187501,-0.0938447789724269,-0.122065237226521,-0.146944778420267,-0.166549357113706,-0.185978211200632,-0.204703629477357,-0.222110307129003,-0.243121488750778,-0.265099961784594,-0.286814847908628,-0.308178016127564,-0.329804771256277,-0.347739160111602,-0.365761142578128,-0.383167551537722,-0.39995865568243,-0.416398310614099,-0.435123728890819,-0.452882393139624,-0.471959798013504,-0.491564645399012,-0.510817506187343,-0.528312314834314,-0.546334565992903,-0.561983191503178,-0.576752656596727,-0.59152239038234,-0.606555442385678,-0.615698227073829,-0.625192460975026,-0.635301999691096,-0.644884095895556,-0.654290736185541,-0.673983177182249,-0.694291191685882,-0.713280734256511,-0.73314916855179,-0.746951342233306,-0.755566684409846,-0.762687561354774,-0.770687330024372,-0.777632482362792,-0.795391146611592,-0.812446643742261,-0.830644888199433,-0.847612523026845,-0.862381988120394,-0.873195231338722,-0.883392901050107,-0.892535685738264,-0.902381637544552,-0.91635980452465,-0.927173047742978,-0.94000846739658,-0.949415376378628,-0.95882255405274,-0.964537096761407,-0.971306793185365,-0.975790457572215,-0.98651583848728,-0.996186065687054,-1.00831804953046,-1.01517507087355,-1.02238407881381,-1.02721946110576,-1.03214270570096,-1.03469232464785,-1.04831904241491,-1.06203335379317,-1.07557194056491,-1.08480285624838,-1.09508865695509,-1.09922060343684,-1.10220980259209,-1.10449556593714,-1.11557266475731,-1.12541888525566,-1.12981441864719,-1.13394636512893,-1.13807831161069,-1.13658357768703,-1.13623185978193,-1.14616594258354,-1.15961639835996,-1.17306685413638,-1.1800120064748,-1.18537456258631,-1.18651757860486,-1.1841442216486,-1.18124342218073,-1.1933756747162,-1.20814540850181,-1.21157391917336,-1.2137715515231,-1.21588105287751,-1.20972692996049,-1.2007596011868,-1.21157311309718,-1.22651830279726,-1.2389141422425,-1.24840864483575,-1.25807914072758,-1.2590458947555,-1.25711184931555,-1.16700113090673,-0.993636446740157,-0.71723722482379,-0.344045719069974
0.159619254046626,0.528694751514396,0.807454843265523,0.971300575915661,1.04056854268598,1.02325121171995,1.02804609548476,1.04562914541409,1.0736914021404,1.09837910945836,1.118271390174,1.12635288366982,1.12697470404257,1.13026077093607,1.1389638133859,1.14882119981011,1.15796801192796,1.16747011119898,1.17786002122485,1.18372103786795,1.18780616158266,1.19659795796608,1.20521197506354,1.21240538638577,1.22323988033593,1.2353174721941,1.23842575980162,1.24029094950114,1.2472178276038,1.25334537746649,1.26036100950276,1.27297112496256,1.28655807652954,1.28762339515158,1.28629100047245,1.28336022073214,1.2839820411049,1.28513665649806,1.29419525751982,1.30476348966915,1.3154204757521,1.31621980399206,1.31453266499727,1.31106909023656,1.31018073664423,1.31089076811308,1.31772862086338,1.32634236654208,1.33540042472632,1.33779840944623,1.33779895228375,1.33628959257493,1.33655639721327,1.33708946365242,1.34268421849471,1.34898900480585,1.35591534007099,1.35760220764703,1.35813445982991,1.35609149084442,1.35875546594641,1.36230779464072,1.36932369809574,1.37687266798992,1.3856647357921,1.38557625327724,1.3827344988893,1.37847159588862,1.35333930464635,1.29455000183548,1.20148186708326,1.06845166303253,0.892262348142171,0.712965017063044,0.5533821874136,0.421151311602846,0.320712529079928,0.259347733681937,0.213701341351267,0.174626811388835,0.140081446227902,0.109265917628489,0.0734777259783107,0.0404425347824675,0.00856168756102202,-0.0225201028391951,-0.052536303198636,-0.0776685944409027,-0.10217906531041,-0.125268658985942,-0.147203637268321,-0.16896083626472,-0.190984297061952,-0.212919275344331,-0.235298294713495,-0.256522970108261,-0.277303875834998,-0.29755198654134,-0.317000769007711,-0.335561469300495,-0.356786144695267,-0.377921794737674,-0.397814075453318,-0.418327905122966,-0.43910799659343,-0.45633603078833,-0.473564064983242,-0.491857960637699,-0.509796569138967,-0.526492079732241,-0.544697221453094,-0.562191788867572,-0.578975781975693,-0.594250143956224,-0.610856629197133,-0.626663786198064,-0.642826501770937,-0.65810113517023,-0.674086342875891,-0.688384140167998,-0.703570019633687,-0.717778791573429,-0.732875645686759,-0.74815000766729,-0.763779656801014,-0.777721895521173,-0.792197200680505,-0.806494726553857,-0.819460129166843,-0.824077776483189,-0.8293172441723,-0.833224317182284,-0.835177989396653,-0.838286277004176,-0.857646034118182,-0.876028955125003,-0.895122450438187,-0.912173248184636,-0.927447610165172,-0.933574888609109,-0.939258125966243,-0.94440856830299,-0.956752150543216,-0.969628799222599,-0.97380267687091,-0.979042144560021,-0.983926325095945,-0.982860735055151,-0.981795145014362,-0.998579138122484,-1.0141200333226,-1.02122469071123,-1.02948369207425,-1.0363218162433,-1.0339243743609,-1.03126012784016,-1.04555738229476,-1.06074271892293,-1.07175417790279,-1.08010166178066,-1.08915999138367,-1.090048344976,-1.08907205170634,-1.09866371916724,-1.11313929574532,-1.12290792823593,-1.12885797023141,-1.13489649474174,-1.13534026440976,-1.13303130504221,-1.13942538812447,-1.15203577500303,-1.15754177591172,-1.16109383318727,-1.16393558757522,-1.16286999753443,-1.15763052984532,-1.16784320342272,-1.18302908288841,-1.18933414061831,-1.19404054186826,-1.19928000955737,-1.19590546014903,-1.18773548413836,-1.20034614243568,-1.21384488290658,-1.21775222733531,-1.22236987465167,-1.22840839916199,-1.22228057788054,-1.17885466240258,-1.12361795970479,-1.03836505664755,-0.897786425540169,-0.771505320306127,-0.618760071988227,-0.479602046656053,-0.374900632551209,-0.330586906318422,-0.165675583627501
-0.165169442658087,-0.0544817392444915,0.129137004819468,0.347663134626395,0.443925097359647,0.666903817867846,0.790771026459286,0.856756461076838,0.911521693723066,0.994604423441731,1.00760566169356,1.03102558115784,1.04758889197069,1.05168522098323,1.05186321574597,1.0669122102592,1.09327040412513,1.10858639078249,1.11686750186242,1.12416936958397,1.12969020102501,1.13619082015093,1.15444589769967,1.17537252966918,1.18160615665097,1.18205168788435,1.1871275324185,1.19255963864141,1.19906025776732,1.2137529905918,1.23076101614829,1.23227451595818,1.22897943554129,1.22390331884388,1.22230054948937,1.22096504444223,1.22862371817902,1.23833042034046,1.24910590756815,1.25240098798504,1.25382603474005,1.25498354502443,1.2581893558967,1.26094990769884,1.26727253206201,1.27493066147231,1.27965051648096,1.27982851124371,1.27929398262897,1.28303377778949,1.28641758342452,1.29211640962831,1.30013080072736,1.30903570996667,1.30885744304067,1.30787765535579,1.30636388338267,1.30752166583029,1.30921370472942,1.31607085770733,1.32346226713675,1.33085340440292,1.33201091468731,1.33183291992456,1.32969589411854,1.32844938645278,1.32827166385328,1.3320120033403,1.33557407590132,1.34073864565361,1.34438944343276,1.34483415817639,1.34394336787289,1.33432566309283,1.29567848218933,1.22105540263984,1.10831967080161,0.953552680261592,0.771803969859522,0.599939412055157,0.452207297092565,0.334662712864294,0.253005029900633,0.199308854483904,0.156654886275741,0.11925448520124,0.0850598949990148,0.0487280068275244,0.0147111392248021,-0.0177029590234071,-0.0488700052793584,-0.0753174686899057,-0.0972236161810457,-0.118417240294687,-0.138008095053814,-0.155550921388294,-0.179238377323194,-0.203905076616481,-0.228037519458267,-0.252347957062786,-0.27701465635608,-0.297763021399585,-0.31753214308471,-0.336677738773709,-0.355467072773958,-0.375235922295844,-0.395004771817719,-0.415040341320475,-0.428931825549329,-0.44211105856391,-0.454043783912733,-0.465709244954181,-0.476128470493121,-0.498658143980392,-0.522078063444666,-0.544785187368203,-0.567670578217724,-0.589843173526508,-0.605604419253995,-0.619317636556834,-0.633565382474432,-0.646744343325769,-0.661081358787984,-0.675418102086955,-0.691535881666436,-0.701420306427379,-0.71112673642557,-0.720743896879125,-0.729470811355684,-0.736861948621856,-0.755829549548108,-0.775064414781724,-0.793586756637841,-0.806053738438173,-0.818876981927254,-0.82421981860554,-0.829562655283826,-0.834015245985104,-0.851290808012213,-0.867497857136324,-0.885753206848309,-0.898398183411393,-0.911310152118604,-0.917276242629771,-0.923420327903692,-0.928584897655969,-0.943277902643695,-0.958594161464292,-0.973554430759401,-0.980767301099564,-0.988069168821119,-0.990028199864381,-0.991007987549263,-0.991542516164009,-1.00801710175873,-1.02297764321708,-1.0392739618858,-1.04915865880998,-1.05904308357093,-1.06002232692932,-1.06162509628383,-1.06251534226084,-1.07569403094893,-1.09047576115478,-1.10062717805985,-1.11060060020217,-1.12003949372973,-1.12324530460201,-1.12449208443101,-1.13526702733221,-1.14711048313641,-1.15913247802985,-1.16661288484065,-1.1744495533402,-1.17747736944972,-1.17854615451597,-1.1788131466601,-1.18896456356517,-1.19938297261437,-1.20223252179788,-1.20543806050691,-1.20908913044931,-1.20677383771729,-1.20339003208227,-1.21558974957522,-1.22885825213443,-1.23313257590971,-1.23794142829974,-1.24364079883002,-1.23990073150625,-1.23544814080497,-1.24880536858231,-1.26207332681503,-1.26697063225994,-1.27293672277111,-1.2574421970245,-1.19395032206497,-1.09759963411358,-0.985576425652848,-0.825466870597786
-0.703326693880294,-0.563108364331207,-0.394147544517708,-0.190355792929317,0.0218527200351869,0.376428907192044,0.641734497450092,0.838810846924786,0.979566923128318,1.05370590386215,1.01690542365367,1.00866791116236,1.01815907119769,1.02908285399944,1.05084065832932,1.07376262259202,1.08799936264501,1.09543148663554,1.1053706320517,1.1185332471079,1.13008399051288,1.13823201539298,1.14781238937708,1.15390083088755,1.15936258545721,1.16849552138534,1.18291151032314,1.18864227505124,1.19320887984651,1.20234181577462,1.21120628886915,1.21980202546767,1.23412825313186,1.24890246617687,1.25015638738332,1.24970894932732,1.2459485540201,1.2451428918569,1.24370999542806,1.25042512387933,1.25714025233059,1.2661834269851,1.2675262884779,1.26931713535152,1.26931713535153,1.27236135610676,1.2760322638028,1.28346384046848,1.29125364124138,1.30011784067349,1.30352028553592,1.30405775852795,1.30754996466401,1.31041521019685,1.31301199289609,1.31829504590578,1.32572689623389,1.32572689623389,1.32563768228512,1.32483229378434,1.32796627581319,1.33056278485001,1.33799463517812,1.345515699455,1.35339471417668,1.35321546529186,1.35258877835106,1.35070844386624,1.35232031551747,1.35393218716871,1.3593047277896,1.36458778079929,1.37103472007938,1.37013929664256,1.34497877378783,1.28552451848781,1.18765763766565,1.04725978556932,0.866837709962047,0.688474944061995,0.53088534510622,0.400157628267615,0.301305836397451,0.237016513468567,0.18732215469989,0.146134318580955,0.110497998305294,0.0782641228920752,0.0488954930116963,0.0210489735089319,-0.00939460235550685,-0.0396592029975324,-0.0689388925915525,-0.0920406530639084,-0.114157502488253,-0.133408832717345,-0.151585490624802,-0.168956212706648,-0.195549084665388,-0.222141682961703,-0.24855530603563,-0.274432003442371,-0.298249391141895,-0.317500447708564,-0.335319155171237,-0.352779638526695,-0.369523400005314,-0.389490357461563,-0.409009876861821,-0.429156083202883,-0.444646197137483,-0.4600470971233,-0.472851488072297,-0.485207893640461,-0.497027099879023,-0.517979515708125,-0.538215483322805,-0.558451450937491,-0.573494126816095,-0.587999329702683,-0.596953016745981,-0.607070863722115,-0.617725910027846,-0.637693141146512,-0.658197845257206,-0.6787025493679,-0.697416406604965,-0.714787402349229,-0.727412818075831,-0.739769497306414,-0.751499215933775,-0.765556707101955,-0.780509348044534,-0.794924789657498,-0.807460170448057,-0.818383953249802,-0.827517162840342,-0.836381909597287,-0.845425631576633,-0.857244837815189,-0.872198026082604,-0.887598926068427,-0.897896021929368,-0.907387181964699,-0.914371320574397,-0.920101811640077,-0.924399679939331,-0.93693506072989,-0.950813576675675,-0.965945466503061,-0.973198067946356,-0.980540157000844,-0.984479801192896,-0.986539384562538,-0.987076857554558,-1.00211953343317,-1.01814712035979,-1.0332792838496,-1.04697855091057,-1.06103604207874,-1.06775117053001,-1.07294418860366,-1.07858491839573,-1.08834454126465,-1.09908907518157,-1.10293923176243,-1.10661013945846,-1.1097438478249,-1.10974357416247,-1.10857941422965,-1.12066735696422,-1.13284506097241,-1.13490491800447,-1.13884510952136,-1.14197936521263,-1.13786047213576,-1.13589037637732,-1.15335031240794,-1.16875093873135,-1.17519760434902,-1.18325614161793,-1.18844970701642,-1.18433108760198,-1.18128714050916,-1.19767322520541,-1.21235822430165,-1.21934236291135,-1.22498336636583,-1.23008689682829,-1.2248933314298,-1.21934154192409,-1.23205617159947,-1.24620342404126,-1.25363500070696,-1.26079811453905,-1.26814020359354,-1.22802621880897,-1.15478266151194,-1.06246757019548,-0.922875653924779
-0.793587840001097,-0.635330524879068,-0.446526307476274,-0.22361244861738,0.00981052452228025,0.373882782447291,0.644977591831637,0.842777256118587,0.985894903147429,1.06052597336305,1.02347718776948,1.01590694543281,1.03175921579975,1.04244580016549,1.06310745539675,1.08430369843001,1.09766267741898,1.10273908399091,1.1136937788378,1.13034793090773,1.139431840641,1.14468626168469,1.15287982686585,1.1588465779899,1.16356668342497,1.17523343615884,1.19251091107326,1.19740903098008,1.19856694162657,1.20373235543438,1.21103530387005,1.2178039366971,1.2310739084502,1.24710446548227,1.25004333742636,1.24710419328889,1.24122617720732,1.23953367875883,1.23855378258409,1.24541115045363,1.25511865522477,1.26794304641174,1.2717728072947,1.27275270346945,1.27195136615322,1.27328701907806,1.27248540956845,1.27756154394701,1.28424062515142,1.29136501472859,1.29341326992718,1.29465991561616,1.29635186967789,1.30000307170234,1.30463416990154,1.31229341947408,1.3214666086366,1.32681030910954,1.32716688243979,1.32591996455744,1.32324784212758,1.32244623261796,1.32440548058069,1.32948188715263,1.33536017542758,1.34221835987726,1.34391085832575,1.34364410881151,1.34204116198566,1.34293177873115,1.34453472555701,1.34952185269969,1.35611192666824,1.36323658843877,1.34195133816964,1.28441918400994,1.18707793117107,1.05090693144103,0.87091905767712,0.693959335286554,0.538997193245478,0.412889999423456,0.312699154069756,0.248754940413252,0.198971043061957,0.154975882362957,0.11828367009964,0.0862225560355095,0.0559429476557511,0.027889881139713,0.00197407705814563,-0.0307993670863465,-0.0592092791260158,-0.0883317934394328,-0.115762353691126,-0.140966099885706,-0.1615387478811,-0.183803349938206,-0.203218087287106,-0.22236553073501,-0.244986433928993,-0.266004118103747,-0.28684351561337,-0.303319108824796,-0.319883981465477,-0.33359898939794,-0.348204886269277,-0.36183115915925,-0.38445233454662,-0.407162244976478,-0.429783148170467,-0.45106812624621,-0.469236217906133,-0.484019857055828,-0.496933527672054,-0.510114492189287,-0.524631109631368,-0.545738073235372,-0.565242362206908,-0.586527612476037,-0.60514074031532,-0.623041538074235,-0.636043943732956,-0.648957069962416,-0.660089234894288,-0.674962153473245,-0.688944455306704,-0.704351961687664,-0.719403166931734,-0.733118174864204,-0.745942566051174,-0.758143634393664,-0.7693648065614,-0.780585978729135,-0.79626023462433,-0.809974970363413,-0.826005255202092,-0.833663960387868,-0.840254034356405,-0.843816229144985,-0.848536334580059,-0.850228288641783,-0.868129086400698,-0.887633103178847,-0.907048112721127,-0.919160446021122,-0.932252403302474,-0.936794766459183,-0.939733910596657,-0.942316481403874,-0.957189127789445,-0.972596361977025,-0.98746928055597,-0.996642469718491,-1.00421298424854,-1.00635079106978,-1.00688537887178,-1.00893390626376,-1.02282720086135,-1.03992638911064,-1.05595694614271,-1.06432852579561,-1.07091887195754,-1.07189849593891,-1.0707408574858,-1.07011753464131,-1.08597007720162,-1.1028022437433,-1.1204360197946,-1.1331714037457,-1.1465301105413,-1.15027031980162,-1.1538325145902,-1.15401052906195,-1.16523197342306,-1.17253492185873,-1.17280221575973,-1.17110998950462,-1.17244564242948,-1.16567673740905,-1.16282632831406,-1.17787698917139,-1.19542148579342,-1.20406008715395,-1.21412389306196,-1.22124882702588,-1.21839896231767,-1.21287751956636,-1.22231800262988,-1.23407376259961,-1.24761075606034,-1.25696223188799,-1.26791638234811,-1.27094426152807,-1.27032093868358,-1.27094453372145,-1.24039735924731,-1.17841266574691,-1.08427785094652,-0.930829648495425
-0.783951793642557,-0.609792791116567,-0.405955825545535,-0.178394087583925,0.0333508638758514,0.368872265504709,0.633841256197805,0.833767545001161,0.977714396898639,1.06585969336822,1.04222399750401,1.02551943306097,1.02365398592783,1.03609401167067,1.06283978186429,1.08780836672681,1.11002236864109,1.12566073051539,1.12441664646868,1.12112896223607,1.12877053327002,1.14085479605692,1.15062904380314,1.16626794882699,1.18466143679907,1.18812700250965,1.18812727408443,1.18777178270326,1.18866010379403,1.18821553588649,1.19550161553926,1.2051867867591,1.21656060993321,1.22073715840613,1.22340320797754,1.23104505058626,1.23939760438256,1.24712798036812,1.26072274205653,1.27511701988412,1.27716034849522,1.27538316316414,1.27173998755036,1.27182879250196,1.27271765674228,1.28071526230696,1.29102288291232,1.30328529875197,1.30373013823429,1.3014201231936,1.29759933767662,1.29822151548737,1.29946587110886,1.30790722985676,1.31759267265138,1.32825551306314,1.3288774192991,1.32585587834653,1.32159052492201,1.31794707773346,1.31536983311364,1.31874605072307,1.32478831790391,1.33056389865517,1.33571757317046,1.33758356345316,1.33758356345316,1.33669469921283,1.34078189958461,1.34513578638596,1.3525997475167,1.36157420754897,1.37108204044039,1.37161514172476,1.34833439409219,1.28808960376179,1.18803738283373,1.04657815588014,0.865578184758462,0.68600017916148,0.528369489049208,0.39943936436484,0.301253405294259,0.23860979497158,0.189827904341651,0.147621382176943,0.107991561482494,0.0729820424441877,0.0397497087369697,0.00882739007043596,-0.0206732346461807,-0.046708565226997,-0.0730100390878345,-0.0981565054283238,-0.116638798352013,-0.1347658714693,-0.153426045870962,-0.170575992945884,-0.186748270828878,-0.213849803978434,-0.239618176554901,-0.265030786175418,-0.291154106983503,-0.310968745755953,-0.324829922299167,-0.340201869318667,-0.354774571773783,-0.367836775327379,-0.393339004623814,-0.418485742539083,-0.441499803742093,-0.464869084751494,-0.484150893814348,-0.495968741746446,-0.507431369872159,-0.518804921471489,-0.530000591592841,-0.549370934032518,-0.569363182708167,-0.589888261093412,-0.611213398767382,-0.630584012781833,-0.645778621472915,-0.66061773878282,-0.674390925098759,-0.687364323700758,-0.703180838627807,-0.718375175744109,-0.73401380919319,-0.742899192699084,-0.752050991059779,-0.758092986665844,-0.764490473653081,-0.768933165406025,-0.786704475567366,-0.803853879492735,-0.822247095890048,-0.840551507335759,-0.858500427400293,-0.869518216043666,-0.879025505785538,-0.889332854816123,-0.89821850989679,-0.909947824452072,-0.921677410582127,-0.935628478376039,-0.941937431986447,-0.949490469643574,-0.95455533920727,-0.95899803096022,-0.962196638666445,-0.976235968262411,-0.990275026283603,-1.00458049915958,-1.01728666818245,-1.02901543958818,-1.03692342547693,-1.04243231979862,-1.04856339193105,-1.0578045383929,-1.06882287018583,-1.06980053937775,-1.07086728509604,-1.07024592200962,-1.06882477120925,-1.0660704598358,-1.08028739933496,-1.09788082801833,-1.11671806917364,-1.12889113691213,-1.14044256998943,-1.14355291589362,-1.14319769608722,-1.14257578985125,-1.15288313888184,-1.16256831010168,-1.16203493724253,-1.16345663119244,-1.16310141138605,-1.15732583063478,-1.15386053649898,-1.17083205894637,-1.18673710725025,-1.19473362651582,-1.20086442707348,-1.20566233863283,-1.20006436778476,-1.19375568574913,-1.2069957707807,-1.22370114994807,-1.2305437479924,-1.2348981779433,-1.24014092898497,-1.23392105190093,-1.22610159938901,-1.23765248931677,-1.21366075892183,-1.15714794915681,-1.05718426160558,-0.903373813860738
-0.72840669577801,-0.531685829610433,-0.311794746300355,-0.100491979319216,0.105353921682075,0.41855117932905,0.65069820098698,0.828006699797958,0.97570435940905,1.06552172675613,1.03492658464376,1.02177575089797,1.02213310753869,1.0268738931497,1.04574926858405,1.07536010778393,1.09709898444118,1.10282461979963,1.10488235972168,1.11007127657535,1.12026974841864,1.13565659028063,1.1550692310547,1.16517829538343,1.1668781318298,1.16822006480049,1.17278258221735,1.17716601118764,1.18655899514753,1.19944078609725,1.20937048856192,1.21232230362948,1.21473767360974,1.22108916157005,1.22663570848192,1.23280838141312,1.24273835729527,1.25365208925497,1.25508342974021,1.2544570303034,1.2569618077982,1.26036148069095,1.26277712408868,1.26939710801012,1.27834332781473,1.28156418567838,1.28120628220269,1.28058015618336,1.28496385857112,1.28970519101708,1.29686189344329,1.30607633579156,1.31654330359597,1.3168117995571,1.31341240008183,1.31010240812111,1.31171256363545,1.31278572722755,1.3190478076733,1.32906719107001,1.33935507042784,1.33935534384532,1.33774546174845,1.33550918021477,1.33506214264202,1.33470451258381,1.33989315602001,1.34642373242689,1.35384893081424,1.35331221230945,1.35161237586308,1.34892850992169,1.34848092551399,1.34874887464017,1.33023030901161,1.27825419371766,1.18861591481716,1.05281683691319,0.870946367520302,0.690954823020366,0.531270267857494,0.399765211409252,0.302791415053431,0.24178021927528,0.194008717922515,0.152768066394104,0.113584881370279,0.0752960449094369,0.040675103884994,0.0141054872672246,-0.0103172553314124,-0.0329504805516529,-0.0517367218889186,-0.0711493626629925,-0.10058111341629,-0.129297330635718,-0.156850976748494,-0.184225807832173,-0.208558869498788,-0.226898620098244,-0.245506593241362,-0.263130263471981,-0.281916778226727,-0.304102692456735,-0.327361770278836,-0.349905041149575,-0.368333105593676,-0.386045636503908,-0.401074574890221,-0.413598735781735,-0.426301985119826,-0.448309084320738,-0.46897397713348,-0.490443810994652,-0.513344985341075,-0.534188693182907,-0.548680913064446,-0.564247116790493,-0.578471660963324,-0.591622768126601,-0.607725963774902,-0.625528995869584,-0.642347725051779,-0.653619633904626,-0.664533639281788,-0.673121682193247,-0.680456926231091,-0.687344859278708,-0.70550497459664,-0.724112400904803,-0.743793264222533,-0.75587038754129,-0.768305414335724,-0.774746583228052,-0.780919529576729,-0.785213824449936,-0.80462646522401,-0.823144484017619,-0.842378036345117,-0.854901923819158,-0.868409840788204,-0.873508803292367,-0.878786580825638,-0.882901513834789,-0.899898784628607,-0.916896328839892,-0.933715058022093,-0.943198269748965,-0.952770888990391,-0.954918036426992,-0.956259695980208,-0.957779897145052,-0.973613503162333,-0.989447382597083,-1.0064446533909,-1.01852205012713,-1.03059972028083,-1.03516278453265,-1.0393676718913,-1.04249884882292,-1.05582795076286,-1.06933586773191,-1.07577648978929,-1.08150157831279,-1.08704757838971,-1.08615268299177,-1.08507897256473,-1.09858743636873,-1.1131693371823,-1.12802000737446,-1.1405449885184,-1.15190685172075,-1.15521711709894,-1.15727513043847,-1.15897496688484,-1.16747332886427,-1.1769559937562,-1.18044480074601,-1.18464914126972,-1.18822735577409,-1.18786972571588,-1.18670688119176,-1.19878400451053,-1.21166606887771,-1.21846514124572,-1.22472722169148,-1.23170483567112,-1.23063139866156,-1.22759017607944,-1.23796746295183,-1.24968668279491,-1.25514382219223,-1.26131649512343,-1.26757857556918,-1.26650513855961,-1.26417917609392,-1.24065132889321,-1.19082236103587,-1.10055768269856,-0.926648583362848
-0.646681957013295,-0.329234725012034,0.0305504631653668,0.395561436567604,0.671290367509796,0.854548563277311,0.931784553575368,0.950827916993653,0.938604820512513,0.949499272470058,0.97678006950867,1.02115538890496,1.04657613775254,1.05525672359068,1.05632007234551,1.05516874285104,1.06473455028499,1.08572594263396,1.10893147181229,1.11973686019032,1.12248240068712,1.12646833425791,1.13204902025097,1.14152684694527,1.15543321800827,1.17093380007359,1.17518530012312,1.17615931458847,1.18173918845163,1.18926763266541,1.19732748054663,1.21070190652224,1.22584785852932,1.22797374390906,1.22744261095158,1.2259371928188,1.22877179689512,1.23187196745018,1.24161508991325,1.25259806403038,1.26304936377008,1.2634034524084,1.26118904486907,1.25667143692087,1.25587392535476,1.25587392535476,1.26207399575491,1.26933714419992,1.2796119410404,1.28200393431882,1.28288996804452,1.28191595357918,1.28510464629382,1.28714200951399,1.29343060207372,1.30131367634575,1.30990519860438,1.31034808011225,1.30999372076397,1.30786810609418,1.30999372076397,1.31300509844948,1.32000213899581,1.3277964203983,1.33674203129525,1.33567922396036,1.33284516130398,1.32894829131271,1.32434270262486,1.32177447715718,1.32407767756606,1.32753193675943,1.33249188479556,1.32310312168078,1.27846196509577,1.19821405569226,1.07784286836191,0.919916628572419,0.748349854908633,0.595560607474431,0.466774942204607,0.367306625063659,0.291399008579218,0.234800592701781,0.184668084413198,0.139052913362849,0.10176396880237,0.0706748239320716,0.0434828197630083,0.019036626800735,-0.00408119234791606,-0.0342851156224318,-0.0621858384880519,-0.0904409207019685,-0.117190314073131,-0.140308133221782,-0.158465733624339,-0.176534811867313,-0.193363767746269,-0.212761219802871,-0.236675738387747,-0.261741586467079,-0.286098986559822,-0.31169650901657,-0.334016816599109,-0.353857150163567,-0.372723198552732,-0.391146365434018,-0.407266602616411,-0.425690040207663,-0.443670596291061,-0.461651423084419,-0.477594886657607,-0.495044039073561,-0.510012676051512,-0.524981583739424,-0.538444531874615,-0.556247772928882,-0.572279487951686,-0.589817433237189,-0.607532152131879,-0.619932292932177,-0.630649429860597,-0.641455359658559,-0.651906659398265,-0.661472466832221,-0.683261641457277,-0.703988008747441,-0.725156986835505,-0.74499759110994,-0.76271231000463,-0.774404002818326,-0.785298454775877,-0.795838818095098,-0.807530510908794,-0.823296659452863,-0.837911478502457,-0.853589375596916,-0.864218531785686,-0.874138969277887,-0.881402117722899,-0.888664995457938,-0.894598957959416,-0.91018725005442,-0.924890049843657,-0.939415805313742,-0.946147279381337,-0.953144861347608,-0.954208210102433,-0.955271288147287,-0.957574217846198,-0.97484605523302,-0.992294666229036,-1.01116044390822,-1.02418051053555,-1.03427772163695,-1.03711205500329,-1.03968082189091,-1.04038954058748,-1.05411859662135,-1.07041641954283,-1.08662544959476,-1.09831714240846,-1.11133747974575,-1.11541193547612,-1.11824626884247,-1.12063772070095,-1.13126660617976,-1.14127529512158,-1.14375526913964,-1.14579236164985,-1.14703221330389,-1.144109087068,-1.14047751284549,-1.15580050917172,-1.17298355368899,-1.19025539107582,-1.20371860992098,-1.217624710274,-1.22019347716162,-1.22081367369861,-1.22231963325133,-1.23126578556822,-1.24003462285599,-1.24605764893698,-1.25190363069881,-1.25668653441579,-1.2576608195911,-1.25766109030107,-1.26678455764709,-1.27457910975954,-1.27829947685159,-1.28175400675494,-1.28573966961576,-1.28379082855517,-1.25527017986251,-1.1979630452885,-1.11479255106902,-0.993712915752079,-0.797611426966432
-0.636703381939544,-0.443667343026968,-0.208547835155342,0.0251603516646156,0.188376638230742,0.475990062742379,0.652440248027288,0.774543787030238,0.880413628556352,0.994135527595678,1.00825143456054,1.04115915952517,1.05403982351379,1.05209892001173,1.04998139914458,1.06021549910531,1.07724276132327,1.10176911596911,1.12109024677446,1.12682505306536,1.12708984429057,1.13361875461225,1.14129446440522,1.15241084225686,1.16608561027626,1.17958376093059,1.1820537075934,1.1862000361779,1.19449296299174,1.20490314102788,1.21487244976341,1.23048839092972,1.2431048029828,1.24301689876751,1.24001790894395,1.23631298894974,1.2337548684268,1.23419627701709,1.24169536944497,1.25131144345033,1.26207458657181,1.26807337515342,1.27001373936582,1.27504234584122,1.28042418704679,1.28518827194183,1.29259919050959,1.30283356011516,1.30565674150813,1.30512715905772,1.30398008994161,1.30680327133458,1.30803824466598,1.313861224817,1.32206651706038,1.3307129482492,1.32983120964796,1.32956695771243,1.32683221982441,1.32418538615169,1.32153855247896,1.3247141596676,1.32824273194157,1.33406517280292,1.33812332752731,1.34085806541532,1.34209330839155,1.34315220364755,1.34394630767834,1.34694610643639,1.35135749589093,1.35753317148244,1.36229698673265,1.35541538097046,1.31650805848973,1.24178138614643,1.13088266850008,0.981165341522773,0.808421154811403,0.65129263962151,0.516749845220227,0.402410459515191,0.317714478436369,0.259133060064955,0.206992108510266,0.162614770963831,0.125913143210358,0.0940637742120566,0.063714169770357,0.0373348158377482,0.00866186296257271,-0.0179820125504121,-0.0460372091150532,-0.0725923714782495,-0.100294602957557,-0.125703235494303,-0.151464833116378,-0.174579866710569,-0.197695169949592,-0.219398612847291,-0.241631368550566,-0.261746603386705,-0.282214803308159,-0.302682733584783,-0.323680246311832,-0.342913203257055,-0.363381403178521,-0.38376142923986,-0.404229898806152,-0.423551568901168,-0.443138030221386,-0.463253804347185,-0.483369308828149,-0.50251409191325,-0.52077632746261,-0.540008745118171,-0.557123911551426,-0.574327521489633,-0.590119810376178,-0.608206237494956,-0.624263587251544,-0.642438188230444,-0.658318920621958,-0.676846217041355,-0.692903027508282,-0.710283524456399,-0.725193535452039,-0.742926458195822,-0.757218712880928,-0.763570736192701,-0.769040211968727,-0.775127444055293,-0.777862451588146,-0.781920875957358,-0.801859763073242,-0.821269337383543,-0.839708459942819,-0.850913011654581,-0.861676154776064,-0.864763857749407,-0.866969282831841,-0.869880638084936,-0.889995872921069,-0.910023203541917,-0.930579577323498,-0.947165970240832,-0.962958259127389,-0.968163752612706,-0.973633767678405,-0.976633836081294,-0.988809109188925,-1.00107255615667,-1.00548367596638,-1.00786571841389,-1.01095342138724,-1.00883590052009,-1.00592427562217,-1.02189291222897,-1.04024359128329,-1.05991768717396,-1.07473952430948,-1.09061998705616,-1.09556068931628,-1.09917797474003,-1.10067773929664,-1.11223525609374,-1.12299893850488,-1.1262632588433,-1.13014506584743,-1.1352621158278,-1.13455618565713,-1.13411504671168,-1.15105440471435,-1.16596468535482,-1.16949406656329,-1.17231751760109,-1.17452321232836,-1.16675932867527,-1.16093634852425,-1.17611061145543,-1.1926964650831,-1.19851890594446,-1.20372386014012,-1.20813497994982,-1.20142999155272,-1.194284133855,-1.20919441449548,-1.22604559863802,-1.23133899633863,-1.23663239403925,-1.2412198615692,-1.23363232563636,-1.22525095531757,-1.23919078420701,-1.25418923870761,-1.23936767121693,-1.1904913096455,-1.11391217730509,-0.982721607457522,-0.770893480900336
-0.52683115140361,-0.253421696127567,0.0680493586100074,0.396054619287517,0.647023993712293,0.842537494528364,0.941153918978553,0.964367877272645,0.948462002361324,0.951642914566867,0.970300061745184,1.01027996315784,1.04647666812084,1.0702064571179,1.07381753481543,1.07579466686289,1.08602535293463,1.10373624114128,1.12497227905774,1.14681007566489,1.15196864547133,1.1468960036526,1.14895958924121,1.15515034600703,1.16263107369538,1.17707564726221,1.19418582788506,1.19633586701483,1.19298309883387,1.18997404260374,1.18920042793764,1.18782452902741,1.19341273877241,1.20175222078439,1.21000577480868,1.21267085631125,1.21559398455367,1.22212819049361,1.22797470975517,1.2337350382523,1.24456827134488,1.25497186449892,1.25686359411212,1.25806737427021,1.25909956122959,1.25901389601861,1.25935787074615,1.26434458457718,1.27139488399683,1.27655345380327,1.27835872987531,1.27913234454141,1.28403313038473,1.28695625862715,1.2922007564213,1.29968069577948,1.30776239382835,1.30630030415369,1.30483821447904,1.30157058595563,1.30294595931241,1.30655703700994,1.31472518859996,1.3229795309544,1.33260950944234,1.33243791624364,1.32831100784315,1.32418409944264,1.32444188340577,1.32573159155157,1.33235172547922,1.3404336863048,1.34842945636596,1.33321126813302,1.2845476472041,1.1996016561012,1.07536371304074,0.910544372653676,0.737041312750337,0.580217742424423,0.448413669241362,0.346787925784311,0.277317906877465,0.226849009876497,0.18472012044096,0.14835182227927,0.1142189656816,0.0823212878712593,0.0526590516249271,0.0235129088583026,-0.00872848090288383,-0.0390786666043174,-0.0691705427891897,-0.0922983103188503,-0.113363017813335,-0.130644791634882,-0.148356205394962,-0.162886706949512,-0.188078322844501,-0.214301337368717,-0.240868326620487,-0.266059679738757,-0.291852791547702,-0.312315477574797,-0.331746764972652,-0.349802416237011,-0.368116114241224,-0.388493135057327,-0.407924422455194,-0.427355447076335,-0.442745228507959,-0.457962891187453,-0.471289349807182,-0.483841930984104,-0.496136728197903,-0.51737355444453,-0.537836766025058,-0.558815545531837,-0.577386764722448,-0.596731598579159,-0.611003527840416,-0.625963143780068,-0.63946145837522,-0.659322385711627,-0.676776015508591,-0.695519353451344,-0.711683275102512,-0.727158984521854,-0.738765569503809,-0.752005837359119,-0.763010663650398,-0.777024808948527,-0.792672899896718,-0.808922749535604,-0.823281132338006,-0.836951828462025,-0.848043371071173,-0.858618820200637,-0.866959090542788,-0.876244831526462,-0.888367772764832,-0.901522112632437,-0.912613129688146,-0.923875739942553,-0.935052684985974,-0.943392166997962,-0.951216081083698,-0.9616191486843,-0.974773751328618,-0.986638645827152,-0.991969597162453,-0.99678445501807,-1.00142745689826,-1.00280335580848,-1.00521091612465,-1.0219765964665,-1.04046215044613,-1.05671226286173,-1.07150054837939,-1.08422524830845,-1.09075945424839,-1.09359639172639,-1.09720720664719,-1.10580499817575,-1.11689627800818,-1.11810005816626,-1.12085133043326,-1.12308677199729,-1.12231289455447,-1.12033523695357,-1.13512352247124,-1.15077161341944,-1.15756386609923,-1.16521592420955,-1.17200817688934,-1.17046042200371,-1.16874081114265,-1.18481854202939,-1.1980588098847,-1.20381913838182,-1.20914956416369,-1.21319054457648,-1.20811790275774,-1.20648448266112,-1.22153081491863,-1.23657714717614,-1.24371311180677,-1.25222497534762,-1.25703983320324,-1.25368653946884,-1.25007519899458,-1.26503534048767,-1.27707209096162,-1.28566961971345,-1.29237594440554,-1.27251527984585,-1.20459301582464,-1.10580447262231,-0.985521581986943,-0.815801192979829
-0.752250399969793,-0.617193131155648,-0.446745017971961,-0.240727598122348,-0.0281136123836524,0.346212280323895,0.634422622342319,0.840172484978134,0.979419122141824,1.05358886989669,1.01400783979304,1.00277534112122,1.01810838568667,1.04208881401108,1.06651498938411,1.08300681279911,1.09343663982956,1.09789383785441,1.10252922571411,1.11821892241077,1.14032726762321,1.15040098744549,1.15164913367397,1.15476936301443,1.15815687710716,1.16332737939443,1.17767983494519,1.19604401393368,1.20335415654672,1.20326533409081,1.19952171278992,1.20139434082493,1.20362362099115,1.21218218229421,1.22484128949088,1.23990704930407,1.24088763831876,1.24106555569209,1.23821233864238,1.2403514340451,1.24293627649645,1.25283126156084,1.26299380383903,1.27672232250631,1.27877259545312,1.27752472168616,1.27574173349161,1.27823802594858,1.27904069758995,1.28715323938283,1.29642428756375,1.30524986115754,1.30426899968132,1.30284211869494,1.298473743126,1.29428382985342,1.29250056919735,1.2969577672222,1.30221763688841,1.30881447523903,1.31594642801722,1.31879964506692,1.31888928490739,1.31790896835421,1.32156431212225,1.32521938342877,1.33163775948301,1.3398391237318,1.34919926683014,1.34919899436862,1.34732663879512,1.34447396666846,1.34010559109951,1.33850079273981,1.31951240440631,1.26976855956296,1.18320698936368,1.05938249168287,0.885725326702826,0.712335718936563,0.557132100323951,0.42938551904589,0.333374710830857,0.275785881408407,0.231479823604595,0.194037888903669,0.157844372892745,0.119244204265316,0.0816246246525835,0.0463228752004556,0.0125365567290823,-0.0145641009357819,-0.0382772445079126,-0.0595831905404868,-0.0794628005097446,-0.0994312329348848,-0.125907136331706,-0.151759102845037,-0.177789804116253,-0.203909872766414,-0.22441396454219,-0.241174162555539,-0.257042866471624,-0.272643740712385,-0.287263753476943,-0.310887529670134,-0.334154653732107,-0.357778429925292,-0.381224016283637,-0.400479689369404,-0.414743322464258,-0.428650303427905,-0.441220043245631,-0.452809194048674,-0.472956633693231,-0.492301401696418,-0.511824359534452,-0.53188215933855,-0.548374255215068,-0.560676165357489,-0.573513189927488,-0.586261119580073,-0.59865239710144,-0.618888386740372,-0.637876502612354,-0.656953713401743,-0.675674544521452,-0.692612387446609,-0.704914570050549,-0.718286436586619,-0.730855903942826,-0.742087857691605,-0.756618503077211,-0.771773357807827,-0.785412781557676,-0.793347133515719,-0.802975651212401,-0.810286066286959,-0.816526524967875,-0.823569382828641,-0.841755099520766,-0.858692397522878,-0.876164809952567,-0.893815684678634,-0.906385152034847,-0.913338642516668,-0.919044259231525,-0.923234172504103,-0.927156528562895,-0.939102059035623,-0.950958494590932,-0.963527961947145,-0.969946610462901,-0.974849827997909,-0.976811006027302,-0.97734584799336,-0.978683361600794,-0.994551520593834,-1.01220266778142,-1.02985408743052,-1.03983871233538,-1.0494664126475,-1.05017944444841,-1.05071401395294,-1.04884165837945,-1.063461671144,-1.07790349407371,-1.09305862126584,-1.10446985469555,-1.11819864582435,-1.12746996646678,-1.13727612907526,-1.15064826807285,-1.17266724590634,-1.19504287587104,-1.20752324830983,-1.21759669567059,-1.22356905221467,-1.22356877975315,-1.22223153860724,-1.23185923891936,-1.24576594742148,-1.26038623264756,-1.26805329985332,-1.27375891656818,-1.27500733525819,-1.27206584067562,-1.26796502232046,-1.2790187862344,-1.29114250654198,-1.29096377178409,-1.28918051112801,-1.28935870096286,-1.28017674769938,-1.27286660508634,-1.28802173227847,-1.2725995927956,-1.22321267254497,-1.14342667545419,-1.00337791157219
-0.830718502402802,-0.639110996031725,-0.416576079195349,-0.163469304934207,0.0818169321669037,0.421751171355469,0.680278975091477,0.868598226987034,0.991330301703184,1.05389622871479,1.02083631487205,1.00412885305231,1.00599543860954,1.02261435169651,1.04936448927404,1.07264873166672,1.09086722600318,1.10162046459824,1.10233157067927,1.10508690302685,1.11548513182515,1.12659446670448,1.13468227979414,1.14543606163296,1.1567230372216,1.16143350385919,1.16685480495593,1.17894143535839,1.18996167826117,1.20169275562312,1.21564569996093,1.2288875382177,1.22915399928168,1.22728741372445,1.22088827386082,1.21804384953672,1.21662163737465,1.22319787470383,1.23048521811404,1.24230538745252,1.24621592765442,1.24781550890392,1.24914862908943,1.25448083820963,1.25625778854657,1.26452269910179,1.27323225467405,1.2796311229158,1.27865355577079,1.27989812722353,1.27883173972386,1.28060923330456,1.28283110028042,1.28976343389387,1.29536237569993,1.30033930340149,1.30042812375616,1.30158333161048,1.2998055664079,1.30184952105258,1.30389347569724,1.30887013177694,1.3134912348161,1.32122295162148,1.32184496572596,1.32273371251631,1.32255634342888,1.32602278185748,1.32815610010057,1.33464378869697,1.34175321977599,1.34806245279743,1.34672878936815,1.34521748522956,1.32033311834362,1.26398841886443,1.17333923408977,1.04794119062446,0.881040138808123,0.714672552363491,0.564479777232541,0.439437830051502,0.342745873319371,0.278580636680149,0.233167088127219,0.195307344048476,0.161358140171637,0.130786011124986,0.102791302094708,0.0682200841133708,0.0353375393580696,0.00218799029503928,-0.0282062264204222,-0.0540678888294886,-0.0761081030131917,-0.0967263766567214,-0.115211332057162,-0.134940858910337,-0.160180507214911,-0.183464749607598,-0.207904199854601,-0.23136635457849,-0.253761850180834,-0.272513538267119,-0.2922430651203,-0.31046183107864,-0.32965816418199,-0.348765676930679,-0.368850756824373,-0.387691536887204,-0.400844826411209,-0.41319818949952,-0.425462732233169,-0.436483246757847,-0.447681401991836,-0.470165989570714,-0.492650577149591,-0.515312805437786,-0.536730733895119,-0.553705200022603,-0.564813991658174,-0.576989170793412,-0.588453243847612,-0.60222800423234,-0.62417912643951,-0.64639698133253,-0.666837342644858,-0.683634168063025,-0.699453426336187,-0.710029024221928,-0.719716146939204,-0.729670002342325,-0.745222799551507,-0.759264564243971,-0.774283896081439,-0.790191703087378,-0.802900347594336,-0.812587198689722,-0.822807515156828,-0.831961444124268,-0.83924905915636,-0.851779791332105,-0.864843988879569,-0.878974573926695,-0.885906635918268,-0.894082997740703,-0.898882284732949,-0.902970465644163,-0.904836779579523,-0.921988886416312,-0.938074605753453,-0.954338237421783,-0.96624722711492,-0.977356561994253,-0.98082300042286,-0.983311600084584,-0.986422213850793,-0.998153291212728,-1.01388345750936,-1.02890251772495,-1.04338865581258,-1.05760806121437,-1.07031643409944,-1.0820472398395,-1.09591109220077,-1.11608444920536,-1.13750210604081,-1.15572087199916,-1.16363050113574,-1.16834069615144,-1.16771895366884,-1.16558645029139,-1.16318694260621,-1.17838418677488,-1.19607003060527,-1.21491108228998,-1.22406501125742,-1.23375240559657,-1.23313039149208,-1.23081970416155,-1.22610950914585,-1.23988481277434,-1.25312665103111,-1.2621917596439,-1.26805743413581,-1.27498949612738,-1.27187888236117,-1.26841298717632,-1.27587824291773,-1.28876452813399,-1.30236164780941,-1.30964871959774,-1.31675787905487,-1.31755699062492,-1.31569013344581,-1.31284598074357,-1.28733987137502,-1.21988638026026,-1.11732874903623,-0.961892313517848
-0.778527262163747,-0.574560912535685,-0.360627818588792,-0.124488390771639,0.123191084060038,0.453925603660575,0.702129601792468,0.892457009590337,1.02377167164282,1.0737798780638,1.02962987278078,1.01196976378561,1.01468002350748,1.02814367889603,1.06075363716452,1.09345070424394,1.10638956912734,1.10761336775953,1.10892454240758,1.11312099601421,1.12125177517983,1.13602713962632,1.14931631018806,1.15150231381467,1.15115254254621,1.15596116267386,1.16347977531847,1.17283435311625,1.18664751256832,1.20089808650966,1.20343332699484,1.20247165641029,1.20579381544826,1.20981578422807,1.21383775300789,1.2240668925793,1.23709340068351,1.23892936583672,1.23962837396375,1.23849141693757,1.23988996760151,1.24015236285408,1.24688432415082,1.25361655265251,1.26227212232329,1.2638462266338,1.26375885061792,1.26445812594989,1.26734313770352,1.2700533974254,1.27704721956484,1.28544012677809,1.29086064622184,1.29024847970081,1.28902414665875,1.28648863896863,1.28535194914739,1.2864883717637,1.29199626722332,1.29811632920398,1.30362449186854,1.30563547625846,1.30624764277948,1.30546099143163,1.30598551473184,1.3087831504696,1.31429104592923,1.31944943732533,1.32548185608517,1.32696831717488,1.3262690418429,1.32469547194228,1.32644379387467,1.32932880562829,1.31236770476014,1.26515686687197,1.18166414040891,1.05463304077398,0.883888815935438,0.713931776854624,0.567929660781393,0.447368394395584,0.358368306882768,0.302765096191236,0.26071291690413,0.212628318857182,0.167866147053148,0.125726591750161,0.0855977536321471,0.0493155978522942,0.0212515972539478,-0.00453929090685944,-0.027707295361657,-0.04895195864738,-0.0729942576708454,-0.0973863279627814,-0.121603646222949,-0.142061658160825,-0.161295604261581,-0.177906933861278,-0.193119178387159,-0.2071947330918,-0.230712508815062,-0.255366707154624,-0.280457785573573,-0.305111983913135,-0.328279988367939,-0.345065535589513,-0.361151807479127,-0.376014280736549,-0.392100819831097,-0.412296436516396,-0.432929467690962,-0.453387746833778,-0.469649305165023,-0.485560825022875,-0.498062809826882,-0.510739546662652,-0.523241264261719,-0.544310908310746,-0.564768920248616,-0.586363354802786,-0.607258246820056,-0.626841696984319,-0.642141317526075,-0.656391624262472,-0.669942655666903,-0.683493954276281,-0.698181942706892,-0.713044683169266,-0.728257194900086,-0.737786791934582,-0.747578517016723,-0.756933094814523,-0.764976497964267,-0.77293225789319,-0.790942138156825,-0.807378181314886,-0.824863271073365,-0.836665446135521,-0.847418841802199,-0.853189132514404,-0.859309461700007,-0.862807174384547,-0.878282348572891,-0.895243449441047,-0.911679759804048,-0.923831973339596,-0.937120342286511,-0.944376292473588,-0.949534149459811,-0.955391281778018,-0.970428239862256,-0.985990255656595,-1.0022515467829,-1.01921238044611,-1.0354742059823,-1.04797672519619,-1.05977943466823,-1.07035834550809,-1.08382226810159,-1.09859736534313,-1.10235667166543,-1.10646574925618,-1.1101376795626,-1.11031243159435,-1.10821407118857,-1.1253493896786,-1.14064901022036,-1.15358787510375,-1.16582746465518,-1.17806705420662,-1.17929112004374,-1.18182636052892,-1.18995713969454,-1.20018601206101,-1.21155130704377,-1.22038109433642,-1.22842396307628,-1.23323204879406,-1.23699108791142,-1.23935157636484,-1.24879379738345,-1.25911058017568,-1.26400684352416,-1.26846595958831,-1.27283743243163,-1.27379910301618,-1.27274978921081,-1.28166721972428,-1.29145894480642,-1.29591779366562,-1.29924021990853,-1.30308716945164,-1.30291241741988,-1.30081432421905,-1.27152652498852,-1.21102731815344,-1.11879218041361,-0.975150285588862
-0.841048222904839,-0.69987822467312,-0.514412848230107,-0.294854218986017,-0.066837435615441,0.310806967114766,0.618084367139585,0.827092289916114,0.964600055051675,1.0429892190626,1.01098878510189,1.00322885908718,1.02991103343015,1.06505082890104,1.08990135369737,1.09827182956096,1.10385205797026,1.10481092237719,1.10882200302995,1.12791774238904,1.15329167176992,1.1604415809343,1.1592210142351,1.15747704295136,1.15634362151648,1.15782589050795,1.17020771352359,1.18598980084384,1.19453483373538,1.19749937171834,1.19889449544547,1.20447499035406,1.21049174458285,1.2200833201442,1.23290113598077,1.24493437793909,1.24493464443837,1.24223180874769,1.2389186897074,1.23769838950749,1.23708810615788,1.24345344144401,1.25173677204326,1.26176380742699,1.26472781241139,1.26629696016792,1.26673268648957,1.26821495548104,1.26856406953693,1.27353454759519,1.27894101847438,1.28574234658144,1.28827115824274,1.29010227479083,1.29010227479082,1.29289225574583,1.29481051755824,1.3006527147591,1.30562265981879,1.31198799510491,1.31373223288794,1.31381964465155,1.31155253528254,1.31512788961365,1.31896467973775,1.3250683127316,1.33309047403714,1.34233346854117,1.34233346854117,1.34024064970081,1.3377121045388,1.33291618350848,1.3291665386487,1.32977682199831,1.310244823319,1.25949669805797,1.17648617004466,1.05092423510381,0.883508321849335,0.716266965622814,0.572132429408141,0.450581841619338,0.361119099554865,0.305488440997743,0.263460438654743,0.216113377196159,0.173997696590264,0.134410827645661,0.0969165110421414,0.0623867324215699,0.0371870935693617,0.0121620117450945,-0.0111190987954287,-0.0345744998646152,-0.0600355745098273,-0.0864560465605235,-0.111132547327464,-0.137640164642489,-0.160572960624969,-0.182023221116686,-0.202514084202912,-0.224574361544959,-0.242972672290109,-0.265207506660091,-0.286134362567262,-0.307846058851976,-0.323018395821174,-0.340806423216727,-0.355280798573438,-0.37045286904337,-0.382398699238071,-0.404720678872394,-0.423816418231469,-0.444743540637923,-0.46444982984589,-0.482673850062388,-0.492439716152395,-0.504821272668758,-0.515633148430028,-0.527840414417722,-0.547895284683015,-0.571874090336753,-0.594806886319221,-0.614252006233479,-0.63142975027943,-0.644945261229219,-0.656455365102259,-0.666657224013205,-0.683747556295544,-0.701709874219766,-0.718189656653225,-0.735018020144011,-0.751933795398414,-0.764838223500767,-0.777830063366721,-0.790560467439682,-0.802942290455322,-0.816544680170155,-0.831281024318432,-0.845842811438755,-0.858835184303276,-0.871565854875521,-0.882901668219897,-0.892842091337857,-0.901910528813933,-0.91411806130091,-0.926500150815828,-0.93696371201905,-0.946904135137004,-0.957629398632507,-0.966174431524037,-0.974457495624015,-0.987710771282972,-1.00279542998929,-1.01770553166766,-1.0259891287662,-1.03383699954307,-1.03845863004473,-1.04142316802767,-1.04246971069749,-1.05772892643175,-1.07298814216601,-1.08711366996612,-1.09966978351042,-1.11362075428259,-1.11893954689889,-1.12425833951519,-1.13166995097186,-1.14222065743941,-1.15259707337831,-1.15835185881555,-1.16279893228926,-1.16532774395055,-1.16637428662037,-1.16663598891264,-1.17849494034229,-1.19166160373547,-1.19828864131387,-1.20404369325039,-1.20988615695052,-1.20918872833659,-1.20901443780793,-1.22296567507938,-1.23796318852136,-1.24546167874307,-1.253396428285,-1.25845378510832,-1.25714607314478,-1.25453064921771,-1.2665641576753,-1.27824855207701,-1.28583445406233,-1.29080439912203,-1.29542523012584,-1.2942038639288,-1.2915876405039,-1.25793011402449,-1.20072977471228,-1.10394283295475,-0.93574261232129
-0.829074166918541,-0.705992976922662,-0.533975667262913,-0.364400711309649,-0.251699724518894,0.132809289293625,0.418399645450921,0.630891349603696,0.821924679656707,1.0171450160366,1.02900833393107,1.05308368696138,1.0775949365434,1.09338292302354,1.09425471612694,1.09722014569546,1.11248505631356,1.12923308162102,1.1395263721192,1.14981966261738,1.16255530682204,1.16717874290739,1.16752799335554,1.166306949804,1.16840085287252,1.16805213563116,1.17433277842316,1.1852365906971,1.19901918643603,1.20503802469361,1.20966146077897,1.21594210357095,1.22265890951805,1.23059675901668,1.24272161484218,1.2551080085987,1.25746318299484,1.25685239461567,1.25336282277152,1.25406052385764,1.25632851894345,1.26435354775242,1.27325090287158,1.28267186705957,1.28389317721452,1.2824972418355,1.28005462152561,1.28110130645648,1.28345648085263,1.28921351457579,1.29636648367798,1.30395561593525,1.3047407629351,1.30360689869389,1.30177506676318,1.30299637691811,1.30570053515903,1.31224271588203,1.31922079315675,1.32663530018995,1.32733300127606,1.32567552796602,1.32253520657002,1.32480346825922,1.32803123556896,1.33439932427469,1.34198872313536,1.35088661146131,1.34983992653045,1.34783346937565,1.34573956630714,1.34242435308366,1.34059198794616,1.33500904624028,1.30125119109095,1.23425908986113,1.13237526924077,0.987312629283104,0.817651027226291,0.660550177546684,0.530839094310659,0.426685945587523,0.354022923531299,0.306220401505234,0.267402947115453,0.221956399295731,0.179476080854715,0.14135712736125,0.105244631022558,0.0734060537176934,0.0476734939807375,0.0241214834158516,0.000482293540634858,-0.0226338204725557,-0.0523792945190928,-0.0796824148591381,-0.1076835028887,-0.135073802539082,-0.160544824345022,-0.181043692824242,-0.202676692148074,-0.222739397472205,-0.241668505158529,-0.262080460930806,-0.283103205082257,-0.303776698785556,-0.321920659472032,-0.342332348640915,-0.360825026568744,-0.378881274738084,-0.394669794425012,-0.41630252714545,-0.434358775314784,-0.454247122018235,-0.472303903394369,-0.487220363374511,-0.496554148252159,-0.507196422595087,-0.51557043524882,-0.526299355695297,-0.546012810571281,-0.568256065067487,-0.590586765477424,-0.614313134662984,-0.635073807676619,-0.651036952587626,-0.666214950498779,-0.680694714117032,-0.694127792804417,-0.710962997422214,-0.727623843419331,-0.744022884882027,-0.75510132238005,-0.764958716326536,-0.772548115187203,-0.779526725668708,-0.785895080977826,-0.802992356733433,-0.822183002350767,-0.840850038899287,-0.852974894724786,-0.865273842567564,-0.87181575668718,-0.876438392962348,-0.881148475151252,-0.899292169234329,-0.916999966765704,-0.93540573198659,-0.947792925553292,-0.960441657051016,-0.965239451757046,-0.970385963704439,-0.973875002341795,-0.990623027649249,-1.00710951502569,-1.02499167117774,-1.03397647221064,-1.04383359955372,-1.04636313257055,-1.04775853474278,-1.0468859418292,-1.06206367313695,-1.07663088266893,-1.09154734264908,-1.10201525837133,-1.11387910947259,-1.11693251816165,-1.12007283955765,-1.12277673119515,-1.13629698919288,-1.14946799674245,-1.15609709017241,-1.16202874911965,-1.16761169082553,-1.16604193003262,-1.16447243584311,-1.17773195572001,-1.19151455145893,-1.20390121181885,-1.21585144242027,-1.2264931835564,-1.22989477628003,-1.23294765176229,-1.23887931070953,-1.24891106327669,-1.26103618570558,-1.2667063067218,-1.27132947620376,-1.2745569769101,-1.2741205471516,-1.27202691068648,-1.28136016235734,-1.29278705049332,-1.2981079210614,-1.30369059616388,-1.28990800042495,-1.2345171459518,-1.14877029565634,-1.02970148676325,-0.809097307887772
-0.561033943660965,-0.247665556220985,0.107068146800264,0.46718984273211,0.704519164295417,0.875629505848341,0.944716982528079,0.952277861665696,0.930552452215442,0.946368492925297,0.976175626139903,1.01875713118867,1.04404505414133,1.05621093283944,1.06142469113753,1.0606422289905,1.07350345252939,1.09714066188945,1.11582466806556,1.1216474507028,1.12147401289492,1.12017097172271,1.12173563041522,1.12938309565602,1.14172294336509,1.15580088757456,1.16110149757735,1.16344755601072,1.17013885569507,1.18082798981154,1.19073492738254,1.20559559934057,1.21889187820763,1.22175984367389,1.21837050237782,1.21567650592252,1.21341676799078,1.21437240234415,1.218891081403,1.2284503465536,1.23592384278343,1.23966059089835,1.2388786599544,1.24278964268183,1.24400662895396,1.24739623585157,1.25269790826054,1.26182318048914,1.26443059084126,1.26703773559185,1.26808048725147,1.26773254922953,1.26764516632174,1.27094685910847,1.27459648991714,1.27824612072579,1.28502427211485,1.28676210301369,1.28780485467331,1.28676183741215,1.28884760633293,1.28893472363918,1.29388845802622,1.29832081658345,1.30675074397127,1.30927103701715,1.31196503347245,1.31196503347245,1.31726590907679,1.32030704674939,1.32786712908238,1.3356009148248,1.34446456953309,1.32969101488131,1.28458895118512,1.20350956481825,1.08358515591597,0.924641489865786,0.75692075521047,0.606232781935599,0.477617890531368,0.378723546238571,0.308333293988179,0.257495830562547,0.21143786691145,0.176763851014516,0.143393141891326,0.1135852118721,0.0869060680348045,0.0631817413684826,0.029290187618575,-0.00242847990430162,-0.0318005577907197,-0.0623896219492628,-0.0886337104583753,-0.108881844123917,-0.127739819310995,-0.14798848417962,-0.166238231832184,-0.191266396475345,-0.216033474801286,-0.242017273797805,-0.262526228179024,-0.283991082515149,-0.30145836802068,-0.316927267513234,-0.331526853154048,-0.353686786729402,-0.37523849277024,-0.397050753925202,-0.420948518399404,-0.443369007088893,-0.46135740282269,-0.477955374476481,-0.494901284152206,-0.509935393918113,-0.526707600184416,-0.544957347836974,-0.563207095489532,-0.575025832970341,-0.58727909457625,-0.598750425238211,-0.608135986979402,-0.619433348630399,-0.641332727091617,-0.663666364076392,-0.685130687209427,-0.701902362272647,-0.716240861596242,-0.724322585360594,-0.731622378180992,-0.738661615887266,-0.756389722108475,-0.774899759273627,-0.795060775632913,-0.807574592352951,-0.821652802163952,-0.829213415700033,-0.836687177531413,-0.84224940505451,-0.861976428491787,-0.880225910542809,-0.900387192503636,-0.913162095540894,-0.924806864010734,-0.93054226374017,-0.935408615219413,-0.938623987504516,-0.955221959158308,-0.974514192868944,-0.992763940521507,-1.00866736413915,-1.02413599803017,-1.03126208744115,-1.03699748717059,-1.0415159006279,-1.05246505865542,-1.06410956152372,-1.070192368072,-1.07575406439202,-1.08131576071204,-1.08357523304224,-1.08409687447359,-1.10000029809124,-1.11633798023244,-1.1305033073497,-1.14197463801167,-1.1549229788568,-1.15874631307488,-1.16204827146315,-1.17169412271693,-1.18429479114167,-1.19698257687268,-1.20575991107934,-1.21453751088755,-1.2191435728542,-1.22305428998008,-1.22548746571971,-1.2363503032456,-1.24608300620409,-1.25233978176334,-1.25755354006142,-1.26285441566576,-1.26328867418932,-1.26554814651952,-1.27536796678426,-1.27997402875091,-1.28310281493285,-1.28640530452421,-1.28788284591046,-1.28440718411277,-1.29231547006923,-1.3050029901987,-1.30734931423361,-1.31039071750775,-1.28762202519479,-1.22070716914054,-1.11546893198225,-0.99632618842237,-0.826606536550993
-0.770849560429491,-0.60804647099229,-0.412519868576741,-0.176948038793315,0.0660361254437725,0.411620160531411,0.670514500480738,0.852662763366297,0.96864125002752,1.01826927289748,0.990337295810527,0.993501538476967,1.00886909892709,1.02667732293396,1.05623686952654,1.0779320864675,1.08968368533391,1.10261030594662,1.12014722232243,1.12728852542573,1.13198916497229,1.13786482626516,1.14184216298269,1.1445538578898,1.15657648810658,1.17284748639127,1.18134449880779,1.18523149174187,1.18260986433754,1.18396557365076,1.18604458579298,1.19499359340746,1.20602161316416,1.22165992868398,1.22563726540152,1.22581795296844,1.22301591427787,1.22690345977333,1.23241802221305,1.2429042555497,1.25592177250723,1.26875804933648,1.26957114338759,1.26568387417282,1.26152557360767,1.26107330212903,1.2630619704878,1.27065554506975,1.28050881936084,1.29126580776718,1.29226014194656,1.29090415635268,1.28828252894834,1.28927686312772,1.2914464953341,1.29894944985189,1.30699474335114,1.31793269560507,1.32055404672871,1.3198307438997,1.3175704916292,1.31648553738567,1.3160335421877,1.32028246281699,1.32498337864422,1.33248688572341,1.33664573884991,1.33384397644003,1.32878196175964,1.32543730780698,1.31938068266652,1.31712043039601,1.31910854619342,1.324802967358,1.30807942131397,1.26016903545241,1.17239410978989,1.04728592794728,0.877431879190233,0.70947587872782,0.560141748884745,0.439463175238334,0.34545121314912,0.28533778578456,0.234535293729656,0.190602797147008,0.148207250005846,0.109879659646376,0.0776084181466756,0.0499474724100858,0.0238231998343079,-0.000403024446845265,-0.0233636069175464,-0.0519288193307444,-0.0793190099976438,-0.107793878627395,-0.134641730312881,-0.155975572120011,-0.173512488495828,-0.191049404871645,-0.206416965321771,-0.220789915311823,-0.244292836763956,-0.268067065847143,-0.29175095114687,-0.31570586779697,-0.338395142636629,-0.356112746579359,-0.373288011540663,-0.389378322258433,-0.405468632976216,-0.426350203304692,-0.447593148766999,-0.468745750445853,-0.490621654953721,-0.506892929519098,-0.520452232896677,-0.531480528934071,-0.540881531746517,-0.549649851794079,-0.568181102349276,-0.584452376914647,-0.603796997801635,-0.624949599480489,-0.639051241839494,-0.647548254256008,-0.658305242662347,-0.666802531359543,-0.674215142093893,-0.694735061007868,-0.715797595183945,-0.735413799982675,-0.756385990375298,-0.772567197437897,-0.78214944037862,-0.790556109011674,-0.800137799391034,-0.807459237499879,-0.823187620522461,-0.838373940844311,-0.855820513436663,-0.863233400451701,-0.870827527595021,-0.873901702758683,-0.877879592037597,-0.877699180751366,-0.894332106731256,-0.912591773374718,-0.931664810349977,-0.947483537156018,-0.965381276104291,-0.973787668456664,-0.981742341891752,-0.987527659401161,-0.99783292889021,-1.00877088114415,-1.02214949695482,-1.0328161415777,-1.04465808422756,-1.0527033777268,-1.06074894750671,-1.06635385372989,-1.07539375768919,-1.08470469299885,-1.09808358509021,-1.10576722717494,-1.11643387179782,-1.12556384325989,-1.13867142772019,-1.1485244257306,-1.17003867882396,-1.18947364349441,-1.20981259856078,-1.21424165419561,-1.21957497650705,-1.21722465673377,-1.21532660843914,-1.21116858415468,-1.22915749572845,-1.24651344825667,-1.26278472282205,-1.27417439399327,-1.28728170217288,-1.28872803155023,-1.28927037053166,-1.29369970244716,-1.30554164509703,-1.31675062870133,-1.31946259988912,-1.32398282814945,-1.32353110923217,-1.32027707534365,-1.31512499316048,-1.32904622423326,-1.33971286885614,-1.34423282083579,-1.25248083473641,-1.07132690603023,-0.769584747461102,-0.357197700822874
0.127461783138203,0.520216689174343,0.820499825323853,0.997882107659479,1.05227192676503,1.02576032878479,1.02193361690978,1.02913038581914,1.04917307815434,1.07723340431976,1.10010067391319,1.10338079221978,1.1001015092574,1.10593249036592,1.11814076770329,1.13198910419396,1.14966359566348,1.16660938852449,1.17225826459291,1.17499151088302,1.18273515180886,1.19330309154486,1.20341521178443,1.21571398474572,1.22773960014683,1.22855962972348,1.2246421437765,1.22537112083309,1.22901517077183,1.23375268629546,1.24422957351141,1.25734865449741,1.260719546876,1.25926214965896,1.25616469328863,1.25853372949852,1.26263359893368,1.27210862998094,1.28440768139029,1.29834651350487,1.30044155681037,1.29752592703208,1.29442819221367,1.2941550346535,1.29397320806147,1.30016895614636,1.30964426564169,1.31766162102384,1.31866347719253,1.31720524463127,1.31592911711012,1.31875285902414,1.32294350253129,1.33141639896179,1.34125619698543,1.34927383081564,1.34736117099833,1.34380845202772,1.33952675600051,1.34007334956892,1.34335291097937,1.35264528009037,1.36321321982638,1.37350800200222,1.37369010704233,1.37068398164012,1.3656735870044,1.36011632035219,1.33123596461012,1.27493320723917,1.18227905386435,1.0509050251719,0.878625025336272,0.708076137173999,0.556203596649923,0.430660549065991,0.339008808756007,0.278970392030116,0.23296185993886,0.194515142181403,0.160806218395655,0.122815320134623,0.0877397732038161,0.0545777214345405,0.0219622632336832,-0.00883158766991691,-0.0346147654897271,-0.0586668316361765,-0.0812612221175134,-0.103764560078804,-0.126358672112069,-0.149043558217315,-0.171546339282455,-0.188765011255558,-0.204161519035241,-0.219649079334982,-0.233952678425932,-0.248073894028691,-0.273400973904005,-0.300185729444424,-0.325695192807908,-0.350384348146678,-0.372431588163466,-0.387190728302768,-0.400765628785194,-0.414340529267626,-0.429646819871478,-0.449143753982485,-0.470462573838827,-0.490870033150384,-0.509273223228423,-0.527311646330101,-0.542161560541384,-0.555553799087549,-0.569037368601856,-0.586711581623312,-0.602108367851073,-0.619327318272241,-0.63599967512501,-0.649574575607435,-0.659596478671184,-0.671076057400039,-0.680368983407192,-0.690846149071215,-0.708064821044318,-0.726559063642409,-0.744597765192159,-0.756168117992989,-0.765552096520201,-0.771109641620481,-0.776029262184224,-0.780219905691366,-0.798804922361451,-0.819303155745001,-0.838981637999969,-0.850551712352733,-0.862395222713732,-0.866130603620611,-0.868954902430777,-0.871961306281055,-0.890728984887388,-0.909132174965433,-0.92780880105172,-0.937010396090743,-0.946940968186354,-0.948307869779486,-0.949128177804206,-0.950039259900906,-0.968715885987193,-0.986481429976773,-1.00452013152652,-1.01745710747241,-1.02957433228973,-1.03276339807627,-1.03522348680621,-1.03731908700786,-1.05062027303398,-1.06465015766861,-1.07439778937989,-1.08505650318788,-1.09753738118927,-1.10546340560329,-1.11475605316238,-1.13461719735361,-1.15593601720995,-1.17634375496958,-1.18973599351575,-1.20048631673994,-1.20394826163857,-1.20558832079187,-1.20558859923994,-1.21706845641687,-1.22936834317045,-1.23219292042868,-1.2336505960938,-1.23510827175891,-1.23027942526715,-1.2252681952872,-1.24093813907514,-1.25806603697625,-1.26918084872874,-1.27765374515923,-1.28485107096474,-1.2808425324977,-1.27628740046225,-1.285033732901,-1.29860863338343,-1.31072585820075,-1.31983640071972,-1.32849112374225,-1.29013545850485,-1.21524657067153,-1.11129522205603,-0.961609055805598,-0.778760837785888,-0.5587417510818,-0.365598750886256,-0.210902190000091,-0.105766880175801,-0.0011778854718378
-0.167571681436123,-0.267111312954405,-0.289007901457782,-0.284080862307127,-0.297675463737469,0.0909042111349988,0.373283312489539,0.593803519568987,0.809214597024907,1.02353117967826,1.03156017046806,1.0515416022061,1.0704282602894,1.0761765191072,1.07946111892357,1.10044586080163,1.13037171894698,1.1434183758456,1.14670297566198,1.14442224368998,1.1417762153635,1.14314454300583,1.1564653115964,1.17334395513877,1.18255862539364,1.18456580337804,1.18283217938124,1.18739364332524,1.19487496843548,1.20637092836672,1.22124267277685,1.23511110704697,1.23620643840607,1.23237500946668,1.22881713451489,1.2276314550498,1.22936507904661,1.2371205158488,1.24733905394807,1.25856118103953,1.26230170416855,1.26357912600053,1.26312264498352,1.26531219229299,1.26731909142521,1.27361417936602,1.28036519061947,1.28912365870952,1.29131320601899,1.29049198635185,1.2913129271668,1.29633087212781,1.30116644776375,1.31019874869357,1.32178589328733,1.32972369941459,1.32890275859963,1.32707822879247,1.3232465210009,1.32342916917814,1.32525425668967,1.33273613950427,1.3399441894791,1.34815582844614,1.34751753580842,1.34624039282862,1.34277342368718,1.34140481719267,1.34423321484422,1.35061976629973,1.35846610891228,1.36713339233979,1.37269872412816,1.35956032486265,1.31804704327137,1.24040372140429,1.12407607330182,0.970523611268818,0.798541251021711,0.639697011187926,0.503753227701903,0.39737028485892,0.318449541159856,0.263889044965591,0.216718968071222,0.174384745664979,0.134696272733032,0.100482225779105,0.0689142071516626,0.0399919379985158,0.0127118293274755,-0.0135646903513698,-0.0401147640178057,-0.0657524333545685,-0.0912074545140916,-0.116571291011086,-0.140840075001168,-0.163558162023856,-0.185820046881719,-0.206895973422306,-0.225964443126319,-0.245854132497465,-0.265561173691371,-0.284447274070322,-0.303698391951575,-0.322949788685012,-0.341653798591071,-0.3599016063323,-0.379426557053321,-0.39813028810721,-0.417563775313525,-0.435446286700262,-0.448857961101193,-0.461539879349684,-0.473218208605981,-0.484349151034912,-0.496027201439031,-0.516738110477322,-0.536171597683638,-0.556973691384457,-0.578505820089886,-0.592100700372411,-0.599856137174608,-0.608615162969,-0.616644153758793,-0.622392133724404,-0.643376596750298,-0.665729666270683,-0.687352979638641,-0.708976293006598,-0.727862393385549,-0.73826330080987,-0.747752082756701,-0.756602014361456,-0.76463100515125,-0.779867767063685,-0.796290766145581,-0.813078503877589,-0.822202547174295,-0.831417496281346,-0.836982828069723,-0.84044951835898,-0.843460006483406,-0.862710566660305,-0.882326423191683,-0.901303708233162,-0.914077089996365,-0.926394269594737,-0.929496500086053,-0.93205106489782,-0.934058242882228,-0.950936886424593,-0.967724345304424,-0.985333023851399,-0.992905812476356,-1.00120863610592,-1.00111773029557,-1.00029678948061,-0.998654628998511,-1.01644595572273,-1.03423700359476,-1.05211951498151,-1.06434550991735,-1.07939990250473,-1.08624265612508,-1.09472784907971,-1.10622353015876,-1.13286450963554,-1.15731566295069,-1.18021611929844,-1.19718622635552,-1.21041581028356,-1.21406570645442,-1.21616462680572,-1.21835473181954,-1.22720522112865,-1.23760668625733,-1.23870145991206,-1.24034362039416,-1.24134693053418,-1.23851797517828,-1.23432041332787,-1.24900950956077,-1.26515867580289,-1.27008571495355,-1.27455683079155,-1.2788452984523,-1.27273230098438,-1.26534160283231,-1.28021306839027,-1.2972740812577,-1.30429920420311,-1.31114195782346,-1.31634282981389,-1.30913505869124,-1.28194613468273,-1.23258651047888,-1.16014406060223,-1.04044034916867,-0.856597011488025
-0.761249726303498,-0.646174433639214,-0.48403879639358,-0.342136123031675,-0.249912843621629,0.129005929857009,0.402604244602736,0.613877079851716,0.818646048323003,1.02106678933085,1.03046052738614,1.05719680591319,1.07788141570924,1.08330116665704,1.08564967018766,1.10217919280382,1.11961228331179,1.13045178520743,1.13785894380975,1.14165293511352,1.14499555657218,1.15502204061219,1.1713710152903,1.18392599866462,1.18735806589074,1.18537038216905,1.18645394586456,1.19006683709592,1.1980156395124,1.21201638672707,1.22728152164249,1.23089441287384,1.22990057101301,1.23188742653314,1.23568086570256,1.23983595288244,1.25049463077284,1.26314044025055,1.26711497949239,1.26548921984835,1.26314071631774,1.26612141369872,1.27000540290436,1.27849584913499,1.2898767187776,1.30179950830156,1.301167038384,1.29881853485339,1.29538646762726,1.29610948758103,1.29863909118407,1.30776255946664,1.31688575168202,1.32727305553096,1.32817607128841,1.32447235395365,1.3214911044383,1.32374905793271,1.32483317376259,1.33160786244735,1.34036968271944,1.34831876120312,1.34624163171395,1.34362230627625,1.34009968901391,1.33838365540085,1.33757063754525,1.34217681850309,1.34831876120312,1.3539187840218,1.35789304719645,1.35843496707779,1.35735140338228,1.34542833779115,1.30902667110019,1.23866239128509,1.13370330449549,0.990716791370896,0.825600732811457,0.666446345081174,0.529331228816708,0.418320473296103,0.337207517688771,0.279488771284215,0.233512542532727,0.191691677028319,0.154296444543696,0.120062733445302,0.0886291717898415,0.058188899860855,0.030187405431506,0.00263783298167046,-0.0250020134372012,-0.0517385680314282,-0.0773004567595754,-0.103494815405284,-0.128605334288294,-0.1525417394396,-0.176297320585652,-0.199601531886573,-0.221189433507259,-0.243138707071235,-0.264365236748626,-0.285140396580885,-0.305644734506055,-0.326329896436467,-0.346382864516505,-0.366074460653255,-0.385765780722822,-0.405727922699461,-0.424605948846238,-0.443664246863881,-0.463174190793849,-0.481510020992101,-0.499484479247051,-0.51845250329567,-0.536156415710725,-0.552686214394064,-0.570661224783391,-0.587191023466736,-0.602998354330678,-0.619166781070728,-0.63614822566638,-0.651413636648985,-0.669027551162192,-0.686460917737357,-0.703352364431174,-0.718256403470483,-0.724850268150012,-0.727740691561975,-0.729998645056371,-0.73162412863323,-0.73595948768398,-0.756914919387112,-0.779496386801454,-0.80261977409714,-0.819330120718539,-0.832517850077601,-0.837034033133587,-0.841188844246302,-0.844169541627289,-0.85961522448076,-0.878041604715218,-0.896197439109774,-0.910198186324445,-0.92428920750814,-0.932418833929862,-0.937748310908651,-0.942987237851228,-0.955723321297971,-0.968369130775685,-0.970627360337275,-0.973066137836925,-0.974962719388037,-0.971981745939863,-0.968729674517428,-0.985259197133586,-1.00287283557962,-1.02102866997418,-1.03746819468849,-1.05535293110878,-1.06456612122601,-1.07504397511116,-1.08705759073852,-1.10584561898345,-1.12391117940898,-1.13158915991838,-1.13691836082999,-1.13944713623147,-1.13764027651501,-1.13384600914405,-1.14820757616765,-1.16383380695917,-1.16952410374688,-1.17395001283385,-1.17964086175593,-1.17521495266896,-1.16807944417527,-1.18280321134371,-1.1999654799446,-1.20619797268084,-1.21179827156671,-1.21766939235966,-1.21170744546332,-1.20330699713451,-1.21613335455028,-1.23185013537801,-1.23970838775829,-1.24476676676281,-1.24955404779307,-1.24305045708257,-1.23347589502205,-1.24268936120646,-1.25795449612188,-1.26400644092006,-1.2509092615972,-1.19725532840351,-1.10738055252408,-0.973788053521952,-0.796477555329931
-0.781700174171103,-0.669766075543663,-0.512330118598858,-0.357897209205948,-0.239683606588583,0.152541605509152,0.423550445574856,0.627762407436568,0.822418965144774,1.01352621380326,1.02581153475976,1.06084736766911,1.09087839946251,1.09015051436079,1.07950342162331,1.08578292561322,1.10198219351335,1.11845403588793,1.13811054941833,1.15813086643098,1.15967758750499,1.15867601537991,1.16386299637421,1.17196235218705,1.17742274206746,1.18998147191009,1.20417842997171,1.21109514633001,1.21409875015635,1.21419025730135,1.21719358299047,1.22046976129127,1.22565674228556,1.23311860759281,1.24485738891427,1.24658601172941,1.2456753904749,1.24722211154891,1.25149930570035,1.2544116805189,1.26442239529966,1.2745243390882,1.28107697382703,1.2819870388071,1.28080412121534,1.28107697382703,1.28508103722956,1.29090523059222,1.29900458640507,1.30865066329192,1.31229064507497,1.31047023697762,1.30710282966903,1.30464548734052,1.30500956895999,1.30810384551966,1.31392831701955,1.32230080358129,1.32867125844178,1.32876220931235,1.3291260127946,1.32885260390846,1.32848824415178,1.32967088360632,1.33485786460061,1.34004512373212,1.34532361187141,1.34659803660817,1.34668954375316,1.34523405168694,1.34805547563493,1.35196886630411,1.35943128788579,1.35742925618452,1.32721604451278,1.25259321938208,1.13801987668499,0.980583919740183,0.799577780458583,0.63167607624297,0.492349355480111,0.381142585679953,0.302332960993944,0.24918677935377,0.202774856056339,0.160458225169219,0.122054984951278,0.0910232154444652,0.061993199501687,0.0372403777103523,0.0139436042596792,-0.00635012163909811,-0.0345613016095817,-0.0618621384627824,-0.0893448770571093,-0.115462796318546,-0.138668618898659,-0.155686166496618,-0.172339910612332,-0.188538622238009,-0.204828006597041,-0.229944910007846,-0.255425895038126,-0.280906880068407,-0.306296914228127,-0.330140227313836,-0.346885200437327,-0.364994992893714,-0.380647721158802,-0.397210514403949,-0.415320028723106,-0.436978573954774,-0.455452169893408,-0.475472765043269,-0.491125215171134,-0.50768773027907,-0.519882100365002,-0.534169731159976,-0.547820427723799,-0.566112400058524,-0.581947586339172,-0.59996670606221,-0.610432175195789,-0.621807431172209,-0.630816573827903,-0.638915373366307,-0.647469483531964,-0.666944373458453,-0.687602459113917,-0.707259250781526,-0.728008287307551,-0.744662031423264,-0.75922251482993,-0.768504788234527,-0.781245419818279,-0.793621969782561,-0.811276729748918,-0.823653279713194,-0.838395942998204,-0.84795134715171,-0.859781635618173,-0.865787730721964,-0.876071019977199,-0.888811373423722,-0.904463823551592,-0.916385341025838,-0.924484696838677,-0.929762906840746,-0.932402150910383,-0.933858477388268,-0.936497999595134,-0.95397085782036,-0.971625617786711,-0.990190164595904,-1.0027483381641,-1.01494215197559,-1.01721675815132,-1.02085646179716,-1.02185719951057,-1.03632645390946,-1.04970401972437,-1.05762147379609,-1.06262683118647,-1.07081741600709,-1.06881566244304,-1.06945259667421,-1.08319396597137,-1.09939267759706,-1.1121333091808,-1.12887800416707,-1.14462196143994,-1.15681688780031,-1.16910248689403,-1.18721200121319,-1.2055036954107,-1.22443232383937,-1.23371431910675,-1.24199557666072,-1.24508985322039,-1.24654590156106,-1.24436196811867,-1.25546492775785,-1.26629447851089,-1.27321063859476,-1.27821571784792,-1.28585976303351,-1.28504009264956,-1.28340186443055,-1.2904092535222,-1.29750787162162,-1.30042024644017,-1.30369698101541,-1.30715533919456,-1.30724656820235,-1.31079559911484,-1.30442542239158,-1.17374431893937,-0.943323486945661,-0.62171703657609,-0.216842700039603
0.238034967560472,0.539426635844007,0.751854801865976,0.88986110411576,0.965999675679763,0.987044045388319,1.03798353282429,1.06769839485335,1.07799450096804,1.08043305968053,1.08223920521549,1.0908194316656,1.11421181817385,1.14266212989026,1.15449358392875,1.15313876774573,1.15593838993976,1.15909935165775,1.16551181700653,1.1785178315297,1.19793658744407,1.19965301919347,1.19820821318248,1.20037597428381,1.20805298994524,1.21211716245192,1.22638745124531,1.24147068495701,1.24499326224139,1.24038721846998,1.23803892562787,1.23623222800809,1.23605142022489,1.24047693225553,1.24959875392796,1.25808871450768,1.26179209957524,1.26188236544562,1.26937857332386,1.27597184645584,1.28346805433407,1.29268014187689,1.30433106417461,1.30270545038043,1.30089930484547,1.29493844489103,1.29430630775592,1.29349363888003,1.30071904914712,1.30695070671271,1.31778868409213,1.3195951056695,1.32058830628616,1.31923349010313,1.32275606738749,1.32456276500728,1.33115603813925,1.3372979819193,1.34452339218638,1.34307803409055,1.34127133647076,1.33675528252732,1.33702608013847,1.33666501665693,1.34217482330185,1.34714248263965,1.35563244321938,1.35500030608426,1.33928493523744,1.28997133763808,1.21103369596488,1.09181428853677,0.936377287860429,0.767663199007351,0.617373837324732,0.480090214122861,0.370805021200647,0.293672972977566,0.238759578905305,0.189716778917093,0.151873295832268,0.11791372955576,0.0867540615156997,0.0544201090333744,0.0246149811339344,-0.00509988089512331,-0.0335504686539553,-0.0576658102525336,-0.0782588506091661,-0.0986710831826126,-0.117818765443406,-0.13579216326194,-0.159094283899801,-0.184202550072615,-0.208226797673552,-0.228547936249364,-0.24914014847875,-0.267835673260361,-0.284905584247796,-0.302517642542373,-0.32708403745046,-0.350927753310633,-0.374049066165295,-0.396718773625631,-0.416588582849513,-0.432575027349896,-0.447929334715175,-0.46183828398462,-0.476830975783521,-0.495707308348324,-0.513951227735596,-0.532556486646831,-0.546645967657041,-0.557664752819645,-0.566335521182568,-0.574283886539987,-0.582593591421362,-0.601109136547045,-0.621882708644443,-0.642927078353005,-0.660358604906806,-0.676164241624008,-0.687454100440187,-0.697208335290149,-0.706691496486531,-0.724754884133032,-0.744263353832958,-0.761242998950004,-0.775603553613795,-0.788338494483391,-0.796738189192739,-0.802699325189597,-0.810647414504601,-0.824466097903652,-0.84000066096728,-0.853548270712757,-0.862850900168374,-0.869353631387544,-0.873688877547792,-0.876488775784239,-0.881727232733177,-0.898075016757523,-0.918035367894209,-0.935827957929563,-0.947208082616123,-0.957414198902847,-0.962110784587057,-0.963917482206847,-0.966627390615328,-0.983788119557976,-1.0003164353231,-1.01630287982349,-1.03111503988162,-1.04637880533409,-1.05206886767736,-1.05821053541499,-1.06381005584547,-1.07320295117147,-1.08124103031444,-1.08783402740399,-1.09460783227674,-1.10454315095231,-1.11303338757445,-1.12558779670328,-1.14726430354695,-1.16966321339613,-1.18023011712197,-1.19124862624216,-1.19775135746133,-1.19829322872606,-1.19820296285567,-1.21509261814475,-1.23035638359722,-1.23685939085881,-1.24272998494286,-1.2462520101424,-1.24218728555088,-1.2371290843003,-1.25194096831601,-1.26648205472056,-1.27406908055402,-1.2800304925933,-1.28698565733406,-1.28228962373468,-1.27831599314081,-1.2917733370159,-1.3067660288148,-1.31661025349273,-1.32645447817066,-1.33575683158386,-1.30784839113218,-1.24200620172528,-1.1586424959366,-1.02433930271195,-0.770184012839249,-0.501216562908415,-0.271447412245443,-0.0620902181135019,0.074560991910831,0.0220861565510615
-0.0899600692297399,-0.160961130243394,-0.16528507376672,-0.0871059863295195,0.116989751468059,0.467238956544914,0.719850931855797,0.889354328519135,0.999963917486847,1.04225340143805,1.00108805293551,0.993823330902467,1.01362746272156,1.02755083046886,1.04709540409125,1.06672693763901,1.07745102594341,1.08099708782427,1.09353729055797,1.11377437179275,1.12397934370374,1.1290816975013,1.13158952659533,1.13280009333761,1.13383779749266,1.14335079042303,1.1568420017023,1.16739296310361,1.17050633988466,1.16929550882651,1.17370588364344,1.17915396261543,1.18702343938784,1.19904426141224,1.21322692304037,1.21435079417315,1.21218842593766,1.20924764742795,1.20950667699288,1.21019839165762,1.21815456403953,1.22827284034103,1.23908309562317,1.24271532448175,1.24487742840135,1.24418571373661,1.24591539687229,1.24833679467271,1.25430399003811,1.26148175214579,1.27116760766337,1.27471340522835,1.27601093189599,1.27748132115084,1.28180579330593,1.28552471777401,1.29313516498148,1.30212904151843,1.30982592001952,1.31017164519394,1.30947966621332,1.30757712049042,1.30982592001952,1.31484184252347,1.32340356259239,1.33265726164193,1.3421702545723,1.34208355896281,1.33836489881063,1.33473266995205,1.33040846211285,1.32755437921261,1.32988934571943,1.33438615182997,1.31708984910491,1.2686603072011,1.18105492244303,1.05314929506614,0.882522027270013,0.716478261193925,0.568249649920418,0.447176059476767,0.356889718721557,0.300071583651924,0.247923381595922,0.202866510353981,0.160923015893104,0.121487350526255,0.0898349949540898,0.0638038452570044,0.0396752412828276,0.017622045618757,-0.00296076079045177,-0.032797001933325,-0.0598658557854576,-0.087799286889553,-0.115819149287259,-0.14020678282638,-0.158454358412884,-0.177393648664134,-0.194343961898884,-0.209823885878771,-0.231184573930445,-0.253842524333885,-0.275895191366188,-0.300455687492519,-0.323719185582983,-0.344042433795485,-0.362635734556424,-0.38174788739489,-0.397746927768185,-0.416426659822735,-0.434846833680572,-0.453872555225434,-0.47186057261523,-0.489762158711422,-0.506193884184526,-0.521847463699277,-0.536290476471754,-0.550993047440938,-0.56664662695569,-0.581694658783423,-0.596828857588874,-0.606774006987287,-0.615162335837226,-0.623377802099951,-0.632025689146591,-0.639981861528502,-0.660045551544291,-0.681838660379887,-0.703545337921879,-0.724992457267169,-0.745834293241323,-0.75993052357584,-0.772902882777575,-0.785097096020957,-0.796340300718772,-0.8098320406298,-0.822804664147416,-0.835690592055546,-0.845116889376431,-0.858261582533613,-0.871406011374914,-0.887058797942017,-0.905219413603153,-0.931855582355489,-0.954773090955629,-0.975269466071234,-0.985993025743873,-0.993344179070522,-0.995938703774047,-0.998014640715927,-1.00164713389039,-1.01972237552144,-1.03883505699167,-1.05716932818767,-1.06910371891847,-1.0794812891008,-1.08198885387895,-1.08328585191483,-1.08397756657957,-1.09816049252358,-1.1126894079579,-1.12791030237285,-1.14053667208427,-1.1530763461862,-1.15869728774541,-1.16379937722708,-1.1677770669442,-1.17858679359457,-1.19095334079341,-1.19354760118105,-1.196487851059,-1.19899568015304,-1.19692000752704,-1.1922500745134,-1.20660612736051,-1.22096218020761,-1.2353184973706,-1.24682099594924,-1.25901520919262,-1.26126400872172,-1.26247483977987,-1.26576107914814,-1.27518737646903,-1.28642952390331,-1.29213689675612,-1.29784453392481,-1.30147649846751,-1.30164936105473,-1.29914153196069,-1.30856809359746,-1.31920522197649,-1.32387515499012,-1.32785310902314,-1.33269590462399,-1.27786674657086,-1.19199078063258,-1.075932848377,-0.884376784681357
-0.798552109704256,-0.65902605480715,-0.482340919290863,-0.297259431379872,-0.186675197770833,0.170893112955235,0.434580621337601,0.639045657290343,0.808405995708599,0.992058561218876,1.01117428868838,1.04583289161018,1.06896865774046,1.08531581393262,1.08558418052029,1.08415525811959,1.09782202452761,1.11675893194124,1.13248008143397,1.14793341035447,1.163118645695,1.16544112235966,1.16535157582787,1.17097881092979,1.17740978075614,1.18232228164999,1.19313011122571,1.20652878405379,1.21063782323091,1.21162065101894,1.21054909572227,1.21126410293807,1.21180001709026,1.2173379786681,1.22528769043469,1.23547060534186,1.23850754320688,1.23984773809895,1.2471728082047,1.25512333899444,1.26343096388049,1.27620472204001,1.29022858254435,1.29130013784102,1.28960230283719,1.28656454594901,1.28763610124569,1.28888674960596,1.29692600790435,1.30639473461888,1.31505972660898,1.31479190603674,1.31229060931621,1.30836039019494,1.30719901535876,1.307466835931,1.3122010627844,1.31854330510211,1.32622546930418,1.3283696719284,1.32845949146792,1.32953159278004,1.33372990548125,1.33712393744259,1.34364418079302,1.35266517484856,1.35856023052272,1.35757740273469,1.35623748085034,1.35346836355757,1.35320081599304,1.35561256618178,1.3614188943473,1.35739940170197,1.32577855566835,1.25083466073828,1.13578402084807,0.979732808726079,0.802869126161632,0.638421561644934,0.501664897048326,0.394385694884273,0.318906158809725,0.264506913749854,0.218236200512457,0.175895706396311,0.138646533229894,0.105864039352371,0.0777267718118866,0.0516441603638222,0.0286880333125788,0.00314133601672125,-0.024996204531486,-0.0537592057636817,-0.081718472271447,-0.106104886761996,-0.128525918684197,-0.148267106837694,-0.166132458954655,-0.183818991015727,-0.208740500635313,-0.232143541322392,-0.255635582525836,-0.278323615997114,-0.297438797451183,-0.312534759267641,-0.327719994608175,-0.342280315280149,-0.358895019036832,-0.381315777951315,-0.403289623229969,-0.426692663917048,-0.444736017066727,-0.461439721339769,-0.474391753539724,-0.486450777491155,-0.495919504205688,-0.515571418835109,-0.533972685104252,-0.552641771945643,-0.572650507663665,-0.592569969857605,-0.606683376893744,-0.621957885758367,-0.637143394106606,-0.650810433522356,-0.666531856022802,-0.683324833819933,-0.698063428532349,-0.707888976335484,-0.718339984822607,-0.72673633721731,-0.7337037672113,-0.74308294739404,-0.761483940655472,-0.778902106128874,-0.797124279334423,-0.809272303802219,-0.819901859337501,-0.82526127386719,-0.83106732902499,-0.836069649458354,-0.852952173787279,-0.86992397164028,-0.887253136597322,-0.898955066452434,-0.911014090403871,-0.916463051465353,-0.921644191954594,-0.926646512387958,-0.942546208928852,-0.957195530117192,-0.971844851305525,-0.984886157029552,-0.997481095133189,-1.00328742329871,-1.00998675971274,-1.01883002574328,-1.02981722139032,-1.04205479238991,-1.04803966760359,-1.0550073706053,-1.06126033939894,-1.06769185524073,-1.07340863687445,-1.09466802095275,-1.11467675667076,-1.12923653132731,-1.14209901699546,-1.15442586151913,-1.15782016648819,-1.16049973724917,-1.17121883931626,-1.18372450389581,-1.19542588773549,-1.20382196712247,-1.21203977246902,-1.21605899210663,-1.21739864098327,-1.22007848475196,-1.22990457857053,-1.23955157932551,-1.24526863396694,-1.25178942333282,-1.2571488378625,-1.2576847520147,-1.25902494690677,-1.26831485356543,-1.27635438487152,-1.28126743178081,-1.28689493989045,-1.29189698731609,-1.29171816726022,-1.29448701154528,-1.30324073104402,-1.28180279991757,-1.21811392120677,-1.12852070508836,-0.994800705349045,-0.773899512687786
-0.660669723647963,-0.512245701696003,-0.315621836210646,-0.116330258223141,-0.00552383644659791,0.323338388280307,0.551354285437618,0.707070145495293,0.833261508532288,0.984353514785936,1.00320716179803,1.03824592792145,1.06714881939018,1.08288981805031,1.08146694744932,1.0870692796036,1.10378794121536,1.12521960688083,1.14425046719414,1.16221451430614,1.16363765670667,1.15972510230337,1.16168205900388,1.16897444070866,1.17564412966334,1.18782727232214,1.20143301378239,1.20712395258727,1.20650125983715,1.20543390303675,1.20650125983715,1.20783579558708,1.2115714084887,1.21975311829405,1.22971348430053,1.2341598530038,1.23540442310541,1.24296316836111,1.25078909256633,1.25834838142111,1.26964273957843,1.28387171738788,1.28618391608943,1.2849385305892,1.2819142170883,1.28049080288822,1.2800458670384,1.28555932074252,1.29338524494774,1.30263431155349,1.30619189575528,1.30610328910468,1.30557001840379,1.30637073985375,1.30628213320314,1.30992859585508,1.31588725720857,1.32255721796278,1.3246913879645,1.32726995021696,1.32709137791803,1.32691280561912,1.32584517701917,1.32806822547104,1.33011378882214,1.33571693637504,1.33918564212669,1.34247631917849,1.34354367597889,1.34576672443075,1.34647775203193,1.34923434298423,1.35296914048723,1.34843362153427,1.31179477150865,1.23993967025883,1.12904409823261,0.979108327229503,0.806406354811003,0.648377752452691,0.513381986860231,0.405599063185967,0.324317410229649,0.266869043689584,0.218046779205608,0.178740216677833,0.144324686903606,0.114622432982631,0.0871432275135214,0.0616204351458308,0.0283605970230749,-0.0051661482496798,-0.0359363025701296,-0.0652833144900535,-0.093563241409111,-0.115618143423786,-0.1355386036372,-0.156348120151633,-0.176979879765776,-0.198589574131088,-0.220465903846841,-0.243053804762851,-0.264663770927703,-0.286007101742109,-0.306639133155792,-0.327360314819161,-0.346836382781838,-0.365867514894688,-0.384720618307701,-0.403040179220288,-0.420915076082592,-0.439234636995184,-0.45746531945762,-0.475607123469905,-0.493215384981768,-0.510912253144243,-0.52852024285656,-0.546039354118739,-0.56320267978078,-0.580188248542519,-0.596551668153227,-0.612559302163797,-0.628211150574235,-0.64386299898468,-0.660226146795841,-0.676855929957455,-0.693396562869384,-0.710292981381433,-0.726922764543041,-0.742574069354405,-0.758047345465928,-0.772809593976261,-0.78721632868601,-0.800911492195489,-0.814251413703923,-0.827680485462042,-0.841465071020759,-0.847868124624989,-0.853915664428628,-0.859340239682609,-0.862808401835159,-0.865387235887156,-0.881216841197884,-0.897312810059536,-0.905938912115626,-0.914564742372176,-0.922834787028595,-0.923456664380087,-0.923100606980415,-0.938485276441327,-0.955471117002612,-0.972101443763306,-0.986953386122417,-1.00216111408166,-1.00865331793558,-1.01390013628927,-1.02074758214424,-1.03373117445345,-1.04813763736366,-1.058898181221,-1.07001451067849,-1.08086420478553,-1.08744501529005,-1.09260268339405,-1.10700914630425,-1.12239381576517,-1.13048610352129,-1.13840090617666,-1.14551553098116,-1.14658288778156,-1.14498253207981,-1.15538756213657,-1.1665927700442,-1.17317358054873,-1.18011017665339,-1.18793582905907,-1.18882515715963,-1.18909179251007,-1.19922964361731,-1.20856704507412,-1.21470319152837,-1.22163951583349,-1.228487233488,-1.23017701123897,-1.23328965959094,-1.24333863224802,-1.24218266879701,-1.23960356294547,-1.23657979304365,-1.23213315254085,-1.22315126488462,-1.23613485719383,-1.25196446250457,-1.25854554480864,-1.26566016961314,-1.25472214065503,-1.20029754401679,-1.11679257080906,-1.00998785368551,-0.806160484945507
-0.540451180845459,-0.245526123291568,0.0912600819551471,0.444842555086224,0.689722884754625,0.871122156695983,0.942786004847307,0.956912065760874,0.932966814291853,0.942269759567828,0.964320356637867,1.0147094235471,1.04304815664244,1.05760516784795,1.0609645793785,1.0594145272594,1.0620847342302,1.08051740224575,1.10256773605965,1.11298978316279,1.11609015065713,1.11979363795528,1.12341104049751,1.13124896538578,1.14451365222772,1.16019029177267,1.16621991027402,1.16845943020901,1.17190492649551,1.1795706818719,1.18585829138492,1.19688345829188,1.20868417777065,1.21281887861689,1.21101057222998,1.21557596011204,1.22091611079751,1.22806483112603,1.23771158891348,1.25097574924315,1.25287040364213,1.2517507753027,1.24856405979628,1.2518373865709,1.25424960253003,1.26277725849032,1.27294131458178,1.28413891425673,1.28500028832836,1.28379431197686,1.28189939432175,1.2824161661135,1.28189913106562,1.28655007719133,1.29344054325205,1.29929746572926,1.30007249178881,1.30033100931276,1.29955624650934,1.29912608598579,1.30093518214111,1.30455311119561,1.30989352513721,1.31549193009048,1.31876473035283,1.31807552579309,1.31867838234077,1.32040113048401,1.32341620299083,1.32712021680126,1.33478623543379,1.34124627771482,1.34322728012587,1.32668926650931,1.28026246767831,1.20101842239426,1.0841334885073,0.927195976570571,0.761041867369943,0.610133710678437,0.474557591251991,0.366458567593131,0.29203816445894,0.236137040608488,0.18781585063464,0.148366655644821,0.112793643977297,0.0801493568045272,0.0482800956913,0.0184779217450701,-0.00960176731405441,-0.0363035737659477,-0.0579237470563067,-0.0761847720722487,-0.094187279564249,-0.111070158716821,-0.127436266077648,-0.152846274678237,-0.180150937677808,-0.207024913641571,-0.23450148289688,-0.261805619384185,-0.28480314876951,-0.30547533672004,-0.326233872682653,-0.346475900109637,-0.366287240500819,-0.384289484736687,-0.404014213859665,-0.417364722201407,-0.430284280251209,-0.443117753545073,-0.456726779410757,-0.46775194631771,-0.489285771595998,-0.510819860130424,-0.532095431140909,-0.549150216549219,-0.567669232576832,-0.580675401894832,-0.592992366653078,-0.605395679423407,-0.624172949718822,-0.643036304770176,-0.662588864381278,-0.683002798064005,-0.699798802692235,-0.714269465885682,-0.726931296179941,-0.739334608950264,-0.749670571297468,-0.765950067390086,-0.780678721595203,-0.796957954431694,-0.806863492999213,-0.818664212477985,-0.82667483339039,-0.834599632802994,-0.841232371108167,-0.858373241272416,-0.875255593912717,-0.892396464076965,-0.906350092222522,-0.919614515808332,-0.9273666191968,-0.933395974442019,-0.939597762455246,-0.951829168969831,-0.966127925907534,-0.980598589100976,-0.993518936919176,-1.00609441920137,-1.0160857792687,-1.02400978891291,-1.03176189230137,-1.04321774624413,-1.05458751543096,-1.05777449419351,-1.06053078592024,-1.06268395784317,-1.06294221211097,-1.06242544031923,-1.07784382559636,-1.09420993295719,-1.11143741438963,-1.12625294311908,-1.14132672611634,-1.14701147908168,-1.15252379927903,-1.15639945608906,-1.16552944208476,-1.17517646312834,-1.17939724873052,-1.18198137094539,-1.18568538475582,-1.18508279146427,-1.18353247608903,-1.19490224527586,-1.20851153439768,-1.21393803309522,-1.22125944944788,-1.22832261153272,-1.22806435726492,-1.22660038990175,-1.24098496833925,-1.25442182469307,-1.26088160371797,-1.26708286521893,-1.27181963284444,-1.26768466874207,-1.26329145037188,-1.27336889519515,-1.28542760568559,-1.29361039610987,-1.30162101702228,-1.28327443376267,-1.2226357525183,-1.12685395687383,-1.00884939464744,-0.840972800559695
-0.716145452496993,-0.540647246592662,-0.331317187594152,-0.0875555434125536,0.164342928582064,0.495211797460911,0.738288893666732,0.904623057128244,1.01108715200552,1.05091475532424,1.01862424772963,1.01279969994338,1.0265034865529,1.03935099919349,1.05930760146242,1.07635192983824,1.08594476370909,1.089627710352,1.09904934178456,1.11395285434933,1.12517368204862,1.13219743223525,1.14059158726057,1.14658733748511,1.15172629018586,1.16268926711799,1.17784932156277,1.1849581494137,1.18744189365621,1.19455098328457,1.20123180503974,1.20782702557576,1.21973240125083,1.23429298538414,1.23609139631858,1.23454952726415,1.23078045584724,1.23189379525106,1.23343540252806,1.24182929577595,1.25219306417402,1.26444136828055,1.26444136828055,1.26212856469892,1.25990136233643,1.26221390414064,1.26469764838315,1.27471901190461,1.28765264931921,1.29853054858704,1.30015801886061,1.2987022745802,1.29476226250241,1.29322065522542,1.29493398849557,1.30007320297375,1.30769616169443,1.3175463227776,1.31806045364736,1.31609057849719,1.3139495009087,1.31026655426581,1.30649774462632,1.30889562587225,1.31112204290245,1.31591806717174,1.32097115687592,1.32431143686478,1.32568184170348,1.32773784162767,1.3315922524863,1.33758800271084,1.34486829477749,1.35274805715563,1.33827255068661,1.28345583358398,1.1888112513852,1.05159851796773,0.872674169077945,0.694521016492809,0.540435680692689,0.414187233094495,0.321427971936451,0.26190083178368,0.215735073363822,0.17496507130216,0.136678551705579,0.101389907221271,0.0688423341917747,0.0388641066239411,0.00974267657989961,-0.016808884447631,-0.0440455170057928,-0.0706826792524711,-0.0974907821600233,-0.123014343225455,-0.145112023082864,-0.167381167156002,-0.187594834859819,-0.206523960721515,-0.224510687840271,-0.247551028218059,-0.267593493483569,-0.290290905429895,-0.313073918595374,-0.329604639656288,-0.344422027447038,-0.359753546107562,-0.372001588436662,-0.383992827108306,-0.407032905708667,-0.427931906720542,-0.450115449574538,-0.47418352813698,-0.491741987382554,-0.504332696365682,-0.517094607787117,-0.527372774966037,-0.536537340963722,-0.557436080198176,-0.577906551559442,-0.599490362324521,-0.622786982804898,-0.642828924515548,-0.656618312344216,-0.670065295296283,-0.681970670971353,-0.692248838150273,-0.708265690118856,-0.723511869337654,-0.739186054652196,-0.749806888485151,-0.760427722318106,-0.76770801438476,-0.775930443416921,-0.782611265172102,-0.800597992290858,-0.81995512424831,-0.839055452548307,-0.85618564392071,-0.874343573477767,-0.885221210968171,-0.895071110273914,-0.905606081110283,-0.918710659185753,-0.931815499038644,-0.946890214041709,-0.961279595736715,-0.972842566535183,-0.982606864621772,-0.990401025780756,-0.997510115409109,-1.00410533594513,-1.01421230068575,-1.02714567632291,-1.03896545077884,-1.04864388586885,-1.05883619005119,-1.06722982152166,-1.0702274348565,-1.07776453058061,-1.08675763236255,-1.09652166867171,-1.09814887716786,-1.10131795471843,-1.10191768680734,-1.1022606152388,-1.09994833521202,-1.11519425265339,-1.13172497371431,-1.14842689721352,-1.16144561229241,-1.17600593464828,-1.17917501219885,-1.18217262553369,-1.18362863159154,-1.19227932849688,-1.20110148961796,-1.20238603146008,-1.20315670420986,-1.20409857939795,-1.20050123397419,-1.19707509098874,-1.21112206780715,-1.22474077675237,-1.22953758635394,-1.23390586630491,-1.23656133654057,-1.23090851474749,-1.22465622264293,-1.23793226493413,-1.2537779144644,-1.25968780169237,-1.26474115317396,-1.27013690953216,-1.26525449871144,-1.22379916334171,-1.17189445835477,-1.0888984481736,-0.948944905078748
-0.772938213111884,-0.572445630503377,-0.331410956325202,-0.0626369288767184,0.197687416509456,0.501797189487057,0.732930988947155,0.898599904254709,1.00324203367548,1.04967367703179,1.02594590755803,1.0108386867994,1.008533943475,1.02082434268108,1.04489358459531,1.06631687160979,1.08577688774035,1.10045759402979,1.10327415471723,1.1067733994205,1.1190640594917,1.13195236155002,1.14296269561826,1.15533891944841,1.16814191861289,1.17223880530328,1.17488476020305,1.183590611812,1.19357678942392,1.20322175546048,1.21542737350295,1.22959600156423,1.23070598264462,1.22746290748798,1.22268333678174,1.22242742810022,1.2221715194187,1.22857288856838,1.23872967196798,1.24939853359574,1.25230039717701,1.25349515942102,1.25511669699934,1.25733587656477,1.26040860679885,1.26706588463006,1.27474731891757,1.28131929385494,1.28473323566437,1.2861839065899,1.28780570503333,1.29002514546389,1.29318343945693,1.29770710148164,1.30334048372165,1.30863213265605,1.31110722090301,1.31170434115989,1.31153347450709,1.31178938318861,1.31247206720445,1.31486159169245,1.31861700594237,1.32297006217941,1.32501863595717,1.32536036926277,1.325360890993,1.32911682697316,1.33295780498203,1.33867649011587,1.34584584617523,1.35267346892899,1.35156322698347,1.34994116767493,1.32433516934597,1.26723440349679,1.17445668054313,1.04514844981636,0.873761371105207,0.704081393731334,0.549764806662734,0.420371012177004,0.321789301195663,0.256153550390316,0.209465998352497,0.170972219695463,0.137428878397474,0.10695800646844,0.0803278516831736,0.0458451350924644,0.0135815980671921,-0.0181698607299218,-0.0491530717522251,-0.0788556959064594,-0.102583465380216,-0.125286817532533,-0.14722192191005,-0.16762053073797,-0.189299465568841,-0.212088120615001,-0.235474678513396,-0.257154395939631,-0.279004980018663,-0.299404893172174,-0.317927099200726,-0.335254021255035,-0.355311940237834,-0.375198992567824,-0.39559786226086,-0.415569956619576,-0.430933086059737,-0.442711667902767,-0.454661116398599,-0.465074330209957,-0.475999622249473,-0.496655183219391,-0.519188190449144,-0.540867386145144,-0.56331456875082,-0.583371966003379,-0.598393362137933,-0.612219996028485,-0.625193340115523,-0.637484000186722,-0.65276182673304,-0.667015757688153,-0.681696463977593,-0.69074404889215,-0.700730487369186,-0.709009824508944,-0.717203597889742,-0.725141462589016,-0.746052671375334,-0.765683815023812,-0.786339375993723,-0.807677620979474,-0.827991448643791,-0.840623581155468,-0.852913980361544,-0.863924053564663,-0.87399553407042,-0.885262037685297,-0.897638261515456,-0.910612127332729,-0.922305667147049,-0.933998946096242,-0.944155729495835,-0.953458962226799,-0.96190864428912,-0.972833675463513,-0.984612518171671,-0.995367204423506,-1.00484130380727,-1.0140594945095,-1.02139971722166,-1.02728874727806,-1.03548252065886,-1.04581043157637,-1.05682076564461,-1.06040557410685,-1.06399038256909,-1.06637990705709,-1.06637938532685,-1.06620851867405,-1.08105956988605,-1.09625209353852,-1.1122128649658,-1.12373553812732,-1.1336364128454,-1.13594115616979,-1.13756321547835,-1.13781990675523,-1.14942840454082,-1.16282930655754,-1.16718262365969,-1.1706821292281,-1.17443754347802,-1.1715351581665,-1.16743774974586,-1.18194732851738,-1.19842017817281,-1.20814992537297,-1.21642900164761,-1.22394009101257,-1.22018441589753,-1.21506311188569,-1.22248889835681,-1.23349949329017,-1.2445098273584,-1.25389862384832,-1.26337272323207,-1.26653075636,-1.26738404616352,-1.27071268507912,-1.28001617867519,-1.28394245957791,-1.2492040951708,-1.18928702949929,-1.08677929848037,-0.89644376013657
-0.75141617732851,-0.557300146838775,-0.318999952652439,-0.0779325994887043,0.0719995315732688,0.377829662660514,0.584050791433005,0.73121576351758,0.850538428160377,0.991218243019729,1.01949236573884,1.05381930186817,1.07050708602878,1.07993196978104,1.08278528039884,1.08710871854899,1.10734193340779,1.13518424084956,1.14668416349883,1.14754885112886,1.14849995466812,1.15040216174666,1.15541719143953,1.17028971296852,1.1887938168361,1.1956249019671,1.1957979980544,1.19415503870358,1.19553822178902,1.19683498896523,1.20427072119205,1.21395458840319,1.22433031142589,1.22709694186562,1.22917171649378,1.23565660945017,1.24335211794238,1.25035603489185,1.26194290198802,1.27413520898651,1.27534608879116,1.27370339370917,1.27041773927636,1.27093623473178,1.27188707400221,1.27914997441055,1.28866100980322,1.29920956464438,1.30085252399521,1.30024708409288,1.29799868483973,1.29722041311894,1.29782585302127,1.30266778662683,1.31001736721326,1.31831831560778,1.32108547458518,1.32220967421175,1.32298821020138,1.32480452990834,1.32748527297651,1.33284623057516,1.33760174827149,1.34253009778629,1.34209748970244,1.33915749890657,1.3369957798315,1.33976267454006,1.34391301660291,1.35082998910548,1.3602546085889,1.3700251559781,1.3718409471474,1.36085978422239,1.3200482194055,1.24369883865466,1.12800749208161,0.974098115044105,0.798226412156572,0.635497327000293,0.493606632336297,0.378866125033683,0.29715578668418,0.23948307735054,0.195817937647022,0.158378443172194,0.125781146571773,0.0960368963202977,0.0697511323201198,0.0358562757369759,0.00438238595661875,-0.0256219048290631,-0.0554530995274391,-0.0843329264177037,-0.107592283712784,-0.130851376739019,-0.154455869133364,-0.17572581063416,-0.197428360218807,-0.218871662075749,-0.240488324288837,-0.25657146135363,-0.274383709409655,-0.290812245842563,-0.307327198184693,-0.32263127072219,-0.347533058830418,-0.371224495671675,-0.395002612691005,-0.418521481982619,-0.439706064649524,-0.454578586178513,-0.469623939525967,-0.484582876964189,-0.4983311988666,-0.51709428619305,-0.536894892968006,-0.555657980294456,-0.570184045379987,-0.585574533826718,-0.597074192207146,-0.607276819142531,-0.617825373983699,-0.636328949313605,-0.653708853554613,-0.672818133055669,-0.692878516096009,-0.710690764152028,-0.723401302337106,-0.736111576253345,-0.746832962912979,-0.757035854117198,-0.770956743569247,-0.786174928735179,-0.801393113901105,-0.81297998099728,-0.82387472801306,-0.83226209231682,-0.839957600809013,-0.847653373570052,-0.863735982097177,-0.880251198708158,-0.897544422771088,-0.908352489608795,-0.918468436366107,-0.923742449517851,-0.92884336658229,-0.932560836292446,-0.947519245192994,-0.963688533898192,-0.980117334599934,-0.991790617605342,-1.00406934051307,-1.01020856983252,-1.01531001543463,-1.02006553313096,-1.03217063141371,-1.0441890495184,-1.05352725309259,-1.06104966549748,-1.06788048635965,-1.07168516478555,-1.07462541985026,-1.08422366395865,-1.09684831477217,-1.11102924475843,-1.11794674579867,-1.12495039847932,-1.12832220455253,-1.12987821945645,-1.12935893119453,-1.14241486874771,-1.15650859001822,-1.16100485998685,-1.16532803386817,-1.1700835515645,-1.1672302409467,-1.16325299497116,-1.17752007659783,-1.19265211012336,-1.20060765914977,-1.20752542445885,-1.21418341350255,-1.21150293470322,-1.20735232837154,-1.21807371503118,-1.23225385221093,-1.23891184125463,-1.24418638294405,-1.24928809281499,-1.24626195037873,-1.24098767295814,-1.25093131643466,-1.26433344616246,-1.26874303595301,-1.25361153096515,-1.19922447606433,-1.11154800448268,-0.980984664918318,-0.778913878208674
-0.594295853412013,-0.37387125242562,-0.109361731241948,0.160637206942635,0.340608105974509,0.589577572118005,0.732388625891113,0.819629237847089,0.877986848741933,0.963454441213293,0.988453267401177,1.03498773701015,1.05855064714142,1.06463167291488,1.0660675889715,1.0699525382018,1.08143831794065,1.10390293168131,1.12847870081062,1.13743052622128,1.13700798540074,1.14097708142852,1.14781775145053,1.15584086466063,1.17002915044168,1.18658206447991,1.18886228782058,1.18708875209795,1.18725782004996,1.18962270642615,1.19148116330331,1.20085578765352,1.21284851312942,1.22028053380497,1.22264516206216,1.22399615696424,1.22948557396514,1.23556608350059,1.24426469416173,1.25684825405317,1.27137415950024,1.27475216299348,1.27449869012496,1.27365412472189,1.27500537774299,1.27669450854912,1.28421093414118,1.29333182750386,1.30236805783102,1.30262127258053,1.29991876653833,1.29670957287809,1.29814548893471,1.30017275564488,1.30743596648742,1.31647245493359,1.32525572863024,1.32483370404772,1.32415820659668,1.32246907579055,1.32474929913122,1.32939389261004,1.3370786117971,1.34442571131812,1.35253322944473,1.35168892216067,1.34763567933539,1.34544037714925,1.34316041192759,1.34366735766464,1.34814339942947,1.35354841151388,1.3591224915503,1.3536333326684,1.3118288939308,1.23362477042099,1.11471373020716,0.957460401546449,0.776390948004961,0.612634568988264,0.474636918526995,0.36763394075354,0.284531750896377,0.228454879580232,0.180401121474174,0.135978581610878,0.0962852982619272,0.0640235193505157,0.0337040859947413,0.0058339439316533,-0.0203470673253076,-0.0474570489018362,-0.0735531390042717,-0.0997338921422291,-0.123972299724532,-0.148548326972864,-0.17160403324806,-0.193984500191239,-0.215097860910804,-0.237731284484478,-0.257324582349933,-0.27725575800042,-0.296848797746866,-0.310952420492406,-0.324042926120887,-0.338146806985436,-0.351068244661899,-0.36441222315891,-0.386877095018579,-0.410777366696853,-0.435184325993161,-0.460267040859521,-0.479015515202901,-0.493119137948447,-0.504858132436817,-0.515076805952063,-0.52394422644622,-0.543368456359651,-0.563806061509164,-0.584581544443696,-0.606201850900311,-0.622585955105535,-0.632129131169737,-0.64057452708137,-0.648428572339451,-0.655522457110962,-0.674102121621339,-0.695384550292921,-0.716160291346468,-0.737527383053573,-0.755516213148417,-0.767593343540828,-0.776967967891031,-0.78659580699075,-0.795379080687409,-0.811509970143123,-0.827133913861782,-0.844446730267559,-0.858381543180091,-0.871471790689563,-0.87991692848218,-0.887517758990746,-0.893936404430228,-0.905675398918598,-0.919356738962611,-0.933713834576677,-0.949590993044851,-0.960823041796172,-0.969943935158842,-0.977291550917892,-0.984048074142401,-0.988270901157727,-1.00093912408467,-1.01242516194254,-1.02534659961901,-1.03066694866789,-1.03683186311984,-1.03944996424553,-1.04164552455068,-1.04232128012074,-1.0563410141878,-1.07078328907541,-1.08480302314246,-1.09324893529211,-1.10118790170471,-1.10338372012888,-1.10574809026704,-1.1067612073841,-1.12086457201063,-1.13564343408821,-1.15000027158326,-1.15920556986244,-1.16976237928173,-1.17153591500436,-1.17339411376251,-1.17491443473563,-1.18471134178737,-1.19408570801856,-1.19678847217977,-1.19661992046577,-1.19586001809823,-1.19138397633339,-1.18564134458298,-1.19712712432183,-1.21367978024105,-1.23090819173032,-1.24315387383673,-1.25675055084523,-1.2608037936705,-1.26055006268297,-1.26029633169544,-1.26907908915407,-1.27710194424516,-1.27786210473172,-1.2802269911079,-1.26325205248715,-1.20413479734377,-1.11224959190897,-1.00153099097624,-0.838788761552655
-0.662996647318421,-0.461499887695497,-0.235209550789226,0.0108158461351554,0.252695337050419,0.533547206122695,0.726669281225089,0.865726805742506,0.977669309181506,1.038864189589,1.0326446969935,1.04325820623953,1.05901310525311,1.05702289803447,1.06241290530888,1.07999251996923,1.09491844052716,1.1042886088061,1.1177220640246,1.13281372958711,1.13919846032174,1.14458821416341,1.14757314484227,1.15221628586514,1.15619619343695,1.16498549390167,1.17783808130594,1.1936758528218,1.19923160510079,1.20055832543563,1.20163642826361,1.20354350954722,1.20528484582625,1.21341116627264,1.22410805488643,1.23273186377929,1.2357173013236,1.23646366070968,1.23472232443065,1.23397596504458,1.23530268537942,1.24027756984418,1.24608193963004,1.25570072541585,1.26150534863445,1.265568635574,1.26797371216955,1.27270048599289,1.27626603105325,1.28115804301572,1.28737677531303,1.29500535388022,1.29740992361031,1.29749304954532,1.2970789404666,1.29998150550862,1.30313243462479,1.31042926975008,1.31896995270792,1.32966633445626,1.33165603480943,1.33182177981401,1.33008044353498,1.32916808571159,1.32908495977657,1.33372860766489,1.33903548900427,1.34508872972974,1.34948376011119,1.34898652509744,1.34882078009286,1.34807467413952,1.3507281148092,1.35528863676252,1.33696316958154,1.28331348837347,1.19093979308254,1.04889683102081,0.860003787862558,0.675754392592627,0.513562008001334,0.385864858981498,0.295233260267785,0.241335468418299,0.200621753982265,0.16538066589019,0.122261874858601,0.0813819085525191,0.043321127920708,0.00691881106564159,-0.0228496506824689,-0.0454870223098759,-0.0662173126536619,-0.0862012436113751,-0.104941073303797,-0.132304711889085,-0.158921991088294,-0.185788141227113,-0.212156802919451,-0.233550580147027,-0.250052345412128,-0.266056368798028,-0.281811267811597,-0.296405191494907,-0.320700773466321,-0.345327592014177,-0.36995466399475,-0.393918755956998,-0.413654069407835,-0.427584759640082,-0.440520726412108,-0.453456693184128,-0.465646047137348,-0.48745393344365,-0.509344945684978,-0.53115283199128,-0.552546102353402,-0.569213105757632,-0.580324610315603,-0.590855500492078,-0.600889155654806,-0.610259323933744,-0.629662893942689,-0.648651848007448,-0.667972545514098,-0.687541607094898,-0.704208357066395,-0.715070483819308,-0.725766612134912,-0.735882126069019,-0.745417532487086,-0.759928330235375,-0.775268613304763,-0.791106638253348,-0.804291475964977,-0.817227442736997,-0.827758839778932,-0.836631519611401,-0.844674967555498,-0.858357040280869,-0.871956240503957,-0.885306569787436,-0.899901000336195,-0.909934655498929,-0.916070768726677,-0.923118732912365,-0.930083824595765,-0.935970813451188,-0.951145098083255,-0.967148868036428,-0.981245810138718,-0.988626024631752,-0.995508750678317,-0.997581830399237,-0.998659679794486,-1.00073250608268,-1.01607278915207,-1.03257379411899,-1.0470848453,-1.0544648063603,-1.06167876898331,-1.06101502866679,-1.05968805489922,-1.06093164929904,-1.07660342237759,-1.09244119389345,-1.10993768261878,-1.12096631467446,-1.13091684390217,-1.13357028457187,-1.13464813396711,-1.13448188209707,-1.14650498418025,-1.15910870064492,-1.16698589671897,-1.17386811590008,-1.17983848412325,-1.17925812317448,-1.17718504345356,-1.18464813044888,-1.19600825251373,-1.20910971085761,-1.21524607751809,-1.2213826976113,-1.22204618449509,-1.21972474070002,-1.21624206814196,-1.2271873208299,-1.23987365636413,-1.24285858704299,-1.24584351772184,-1.24874582933114,-1.24459992332202,-1.23804944758281,-1.25123377842898,-1.2659108280473,-1.24269309547113,-1.18498038075624,-1.09501150862813,-0.934726458753169
-0.821448112867196,-0.612196627171305,-0.375261467048114,-0.114402069687475,0.130394325342976,0.436026697610301,0.683471881986145,0.863416418624881,0.98628441521655,1.05387019608258,1.04062624935561,1.02541718976024,1.02430654191582,1.03584181973941,1.05916829706249,1.08001677358715,1.10146327117075,1.1174414015166,1.11786863402858,1.11880849332604,1.13000167176657,1.14204931523107,1.15247342292111,1.16742577740689,1.18280536440465,1.18477047727304,1.18588112511746,1.18630809648488,1.18870070300982,1.18904254124832,1.19698864813994,1.20502014930504,1.2130519116147,1.21552965126856,1.21698239849606,1.22356167472279,1.23193553641553,1.24150544022617,1.25449294298812,1.26961634716544,1.27158146003382,1.27106831095923,1.26884623183668,1.26910241465714,1.27029845677505,1.2779883808462,1.28687486932441,1.29712871075662,1.29943592300807,1.2989232962226,1.29764159868665,1.29841040829257,1.298410147148,1.30447653544471,1.31088502312449,1.3186606026137,1.32173688561565,1.32361686535512,1.32233542896374,1.32524066227414,1.32703524774014,1.33070929065647,1.33540858714374,1.34258562328487,1.34198707993678,1.3422427404681,1.34198603535851,1.34565981713027,1.34856478929612,1.35480222728436,1.35992901742818,1.36625184968991,1.36462831391545,1.36309017241448,1.33822607587956,1.27773193688118,1.17853199470653,1.04071164362909,0.856409909886155,0.672962380022625,0.512755672064124,0.377242010949003,0.274794997225432,0.210284977072218,0.164828847977669,0.12535371290634,0.0936538961796635,0.0650301013103663,0.0382006307624837,0.00641568090688619,-0.0244294096512521,-0.0557014715768111,-0.0860336742049167,-0.110214094262835,-0.1314895421549,-0.151227109690565,-0.168145099333869,-0.184208623953206,-0.208389044011124,-0.230433562653676,-0.252478081296234,-0.27717165042875,-0.29930182448936,-0.31827084356367,-0.337923277970419,-0.356208620567729,-0.372357539460541,-0.392522339508192,-0.410892554089851,-0.428237253956004,-0.444556439106652,-0.460961018530787,-0.474460625789075,-0.488131282738895,-0.502400221892229,-0.520428859379948,-0.538030525500258,-0.556401262371048,-0.575370020300792,-0.587161480944843,-0.597585588634889,-0.607326019847928,-0.615528309559996,-0.623815993545544,-0.643211461698137,-0.661667331697842,-0.680208857115599,-0.699861291522355,-0.711396830490523,-0.72036897438678,-0.727717582508571,-0.73600578878325,-0.744208339639889,-0.764714455636903,-0.781546528717583,-0.799489510787262,-0.815467379988541,-0.82956553059492,-0.838451757928558,-0.847252329844139,-0.856394478853659,-0.866220043195614,-0.879036235121462,-0.890058102725889,-0.903557971128743,-0.911333028328824,-0.919962811697437,-0.92534578466171,-0.932608737365461,-0.937052112176846,-0.950894602251913,-0.963369739372958,-0.977040918611916,-0.982423891576188,-0.988575935290942,-0.989515794588395,-0.990028682518434,-0.990456437319551,-1.0052385255475,-1.02027679659589,-1.03582769442976,-1.04719166141726,-1.05855536726018,-1.06163138911756,-1.06470741097494,-1.06803961565277,-1.08102711841473,-1.09521066329458,-1.11016301778036,-1.12349209763625,-1.13622315643318,-1.14519451689573,-1.15177379312248,-1.1604035764911,-1.17210912057253,-1.183643876107,-1.18313098817696,-1.18389953663831,-1.18056707081591,-1.17603856287561,-1.17168084348228,-1.18791541779314,-1.20227053465367,-1.21756524966708,-1.22798961850169,-1.23747438918341,-1.23644913561247,-1.23653426874139,-1.23909740266873,-1.24892322815526,-1.26011588430665,-1.2655842515444,-1.27045485886778,-1.27395837438171,-1.27284798768186,-1.27045590344604,-1.24337025007772,-1.18330308244676,-1.08640983023443,-0.940386406011215
-0.77998055230635,-0.568662244548025,-0.332190882645585,-0.0830167527471818,0.177009468629446,0.469338968373305,0.700258557832391,0.872880294324079,1.00226258605765,1.0556810087731,1.03397708292647,1.02447096138021,1.02665793754857,1.03380816177169,1.06123226699681,1.0938721021245,1.1074999512695,1.11052844789388,1.11322064486764,1.11742721870851,1.12668137262662,1.14535731606852,1.16462204100883,1.16975369599873,1.16874428282721,1.17252971077533,1.17766110865541,1.18489540779119,1.19818670017573,1.21526342050839,1.2196373728451,1.22081467873211,1.22140346023052,1.22493666344066,1.22695574689353,1.23427489227143,1.24369719601486,1.25042730278452,1.25168919780383,1.2515207908687,1.25732504515986,1.26321337436366,1.27112078702033,1.28096320821722,1.29248841321634,1.29206803865306,1.28895572422585,1.28525437119039,1.2865162662097,1.28718912262077,1.29459182869169,1.3045180676914,1.31444456380094,1.31579027662308,1.31587409442591,1.31368660403791,1.31444379247146,1.31570568749078,1.32117415635096,1.32832515190355,1.33858871899318,1.34069187735871,1.3423741469413,1.34296241422007,1.34683165997101,1.34910271105201,1.35608504255965,1.36298355626446,1.37105989007591,1.37063951551263,1.36937787760314,1.36685434467434,1.36458303648351,1.36315324874872,1.34052424175305,1.28146945746193,1.18153035440635,1.03599616637934,0.840576501737189,0.647764959156146,0.478760500787255,0.344919924694509,0.247000419311444,0.18971249373522,0.147566537061275,0.111561648548753,0.0722757815640527,0.0356815973334674,0.00076993979529802,-0.0314495207691099,-0.0614817480553436,-0.0875598833484939,-0.111114228603035,-0.133574828663566,-0.155699129073473,-0.178159729134009,-0.199274616372394,-0.221903623368065,-0.238812450985231,-0.255132239994173,-0.269685684507852,-0.284070722086402,-0.297025714820318,-0.319318422165372,-0.342115836096167,-0.365333881700078,-0.388804409151778,-0.409582996739545,-0.425229929337411,-0.439615224025784,-0.454084593626804,-0.467123918383214,-0.485547379977318,-0.503802434636281,-0.522393788945874,-0.536105970113348,-0.551080046300138,-0.561847548646057,-0.572615308101805,-0.582457986408518,-0.601049597827922,-0.61829498220554,-0.636129405191403,-0.654384202740544,-0.670451509901681,-0.681387162072917,-0.691565882920425,-0.701660528855268,-0.709904755382218,-0.723364711811727,-0.736151554720338,-0.750957223971987,-0.758864893738485,-0.767697644654024,-0.772744967621448,-0.779727299129088,-0.784606729381023,-0.802524970169717,-0.820695692806204,-0.840212128264832,-0.850895555698098,-0.862083689717122,-0.866542231186129,-0.869823209658302,-0.871337843635229,-0.887321847213183,-0.903810300267083,-0.920130346385842,-0.929888435560239,-0.939730599647294,-0.94216980055361,-0.943431695572932,-0.944525440766931,-0.958658510717333,-0.974558182272811,-0.990289446893147,-0.998028709724516,-1.00526300886029,-1.00644057185713,-1.00610375798685,-1.00551497648843,-1.02099375926098,-1.03731406248956,-1.05321347693522,-1.06431805026123,-1.07727304299516,-1.08316188641862,-1.08997606810094,-1.09830462665036,-1.1179056512413,-1.13574007422716,-1.14684439044336,-1.15441524633958,-1.16038765045604,-1.15870460954398,-1.15668501187147,-1.16602221226294,-1.17914535482217,-1.19277320396717,-1.20169054401502,-1.20968280291382,-1.21187055041164,-1.21170240058633,-1.20934727459266,-1.2192737707022,-1.23096661130699,-1.23416300064686,-1.2368549405108,-1.24181793145574,-1.23778002165984,-1.23391051879907,-1.24509890992792,-1.25872675907292,-1.26024113594002,-1.26512030908214,-1.26663442883941,-1.23264862377975,-1.16989274356301,-1.102089283269,-0.986755986573181
-0.737198921616165,-0.568562289382745,-0.355771967783872,-0.0995386685319714,0.167515844208285,0.473669157541376,0.718133949568651,0.882585252672175,0.988981016997185,1.03953280164612,1.02278762256288,1.01520468587838,1.02807933476957,1.04814173180135,1.06575598770686,1.08076349596602,1.092927674555,1.09995754040622,1.10517079428867,1.11946710801495,1.13913479932329,1.14766527115429,1.15121955394713,1.15603761928569,1.16053992004547,1.16630576194076,1.18052313452234,1.19782114302863,1.20374486721329,1.2046134612151,1.20240190211266,1.20311285523532,1.20358674351369,1.21077473306451,1.22056947026168,1.23170668973902,1.23462920196412,1.23589298450983,1.23573510222045,1.23652475507757,1.23778853762328,1.24387062691777,1.2510586164686,1.25943120601022,1.26472340103736,1.26748778956285,1.26969934866529,1.2737275197365,1.27649190826199,1.28130997360053,1.28770782747379,1.29260483395703,1.29260483395703,1.29315790479031,1.29276319906686,1.29410640557772,1.29616056521124,1.30137406050392,1.30698226152005,1.31266940368087,1.31417000966065,1.31598638021918,1.31669685052138,1.31914523305789,1.32333128641847,1.32925525201335,1.33581122958621,1.34197250143562,1.34307840169196,1.34078790144483,1.33857610093216,1.34015564805663,1.34370968943924,1.35026542560186,1.33486272879879,1.2840741207158,1.1842348167841,1.03961005291921,0.850594534844563,0.662921981870545,0.500446380076305,0.372092907016292,0.278888521802139,0.221623360111423,0.17952358896926,0.139240188385631,0.102985200283437,0.0692577772726583,0.037820854509013,0.00756877314638323,-0.0182597071909089,-0.0432982932608556,-0.0671520379297653,-0.0897422414632054,-0.110200068449117,-0.132553931368946,-0.153170123464695,-0.16841517938861,-0.182711975935347,-0.197324295650608,-0.210040579431957,-0.222124851235339,-0.244319624814639,-0.266988528082539,-0.289341908181903,-0.310510688290479,-0.330099921274586,-0.343686006108891,-0.35687714380952,-0.369988857544999,-0.384285412681509,-0.403637098000864,-0.423857618732252,-0.443604251185277,-0.462482289636498,-0.47993842184239,-0.494629924112575,-0.507820578992751,-0.520932292728224,-0.535544853853718,-0.551500380079837,-0.566350006049628,-0.581752702852694,-0.592021086917996,-0.599998729325942,-0.607028353766927,-0.61429504305222,-0.620692896925459,-0.637754081997687,-0.656395055604605,-0.675036029211534,-0.694151132507046,-0.713661182936234,-0.726615255792566,-0.738621310681948,-0.750390542137249,-0.761132573070691,-0.772743198005932,-0.785538664342206,-0.798808260367062,-0.814131291794756,-0.833166971125122,-0.855204345235509,-0.880085290426299,-0.908204512420946,-0.93592902869215,-0.960651850183335,-0.981504382892695,-0.995248108606146,-1.00425271012574,-1.01104551113266,-1.0165747710041,-1.0212351954635,-1.03268842092983,-1.04532648779717,-1.05685889581842,-1.06768010930677,-1.07794825196184,-1.08458292926916,-1.09042771230912,-1.09808910731786,-1.10827830882824,-1.12004729887332,-1.12273298766435,-1.12549761760007,-1.12676164155601,-1.1259719886989,-1.12360254730708,-1.13868899671093,-1.15338049898111,-1.16941448353146,-1.18157817929999,-1.19468989303547,-1.19840229952792,-1.20156187659732,-1.20393180080959,-1.21420018487489,-1.22320454498425,-1.22549504523138,-1.2277855454785,-1.22873332203524,-1.22525798038708,-1.2224146507169,-1.23394681732792,-1.24516297794994,-1.24745347819707,-1.24927009016584,-1.25045493156686,-1.24358318941525,-1.23797522980935,-1.25092930266568,-1.26459408723444,-1.26878038200525,-1.27217678250871,-1.27486247129975,-1.26901744684954,-1.2294452407988,-1.18126338036214,-1.09350907246452,-0.971632394422441
-0.754596572111185,-0.509780683996104,-0.214717718445837,0.0977809863656263,0.432708697121572,0.687748501030222,0.850140123733882,0.943501421127647,0.97845259232194,0.968149710537366,0.97235016835996,1.00310088173165,1.0345649535191,1.06404760872221,1.08180066530925,1.08283109882388,1.08053260714068,1.08726893907346,1.10034580407609,1.11484914368326,1.13141310809274,1.14734340675838,1.1519403901248,1.15265374854056,1.15836013141263,1.16628555552298,1.17302188745576,1.18419654409205,1.1975902419666,1.2036134577106,1.20456468300725,1.20448571701624,1.20900349216469,1.2135215095401,1.22271523404599,1.2340485493452,1.24641205593208,1.24767987187369,1.24720389588491,1.24355813781515,1.2463321210332,1.24942342157712,1.25885501296391,1.26899996276646,1.28144291979828,1.28207682776909,1.28057066049264,1.27819296059145,1.27985705984992,1.28120432623648,1.28889212569289,1.29768932465495,1.30696177292488,1.30783354777659,1.30767488911366,1.30529694698551,1.30284003886633,1.30180984757865,1.30553457163944,1.30981423768002,1.31607532030492,1.32281189446467,1.32447623595011,1.32534825302879,1.3255861199097,1.3288355946626,1.33145091921773,1.3387421931303,1.34547876729006,1.3525324165487,1.35174009214192,1.35007599288345,1.34611340194176,1.32598288768049,1.27502245182956,1.18990341141806,1.06571195020766,0.898723344137563,0.720243006332297,0.556821192340961,0.420662750087511,0.315017396551808,0.247334822082402,0.200020386528193,0.161661324145039,0.12853291087215,0.0984161054712648,0.0658423919512019,0.0365181531840451,0.00877928991132037,-0.0184838395995956,-0.039169053613687,-0.0561293013400283,-0.0734858323832364,-0.0893366806039301,-0.104474412635832,-0.128963801155662,-0.154087097646289,-0.178338619285206,-0.203224291121897,-0.222879071621348,-0.237382653455487,-0.250618419348018,-0.263695768804579,-0.276693667816199,-0.298964257324722,-0.321314055051223,-0.34421855253055,-0.367043599564929,-0.385668188776715,-0.399220787541155,-0.412218444325815,-0.424502742694713,-0.435598191113016,-0.453747288789952,-0.471896144239923,-0.490203658352825,-0.508669831128651,-0.52673996281458,-0.539817070044182,-0.552735760837819,-0.564861884997727,-0.576036783860977,-0.589272065299568,-0.604092480005621,-0.619071311147634,-0.62992889268503,-0.641816907737066,-0.651723748431745,-0.66052118962077,-0.668446855958084,-0.684456362841708,-0.699593852646645,-0.715603117303298,-0.732880197901559,-0.751900828203241,-0.77131774182179,-0.795410847024747,-0.822832635198593,-0.853424689907357,-0.885364253229646,-0.913103600956312,-0.936325415761488,-0.949798806307951,-0.957565813982341,-0.962162555121801,-0.965966487400564,-0.968264736856812,-0.982768318690951,-0.998857033792546,-1.0148662984492,-1.02405978072812,-1.03388717097785,-1.03626462865208,-1.03721561172177,-1.03800842058246,-1.05219516954468,-1.06614405162599,-1.08033055836124,-1.08865202356149,-1.09586360480215,-1.09562525346731,-1.09586263589428,-1.0961794687662,-1.10973206753065,-1.12510766644346,-1.14135528243495,-1.15348140659486,-1.1656072885278,-1.17012457922231,-1.17289832021341,-1.17551340254157,-1.18549945145423,-1.19540653437587,-1.19802210115797,-1.19944881798947,-1.20039980105916,-1.19627830922758,-1.19183950007015,-1.20325178136037,-1.21767591274956,-1.2303567366623,-1.24058065245585,-1.25104267735729,-1.25223176953485,-1.25199390265394,-1.25508471874392,-1.26514997587455,-1.27466004879843,-1.27917733949295,-1.28321938087958,-1.2847250637021,-1.28298127177171,-1.28139638073121,-1.29162005429781,-1.27989021345477,-1.23178296903986,-1.14999285382621,-1.0212841019213,-0.809596627079097
-0.645139751874773,-0.346979157173347,-0.020129697783053,0.315048820017964,0.583343137136521,0.795101578953551,0.911287212532447,0.9679076846547,0.967066344844871,0.960335883499459,0.971525291557039,1.00711252556681,1.03866173990254,1.06667742989027,1.08846741099183,1.08569114389932,1.08577548358686,1.09418862455193,1.10950064910431,1.12296157179515,1.14231161602158,1.15526752911996,1.15745496119887,1.15644545628035,1.16469068926993,1.17091665528928,1.17991914553434,1.1920342330893,1.20709375284545,1.20625215590242,1.20667256867414,1.20347511741033,1.20532544787229,1.20524085105155,1.21441099213891,1.22332888556324,1.23510738576762,1.23872550693635,1.2420070407545,1.24840117188255,1.25664614773893,1.26236736129903,1.27305201689735,1.28390483760436,1.28466209485985,1.2806238180526,1.27936155120466,1.2802026338813,1.2813805610417,1.28878419708826,1.29896410022732,1.30586298381462,1.30586324094781,1.30527440593422,1.3036760660021,1.30468582805381,1.30847211433123,1.31520283280983,1.3230271387613,1.32925259051427,1.32942075562296,1.32622330435915,1.32378311035082,1.3235303484214,1.32512894548671,1.32933538740265,1.337328115596,1.34473175164256,1.34506859612632,1.34447976111273,1.34473226590895,1.34675127574597,1.35020071753963,1.3401048969549,1.29770260477897,1.21550637954413,1.08291564820639,0.903884347885476,0.712906382251487,0.539848286020508,0.39665672450559,0.290735333753302,0.221411196195703,0.174297709644576,0.134167446368286,0.0954673579154266,0.0600482890143394,0.0279943222193592,0.00174539440563223,-0.0201289263834766,-0.0399839802023538,-0.0585770243064987,-0.0775063986280137,-0.103755069308554,-0.132780007081599,-0.160459109718758,-0.187128707437399,-0.210769790400502,-0.230456936243889,-0.248125072250254,-0.265456363772842,-0.283376490309043,-0.304493553842664,-0.326031030148001,-0.347400084211459,-0.365319953614457,-0.383492327813682,-0.399982022393254,-0.414536789690151,-0.429007474432695,-0.448778188564039,-0.467370975534992,-0.485038340141769,-0.502200952289285,-0.514988700278978,-0.525673355877315,-0.535516671665805,-0.546285409818482,-0.558904992699494,-0.578928211627065,-0.598026008190459,-0.617628557213116,-0.631089737037149,-0.643541411942665,-0.6518704703534,-0.660283611318464,-0.669538092093363,-0.689140383982827,-0.707733170953774,-0.726830967517169,-0.746433773673023,-0.762839642831446,-0.773608895250502,-0.784377890536366,-0.794894381026009,-0.804232687222051,-0.816852270103063,-0.829471852984069,-0.843353702713011,-0.853449523297745,-0.862451756409609,-0.869434465418061,-0.87608058707594,-0.880791524317945,-0.890971170323823,-0.90317008329992,-0.916126510664692,-0.924539908762965,-0.933962811779744,-0.940861695367042,-0.946666734348295,-0.951209763614799,-0.965259778452434,-0.978973463072694,-0.993276239839743,-1.00682175935131,-1.02305920626785,-1.03677237662172,-1.05191546466583,-1.06764738772353,-1.08699717481677,-1.10474862197789,-1.11089024830971,-1.11476061714146,-1.11728463657094,-1.11585446174752,-1.11265752475009,-1.1270438698051,-1.14168246252314,-1.15640539492871,-1.16650095838025,-1.17735377908726,-1.17861553166881,-1.17987728425036,-1.18021361446773,-1.191571187634,-1.2031812655965,-1.20604187237655,-1.20865023149356,-1.21142701285246,-1.20772583766217,-1.20394032278434,-1.21900009967368,-1.23439620678039,-1.23994874096542,-1.24491218300364,-1.24903428523205,-1.242640154104,-1.23506835294876,-1.24693067857428,-1.26064384892815,-1.26543938299089,-1.27040308216231,-1.2751142765375,-1.27048716471665,-1.23877004240544,-1.18761827904706,-1.10533797125787,-0.981076298330865,-0.802970677507313
-0.637807695975152,-0.463694648226094,-0.265542863562872,-0.0769062156185734,0.10004512299981,0.392348265845665,0.612702546395064,0.783810975246147,0.934719987476378,1.04080691234093,1.03304408732265,1.03078998538832,1.03654871072394,1.04063854347757,1.0547445378708,1.08420883385459,1.11225423950806,1.12043441522401,1.12018390276368,1.1245239928733,1.13178528276224,1.14388768768148,1.16350215005433,1.18153113896387,1.18378498579385,1.18361840266087,1.18495412897685,1.18987891823016,1.19563815377445,1.20865893431202,1.22134552816625,1.22702108948754,1.22576903739455,1.22485091688056,1.22785553577853,1.2313614347015,1.23929084285278,1.25089247795569,1.2621601814796,1.26307830199359,1.26307779178492,1.2605734324946,1.26324437491791,1.26599899156423,1.27509703268983,1.28477977295911,1.29596482267737,1.29621559024203,1.29571507553004,1.2932112264484,1.28978900174842,1.2887040429971,1.29237652505307,1.29696712762303,1.30289320140466,1.31015474639793,1.31224124478191,1.31482876808657,1.31583030771922,1.32058800363085,1.32467809148883,1.33202331070511,1.33978588061905,1.34930127244231,1.35046990541664,1.3512211876933,1.35013622894198,1.347966056335,1.34612981530701,1.348633919493,1.35097093033732,1.35447657415596,1.35814905621193,1.35990187812125,1.33586314120709,1.27660112786918,1.18161506829121,1.04489546957288,0.862769339449536,0.684649622961168,0.529066333937974,0.393681951326959,0.290349132900046,0.224827369305863,0.172076128893249,0.130092077292565,0.0965384587638112,0.0665739031723708,0.0385287526232351,0.0139058267740827,-0.0191472770426749,-0.0507817456334495,-0.0813312554729015,-0.110211107417362,-0.133749074515191,-0.151527806068726,-0.167970811306277,-0.183829627608827,-0.198937416739051,-0.223142991890544,-0.24701463546304,-0.271887818668185,-0.296510234308663,-0.317042562091164,-0.333735569580371,-0.349093360962251,-0.363616706053143,-0.37789004889238,-0.400927756382562,-0.42262999266108,-0.446001376625922,-0.468871735670095,-0.48656679300063,-0.500171762473193,-0.512441005629755,-0.523207684233005,-0.533390173901254,-0.552503866457771,-0.570532345158636,-0.590063388412813,-0.609594686771333,-0.626955812522871,-0.639141891665114,-0.650827456095361,-0.661845412471956,-0.672112086571889,-0.687136456583445,-0.703496297806665,-0.719689045688218,-0.734629741476776,-0.747984453593341,-0.758668223286596,-0.767432332833198,-0.777031143775125,-0.787882006810048,-0.802822957702948,-0.817763908595842,-0.835041870333049,-0.846894528104974,-0.858329580074886,-0.867928135912482,-0.877192760171075,-0.883452765531692,-0.899895770769238,-0.916339031111125,-0.932365195859679,-0.941296653852297,-0.951980678649889,-0.955903673166189,-0.959158804524493,-0.961996330080802,-0.978105148635007,-0.993045334214891,-1.0091541527691,-1.01975424823935,-1.02818442620695,-1.02951989741861,-1.03093904285327,-1.03144006777394,-1.04254118816485,-1.05714769727007,-1.07258890777062,-1.08018412923856,-1.08736200000883,-1.08894772857649,-1.08794618894383,-1.08669413685084,-1.10063329300674,-1.11532373143931,-1.13109938372753,-1.13927955944347,-1.1461245190521,-1.14478955804912,-1.14328750370448,-1.14011604656917,-1.15313708221108,-1.16724307660431,-1.18084804607687,-1.19128155841413,-1.20054643777706,-1.20238267880505,-1.20305028685871,-1.20480336387237,-1.21264935290498,-1.2228323527819,-1.2228323527819,-1.2231662843609,-1.22358337995422,-1.21974354945225,-1.21490217931761,-1.22767270249918,-1.24077690215542,-1.2435312636974,-1.24578485542305,-1.24795502803003,-1.24136083598607,-1.20238140328335,-1.15856085555033,-1.07751395212826,-0.912582364623471
-0.633666928913284,-0.346339728009775,-0.00294645358956822,0.345028626347165,0.602865244191723,0.802719807051854,0.900272926462537,0.93092990302364,0.937344685362246,0.968001661923349,0.991077717259165,1.02889931873993,1.06047291101982,1.07121946647611,1.06780405446174,1.07038661924941,1.08513191077887,1.10404271151926,1.12561933630844,1.1456962759355,1.15086115089536,1.14869513702878,1.14702893334441,1.14969501200868,1.1521110582741,1.15910916467153,1.16735666921675,1.17727012283086,1.18110183115084,1.18426721076637,1.19301427087832,1.20209487726572,1.21075918734751,1.22342223350248,1.23741819168185,1.24050082126721,1.24299987217829,1.24333290922278,1.24549892308935,1.24583221474932,1.25208022395021,1.25782867758436,1.26316058029742,1.2630773210363,1.26424371453844,1.27024194595596,1.27773960792013,1.28690321895317,1.29806632533055,1.30981250115126,1.31022905207236,1.30872962152571,1.30523095025022,1.30773025577677,1.30989626964335,1.31756019551427,1.32614048248851,1.33647023240823,1.3353035842906,1.33105456120309,1.32780566771096,1.32822221863205,1.32838899176977,1.33422070466505,1.34330156566793,1.35088248689321,1.350382676711,1.3480498897067,1.34530080639678,1.34046896848141,1.33830320923032,1.34030295919013,1.3439689128343,1.33222273701359,1.28906948743523,1.20417915956405,1.07721820712458,0.905104764377905,0.722994354140533,0.558628605756867,0.421337903397683,0.316953959958254,0.249641520803058,0.196408299088346,0.149339827313415,0.109435725842667,0.0705312447363498,0.0313772404621428,-0.00136223608894542,-0.0299364580445817,-0.0588439716602016,-0.0837530038181022,-0.104413776734929,-0.125157808912877,-0.146484910534161,-0.16239710479674,-0.179058632409426,-0.196053197066603,-0.212298173758197,-0.228543150449791,-0.253535187253341,-0.278277700888996,-0.303186733046902,-0.328262283727048,-0.350755269619532,-0.369249774054303,-0.386494371110326,-0.405071880190741,-0.421733153187951,-0.442559935396066,-0.461137189860999,-0.481047610965804,-0.492794041402002,-0.506040157000318,-0.515620573569929,-0.526617416040538,-0.53536473076797,-0.557274647217117,-0.577685133119616,-0.598595683819808,-0.617839776220162,-0.636500799177183,-0.64616447500792,-0.657410840646424,-0.668740210930567,-0.682569141356744,-0.700147030072728,-0.720724034497478,-0.739801353760111,-0.753797057323998,-0.765043422962502,-0.773957001596704,-0.781037858024297,-0.788702038510698,-0.805780117044476,-0.823191487238221,-0.840269565771994,-0.859513658172347,-0.874759014499517,-0.885922120876895,-0.896335384673215,-0.907415231789468,-0.913496467852632,-0.925076125151108,-0.93498957876521,-0.946069425881463,-0.952817245264566,-0.963230763676361,-0.970395133980556,-0.978226087604684,-0.984640615327814,-0.996803596685098,-1.00671730491469,-1.01613120296205,-1.02221294825617,-1.0293780824068,-1.03246096660763,-1.03829293411838,-1.04537429977693,-1.05762054039534,-1.06969975326055,-1.07586399396935,-1.07919563749165,-1.08219424396945,-1.08186044307853,-1.08102708662088,-1.09418943372711,-1.10843491507437,-1.12343023900269,-1.13625980367991,-1.14850604429831,-1.15458778959243,-1.15875355341882,-1.16150314595969,-1.17108381714478,-1.18033145128538,-1.17974863645753,-1.18116506235852,-1.18124832161964,-1.17666626148764,-1.17233397913901,-1.18474648366418,-1.19457642340169,-1.19749202523385,-1.20024136315924,-1.20290744182351,-1.19724275668144,-1.19566032148915,-1.2118222935351,-1.22848382114778,-1.23548167292973,-1.24231300618943,-1.24672829318371,-1.24164642286949,-1.23714762199862,-1.23023277486232,-1.1897448401018,-1.12259866485337,-1.01329911500649,-0.812861482703021
-0.572148749829716,-0.280363868019628,0.0516332393820188,0.384627520392686,0.616344563373696,0.81358255767796,0.900487494645598,0.935797902221225,0.944189446977347,0.980081094784978,1.00508864470531,1.04845693619617,1.06748220624511,1.07146963104329,1.07138608886928,1.07603855000105,1.08999669517911,1.11342633911358,1.13610816632318,1.14142591771613,1.13818605571524,1.13876754987482,1.14400150516617,1.15139587631327,1.16668282452061,1.18246823256867,1.18662248778731,1.18579189067116,1.18512710826515,1.18595795930888,1.18845051244006,1.19542920413771,1.20606343728571,1.21586707331755,1.22010436285504,1.22135063942063,1.22899436745188,1.23481032475797,1.24187230470206,1.25101115832789,1.26355645044748,1.26330709356333,1.26164539147589,1.25798985002555,1.26089782867859,1.26247649644719,1.2719479952036,1.2824997018879,1.29471311065965,1.29595964115282,1.29571053819625,1.29321823899265,1.29587686076154,1.29712313732714,1.30468357711195,1.31224401689676,1.32113376756603,1.32005355963815,1.31947155762341,1.31556640536135,1.31789263592724,1.31872323304338,1.32586824730633,1.33126877909055,1.33974335816553,1.33766648448379,1.33691917561409,1.33251607136647,1.33467648722222,1.33583972946896,1.34290170941305,1.34830173334211,1.35669277024307,1.33949425520896,1.28864754254184,1.19833667493559,1.06889429752083,0.89608312076007,0.714548515895332,0.552870539978432,0.419191380881351,0.316252440764246,0.245881490352284,0.197111651366886,0.153409952962711,0.118265614024791,0.0855307938991872,0.0573656545140819,0.0308624711440136,0.00759940370241167,-0.0251349085680282,-0.0551273108231353,-0.0860335984408251,-0.114779978057923,-0.142030978152873,-0.160641584462701,-0.180914146787562,-0.198694155981247,-0.219049498697387,-0.240484795413824,-0.26532627669644,-0.2880073421233,-0.310771695796605,-0.330462256106724,-0.350651276257572,-0.367766249117662,-0.385795361267913,-0.404904427418466,-0.425591907410033,-0.44470097356058,-0.465056316276721,-0.48001112720864,-0.493968764531538,-0.506430768404696,-0.519058840915562,-0.531105419266857,-0.55137721980898,-0.571649274278682,-0.59217068563253,-0.611861245942655,-0.63005617280304,-0.644512523894235,-0.658054989622853,-0.671348352394894,-0.684641715166939,-0.699596780026437,-0.714385522320643,-0.729672724455567,-0.741304131212582,-0.75326792917259,-0.764899589857178,-0.775368262222621,-0.785338220819757,-0.802536481926285,-0.81923602926451,-0.835021437312573,-0.845821739098274,-0.856372937927407,-0.861357536334606,-0.865926963147526,-0.869914895800867,-0.884537315529776,-0.898744563664404,-0.915028939408344,-0.924666760730053,-0.933556765326898,-0.936381963588664,-0.940037758966573,-0.942114886575896,-0.956903374942517,-0.973353565396597,-0.990219181372535,-1.00151819692654,-1.01306656936469,-1.01821774426476,-1.02212289652682,-1.02561236933945,-1.03857334090849,-1.05253123215896,-1.0609225229875,-1.06923052556961,-1.07753878207929,-1.07969894400747,-1.08019740384819,-1.09182906453278,-1.10370982817394,-1.11550730356866,-1.12290142078818,-1.12904951536969,-1.1292155840074,-1.12904951536969,-1.12863434377541,-1.13926908477856,-1.15339304466675,-1.15837789700153,-1.16377817485817,-1.16843063598994,-1.16784888790278,-1.16452548372787,-1.17898183481907,-1.19310579470727,-1.19991867169479,-1.20507010052244,-1.21105238039383,-1.20880943807438,-1.20590171334891,-1.22027477619367,-1.23755556376389,-1.245863566346,-1.2524268325218,-1.2601535948719,-1.25849240063961,-1.25408929639199,-1.26813022196132,-1.2850791261837,-1.26705001403345,-1.20905803317578,-1.1263908936008,-0.994456216982443,-0.793147509633563
-0.713523386143587,-0.616685752173373,-0.477719282589146,-0.342311528385119,-0.255819667916416,0.114316581525546,0.397795531214005,0.623420059447537,0.833732347086911,1.0332022904051,1.05314961359176,1.0688757053632,1.07483506112996,1.07409033138307,1.0750010063453,1.08650561373625,1.1108391016924,1.13633117057273,1.14270412455151,1.14278659122863,1.14709028932099,1.15569793847098,1.16546467447567,1.1826802257409,1.19865422347429,1.20113733053798,1.19873719608196,1.20312386678198,1.20850393208665,1.21570509435052,1.22869966716579,1.24392893515228,1.24657748150078,1.24748790349775,1.24574952618095,1.24682564042799,1.24748790349774,1.25410952233426,1.26188972209494,1.27099444799514,1.27413956516332,1.27604312879966,1.28258152206323,1.28953376650409,1.29665119726448,1.30691399815832,1.31767336987185,1.31816968772626,1.31593499255505,1.31245899681725,1.31138313553548,1.31121794921594,1.31626713595099,1.32280578217984,1.33017213076324,1.33133096465268,1.33124799204501,1.33083388790246,1.33315130271608,1.33662755141915,1.34308322504031,1.35028413433891,1.35707144542549,1.35765098885285,1.35574742521651,1.3544236579728,1.35500320140016,1.35566521150464,1.36046573338195,1.36642483618344,1.37122485213022,1.37081074798766,1.37064505573759,1.35864362456169,1.31916358826144,1.24450746671857,1.13194374097691,0.976920301051634,0.797977224347471,0.626152084334244,0.4775845709954,0.359972164449224,0.275549559866932,0.219598702048348,0.175897434332881,0.138403934276638,0.103972831746176,0.0724384344914196,0.0401593074897737,0.0100321560169378,-0.0194332383166805,-0.0431879417412895,-0.064873389279483,-0.0841587023616551,-0.102699285696938,-0.120411913712389,-0.146069927808059,-0.172224512723419,-0.198627509531249,-0.224037111734454,-0.247791309228526,-0.267241555664972,-0.285946819389252,-0.304072539686184,-0.322032820698303,-0.342062357596839,-0.361595576640956,-0.381542899827618,-0.395199735712655,-0.408939291240097,-0.421271853950879,-0.433190312519118,-0.444115376482714,-0.46629714187533,-0.488561626910341,-0.510826111945358,-0.53234586723348,-0.552624068989753,-0.567522205441362,-0.581261508003539,-0.594090388568739,-0.608326261950599,-0.625210681680952,-0.641515810949211,-0.658235044360024,-0.672057319529867,-0.684720760810266,-0.695397918811927,-0.70516440185135,-0.715509922387597,-0.732145930225467,-0.748450806528466,-0.765417692935954,-0.777087739611715,-0.787599205363293,-0.794054878984469,-0.800428085928504,-0.80555973934069,-0.822030560859032,-0.838832513912245,-0.85646242228529,-0.867636151106635,-0.878810132893244,-0.884272917840313,-0.888742561148011,-0.892466968778281,-0.908523939119334,-0.924994507672405,-0.941051478013457,-0.951894075299924,-0.962654205909251,-0.966875690289742,-0.970352444923338,-0.973166936487175,-0.987486035441966,-1.00139103025421,-1.01570962327847,-1.02779326816624,-1.03962850116154,-1.044925087928,-1.05030464730214,-1.05510516917944,-1.06512006411134,-1.07612835364788,-1.07869418035397,-1.08192201716455,-1.08432189865531,-1.08291465287339,-1.0805969850945,-1.0951642429765,-1.10832450804185,-1.12082276300271,-1.13174833289685,-1.14292206171819,-1.14532219617421,-1.14788776991504,-1.15359871378932,-1.16344816943641,-1.1732976250835,-1.17975355166994,-1.18745103178822,-1.19299628341242,-1.1969688499699,-1.20110710877746,-1.21401896195033,-1.22535813005648,-1.23255903935508,-1.23934609747639,-1.24513976099307,-1.24522248063547,-1.24580202406283,-1.25573419935233,-1.26492139192966,-1.27054961616154,-1.27634302671295,-1.2660794669233,-1.21525975658637,-1.13298862160236,-1.02795643076364,-0.874588395547487
-0.720613402655171,-0.516252671656504,-0.264782294255431,0.0248399384610182,0.315125805142766,0.596869095571399,0.805045848615003,0.916100860839012,0.968932765886462,0.978802356581277,0.969927963345507,0.986930478467218,1.0250825872715,1.05120842173821,1.07385106509825,1.08703831864175,1.09251241164431,1.10196754797194,1.12071203888035,1.13190889750576,1.13688564526771,1.14385278794774,1.14899506396765,1.15430312173442,1.16790482964511,1.18673145096021,1.19228767436947,1.19178956866213,1.19319922048835,1.19518986889535,1.19784415126764,1.20812895679636,1.22148249906456,1.22679081032024,1.2280349338885,1.22645899333758,1.22911302222097,1.23226464983388,1.23939732077188,1.24852038662795,1.25905361128807,1.2607121892235,1.26029722787851,1.26245365803237,1.26626891961058,1.26933765635005,1.27713421474226,1.28658960455881,1.28949255955141,1.28866339732815,1.28766845335801,1.2900738096211,1.29256205675761,1.29977787205795,1.30840359267341,1.3177755846387,1.31835582075275,1.31686277107528,1.3133790729908,1.31478872481703,1.31702779235542,1.32432649852919,1.33295196565574,1.34282155635056,1.34307022897086,1.34074776358121,1.33734695637018,1.33817637208235,1.33875711517422,1.34481195126864,1.35177934743757,1.35916145146261,1.35833228923935,1.35659082043048,1.32947004199364,1.26792927196838,1.16807061139197,1.03039191248283,0.849750645732139,0.671597372629062,0.51592096113916,0.386453528478303,0.288668914160138,0.225801890159921,0.181181504849672,0.140790581995902,0.106868696114821,0.0761810752311731,0.0480643388685633,0.0138101290270112,-0.0179555801891141,-0.0500531063878943,-0.0798281671970152,-0.108276213564453,-0.1311672760559,-0.153229176324081,-0.173632245167923,-0.195030511470806,-0.21684348562977,-0.23824200542156,-0.259308708230695,-0.276228332478974,-0.291820942285557,-0.306418101144193,-0.32151260524343,-0.336607109342683,-0.359995770563645,-0.38396492138757,-0.407934325700404,-0.430659859933889,-0.452555978455204,-0.470138983179873,-0.486478117825194,-0.502153618505215,-0.518824063155363,-0.535992106535036,-0.552330987691454,-0.569665066306912,-0.582935210723848,-0.595044629423781,-0.606573558520762,-0.618185378491175,-0.628055476163806,-0.645804516124259,-0.664133792198757,-0.683043557876212,-0.695152216109416,-0.708090290054794,-0.716881792417125,-0.724429424700114,-0.730650042541403,-0.749892132179329,-0.768885295708039,-0.787629279638618,-0.804050798179554,-0.820887024576579,-0.830175872179528,-0.839216047162168,-0.847593095157332,-0.861361345281609,-0.874051507073408,-0.888068429817994,-0.901172792488059,-0.913945084686566,-0.924478055857772,-0.934844991793199,-0.944051202011618,-0.954003937068774,-0.96528368656763,-0.975153277262439,-0.981622314235134,-0.987344572880173,-0.992320560175388,-0.996218459138126,-0.999867685480555,-1.01197685069158,-1.02524724859743,-1.03942995308889,-1.04531875394753,-1.05211986139178,-1.05336398496003,-1.05353002019582,-1.05212011488069,-1.06671752722822,-1.08073444997281,-1.09607838715909,-1.10901696808228,-1.12220422162579,-1.12734624415678,-1.13149281573982,-1.13447840811695,-1.14318676611694,-1.15164670498553,-1.15222744807741,-1.15388653299066,-1.15496487481205,-1.15322340600318,-1.15197928243492,-1.16657669478246,-1.18109096276766,-1.18756025322925,-1.1927854201226,-1.19767877003328,-1.19460977980491,-1.19087740910013,-1.20597191319937,-1.22231054086688,-1.22894535958644,-1.23383845600821,-1.23864866155655,-1.23267696982448,-1.22587586238023,-1.23947782377982,-1.25457283485688,-1.25988114611256,-1.26469185863873,-1.23840049591407,-1.17088854113455,-1.07385019816622,-0.949441897162921
-0.737886057355089,-0.521512445406785,-0.257680393627342,0.0419521317563751,0.358947531797579,0.631957319637054,0.84088998838693,0.949366386186979,0.991202549810083,0.983430572325503,0.966646628621884,0.969209996407157,1.00509335493193,1.04436665616563,1.0702457037067,1.08182078501307,1.09174195837834,1.0974463614131,1.10753254652558,1.12902880119722,1.15160003285609,1.15664337811025,1.15581655048867,1.15168291777659,1.15126975666372,1.15375049222641,1.16433373416398,1.17681878071036,1.18806333312643,1.19161854028051,1.19352009219141,1.20038235713389,1.20964222002064,1.21906760005048,1.23105634786557,1.24436796933561,1.24635265886494,1.24312848599702,1.23957353154087,1.24147508345176,1.24321137091752,1.25164440618269,1.26197899335875,1.27347118974461,1.27462879895442,1.27380197133284,1.27173515497679,1.2714046260865,1.27206618926294,1.2779363621387,1.28488125930377,1.29215693805705,1.29587740965627,1.2953813636229,1.29430638663566,1.29281824853556,1.29455453600132,1.29934998458775,1.30629488175282,1.31481105463642,1.32374038863288,1.32605535435457,1.32605535435457,1.32630350372022,1.32630350372022,1.32679980245151,1.33093394055945,1.33548149247818,1.34002904439691,1.34102113646365,1.34085561932058,1.33903669963226,1.33820987201066,1.3406901021775,1.3226659170415,1.27132174116599,1.18293685025384,1.05296394508422,0.871398967371382,0.690412667914484,0.529682887092699,0.395823993180799,0.297765572873161,0.238566534592576,0.194084623659568,0.155555770522813,0.122070515338163,0.0835416622014021,0.0484027517735721,0.0145038300801946,-0.0165840798581261,-0.0438688859746538,-0.0656140481057281,-0.0865323826152069,-0.106044958549233,-0.126136212739201,-0.151353444405905,-0.176818572740332,-0.201952919486539,-0.225350978766996,-0.245028566448242,-0.260903050307689,-0.27652963749942,-0.291825695800864,-0.309767754110145,-0.333332088627467,-0.35805377965666,-0.382114160207347,-0.406918483459116,-0.427009737649083,-0.44379368135269,-0.459585532989573,-0.474550557004871,-0.48786217847491,-0.506713443930425,-0.52564734160851,-0.544167825475806,-0.563680401409826,-0.582035115436117,-0.59675199008576,-0.610228623303024,-0.623622624297712,-0.635114820683583,-0.64892223548906,-0.66413515617208,-0.680505686064904,-0.693486273248797,-0.708368665041519,-0.72143213714592,-0.732924838927633,-0.743094667054408,-0.759961495678523,-0.774926519693816,-0.791462566729712,-0.807171533446092,-0.817671637765221,-0.824368638262573,-0.830652477647046,-0.835696075599151,-0.842145432126703,-0.859839341070335,-0.8769543190601,-0.895226653561741,-0.906966999313255,-0.918211299031403,-0.922510196188635,-0.926974610488933,-0.930199036054785,-0.945164312768004,-0.959302761859639,-0.975012486669805,-0.987993831947484,-1.0003962462713,-1.00676297057628,-1.01238549948225,-1.01709831584612,-1.02577950047694,-1.0361969725735,-1.04702760578292,-1.05380673310699,-1.05851904407501,-1.06215663075372,-1.06463660822263,-1.06629001076787,-1.07786534477217,-1.0923343227541,-1.10663803629088,-1.11300476059586,-1.12036357696758,-1.12143855395481,-1.12152143887531,-1.12069486395165,-1.13632119844546,-1.15120359023817,-1.1687317293408,-1.18096837382361,-1.19328739783107,-1.19651207609485,-1.19907519118219,-1.19899255895962,-1.20899686994331,-1.21751329552483,-1.21701724949146,-1.21585964028165,-1.21519832980314,-1.20916289248224,-1.20519427151738,-1.22032481267575,-1.23760505511065,-1.24785726276207,-1.2557116197713,-1.26240862026864,-1.25860526374892,-1.25265245865059,-1.26083784994597,-1.27315712665135,-1.25166011388593,-1.20378826024399,-1.11548574885648,-0.923668058096371
-0.64738976946231,-0.327175410869964,0.0347061772517008,0.400032960277584,0.652169184593483,0.849350752275087,0.929158292385334,0.947039312695944,0.939985224111934,0.968364775849026,0.985425296783836,1.02750265065742,1.06047529422565,1.07064592672651,1.06720098250953,1.07195827449073,1.08401557925014,1.10132252575367,1.12223836593697,1.14102135898028,1.14274358040152,1.1415132073687,1.13979048457296,1.14307122863989,1.14684432246973,1.15635915711936,1.16620189069461,1.17711104783986,1.18129451670123,1.1836735387227,1.19163010141391,1.19975061356792,1.20746100137767,1.21968225559988,1.23420005573768,1.23715239950446,1.23698794866716,1.23534720060282,1.23624942402277,1.23649534821698,1.24289313757526,1.25199759719337,1.26126600627428,1.26331637730839,1.26282427823271,1.26142995573709,1.26233242984429,1.26397317790862,1.26856677111426,1.27570283442967,1.28324902208936,1.28447939512218,1.28505346892925,1.28644754073762,1.29079445768729,1.29538754951842,1.30375373517939,1.31261201991604,1.32048635718859,1.32032265841304,1.31966660987456,1.31753426410904,1.31950316178625,1.3215537835076,1.32893577101723,1.33656393340831,1.34566814233918,1.3452575166204,1.34542121539596,1.34361626718157,1.34049897120295,1.33688982683592,1.33885847382587,1.32417672422528,1.27857270209056,1.19630466660194,1.07327162500395,0.905946407660961,0.726809809752768,0.568999176372165,0.438666121995953,0.338927190540992,0.275114249170057,0.230330475723886,0.184398053289055,0.14117230111406,0.101883592231716,0.0630867317377955,0.0323281579792316,0.00591700254484245,-0.0172953835540322,-0.0411638181913987,-0.0617512580745881,-0.0911152586502776,-0.116870365546186,-0.144593868744787,-0.168298353919346,-0.192494938169572,-0.210211758330124,-0.230061174943432,-0.247203921296909,-0.26811951079297,-0.289691148827511,-0.313313157896157,-0.334638370361983,-0.358424328893431,-0.378519669700953,-0.398205136851448,-0.416086157162063,-0.435443976074204,-0.451438825500761,-0.470304043962723,-0.488102838854676,-0.506721882435173,-0.518368561475809,-0.532147836969202,-0.543220692890016,-0.554211574079417,-0.563398008428939,-0.584231873880843,-0.603343267224275,-0.622864534224711,-0.641975676880881,-0.658708298890076,-0.669289306422466,-0.678803890384848,-0.688728849378752,-0.699063932716929,-0.716616803414673,-0.732939301079601,-0.75172254481015,-0.763943799032373,-0.776493202867456,-0.783629015495617,-0.792569274963669,-0.799376937978964,-0.818241905753675,-0.83530242668849,-0.854003695687644,-0.871310391503918,-0.88845313785739,-0.8975575974755,-0.908056128901983,-0.916831937532726,-0.925526022119313,-0.935368254320059,-0.947999382199298,-0.959318413001571,-0.968258923156878,-0.97719918262493,-0.984827345016015,-0.989912786610071,-0.994834278741325,-1.00582541061798,-1.01599654449336,-1.02608545295006,-1.0355183128683,-1.04577117078782,-1.05159488633901,-1.05938699819291,-1.06849145781102,-1.08259913360454,-1.09514853743962,-1.10179225099211,-1.10564731955335,-1.10991276314612,-1.10851869133775,-1.10901104110068,-1.12361106665713,-1.14099973720481,-1.15551728665534,-1.16806643980318,-1.17864694596106,-1.18217386490943,-1.18258398925371,-1.18488078585653,-1.19554376812032,-1.20669910014704,-1.20792947317984,-1.21112849320261,-1.21235886623542,-1.20817564806131,-1.20522255223276,-1.22039640090902,-1.23491395035956,-1.24057321507345,-1.246724578863,-1.24975939873571,-1.24401790860317,-1.23737419505069,-1.25074384757431,-1.26403177605379,-1.2711678393692,-1.27617155691911,-1.2819132977389,-1.2532058470762,-1.18791610710373,-1.11327573263169,-0.999346398590059,-0.77928059442244
-0.529592040665848,-0.232541045230342,0.116752097283688,0.467931450540339,0.688628133796155,0.861347386196033,0.931878633689769,0.944180738279402,0.928926369221121,0.952300092216263,0.97772420775289,1.01955096230287,1.04374459165538,1.05440613155259,1.06170532847286,1.06646183811432,1.08105998129564,1.10205544947006,1.12091881019242,1.12616786523046,1.12830072466021,1.12821900974963,1.13396010886577,1.14199724657359,1.15618531124661,1.1664365219763,1.17324317349999,1.17422701099697,1.1806238346716,1.18521641317344,1.19325355088125,1.20276707148263,1.21564318572019,1.2179394749711,1.22039994602088,1.22671530544417,1.23385082188405,1.23942773920134,1.25025371155665,1.26116164948178,1.26124361505159,1.25861896220295,1.25501047185733,1.25468235891885,1.25525611790754,1.2609147501354,1.26821394705567,1.27723542357894,1.27805583125476,1.2774003573555,1.27690881459586,1.27904142336639,1.27945150187469,1.28601225668895,1.29290087378246,1.3002817856133,1.30142980490915,1.30430035446721,1.30348044810986,1.3056950224502,1.30758123319282,1.31373216015801,1.31840670422965,1.3266077730771,1.32964200311555,1.33202025793628,1.33349613951137,1.33923673730904,1.34325505550371,1.34858557479309,1.35440838881981,1.35842720833295,1.35416274276961,1.33308581034385,1.28018793870682,1.19317233728915,1.0682665846056,0.905388715086354,0.731192829133685,0.575860053244148,0.439882682155085,0.332692020238821,0.259290975164718,0.206803182035994,0.163008501832818,0.127578821616709,0.0964955725337573,0.0678725438413425,0.0395778787466486,0.00833094918330635,-0.0221777889332627,-0.0518661193739936,-0.0804883960887026,-0.108372732015866,-0.132156533519311,-0.155448040285411,-0.177509562185854,-0.198996823779143,-0.217695752043418,-0.237871063201251,-0.257964659448491,-0.274121652411654,-0.291181018620442,-0.309470620354126,-0.326365804764062,-0.342522547067986,-0.367126505588013,-0.390007933845811,-0.412232885567417,-0.434785950227499,-0.455616985943829,-0.471691261359471,-0.487601605635483,-0.503512200570729,-0.518602638489381,-0.535743468949517,-0.552720368270023,-0.569533336450917,-0.580687421744713,-0.591103315591726,-0.601108880271213,-0.60996617499562,-0.619479444937762,-0.639900402145795,-0.662535683034926,-0.684186875767844,-0.706904122226789,-0.726668853557853,-0.741266996739165,-0.753896963608053,-0.766527181136168,-0.777763482659002,-0.792608525186698,-0.80630504710008,-0.820083534583271,-0.830171064832568,-0.840668422930928,-0.849689398135725,-0.858136363692601,-0.866337432540044,-0.880279600503626,-0.894549881405695,-0.908246152659838,-0.918662046506856,-0.927847704828983,-0.934573142760574,-0.940724571044243,-0.94662985195924,-0.959670147995652,-0.974186576266394,-0.988292675369595,-0.999446259344924,-1.01101017248778,-1.01863748234653,-1.02478840931174,-1.03093933627693,-1.04242103319073,-1.05332846979739,-1.05767490093055,-1.06128339127616,-1.06538417635912,-1.0665324463142,-1.06768071626927,-1.08178681537248,-1.09933747368168,-1.11573986203579,-1.12787778482657,-1.13894940323209,-1.14354223239315,-1.14493664971689,-1.14657696375008,-1.15764858215559,-1.17118067161088,-1.17593743191157,-1.18143213299979,-1.18668093737859,-1.18684511917745,-1.18397507093785,-1.19717929811389,-1.2106296726586,-1.21464849217174,-1.21719092879132,-1.22055327176827,-1.21637077177474,-1.21104000182613,-1.2249002042199,-1.24023678950722,-1.2466338638411,-1.25237446163877,-1.25811505943643,-1.2532760829067,-1.2482729245781,-1.26139468486586,-1.27517267103058,-1.28025729361052,-1.26344457608887,-1.20226291805689,-1.10433962937333,-0.96713227341861,-0.787770300634668
-0.72379942116875,-0.656715590490653,-0.553332242405033,-0.443940106707718,-0.359652803890707,0.038570695728943,0.352424628619128,0.610224384390331,0.833700466082549,1.03643396639904,1.04935694780265,1.07067562813717,1.08656187139039,1.09956686513485,1.11471172688957,1.12129636188846,1.12985658864429,1.14039215558546,1.1476354050272,1.15076344627333,1.16253397818775,1.1789140564873,1.18862698430392,1.19150823381267,1.19068509154492,1.19134370598776,1.1931545183482,1.1999039327436,1.2107688069062,1.22443241509351,1.22830108312334,1.22756045633964,1.22558511615429,1.22813680687003,1.23085327698228,1.23891966869178,1.24929070780804,1.26040262527961,1.26369494277906,1.26451783347522,1.26534097574298,1.26871580872647,1.2711029716173,1.2772765386255,1.28567248912802,1.29308051796627,1.29406818805895,1.29554969319795,1.29645509937817,1.29744276947084,1.29982993236167,1.30592123545741,1.31258863751195,1.31859742512365,1.32188999419469,1.32353627873021,1.32534709109064,1.32970959416682,1.33538932612868,1.34287987045098,1.3512758209535,1.35769617969907,1.35670850960639,1.35423883123151,1.35078148276397,1.34855859612645,1.34798224559607,1.3518509136259,1.35547304148997,1.36024736727161,1.36189415495033,1.36255302096477,1.36189465809352,1.35259330141079,1.31555315721956,1.24311890180102,1.13216274548064,0.980544820248164,0.804315897181726,0.635659530778443,0.492684347785855,0.378600653362544,0.297935226838001,0.245749466177257,0.206157379698693,0.171010311780354,0.139155561361454,0.107712633648037,0.0730596523476298,0.0392298133149853,0.00630512889095567,-0.0251377988224612,-0.0526300461651859,-0.0761713615656221,-0.0983134357394954,-0.118973753202773,-0.13905797170725,-0.161282058221992,-0.183753188045697,-0.205977274560439,-0.229024503342933,-0.249849097059515,-0.269933063992397,-0.288288230905708,-0.307137484436939,-0.324258189520207,-0.344918506983474,-0.363603232689803,-0.384428329549584,-0.404265504745098,-0.424596514986953,-0.442046778863235,-0.461143075703446,-0.47702906738507,-0.492585751845261,-0.507566337346663,-0.523781384678113,-0.538597442354602,-0.550532753665534,-0.562303537151553,-0.574238848462485,-0.585021710284221,-0.595969099930886,-0.615888287467253,-0.636219046137506,-0.656796848116722,-0.677703957317366,-0.692931586127737,-0.704372810820732,-0.714003223153294,-0.722151878775243,-0.729971478747366,-0.748573940541236,-0.764213392057084,-0.780922777578068,-0.79779694249556,-0.813024571305936,-0.822490204241989,-0.832696463961738,-0.842162096897791,-0.853274014369358,-0.866526302994382,-0.879120228748159,-0.89286660399112,-0.904143300859196,-0.913361890486286,-0.921345766711726,-0.928753543978377,-0.935091387239893,-0.946532863504485,-0.958468426387013,-0.969909902651604,-0.978634908803949,-0.986371993292017,-0.991228079842931,-0.995261024126077,-1.00003509833613,-1.0118881457346,-1.02546974158105,-1.03938064464893,-1.0499169663049,-1.05995920134293,-1.06670886730993,-1.07173023640055,-1.07691613331608,-1.08950980749826,-1.10193895385552,-1.11000559713662,-1.11733111049081,-1.12317511870599,-1.12515045889133,-1.12704328359263,-1.13700275157501,-1.14976095358211,-1.16350682568187,-1.17025649164887,-1.17577169578583,-1.17651257414112,-1.17519559682703,-1.17404314733784,-1.18638952663946,-1.20087602552293,-1.20556783582052,-1.20918971211299,-1.2114123471789,-1.20672078845291,-1.1999713740575,-1.21264706058054,-1.2277099099944,-1.24211439653702,-1.25347360888915,-1.26549118411253,-1.26689092848228,-1.26623256561104,-1.26820790579638,-1.26326880061822,-1.22268879247538,-1.15601577821637,-1.04785785277751,-0.830802129830859
-0.605961379471353,-0.303626676516773,0.0406099733013714,0.387716475287582,0.60354083673203,0.798455201151072,0.886769256402667,0.918503290218427,0.920225301767361,0.961553328321368,0.984923162830791,1.02838321561777,1.05134303544316,1.06479106596327,1.07094103560367,1.07709125586427,1.0911134573142,1.11489380774811,1.12883380576504,1.13350787291502,1.13818168944477,1.14351162971707,1.15171167277767,1.16770199483503,1.18680827811897,1.19369657493489,1.19410658961894,1.19115453401789,1.18836613342214,1.18656191844023,1.19066181466042,1.19574589649443,1.20320786299971,1.20722605702735,1.21009615981563,1.21731226788261,1.22641429312404,1.23486044524315,1.24511056172394,1.25552458383026,1.25765661006323,1.25782076630898,1.25667292568984,1.25724709661963,1.25773931473666,1.26216752344834,1.26790772902491,1.27446771334934,1.27651778676954,1.27774783082166,1.28414390952056,1.29086779947052,1.29660800504709,1.30562807747576,1.31555013208528,1.31382812053635,1.31046630087149,1.30702227777363,1.30718643401938,1.30833452525875,1.31612455363529,1.32489826638523,1.33441005569048,1.33465566350855,1.33170335728728,1.32825908356921,1.32907911293729,1.33006304793089,1.33572105007448,1.34326496939252,1.35130085620736,1.35023471778076,1.347528520618,1.32875029920534,1.27815609116415,1.18967787966681,1.06569354938457,0.90046339598131,0.723507223606845,0.563935072347172,0.430110890888402,0.326134575450727,0.256516036938364,0.20747943358013,0.16574089110164,0.12925058670291,0.0961226032094919,0.0647168818852283,0.0335572696194738,0.00305353047604916,-0.027040444603549,-0.0509847006629948,-0.0736991632905361,-0.0944457559308555,-0.11330618077651,-0.131264372821081,-0.157668215744314,-0.184071808047331,-0.209819276607792,-0.236140916098048,-0.260084921537262,-0.27951926669248,-0.298297738725362,-0.316748148886963,-0.334542435306013,-0.354878512021854,-0.374886526866414,-0.394648683272686,-0.409655070336436,-0.423595318973599,-0.436059414500117,-0.44827740096813,-0.459511201822307,-0.480912665104072,-0.502396331818825,-0.524372216650601,-0.544379980874935,-0.565535836338633,-0.580050005285359,-0.595302250787403,-0.609324452237327,-0.626708974592562,-0.643027609141425,-0.660002116812612,-0.675992438869979,-0.689932687507131,-0.701658706478342,-0.713302522016566,-0.725192446613298,-0.737000418397265,-0.754056377640782,-0.770374510949198,-0.785544553018254,-0.794482422013939,-0.804076164131953,-0.809651962842547,-0.815801431242496,-0.824083176495624,-0.842122820112525,-0.859178779356037,-0.876234738599549,-0.888944943184587,-0.899523121536654,-0.906411668972803,-0.911987968923845,-0.918712360114246,-0.933554841552475,-0.949709069235363,-0.964714955058671,-0.977998829333057,-0.989478488625527,-0.996119924522272,-1.00120350511584,-1.00563121258708,-1.01547106376361,-1.02662316242525,-1.03195335331778,-1.03638156202946,-1.04154784729646,-1.04318815665285,-1.04491016820177,-1.05909627527722,-1.07672640545052,-1.09361845906851,-1.1083782358333,-1.12199017197896,-1.12863210911616,-1.13166611752996,-1.13543820249909,-1.14511464929054,-1.1545452376437,-1.15675971792987,-1.15979397696391,-1.16225406506815,-1.16053205351922,-1.15962982071816,-1.1742254412372,-1.1894771854988,-1.19447906389983,-1.20235079446892,-1.20800854599228,-1.20579456694655,-1.20333447884231,-1.22112826402092,-1.2339201707985,-1.24121823167824,-1.24810627787395,-1.25409259250903,-1.24835313879312,-1.2462216138006,-1.2588501161931,-1.2711503060941,-1.27705416667597,-1.2837778060057,-1.28910749565778,-1.26475297429408,-1.20858271692207,-1.13568456217783,-1.03236437048271,-0.877137973881504
-0.749442453976999,-0.612877129246975,-0.428940375654923,-0.213234869060342,0.00407923177479325,0.336966797475277,0.612590473033682,0.804409436729257,0.93478201777008,1.0086143794274,0.99655066005952,0.99116221349059,1.00756918647037,1.03024928368896,1.05687024014724,1.07577048503745,1.08928203754666,1.10038094450712,1.10544811468968,1.11268678877215,1.12684187730242,1.14083620473345,1.15193511169391,1.16576843221365,1.18048643040325,1.18482943820308,1.18659879354285,1.18740309066312,1.18909206545328,1.19118318880358,1.19978882385361,1.21120925301251,1.22142323649101,1.22657029559903,1.22874155368687,1.23437138771671,1.24024260920746,1.24764204438915,1.25721322928284,1.26847338896668,1.26919730553735,1.2669456668999,1.26300480766022,1.2648545435496,1.26694542108782,1.27555105613784,1.28552365215543,1.29694408131433,1.29798927427137,1.29742611879993,1.29517398853833,1.29605866620821,1.29806940900891,1.30474517343201,1.31246662243631,1.32139451712102,1.32541624853447,1.3260600303676,1.32654280528943,1.32646217892773,1.32807052735621,1.33168961858536,1.33756059426404,1.34407510596377,1.35075087038688,1.35244009098912,1.35364653666953,1.35348577557031,1.35501374344917,1.35758715009714,1.36353850632543,1.36973149582671,1.37705030464671,1.37946319600754,1.35501325182501,1.29372763026948,1.19254990395906,1.05228486163819,0.870519611946051,0.692775847855277,0.538356208628307,0.413051289394197,0.312356829629767,0.247291355745852,0.196461596753884,0.149652831739141,0.110404263005304,0.0794398071230513,0.0504860940414855,0.0233014904876145,0.000621147456941078,-0.0273675074051244,-0.0553561622671954,-0.0817362228887181,-0.108035657148544,-0.132485601331072,-0.15323582792275,-0.172297079724265,-0.191519338437081,-0.209133002909354,-0.231009048819751,-0.253367623839895,-0.276771883441236,-0.299452226471904,-0.321489279293606,-0.341194067116175,-0.359129499598966,-0.375938866950963,-0.392828614852568,-0.411568098643559,-0.430066194973641,-0.448805678764627,-0.467625543105233,-0.485480349226339,-0.501244031997144,-0.516686192569506,-0.532449875340306,-0.547892035912668,-0.563655718683473,-0.580143318024945,-0.597354588124998,-0.610544618435759,-0.62357364183522,-0.636844052695585,-0.650034083006346,-0.661052609417197,-0.678827034988689,-0.696520834198494,-0.713490962649714,-0.72997856199118,-0.742123153532832,-0.749924491462582,-0.758369611225467,-0.76552765894625,-0.772042170645975,-0.790138364227996,-0.809199861841594,-0.826491758303337,-0.84330137146741,-0.860191365181092,-0.868797000231119,-0.876598338160873,-0.883595378970351,-0.894291891558596,-0.904586255586708,-0.916810981865887,-0.928874701233771,-0.939088684712268,-0.945039795128478,-0.951554061016132,-0.957183895045976,-0.962813974887898,-0.974073888759664,-0.987666559254712,-1.00077670064002,-1.00986511061187,-1.01830998456268,-1.02402044495421,-1.02924813042391,-1.03343013131243,-1.04581586450292,-1.05948842392343,-1.07396528046421,-1.08401874865556,-1.09568081108746,-1.10195442695044,-1.10661944857286,-1.10911272048329,-1.1186836595649,-1.12736967516453,-1.12946030689068,-1.13122941641837,-1.13364206196712,-1.13227436356332,-1.13010261385133,-1.14337327052378,-1.15889581164576,-1.17256861687834,-1.1840701640231,-1.19573271807916,-1.19895015237234,-1.19975469530469,-1.20433909056542,-1.21318586726428,-1.2224345467112,-1.22693806979817,-1.23144159288514,-1.23337170932413,-1.23280879966477,-1.23192412199488,-1.24149506107648,-1.25219206528889,-1.25733937020898,-1.26240629457946,-1.26658878709214,-1.26441728319223,-1.23136170395968,-1.18037118386849,-1.10066809234457,-0.976568881354641
-0.807834702320475,-0.616840188202338,-0.375625837657127,-0.0993783040731949,0.189082157383565,0.505504823369827,0.746477768994586,0.897939341826347,0.988334065075971,1.01902834462076,0.998860351042736,1.00151212147105,1.02754603359425,1.04891957829587,1.07567647728154,1.09520178858405,1.10524551028969,1.11360185334993,1.12935039326727,1.13883149170458,1.14493807843089,1.15072344680933,1.15329491265068,1.15458076836125,1.16237497931272,1.17474900751904,1.18254297289074,1.18688187638468,1.18712279014558,1.19009577892177,1.19298846311099,1.19973797769257,1.2093799308836,1.22062920371284,1.22408451117037,1.22512920754026,1.23011103888949,1.23573579809399,1.24216384874794,1.25228787504055,1.26401897539158,1.26546519469631,1.26474196225405,1.26200988723877,1.26329549736956,1.26514348518888,1.27293745056059,1.28161525754846,1.29149837008017,1.29230166152961,1.29021251436961,1.28723952559343,1.28675720691207,1.28659635215836,1.29230117037006,1.29961281706041,1.30716537751165,1.30885251057727,1.30917372892514,1.30772726404064,1.30893256958446,1.31086135315031,1.31624519859392,1.32219142172607,1.32910203664114,1.331030820207,1.3311916749607,1.33014746975036,1.33207649889598,1.33376412312116,1.33826388136881,1.3430851035441,1.34911138568344,1.34878967617602,1.32412192435035,1.26442123506574,1.17177650990241,1.03831347890169,0.86563921612202,0.695214464096505,0.546484475120476,0.416395955830774,0.316840861332144,0.251756326603924,0.200411980379548,0.158066905070702,0.123917563648162,0.0941071257195531,0.065823211682641,0.0399499087333708,0.00861294691308177,-0.0214381591966313,-0.0517304246470318,-0.0801744566983205,-0.106931110104221,-0.12870617774067,-0.149999417855316,-0.169444424570867,-0.189291199801016,-0.210262975988028,-0.231556216102674,-0.252286832949009,-0.274062146165238,-0.294150080736064,-0.313515028444426,-0.332317352884461,-0.350476749469217,-0.36783236344498,-0.386955660653104,-0.405516334592913,-0.42447877704733,-0.439022011420842,-0.453485186787166,-0.466260983508096,-0.478875925475313,-0.491009039920733,-0.512864903303701,-0.534077838831378,-0.555371324525805,-0.57682566497394,-0.595387075653079,-0.607761103859395,-0.620295741239649,-0.632508669112482,-0.644159219296769,-0.660711296243325,-0.678308069559758,-0.695262160600693,-0.706270519669031,-0.71751979249827,-0.725554917210644,-0.732947114067738,-0.74082138402641,-0.760266145162169,-0.779068224022434,-0.798673839911918,-0.817797628279598,-0.835635806516484,-0.846965383932691,-0.858134106595181,-0.868017219126886,-0.877819781491847,-0.888506185472989,-0.899835517309416,-0.911325703899557,-0.920566134155752,-0.929324491310374,-0.937440166189498,-0.944993463380075,-0.951823528128403,-0.963715728812922,-0.976170307185987,-0.989589031762192,-1.00091860917839,-1.0122481865946,-1.02116715292316,-1.03040758317936,-1.03731770693487,-1.0484061250104,-1.06005692077447,-1.06608320291381,-1.07026149723382,-1.07620747478619,-1.07934107273631,-1.08175143824418,-1.09428607562442,-1.10850809165007,-1.12184651163931,-1.12907809932247,-1.13494401786765,-1.13598871423754,-1.13502456803439,-1.13414048083844,-1.14611274053014,-1.16025420638905,-1.16491432823085,-1.16973505924659,-1.17407396274053,-1.17166335165289,-1.16812798518816,-1.18202878286595,-1.19769726377609,-1.21312458534556,-1.22533800437794,-1.23714965489572,-1.24060496235326,-1.24261405050607,-1.24558728486204,-1.25426509184991,-1.26181789788094,-1.264308322396,-1.2668792970778,-1.26824496621578,-1.26647728298342,-1.26760228394027,-1.27756594663872,-1.25771917140857,-1.20886574085881,-1.13052333630809,-1.002925732693
-0.798072567693988,-0.585586022315421,-0.323812490502892,-0.026533747465583,0.280244194732963,0.565921478284094,0.791956346598961,0.919728749716859,0.982797511360015,0.99221889309695,0.97726938057574,0.977346960026257,1.00771288961449,1.04142687223775,1.06673205153504,1.08035795392185,1.09009108130354,1.09694353614353,1.10620975897943,1.1251305778514,1.14591996680163,1.15191524010547,1.1518371847074,1.14778829890612,1.14654274416979,1.14965734493193,1.16048039220135,1.17270486702947,1.18671985653778,1.19396068457795,1.19730873761298,1.2072750792938,1.21763074606988,1.22720800062919,1.23974398312827,1.25298032244605,1.25313571932087,1.25095516562409,1.24721731154624,1.24838481088449,1.25072052348232,1.2596747626997,1.27088713506439,1.28248883252434,1.28287839559339,1.28100982551512,1.27719439198674,1.27337895845837,1.27228880059686,1.2768048289177,1.28334553811295,1.29152160308735,1.29728413803961,1.29853040669726,1.29923147743727,1.2975185422076,1.29829719239814,1.30110004751553,1.30600540093165,1.31293519724839,1.32111078627523,1.3228237215049,1.32336868144876,1.32329062605069,1.32266761070875,1.32305693580402,1.32765078154916,1.33310109490912,1.33933005845963,1.34244442124799,1.34415711850389,1.34407906310582,1.34267739757335,1.34563612551312,1.32749419480545,1.27415856054399,1.18290394706186,1.05084944384356,0.864602600775195,0.678277702308759,0.514532945446521,0.379597055765209,0.281645860265446,0.225273204692366,0.184551132380511,0.149902150796802,0.119068602741452,0.0824729956814046,0.0481352837948792,0.0155105071380206,-0.015634786562059,-0.0418747268460363,-0.0628975680691603,-0.0834530287989464,-0.101984046628098,-0.120047683963901,-0.145663894984619,-0.170501693788567,-0.195261675168224,-0.221189631833688,-0.241823147961543,-0.25762936607137,-0.273201893934521,-0.28752862908758,-0.301388221721063,-0.324279870996225,-0.34756084536666,-0.370452494641826,-0.393811524410331,-0.411097225476932,-0.422932613183554,-0.434456255245436,-0.445979897307313,-0.456724651204884,-0.477747254454234,-0.500560610357553,-0.522907061715075,-0.545798710990247,-0.563395919727816,-0.575153490010137,-0.584886617391829,-0.594074784829655,-0.601627596488332,-0.619458019525021,-0.638689870120409,-0.65815517298869,-0.67684158769266,-0.691712806842023,-0.702223870492923,-0.711255689160832,-0.719820603282945,-0.7302543254571,-0.74956446942433,-0.767083622763819,-0.784836228376212,-0.802744468837191,-0.817304656263143,-0.826959490272988,-0.836692379680902,-0.846113999391621,-0.855691253950938,-0.869395211735829,-0.88302135209642,-0.896413802210339,-0.90505629578298,-0.91416593187518,-0.920316840027611,-0.926779017877242,-0.935499328874174,-0.954108402101394,-0.971939063111856,-0.991248969105313,-1.00246134147,-1.01157145350975,-1.01538712501191,-1.01803482122825,-1.0192810898859,-1.03555468848907,-1.05175023169416,-1.06755621183022,-1.07682148277102,-1.08663195162945,-1.08772187151718,-1.08818901403675,-1.08834464888535,-1.10321658195604,-1.11684248434286,-1.13132485434451,-1.13872155520704,-1.14572916894808,-1.1445609556885,-1.1435486152513,-1.14183568002163,-1.15468317019169,-1.1683090725785,-1.18232453803436,-1.19306952990571,-1.20435948172092,-1.20786316960455,-1.21035475502476,-1.21276828504689,-1.2226568093034,-1.23153299312271,-1.23223382588894,-1.23456977646055,-1.23550429947346,-1.23137783422166,-1.22865303450234,-1.24290195223109,-1.25442559429296,-1.26073261324155,-1.26641661684819,-1.26945316221226,-1.26369134118132,-1.25925313028478,-1.26773998900882,-1.2369062029797,-1.1808450550776,-1.08522981014943,-0.915100454888088
-0.917121076061362,-0.797166256888238,-0.637896345618523,-0.476696997968259,-0.384238367296243,-0.0038718052925128,0.295533129270637,0.540266850019205,0.759434064372672,0.983103706489868,1.01598693444218,1.04493069167965,1.05803572237851,1.06438698856904,1.06752195409923,1.07644572022201,1.09839416481537,1.12597070554476,1.13907573624363,1.14261369154255,1.14808108322202,1.15716629097777,1.16681421005692,1.18289399328035,1.20243064239803,1.20886250654231,1.20918416118088,1.2160182779175,1.22405816952921,1.23161594777126,1.24584664684242,1.26184607783758,1.26457952795185,1.26425787331327,1.26232794548178,1.26281005885145,1.26329217222111,1.27052780437364,1.27945181622189,1.28958209439618,1.29271779710278,1.29512983830393,1.29657716131481,1.2993914551083,1.30252715781489,1.3097630356929,1.31707951152464,1.32383327603298,1.32648661964443,1.32680827428301,1.32729087910363,1.33082858867708,1.33468770716364,1.34144098022103,1.34988287869961,1.35631474284389,1.35703815862387,1.35808322904242,1.35647544730045,1.35679710193903,1.35904819295816,1.36443474095842,1.36925857763526,1.37657456201607,1.37922765990206,1.37971001899719,1.37858459635036,1.38155934887493,1.38373008766578,1.3881516717503,1.39434223348428,1.40157811136228,1.40037233648717,1.38847357211435,1.34184274136242,1.25348477731275,1.12155035008759,0.949255514621822,0.749705547339777,0.568647158756848,0.418461963791933,0.302285665151626,0.222128051444756,0.172200322078742,0.135699278050169,0.102253338774446,0.0727468702135684,0.0458937452641473,0.0216939639261879,-0.00933968842291611,-0.0383633064377232,-0.0669849175856697,-0.0933554377144823,-0.118198528329601,-0.137574718716196,-0.155503831817367,-0.172869987869655,-0.191040157655663,-0.211220361775968,-0.232606340771383,-0.25471573554677,-0.275941010085633,-0.297327234806509,-0.31750743892682,-0.336240565761712,-0.3540092201318,-0.372260233597029,-0.388902973869343,-0.404822052636223,-0.420660533449355,-0.431433629449872,-0.440598697982948,-0.450166019108352,-0.45965298800548,-0.468496893350917,-0.487953435965782,-0.50917871050464,-0.529921380222894,-0.551628768131421,-0.57196943098281,-0.585797877461655,-0.598741957978488,-0.611686284220794,-0.622861878539107,-0.637574936705405,-0.653413663244009,-0.669252389782603,-0.678980661090041,-0.688869882579497,-0.6965883652781,-0.702939877194103,-0.708567727604666,-0.72609458811351,-0.743380146212055,-0.760263697443739,-0.777308198857447,-0.792503616118886,-0.801508225920884,-0.810351885540848,-0.818874136247704,-0.828119802734528,-0.840661876384512,-0.853043245577928,-0.866630881097398,-0.878529891195684,-0.889544535331973,-0.898549145133966,-0.906830339155985,-0.91269924625138,-0.922186215148514,-0.931512479589086,-0.940275786980774,-0.947832828046414,-0.956515783209826,-0.96262599271552,-0.968897152403248,-0.9764549306453,-0.986826756955359,-0.997519992178536,-1.00266572921943,-1.01006231155399,-1.01810195744023,-1.0271869194705,-1.0373171976448,-1.06183863362133,-1.08402887207594,-1.10533474456854,-1.11884178213427,-1.13057984205053,-1.13339389011854,-1.13516237631707,-1.13604649655359,-1.14690019050786,-1.15791483464415,-1.16000522120672,-1.16273891704645,-1.16490990156278,-1.16137268344026,-1.156870501402,-1.17077954583458,-1.18468883599263,-1.19200531182438,-1.19875883060724,-1.20591460198242,-1.20269879277302,-1.19900037874301,-1.20945231155588,-1.22263769448303,-1.22906931290184,-1.2344558609021,-1.23871674053005,-1.23558079209799,-1.23019375264679,-1.23815304630476,-1.24973040176446,-1.23992177822876,-1.18870767603388,-1.11168551930814,-0.989399011162133,-0.804321045361549
-0.774136243337363,-0.683080249886956,-0.550252528543301,-0.415195646149756,-0.322653545332761,0.0584943907305881,0.350650231180335,0.58188197735594,0.794208873504921,1.00207795217462,1.02800005484636,1.06498394345464,1.09164859518918,1.0955288745085,1.08884214828958,1.09561137995993,1.10972813839133,1.12863298841796,1.14819788205596,1.16569887785715,1.16817530295107,1.17023894847761,1.17832902430147,1.18972133666419,1.20028834220245,1.2158909556902,1.23025523047587,1.23306192968571,1.23157607462937,1.23628166077317,1.24173030060027,1.24717868811711,1.25815822091248,1.27194420060745,1.27318203468903,1.27177818046361,1.26930150305945,1.26897122894352,1.26921924991828,1.27466814205563,1.28193341567551,1.29002399611985,1.29241842038283,1.29167561900978,1.29745453295282,1.30232512999947,1.30752600116205,1.31602885655326,1.3265128520196,1.32692537927671,1.32758567519833,1.32700763241788,1.3310526703298,1.33724411152995,1.3473980851906,1.357551806541,1.36820106522043,1.36976967803845,1.36605516655271,1.36225814961555,1.36234141199772,1.36457082535786,1.36894638969597,1.37654118050104,1.38421847675753,1.38273211708069,1.3771182140405,1.37422850475873,1.37208210147051,1.36927514995041,1.37241237558644,1.37728297263309,1.38207106422831,1.37274239739213,1.33105292264005,1.24767372082565,1.12211001155062,0.950977052824691,0.756068647025488,0.578001193416111,0.43006589129324,0.313666090261802,0.231360720867129,0.177949164256886,0.134196296288499,0.0989462837113301,0.0685666158705659,0.0428097764119207,0.0182910233451051,-0.00581495015434966,-0.0380935049290741,-0.0690509632400546,-0.0988523359901245,-0.127580380940961,-0.153253958017439,-0.172323566636661,-0.191640943920393,-0.210876068062959,-0.229203127619372,-0.249429074109746,-0.271140875656472,-0.292109875830137,-0.310024408129448,-0.328268962234443,-0.345605199443049,-0.361290318382228,-0.377140195913987,-0.397860418182151,-0.41734255405848,-0.437402732715262,-0.458866260976964,-0.475789718618209,-0.490732288494581,-0.505509595157855,-0.518553025790025,-0.529285042231127,-0.548106882185826,-0.564947077444903,-0.582035041368497,-0.595490999257775,-0.610185043538888,-0.619926237632181,-0.63082351728638,-0.641308269683455,-0.659800340142718,-0.677632366990605,-0.695959678857277,-0.713461179278975,-0.730301879158553,-0.742519750656001,-0.753664042043968,-0.764560564767414,-0.775870119368473,-0.787509948085463,-0.800140599150272,-0.814174852130249,-0.82416381488806,-0.832831681182109,-0.841829821592101,-0.848763811855052,-0.854046936158795,-0.865934533540313,-0.878565184605116,-0.890535539748295,-0.900607512578025,-0.911257023567707,-0.91827427621282,-0.924548727484883,-0.93049290464101,-0.942050480216833,-0.954186098573109,-0.964588093208517,-0.974412045063483,-0.983905722802502,-0.990014658551226,-0.994307465127668,-1.0028928259703,-1.01312930508237,-1.02452136513485,-1.02798861257658,-1.03195114503708,-1.03318948373915,-1.03310697828773,-1.03104358507144,-1.04466505848405,-1.05902933326972,-1.07000911837533,-1.07958530156578,-1.09006929703212,-1.09320601804765,-1.09526966357421,-1.10385477210659,-1.11516432670764,-1.12696916632748,-1.13167450016104,-1.13580204352438,-1.13679261356195,-1.13571928576271,-1.13398566204185,-1.14480018393437,-1.15710056088325,-1.16081557698948,-1.16651198548109,-1.17105256072205,-1.1689889151955,-1.16634747919875,-1.17955617304401,-1.19103124316841,-1.19697542032454,-1.20300210293208,-1.20828573185634,-1.2060568231167,-1.20341488249945,-1.21356860384985,-1.22421761021903,-1.2156317447559,-1.17262142585031,-1.09947946007873,-0.9908394607552,-0.837373013353816
-0.736512946528728,-0.599493520887067,-0.417404987308006,-0.201453115567462,0.029659118379438,0.364422015681013,0.648101571027369,0.834557179359895,0.954686486337964,1.01623423789876,0.997366319378541,0.989291436490511,1.0134324806789,1.04688409197947,1.07053081211405,1.08305461148631,1.08841058616808,1.0919537035583,1.09541422375562,1.11329374598894,1.13644614206972,1.15119427377373,1.15580813282303,1.15671443555845,1.15984532244633,1.16421239719979,1.17640681508332,1.19189706241982,1.2084583032361,1.21373142890427,1.21669737322708,1.2176036759625,1.22114654153201,1.2247717524737,1.23548294637511,1.24635883102089,1.25641050648272,1.26110645908348,1.26258917942418,1.26539018118191,1.27082799759444,1.27709002319093,1.28640084212383,1.298430569263,1.30304518377443,1.30354001146965,1.30255161518275,1.30222223369403,1.30222248551473,1.30790758986452,1.31557024225023,1.32380956406193,1.32924738047446,1.33155430999911,1.33147171280621,1.3299882370034,1.33196528139789,1.33517826183726,1.34036853849182,1.3465477150747,1.35404542489533,1.35511667019583,1.35585853400759,1.35618841913774,1.36047314851901,1.36492256864466,1.37291460251909,1.38197762987332,1.39062893036662,1.3907938729317,1.38881632489579,1.38527345932628,1.38065934845627,1.3794231605907,1.35594062755906,1.29711178420454,1.19683929567499,1.05133326028439,0.852189413655957,0.656423741852667,0.48397515687452,0.343330268470462,0.239762202308669,0.178873717366754,0.133804861250051,0.0944213613038516,0.0593223389182129,0.025623943321808,-0.00642678936883106,-0.0372418378353257,-0.0644319271808243,-0.0904686776743744,-0.114939858813613,-0.137680528033483,-0.159514894517926,-0.18266729059871,-0.205242765432799,-0.22691218935217,-0.248828901208809,-0.269921403881485,-0.289695625137119,-0.309469846392758,-0.328667146401697,-0.346793201110147,-0.364672471522758,-0.382716684500446,-0.400349170617216,-0.418311038222714,-0.433471652249772,-0.448632014456116,-0.46222680730816,-0.475162081720616,-0.486944017281107,-0.504740690500824,-0.521383773047861,-0.540169094375185,-0.559366646204839,-0.573291072366319,-0.58391966907485,-0.594548517604079,-0.603447106034649,-0.61160408247416,-0.630719288931629,-0.649175480590933,-0.669032047218757,-0.688311944420595,-0.703225018689676,-0.712370643236789,-0.720527367855593,-0.727448408250246,-0.734946118070879,-0.750848092268276,-0.766667721093498,-0.784382552582459,-0.798142539820283,-0.811490548376492,-0.819894812753261,-0.828134134564952,-0.835302211076154,-0.848485025246577,-0.862409451408062,-0.877404871049328,-0.891411642582988,-0.90187554854715,-0.91027956110321,-0.916541334878985,-0.921649769802788,-0.927994140771456,-0.940023867910622,-0.951970997856894,-0.965483445336758,-0.972981155157397,-0.979160583560981,-0.982867888054145,-0.985174817578795,-0.986905077677454,-1.00074715846676,-1.01549554199148,-1.03007923477184,-1.03938955006332,-1.04762887187501,-1.0491941894086,-1.04935888015297,-1.0486998653548,-1.0594936564491,-1.07111140490665,-1.08297644130145,-1.09319356296978,-1.10374006612683,-1.10818923443175,-1.11288543885323,-1.11774633401907,-1.12796270022526,-1.13883808122962,-1.14040339876321,-1.14048574413539,-1.13990907470941,-1.13562459714884,-1.12961011131032,-1.14188662274533,-1.1558107970861,-1.16940558993814,-1.17970505697865,-1.19107551749894,-1.19321800809993,-1.19387752653952,-1.19610211069198,-1.20483550473677,-1.21389828027028,-1.21686397277238,-1.21958262915794,-1.22106560131934,-1.21941768659286,-1.21562778490681,-1.22427933722083,-1.23482584037789,-1.19758432739125,-1.13562484896955,-1.03873078708586,-0.877405122870042
-0.768180138653782,-0.670612713716478,-0.534791673283529,-0.389180877338081,-0.276970305408465,0.0868090239563855,0.377289394374844,0.615119657076198,0.817246578839219,1.00283832797218,1.02291139997085,1.05269200922508,1.07260064470986,1.088971632258,1.10591814760478,1.11570740025333,1.12516752844209,1.13512121760454,1.1424426653847,1.14548650091569,1.15346644904738,1.16704050726737,1.18102590820408,1.18859451361904,1.19196772504178,1.19912498774002,1.20611781392437,1.2150851354354,1.23005765831945,1.24675751889539,1.25177584975306,1.25235162898369,1.25276272026843,1.25358540570188,1.25580680723139,1.26386872218806,1.27448091170203,1.28246085983373,1.28534025885081,1.28501113439104,1.28682119320382,1.29093487180306,1.2962823271205,1.30483805448282,1.31545024399679,1.32129100885593,1.32104385122112,1.32046756912654,1.31832838585398,1.31857529205681,1.32071422389739,1.32671992813438,1.33330166303398,1.34111717465177,1.34325610649236,1.34539503833294,1.34547725658989,1.34720459428176,1.34983708709602,1.35567810338713,1.36217736859781,1.37023953498645,1.37262537302985,1.37246068508398,1.37130862375877,1.37385839545212,1.37731307083587,1.38496364307582,1.39409514966876,1.40339134420759,1.40437871758691,1.40273359815199,1.39977198087796,1.38529327039955,1.33856614579853,1.2559712437453,1.131174238407,0.961871258565227,0.766490005351744,0.585916838508424,0.433067064471741,0.314192790817557,0.231597888764316,0.178207062438732,0.136251111060582,0.0987374598774921,0.0644323321712577,0.0323483545625481,0.00207443576662401,-0.0280350465153954,-0.0552648783483575,-0.0815075882339714,-0.106187145509622,-0.129468238121204,-0.151515302582602,-0.173398181962085,-0.194623063853988,-0.215354384772212,-0.235756581230672,-0.256076308000186,-0.275984440621007,-0.295810103552899,-0.316047109201512,-0.336284114850131,-0.355945592700107,-0.376265319469626,-0.396091485265477,-0.414848310857022,-0.433440448502691,-0.452196771230282,-0.469883753753573,-0.487899860736638,-0.505915716287727,-0.523109137837343,-0.539809249845257,-0.556344673907295,-0.57213963079283,-0.587770151164466,-0.603647577738936,-0.619195879853614,-0.634415308940506,-0.649058958796771,-0.663538172139131,-0.677359136561946,-0.691262319241714,-0.704836126029719,-0.718656839020553,-0.732230645808552,-0.745392858447852,-0.75830816488433,-0.771717283726459,-0.785043932879659,-0.798288363775912,-0.812191295023697,-0.822803735969652,-0.831853024305644,-0.839668284491465,-0.846414204472985,-0.852913218251671,-0.864183656685199,-0.877181935674554,-0.891743367273873,-0.898900881404097,-0.904988803898039,-0.908115109117947,-0.909595792038975,-0.909019761376366,-0.923251314219973,-0.937894461212279,-0.945791688223069,-0.952372668826731,-0.959694116606895,-0.959941022809724,-0.95936499214712,-0.973432611340782,-0.990297411294571,-1.00658643201774,-1.01925558654732,-1.03208942902279,-1.03653172921784,-1.03924644028905,-1.04122068418376,-1.04969394185714,-1.05882519701811,-1.06302084244233,-1.06655823894698,-1.07174100631854,-1.07305725272567,-1.07281059795482,-1.08391659987445,-1.09633909963319,-1.10078165126023,-1.10505951494138,-1.11073584328663,-1.10941934544751,-1.10711547422908,-1.11929056492103,-1.13187724976169,-1.1373066719041,-1.14298300024934,-1.1481657676209,-1.14479280763014,-1.14158428415328,-1.15071579074622,-1.16091688897545,-1.16708677829436,-1.17358579207306,-1.1790976839044,-1.17852190467377,-1.17687653380686,-1.18559694911506,-1.1894634700795,-1.19094415300052,-1.1914377139742,-1.19226039940765,-1.17210510915203,-1.11402532786054,-1.03866990676249,-0.929091827647133,-0.763572899080863
-0.706702543344917,-0.617986212791289,-0.483676838279402,-0.338339452583245,-0.224028346596762,0.128286980695164,0.409744242328821,0.633675449635545,0.821313372529579,0.994302532916525,1.0140540520812,1.04244682943938,1.06499635052938,1.08450086880492,1.10137188472897,1.1094368913573,1.11997064923492,1.13165691024287,1.14070966889931,1.14523592246332,1.15823893464703,1.17395795049755,1.18490346036651,1.19074646510628,1.19412071859677,1.19905872415213,1.20580723113311,1.21699974189121,1.23115500567684,1.24703826957277,1.2516465213953,1.25041176847805,1.24605001448786,1.24514476377505,1.24547426597948,1.25263452495182,1.26176978492357,1.2741967970705,1.27880555194983,1.27946380177351,1.27938155198659,1.28226205522722,1.28349655661608,1.28958656224497,1.29831032175378,1.30637557991051,1.30942058272496,1.31164258461351,1.31213633486337,1.31435808522353,1.3175673360834,1.3236570901839,1.33155734571001,1.33978685191216,1.34316085387425,1.34464210462382,1.34521810466058,1.34867460793799,1.35468236377997,1.3626653721498,1.37270563130595,1.3825813908883,1.38307539266655,1.37953689113065,1.37657438963151,1.37122538666998,1.36916813588364,1.37237763827192,1.37822039148329,1.38282864330582,1.38974139833223,1.39023489705368,1.3903993966275,1.37731413465689,1.3357540970696,1.2525512690513,1.12968115465823,0.961958747445891,0.769053568320448,0.585036396749231,0.43023500346208,0.308764141560071,0.222846064460166,0.17149251707744,0.133471232554454,0.101292952771245,0.0723241753763039,0.0471409004063975,0.0134811183452243,-0.0179566618274034,-0.0500526918237053,-0.0805849697551247,-0.106097243872669,-0.124202509657148,-0.14263702611768,-0.159590291828634,-0.175802806400599,-0.200162577387816,-0.225921600866074,-0.251433623455214,-0.276698645155229,-0.297355163504318,-0.314390427473786,-0.330026690480584,-0.344428452098547,-0.358089714105912,-0.380968234343552,-0.402448005146931,-0.424010025737217,-0.44590154853195,-0.463019565345128,-0.476187328631037,-0.488120590528111,-0.499148601712387,-0.509929360479128,-0.530668380143517,-0.549020898345535,-0.568936917084038,-0.588852935822529,-0.606053202422619,-0.616257961152587,-0.627532470169184,-0.637325728436209,-0.648435737878993,-0.663907752840376,-0.68176652079254,-0.698555538458074,-0.717155057549223,-0.732956323186648,-0.746370835833294,-0.757151846128434,-0.769825356107696,-0.780029863309271,-0.792785623075445,-0.804965131276447,-0.820436391652633,-0.826526145753132,-0.833109901631895,-0.838130156974175,-0.84347991452089,-0.844468169605802,-0.860598937447669,-0.876894204863343,-0.893436221639753,-0.903147230119872,-0.915326989849278,-0.918124740246198,-0.921416240892979,-0.923226490790188,-0.937957503084187,-0.951536263776253,-0.967831028135129,-0.980011039392935,-0.991779550187791,-0.99655305616934,-1.0014090634662,-1.00429006976363,-1.01235557944876,-1.02363084305057,-1.03564660626295,-1.04058461181832,-1.04412336488263,-1.04585161652133,-1.04502836406703,-1.04247685997403,-1.05333986852769,-1.06798837950638,-1.0811556397355,-1.08518814304966,-1.09127789715017,-1.0898786446591,-1.08642214138171,-1.08452939016918,-1.10123565499101,-1.11539091877665,-1.13259118537673,-1.14501819752366,-1.15686895810543,-1.15884395910486,-1.16254721174298,-1.16213545975164,-1.17127021666659,-1.17933522329492,-1.17933522329492,-1.17851222236902,-1.17982922507317,-1.17497397236151,-1.17192922107546,-1.18534398525051,-1.19982849971218,-1.20320275320267,-1.2069062573692,-1.20805850897113,-1.20196850334223,-1.19324499536182,-1.19365649582477,-1.18731940546394,-1.1427146165906,-1.10653144572206,-0.966764799246112
