-0.47819540421018,-0.504724883892097,-0.295007308525298,-0.104253424792671,0.147554247204071,0.487638242120026,0.715345221092166,0.868808994056144,0.950644719004558,0.970892467595645,0.912340983105881,0.900275981875971,0.916305492486297,0.948449605615583,0.976291162418263,0.992996509066699,1.00362732485441,1.0075928656519,1.01290801569147,1.03307170379098,1.06200965694394,1.07458031039465,1.07888312457553,1.07981114208838,1.08175149545993,1.08419775890657,1.09769617201587,1.11347246973438,1.12452436154278,1.12958629869055,1.13321430825039,1.14063896406176,1.1505103990283,1.16316588653339,1.17784604575589,1.19235731043243,1.19606938048384,1.19657529055893,1.19556269684596,1.19556243899169,1.19682772988793,1.2041675516449,1.2130261350442,1.22247520471871,1.22914047970891,1.23226206348513,1.23302144430629,1.23546822346146,1.23825253385429,1.24323015265621,1.25090776350512,1.26204423151363,1.26761233659075,1.27275859208437,1.27680793551918,1.2813637047376,1.28381048389277,1.2900536514452,1.29697162361868,1.30287751778772,1.30566157032628,1.30785487873538,1.30912042748588,1.31156720664106,1.3167980383348,1.32354737381658,1.33105634797379,1.33898691386025,1.34219307383657,1.34177122425307,1.34134963252384,1.34607403843395,1.35020821592313,1.35687323305907,1.34793058916819,1.31106232798305,1.23175770053566,1.11760896791199,0.967266778724224,0.813465216668319,0.676115014806238,0.565508941979478,0.479707160525039,0.421324570581231,0.37517561855902,0.331051853962749,0.288953018938151,0.249975767689767,0.212432959737852,0.176070866482066,0.143083312040033,0.111951792623712,0.0821698824494756,0.0540751127549847,0.0283430617240943,0.00252643449308138,-0.0226994486084604,-0.0425256054703099,-0.061001637381529,-0.0804059446598798,-0.0987976582252605,-0.11558654965674,-0.142752528275565,-0.170846782261527,-0.197085001221761,-0.223407538527861,-0.24694602329539,-0.263819748781253,-0.280608898067006,-0.29765100239029,-0.313512134163183,-0.336206919763709,-0.359660828331122,-0.381765127656449,-0.404375852765398,-0.426311515399032,-0.444535107981253,-0.461662046358927,-0.479210576465833,-0.495830831205618,-0.514053908079305,-0.531264391240016,-0.548390556054883,-0.562901305022885,-0.576905886061532,-0.589898389095749,-0.603312999567737,-0.617655369698312,-0.635794386080416,-0.654861677829646,-0.672156995044736,-0.687427382688169,-0.705482080724424,-0.724718009165348,-0.74623156436121,-0.773735332071962,-0.807735222372699,-0.837095025109163,-0.863501880761102,-0.882653233001903,-0.897164239824177,-0.906191459915171,-0.916146697519018,-0.92584872223106,-0.94289082655435,-0.959848870386057,-0.97748197669308,-0.992921258882469,-1.00642044555457,-1.01629188052111,-1.02481319053702,-1.03206869394815,-1.04269925188158,-1.05510126864061,-1.05923493042126,-1.06471845929827,-1.070792990159,-1.07433616566446,-1.0770356420029,-1.0957651446602,-1.11331367476711,-1.13128379660325,-1.14680739713849,-1.16224667932788,-1.16865874142627,-1.17540807690806,-1.18021680116402,-1.19008772042202,-1.20097097553872,-1.20679203565338,-1.21126322867169,-1.21640974201957,-1.21885626332048,-1.21885626332048,-1.22973977629145,-1.24222636925059,-1.24720398805251,-1.25184433347105,-1.25741269640243,-1.25783454598594,-1.25758159094839,-1.27276791810025,-1.28888200491068,-1.29824649838506,-1.30600816972555,-1.31309477859072,-1.31149144074828,-1.30853849366376,-1.32009706911005,-1.33384895296543,-1.34228568678122,-1.35055404175959,-1.35840054715446,-1.35823191046277,-1.35544811577848,-1.3638007891027,-1.32001429788982,-1.24028730515038,-1.11221805197964,-0.914292725327454
-0.919498576098044,-0.773420273151644,-0.600663626095677,-0.448521855780265,-0.36680731027353,-0.0345402462207839,0.249500470750008,0.470763146169152,0.67775352330167,0.888755231348333,0.923455952188028,0.947895990753385,0.966832209610329,0.975787427474153,0.984275939672985,0.993044418251191,1.00815576038146,1.02886414931391,1.0425765148418,1.04947959625075,1.06123305241752,1.08007575908257,1.09220212362429,1.10376884050542,1.11673453398896,1.12718195554892,1.13557752575216,1.15031624460562,1.1679467139539,1.17606260287592,1.18026038797754,1.18809602542204,1.19611840215218,1.20358084612358,1.21682679108462,1.23268452016112,1.23557598555779,1.23548218826776,1.23240369848731,1.23333625452286,1.23529516388399,1.24359722189535,1.25385818926783,1.2668241678495,1.27270089593288,1.27531268004833,1.28072298756487,1.28585361380017,1.29107746712923,1.29919278585496,1.30898733266059,1.31477083365023,1.31784903833253,1.31971472059992,1.32521854030834,1.3312817225792,1.33977023477802,1.3491918732087,1.35870673873313,1.36010600043366,1.36038625191117,1.35777475289386,1.35973366225499,1.36178579870986,1.36822245955197,1.37475206238968,1.3838002222491,1.3859455857977,1.386971368927,1.38706402582445,1.38725019491378,1.38752959109685,1.39116744343974,1.38641029577568,1.35730690683629,1.29611458117266,1.19854287678572,1.06272554121179,0.906106589611685,0.760961127798975,0.635498271789417,0.534474884148928,0.461529387416681,0.409012313237521,0.357894500758886,0.310507767716884,0.266852114111504,0.22758069979523,0.19008145555446,0.157059677696534,0.126183263387204,0.0955868154572415,0.0622850712199409,0.0303828737813286,-0.000679709617330985,-0.0311823602572613,-0.0568343510412437,-0.0796881035222948,-0.100956140115322,-0.120265267347226,-0.139014746918538,-0.164573795706922,-0.190132559397161,-0.216344482939879,-0.241157144782053,-0.266902647757923,-0.287331070310997,-0.308319140524649,-0.32800117613152,-0.349922087478875,-0.369884374563245,-0.391525604629383,-0.41046182348632,-0.426133383473478,-0.440965329420684,-0.455517023890377,-0.468669741757683,-0.48434101664669,-0.506914802748373,-0.528648974810104,-0.550849852536827,-0.566987262894538,-0.580792855516166,-0.590307721040581,-0.599916098756878,-0.607752021299532,-0.62780782057579,-0.648889402981337,-0.670250666668107,-0.690585862127431,-0.711947125814214,-0.72705875304263,-0.741051084949888,-0.754297315009069,-0.769222488050018,-0.783867694711598,-0.797766514426963,-0.812691402369767,-0.826869903366356,-0.838995982809934,-0.850282733311697,-0.861475971621579,-0.870150652909753,-0.881157437032149,-0.893004120292654,-0.899533723130357,-0.905690417593105,-0.9126867260958,-0.917724125237373,-0.922481557999584,-0.93917890111603,-0.957089051745541,-0.974532781808197,-0.983581226765765,-0.99197651187086,-0.993842194138245,-0.993469000665134,-0.994308329606943,-1.01221791004016,-1.03022100266526,-1.04691834578171,-1.06305575613942,-1.0773277693279,-1.08264513484884,-1.08758930689667,-1.09458533030122,-1.10447338929875,-1.11660003893861,-1.122010061357,-1.12695366320854,-1.13096470902453,-1.13320329966689,-1.13292333328751,-1.14635601753418,-1.16053508872706,-1.16725143085039,-1.17667306928106,-1.19066540118831,-1.19990030033336,-1.21221340416071,-1.24197023805072,-1.26846184287465,-1.28142782145633,-1.29112885607008,-1.29663210558221,-1.29196761481559,-1.28851621666018,-1.305026820491,-1.32303019821425,-1.33245183664493,-1.3414073396069,-1.34924326214955,-1.34644530894477,-1.34243454822692,-1.35661361941979,-1.35512113062551,-1.30866723871721,-1.22555371660808,-1.10447452969133,-0.91436737966644
-0.717211861630448,-0.48784795463309,-0.240854917506078,0.0140341851169312,0.257354346485635,0.542176769154494,0.725355554385714,0.849127370253533,0.937824457398252,0.966471653544318,0.921296516485855,0.909543201807556,0.91955128311628,0.923774753483222,0.943148555723939,0.975560674025686,1.00136200884343,1.01403298120279,1.02844862567319,1.04773066214579,1.05737139975283,1.06379865170061,1.07399054517481,1.08344775124564,1.08858944055215,1.10181156877867,1.12054273001337,1.12926580993936,1.13119457484514,1.13275599604923,1.13514358979555,1.13863293401764,1.14818218648584,1.16213844085719,1.17646203893022,1.1840828071219,1.18702071484758,1.19546765558147,1.20501662742041,1.21383119248523,1.22723685224795,1.2421118868174,1.24505063643086,1.24293918187665,1.23963393044928,1.23899128944329,1.24174566563276,1.24899909012275,1.26139448454853,1.2750751609863,1.28040038182903,1.2806759597626,1.2812268350005,1.28232858547629,1.28453236705713,1.29178607217638,1.30032477867837,1.31134284469478,1.31501515919457,1.31611662904109,1.31483106639984,1.32006508273299,1.32300355171719,1.33117603703454,1.34035850705957,1.35238711904218,1.35119332216903,1.34999952529588,1.34687752477546,1.34706077568241,1.34669315135147,1.35578329434988,1.36560812475165,1.36992364151596,1.34641813467641,1.29095989963417,1.19932490476377,1.06995200949038,0.91734890468175,0.76942866033912,0.640147530833833,0.531984595051042,0.451367666197049,0.388288382333865,0.336686554586143,0.287747337259793,0.248908247639527,0.211905315269157,0.180411415906997,0.150202798556833,0.123758822733079,0.0897858444857567,0.0581084135873785,0.0262471705235304,-0.0052467288386364,-0.0307724857228039,-0.0533600542520385,-0.0748458723054817,-0.0943114403142887,-0.111297929437953,-0.139302484578017,-0.164093554058828,-0.190721061418787,-0.216889739938227,-0.244435746867024,-0.265095392378255,-0.286856788365277,-0.306047059069776,-0.326155268084585,-0.345345258159819,-0.365453747803898,-0.384552252740289,-0.39887613144258,-0.412465603370774,-0.426238606835166,-0.437991079625677,-0.450753256494617,-0.474901123710903,-0.498773412993611,-0.521635998197901,-0.5456008951365,-0.566352587045098,-0.580309683304225,-0.59417501379525,-0.607764485723437,-0.620802801784479,-0.637972822444342,-0.656336359348112,-0.673965208848513,-0.685075321262286,-0.696552496748483,-0.705275015415945,-0.712344908369723,-0.719323316184664,-0.739247993663267,-0.758622076533236,-0.778271456707525,-0.796910852174126,-0.814172638602098,-0.825006892453034,-0.835106458900608,-0.844747196507644,-0.85558145035858,-0.868986829492039,-0.882300723486648,-0.89524755440884,-0.907184400623344,-0.918386840063743,-0.928303716862881,-0.93739385986129,-0.947952816407912,-0.960439695972533,-0.975038310720627,-0.985413174472508,-0.995237443615762,-1.00340908704533,-1.01038721423101,-1.01442715306174,-1.02562903124362,-1.0381161914375,-1.05216421157695,-1.05813235405495,-1.06887512276704,-1.07961817210839,-1.09458497244595,-1.11111291335834,-1.14738171958386,-1.17988588428297,-1.21018598677198,-1.229835086317,-1.24764774798288,-1.2522385620515,-1.25710495405371,-1.25875786039665,-1.27097000391548,-1.28107013162156,-1.28419213214198,-1.28529416324703,-1.28786528852954,-1.28474356863839,-1.28254006768682,-1.29677189999175,-1.31412545218783,-1.32055270413561,-1.32633731507739,-1.33166281654938,-1.32844933089013,-1.32110386000276,-1.33524392653959,-1.3510366187901,-1.35691299549998,-1.3615038095686,-1.36728842051038,-1.3621464505746,-1.35627007386471,-1.36985926516364,-1.33717184955758,-1.26582859523821,-1.14490320195722,-0.959337103608959
-0.780846416189324,-0.509664681508515,-0.230029546609566,0.0271890834422317,0.265980584167941,0.524718962498938,0.699300735546896,0.826010292647472,0.933343131764605,0.973426456340285,0.9303979844308,0.916245020131385,0.918714647373242,0.926408318604432,0.960223080698218,1.0078107974453,1.02908756365938,1.03060731193858,1.03212706021777,1.03602150590362,1.04646988418761,1.07192588559315,1.10194113183629,1.10925508372666,1.10764040561226,1.10707053629572,1.10982524334851,1.11314981971782,1.12796758316898,1.14496989405108,1.15427824339667,1.15836254875294,1.16216177429827,1.16976022538896,1.17773868612576,1.18961188285374,1.20309946739081,1.21544760360011,1.21801245098248,1.21877247027474,1.21687271234941,1.21696793248992,1.21896262025045,1.22665629148164,1.23596493113254,1.24812320767143,1.25600702887834,1.26132629300818,1.2677852957711,1.2754789670023,1.28222246896553,1.29086572885408,1.30121859669223,1.30644264068157,1.30710743983331,1.30653786082209,1.30644322129218,1.30615872209188,1.30929343879079,1.3154676520481,1.32240159429234,1.32886059705525,1.33360999186857,1.33664948842696,1.33816923670616,1.34130366309976,1.34434286935284,1.34890182388513,1.35479095733151,1.36191504955148,1.3652396259208,1.36742475396235,1.36837492323032,1.36533542667192,1.33987913496107,1.28659243474333,1.2011056505462,1.07942969715393,0.924984080771057,0.773008381935342,0.636800325513462,0.523293853749642,0.437522860657508,0.379202556731454,0.331140481113649,0.289157398612645,0.248883924061244,0.208800599485564,0.170521812694701,0.133667844347823,0.104602477067342,0.0775315072420874,0.0538797533160441,0.0307978687065543,0.0101856113389024,-0.0228697120732376,-0.0547847162417065,-0.0872692994213919,-0.117474115029636,-0.143784484952033,-0.162685973148838,-0.181302962145336,-0.198875432649279,-0.218062581267623,-0.244753831752057,-0.271634941906902,-0.297660812628985,-0.323211453564431,-0.347337276055879,-0.366903563404427,-0.384950102473782,-0.403091861683643,-0.421803780515349,-0.440705849322777,-0.460177787446732,-0.480599894838663,-0.494088059986335,-0.506531416336154,-0.518784622710245,-0.529898090451268,-0.540061388924315,-0.563332552593618,-0.586508496122402,-0.608924710664242,-0.631151065535672,-0.652522471279652,-0.666295135627644,-0.679213141153477,-0.692131146679317,-0.705619021521685,-0.720057065632022,-0.735824998351154,-0.752922529373752,-0.761756229543328,-0.769544830609732,-0.777143281700415,-0.782746754725256,-0.78673554963571,-0.806777066770894,-0.827008733881806,-0.84686039134658,-0.864717651356135,-0.881720252543544,-0.89007901323178,-0.897963124743996,-0.905182437104475,-0.917245783808163,-0.931588607777981,-0.946976240545685,-0.961128624234483,-0.975091148252885,-0.986204325688597,-0.995417745198992,-1.00273169708937,-1.01270542619732,-1.02334395445701,-1.03502700120927,-1.04547537949324,-1.05592346747191,-1.06456701766576,-1.07178574941563,-1.07786503283773,-1.0867936628425,-1.09705218145607,-1.10797520891607,-1.10949466688996,-1.110443965242,-1.10949379597404,-1.10759403804872,-1.10389003264389,-1.12070277416088,-1.13827553497013,-1.15717789408286,-1.17266045668576,-1.19213210450441,-1.20391008109186,-1.21796753494547,-1.23325994757265,-1.25814578935636,-1.27885210564329,-1.2853108181009,-1.28863510416491,-1.28910975334093,-1.28227074093189,-1.27799657590522,-1.29575861577426,-1.31466068458168,-1.32482427336004,-1.33517801211412,-1.34287226395592,-1.33954855850252,-1.33479974429983,-1.34771774982567,-1.36272508264193,-1.37469262859449,-1.38362038768334,-1.36899219359729,-1.29376421831903,-1.18785648795121,-1.04746948664316
-0.797789588914713,-0.723543331111987,-0.652003588013811,-0.529419154870527,-0.420659220635122,-0.372998264912768,-0.0351194511539798,0.258771998293099,0.465945948381842,0.675053460940731,0.900209482907632,0.939846331661492,0.96343555742046,0.993405184765666,1.00403977835147,0.995725814295083,0.997369519677326,1.02047476387668,1.04474032284075,1.0619485560714,1.07954356089028,1.09791181341461,1.09984508041371,1.10071465167741,1.10148760391181,1.10458059473356,1.10477324185008,1.11434384422945,1.1274917144612,1.14411993804501,1.15301450269031,1.15852562848389,1.1691602220697,1.17911789150832,1.18859217032943,1.20260990729592,1.21972122602624,1.22233141717251,1.22271818876075,1.22030123567306,1.22552161796563,1.22996875255276,1.24214984154944,1.2557808069277,1.27221549698187,1.27221549698187,1.27095856318787,1.26844469559985,1.27308506824558,1.27559864036256,1.28797296741785,1.30025037997279,1.31436503143962,1.31330163117525,1.31320501214594,1.30953142073529,1.30740491567758,1.30527811514882,1.31127204061787,1.31649242291044,1.32567684464364,1.33225107523055,1.33582834308294,1.33824529617063,1.34288566881637,1.34684882184388,1.35351878504698,1.36289585389671,1.37236983724676,1.3769135908632,1.376527114746,1.37411045712935,1.36898669386608,1.36299276839704,1.35293847992911,1.32306606255528,1.26390094198341,1.17515326112562,1.05285957148334,0.906977247024171,0.766121771327934,0.643731462656357,0.545316855860942,0.473970941763437,0.422926547189365,0.382709688788665,0.34558641215178,0.304015705456739,0.260028341145036,0.220101635303267,0.179691538843967,0.147692025470354,0.118206379684758,0.0941343542503368,0.0697721762569702,0.047827246822324,0.0128313616562634,-0.0173309128054639,-0.0483633494729645,-0.0780425287881959,-0.103468402516971,-0.121836950512329,-0.140592270095928,-0.158477132002711,-0.175491831703721,-0.201980514754791,-0.226149159218516,-0.251574442005219,-0.276806782204359,-0.300782188609491,-0.317797183781536,-0.336745741423735,-0.35308410791965,-0.371742513002903,-0.393978185938553,-0.419017288079093,-0.441639437131949,-0.466195148654951,-0.485627096914681,-0.504382121027238,-0.519173401170212,-0.535317938665442,-0.550108923337374,-0.568863356507859,-0.585200836590659,-0.603858650731834,-0.615072663022412,-0.626963599460157,-0.636921268898791,-0.646589081249523,-0.655870122012025,-0.677332251771212,-0.697537447736376,-0.717452491142609,-0.738430639342179,-0.752931471455165,-0.763081788010321,-0.771975466242504,-0.781352830563268,-0.789280318502459,-0.807358713938885,-0.823213689817254,-0.84129208525368,-0.849509430280774,-0.858790175572241,-0.863333929188671,-0.867491206687902,-0.870391550393125,-0.890983222475496,-0.910221637205591,-0.929169899376747,-0.939997140079076,-0.949857895017372,-0.950438200135242,-0.95111482881138,-0.95179175295856,-0.970256919983221,-0.990268877889792,-1.01182733120723,-1.02661890682124,-1.04479392128695,-1.05687839125434,-1.07108936627943,-1.08636403703993,-1.11933003617758,-1.14852552940424,-1.17501421245531,-1.19077227383335,-1.20304968638829,-1.20362940056409,-1.20420941021092,-1.20314600994655,-1.2162938801783,-1.23166546543915,-1.24036649655482,-1.24694043167069,-1.25351436678657,-1.25380422387447,-1.25129065175748,-1.26366497881277,-1.27932642116151,-1.29672789245075,-1.30591231418395,-1.31538659300505,-1.31674014582836,-1.31635366971116,-1.31326038341838,-1.32379806250385,-1.33665607564771,-1.33946009579466,-1.34149057276515,-1.34448753549967,-1.34158719179444,-1.33675328561908,-1.35222089896714,-1.36855837904995,-1.3668180546384,-1.31055327777175,-1.22141882532573,-1.07476295769009
-0.902867350719823,-0.7703501025696,-0.637337699730626,-0.466421008858242,-0.32321513441835,-0.244931692338528,0.0585019442071728,0.307503349834696,0.496035690531826,0.695553689836487,0.901504465418202,0.946831234152334,0.980974826861874,0.994731173892679,0.984042245126117,0.978994510583804,0.990870358714216,1.01462205497506,1.04718218110209,1.07301280111109,1.0754870621703,1.07182557927032,1.07825896050118,1.08954134894967,1.10349581835136,1.12348742424214,1.14318169533815,1.14773397271482,1.14981229150919,1.15842229652758,1.16881389049938,1.17782014025954,1.19296213397888,1.20899461969802,1.21097372606849,1.21008232663798,1.20859716504865,1.20869577251874,1.20968517446552,1.21730547506023,1.22660845466136,1.23700004863315,1.24214639064556,1.24422470943992,1.25253798461736,1.26164314432449,1.2711442462965,1.28371306900963,1.29816239062316,1.30004288952355,1.29925100499384,1.29638080166976,1.29895397267597,1.30192308594703,1.31132527797204,1.32211311668559,1.33418738966379,1.33458363440554,1.33280234792906,1.33042699681683,1.33280234792906,1.33547473135915,1.34467880101328,1.35467475519712,1.36575932375164,1.36625417596348,1.36486852927494,1.36229505579184,1.36506574421511,1.36714376053257,1.37456593875641,1.3840667382515,1.39346893027651,1.39307359296546,1.38248448157659,1.34834119134395,1.28371548882485,1.18791500439036,1.06084052561659,0.913774743428952,0.773537679783219,0.648739944651593,0.542943808510168,0.462285620271917,0.40191576776543,0.354015828025085,0.311163017873246,0.273159819892857,0.238719497342356,0.206951558221946,0.167464106082938,0.130846857267978,0.0949222805588512,0.0598881958495211,0.0249527186102755,-0.00265918787522592,-0.0308651589964565,-0.0571909336942022,-0.0828240362861341,-0.106675852401573,-0.132407864940489,-0.155566706473207,-0.17427187809934,-0.193669419354394,-0.211681011444,-0.228406169268956,-0.245922909146724,-0.273039358466574,-0.297879971575,-0.325491878060495,-0.350431703592806,-0.374975586860251,-0.39387857838036,-0.413474242006291,-0.431288619155727,-0.451972897152324,-0.473547969625624,-0.494924919728048,-0.516697509618417,-0.532927815231536,-0.549059210897663,-0.562914467875446,-0.576077052747429,-0.587557261089896,-0.608241236609592,-0.626253131176098,-0.646046312219104,-0.658515922508353,-0.670985835274515,-0.679398322875839,-0.688503482582984,-0.695827355813635,-0.717798370551788,-0.740066115130908,-0.760849303074496,-0.776882393747433,-0.793904886367164,-0.802910833650417,-0.811421626244925,-0.821021033210114,-0.840615789405343,-0.858132529283104,-0.876936005902415,-0.887327599874216,-0.897917316216893,-0.901777223964642,-0.907220598294915,-0.910189711565973,-0.928993490662184,-0.946312410645976,-0.966402624006844,-0.97718985776659,-0.98777927163236,-0.991243237115256,-0.994212652863215,-0.99450998765799,-1.01192842254257,-1.03182111848637,-1.05092192990045,-1.06695471809649,-1.08318532618651,-1.08971731488745,-1.09436880468802,-1.09842653232974,-1.10960970835434,-1.12019912222011,-1.1220796211205,-1.12494982444457,-1.12782002776863,-1.12673171587487,-1.12742469045759,-1.14721817397749,-1.16552710086187,-1.17532463019793,-1.18492403716311,-1.19442453418131,-1.19481987149236,-1.1969967977568,-1.21787859317048,-1.24133386206726,-1.25598100357476,-1.26864903871179,-1.27953548489542,-1.28012954953116,-1.27755637852496,-1.29042223355597,-1.30576234964619,-1.31189839608228,-1.31595612372401,-1.32050870357758,-1.31655018835974,-1.31051305187064,-1.32327999695466,-1.33881793293886,-1.34198516858079,-1.34376675753419,-1.29477820342317,-1.20521267537176,-1.07150760042696,-0.881291975769623
-0.748439173477668,-0.619755667349935,-0.453341407047202,-0.310658213378947,-0.241848771943202,0.0469917423109381,0.298994918676374,0.488841023990518,0.68941085597205,0.907754330975195,0.960180629872952,0.977357953939895,0.983613385294982,0.978350604983537,0.975172664986911,0.986987973985069,1.02054844059001,1.05857689903704,1.07059098102008,1.06870430674974,1.07009420029295,1.07754105567657,1.09044916088632,1.110605651965,1.13254958255669,1.14049352213764,1.14247973463552,1.13830975053567,1.1446647201183,1.15121785574542,1.164423361757,1.17663621672494,1.19480649530573,1.19778505537705,1.19977096440474,1.20135963093284,1.20761475881771,1.21019637985967,1.22231000007026,1.23194123399625,1.23928885462252,1.24097705937818,1.24256572590629,1.24484964267621,1.25448148354261,1.26510627892286,1.27841162663218,1.29221345159844,1.29747592843968,1.29519170819956,1.29201376820293,1.29310565400391,1.29548850206096,1.30333259994415,1.31425509959642,1.32676656924701,1.32934879722938,1.32924986594223,1.32805844191371,1.32666824490028,1.32458279764505,1.32994420577343,1.33520637914447,1.34205752251382,1.34722076459772,1.35297971869589,1.35248324143897,1.35446915046664,1.35814296077978,1.36519287713402,1.36936316470409,1.38117908064265,1.38991689828234,1.38475365619845,1.35139135563798,1.29241192111312,1.19351674693047,1.06394043145685,0.913115739103579,0.774106659218668,0.647906146315951,0.549309283345736,0.469478410970578,0.41506620304515,0.363632858661239,0.327291998029457,0.289163394414466,0.259077661667561,0.2273040276352,0.200991339958781,0.159288160787997,0.122748527171325,0.0837265072700446,0.0470876388960192,0.0125339143070253,-0.0123882728857739,-0.0389983613640281,-0.0610409197726362,-0.0835799554381673,-0.109792497946634,-0.136600752469364,-0.160728454663003,-0.189125982654249,-0.212956284046061,-0.235694699636897,-0.255851494185792,-0.278490371549078,-0.295965703358258,-0.31771055749484,-0.33786644163311,-0.360107469556411,-0.375298884595662,-0.393469466646669,-0.409058427655714,-0.424349684392727,-0.437953343314496,-0.460393751163095,-0.481145954256042,-0.503387589119752,-0.525331519711435,-0.54151619273475,-0.553034404401283,-0.565148328082079,-0.575872054749459,-0.585999765932366,-0.608638339825454,-0.632567572504408,-0.656000327926445,-0.679730787620501,-0.70445420182841,-0.721531987667809,-0.737120341736446,-0.751715741291231,-0.765318489802394,-0.777432110012979,-0.790836692479653,-0.804241578416525,-0.814370200010058,-0.82439928337604,-0.835719025527887,-0.844258373652889,-0.852300941050771,-0.867790060362069,-0.883279483143563,-0.896385754397797,-0.905520511066864,-0.913761851449637,-0.91763443474766,-0.920811767803877,-0.925280063116163,-0.941762743881708,-0.958741598433965,-0.976316165000491,-0.988827027710666,-0.999649685665182,-1.00411767750728,-1.0088836770916,-1.01186254063313,-1.02586253164386,-1.04284138619612,-1.05813203599272,-1.07312498151729,-1.09109648711319,-1.10489800860924,-1.11810381809102,-1.13428849111433,-1.15335248945162,-1.16943792771759,-1.17370745004499,-1.17648754060162,-1.17757972987281,-1.17519688181575,-1.17499841230107,-1.19535337289444,-1.21580787171535,-1.2305034164381,-1.24351075640519,-1.25433341435971,-1.25383693710278,-1.25274444436139,-1.2628721555443,-1.27657444228301,-1.29107151749107,-1.30149753988642,-1.31212233526666,-1.31539920655043,-1.31599522203491,-1.31619369154959,-1.32602339499026,-1.33595233318828,-1.33932813575918,-1.34379612760126,-1.34776794565664,-1.34469015082797,-1.34091710575749,-1.33684605294478,-1.28491623130395,-1.19446086701876,-1.07044473265842,-0.890527262072082
-0.731256981782083,-0.554170083894128,-0.366114075196103,-0.142778895662891,0.0829281222752829,0.415362129874572,0.648085597320668,0.822900024540223,0.9125306290093,0.939113159702816,0.886638537968634,0.88812029515885,0.913813348696798,0.957294435197995,0.994451324021681,1.01105389082684,1.01471056312646,1.01392015167787,1.01836693339648,1.03872372806026,1.06718367471267,1.08329151704217,1.08605841015664,1.08556459176976,1.08843085262079,1.09515101109659,1.10918360808284,1.12786081617205,1.14298011563903,1.14821730880624,1.15068760885898,1.16027312209702,1.17163758964619,1.18349647964142,1.20009844238739,1.21422980305102,1.2139332099893,1.20830005602381,1.20286442941307,1.19910899343607,1.20019599794639,1.2080028589029,1.21976268319116,1.23221415525064,1.23913184108119,1.24091079539231,1.24288757908777,1.24782908528205,1.25227647105985,1.25968827730687,1.26957038360663,1.27876054010558,1.27935312216982,1.27895776543074,1.27846364501427,1.2794521878768,1.28073702177145,1.28666646676907,1.29378137792477,1.30089628908049,1.30395917119748,1.30682482798931,1.30880100762559,1.31295149831209,1.31759580738545,1.3245131911864,1.33143027295777,1.33953342494641,1.34190496132178,1.34210279070612,1.34170773599662,1.34585852871271,1.34872448753414,1.35544434398035,1.34674800586827,1.31255583954341,1.23893431372644,1.13230669180189,0.987732071634658,0.838315313009713,0.699373544778384,0.584049584741753,0.492244971252049,0.427418245194952,0.375635875291174,0.331561300636944,0.289858866417269,0.250528270602562,0.219399892483465,0.188864398458208,0.159218683618105,0.131944203123785,0.105756727139769,0.0697859085333701,0.0366807467188099,0.00347651919727907,-0.0293320495555679,-0.0587808411001068,-0.0825967807087539,-0.10651118196518,-0.128547865233106,-0.149201252958602,-0.174005131370582,-0.198117362011349,-0.222328658359088,-0.244464709363578,-0.268478176326967,-0.289329393436805,-0.309587424423203,-0.329746691732236,-0.353858922372997,-0.374512612128085,-0.396352070070848,-0.418290593720589,-0.433113904185036,-0.446948973816544,-0.461771982251386,-0.475112629436832,-0.488156683560559,-0.513652209743757,-0.536380540782902,-0.55930670120639,-0.582924811430695,-0.605060862435184,-0.620180463931752,-0.636288608290851,-0.651803868556103,-0.666034294926696,-0.681450187455385,-0.697755859169233,-0.713764937821362,-0.725524762109621,-0.737778706814351,-0.749835426193916,-0.759915361878025,-0.769501177145658,-0.787289210108915,-0.804681886333067,-0.821184783372072,-0.831461944381338,-0.84144251232887,-0.846975694498613,-0.851916294604095,-0.856955960416567,-0.876028525244869,-0.895595210489654,-0.913680138544203,-0.924254194644782,-0.934037537267164,-0.937001957736381,-0.938879373695281,-0.942732667260866,-0.962397512123831,-0.983248427204076,-1.00409934228431,-1.02218336425009,-1.04204664255659,-1.05449841664567,-1.0682344205702,-1.0824648469408,-1.1052928477461,-1.12495829666826,-1.13661935727914,-1.14442682229485,-1.15045503096983,-1.15035596526286,-1.14996060852376,-1.16359754674134,-1.18019890542812,-1.19808540003914,-1.20945016961791,-1.22101246655142,-1.22437284781891,-1.22644869722135,-1.22615270821882,-1.23929582804951,-1.25352595239051,-1.25817026146388,-1.26271580685987,-1.26765640696536,-1.26637157307071,-1.26251737341634,-1.27981098393353,-1.29611605158819,-1.30253931497267,-1.30629444892007,-1.31133441676212,-1.30481238970026,-1.29799437363587,-1.3125213930682,-1.33090261215487,-1.34167449763979,-1.349877017365,-1.35748635096676,-1.35402781008108,-1.34701136057316,-1.3404890314817,-1.29048531385945,-1.21557865211824,-1.0853326179398
-0.795162486150988,-0.707785677603385,-0.615840481677144,-0.477637163576642,-0.383312065896427,-0.35390089035174,-0.0433244387219332,0.227942470772162,0.431535342271826,0.654830693418685,0.891261030997008,0.933997445478618,0.958078059998992,0.98054065550511,0.984537703555432,0.98434716014401,1.00243162077695,1.02832108862898,1.04754793701255,1.05801851564977,1.06353932917954,1.06829855087557,1.08076736263197,1.10104089070151,1.11779242017239,1.12645356366601,1.1280712917743,1.12968901988258,1.13254397108825,1.14110998832914,1.15443522726606,1.17004495079826,1.17651731776128,1.18013444261264,1.1873684014094,1.19412643803656,1.20221682401382,1.21630365478449,1.23124720364163,1.23476920224028,1.23695856058284,1.23733964740569,1.23867257856775,1.2403860147407,1.24999929347949,1.25970769847102,1.26979660847345,1.27465037461026,1.27855258731383,1.28131270317274,1.28626217737421,1.29187811715671,1.30063525962098,1.30948752833797,1.31500834186775,1.31634098212382,1.3157699337015,1.31681690429343,1.31976727265779,1.32557317403977,1.33375868626976,1.34289604283896,1.34708392520668,1.34813089579861,1.34784522613446,1.34727417771213,1.34841627455679,1.35431759309747,1.36012378538542,1.36764312294036,1.37535271300075,1.37916009035757,1.37887442069342,1.37935034286301,1.37316393647013,1.34413384774828,1.28816732058248,1.20269478252523,1.08371831280829,0.937995657152832,0.797793815027157,0.673391948939138,0.572594775201889,0.494831536299062,0.441054076569842,0.396128303745673,0.357008723209458,0.313606134052786,0.27515272819162,0.235652060832553,0.198055082151895,0.163218510236129,0.135711023369843,0.106966313406169,0.0831713685499523,0.0575678612680444,0.0278713069651692,-0.00363380976339109,-0.0331401115608141,-0.0649308979535129,-0.09329510290627,-0.118898901094148,-0.142408758098166,-0.166203993860365,-0.188666589366476,-0.211509980789468,-0.233496945031946,-0.255864414285334,-0.278993475372471,-0.301075565867684,-0.323443035121073,-0.345619960963039,-0.369795992642106,-0.390735986292667,-0.413865338285773,-0.435757467181504,-0.458601440416436,-0.476876444460804,-0.499814962136512,-0.518946102455411,-0.539980931452725,-0.557398926504644,-0.579861812916719,-0.596614215105522,-0.615936480647796,-0.631546495085964,-0.651820314061469,-0.6653360964098,-0.682944343967172,-0.698268106929249,-0.71644740290894,-0.73024827310949,-0.749950170944745,-0.765083681401377,-0.774316164223301,-0.780312318110737,-0.787926781918392,-0.79135365426431,-0.798777865566513,-0.819908111722519,-0.845131404899499,-0.869973902159592,-0.891104148315598,-0.909950200782292,-0.920991536935865,-0.928796544154956,-0.936696677626769,-0.954400342342834,-0.972675055481225,-0.982478586725476,-0.991711069547394,-0.999991708030112,-1.00227619262539,-1.00151489169762,-1.0179813333163,-1.03673196862429,-1.04644037361582,-1.05453046868711,-1.06414345651994,-1.06518984529993,-1.06195351636544,-1.07613547338883,-1.09279245841893,-1.10668932759013,-1.11630347904684,-1.12829665953962,-1.13058143504088,-1.13362722056394,-1.14266915997444,-1.15856397135885,-1.17207946280122,-1.18302479998416,-1.19092464254999,-1.19673083483795,-1.19768267917715,-1.20367912397056,-1.21690952756072,-1.23071097957321,-1.23727847278894,-1.24546427592491,-1.24889114827083,-1.24841551700719,-1.24774963323811,-1.25945714406674,-1.26802345221361,-1.27506686759894,-1.28087276898092,-1.28772535004887,-1.28667808855096,-1.29153214559374,-1.3031439483577,-1.30742695697815,-1.30847392757008,-1.31094866467082,-1.30847421847605,-1.30266831709407,-1.27696968355944,-1.21900463236847,-1.11544763367827,-0.956304321927211
-0.838472741984425,-0.620322787198469,-0.384895661915552,-0.140165243961437,0.101242217156152,0.431599195004369,0.6506979028555,0.811224890513285,0.908907867798909,0.94213366436303,0.880998860200949,0.866664565037342,0.880334442916773,0.908338906098361,0.945930997732145,0.979631170828856,1.00222455001487,1.00279438213108,1.00374400561191,1.01703467240382,1.03640055033692,1.05358313566591,1.07446788891895,1.09212485078053,1.09573214339807,1.09611193476269,1.1006685607225,1.10731360397991,1.11405352254382,1.12715356830704,1.14386090668779,1.15259407710423,1.15629595488973,1.15857412280036,1.16578899817397,1.17290899824106,1.18544008230373,1.2006294157802,1.21619825048273,1.21971066779376,1.21942604187421,1.2173376245766,1.21904625050958,1.22255866782059,1.23214658641134,1.24334825562857,1.25473996559736,1.25682838289496,1.25483484090388,1.25236692238022,1.25445533967782,1.25720817425957,1.26565700889501,1.27685867811223,1.28843984855551,1.29100293252425,1.29214201647956,1.29242664239911,1.29707814366544,1.30277414371912,1.31359631171026,1.32479827106602,1.33448135510185,1.33381693781768,1.32954493777742,1.32403897847533,1.31957722782203,1.317773436444,1.32128585375501,1.32736135503476,1.33381635754057,1.33913227609107,1.34207515142443,1.34435331933505,1.32887965007759,1.29090776707918,1.2229378789081,1.12155244355988,0.984473583262426,0.843597389595845,0.706802865079391,0.587760177731033,0.492734869582106,0.424289734462794,0.368850059938736,0.324232553405813,0.285121296313534,0.248098456518855,0.214398283422144,0.180698400463996,0.147947850848118,0.115102135787168,0.0882370466994542,0.059568456372247,0.0346017438305405,0.0098250720404128,-0.0121038898614252,-0.0404881444076334,-0.0651705211683474,-0.092415691759232,-0.117002903074875,-0.137602740269804,-0.153740826811448,-0.171302623227965,-0.185257417165489,-0.201206043232654,-0.225698379241776,-0.252564048606598,-0.277910842651481,-0.304871097184273,-0.32423668497882,-0.341893646840401,-0.355563524719832,-0.368568695176537,-0.380719697736023,-0.405116578161524,-0.42505170793374,-0.446695463638915,-0.468434384789168,-0.489129097290618,-0.502989015921634,-0.517703392588411,-0.532133143335633,-0.547512227425137,-0.565359230038304,-0.583111357344956,-0.601717652548826,-0.615577281041285,-0.629341744088674,-0.639783830576644,-0.650605418290685,-0.660193046742887,-0.67946346909237,-0.69617109761167,-0.71591647677085,-0.727687978104267,-0.74012389672186,-0.744775688126737,-0.751800522748762,-0.755787606730919,-0.774963153773888,-0.792335199577363,-0.813124787385328,-0.82480112327368,-0.838281250540076,-0.841793957989648,-0.847489958043322,-0.850812624741303,-0.869988752061365,-0.887076462083835,-0.90834129684006,-0.928182131582849,-0.955807093538367,-0.978875139395522,-1.01010681369146,-1.04247728180416,-1.0811132919482,-1.11016167364002,-1.13000192810571,-1.14044430473223,-1.14794409616394,-1.14680501220863,-1.14993763815502,-1.16503180618643,-1.18354351622232,-1.20015655957365,-1.21582055972126,-1.22787726725134,-1.23357326730502,-1.23575685004768,-1.24002885008794,-1.25132539461167,-1.2655645243302,-1.26907665150266,-1.27553165400848,-1.2788540305679,-1.2785691145098,-1.27486694658574,-1.29166974055011,-1.30638382707834,-1.3135984123134,-1.31872487038942,-1.3254650790919,-1.32090845313208,-1.31768095187918,-1.33267995446551,-1.3498619595174,-1.35736117067201,-1.36542992380428,-1.37141025963896,-1.36799242749591,-1.36277109411337,-1.37748489050304,-1.39143939430202,-1.39855910423057,-1.4055839388526,-1.3865029769776,-1.29328175034526,-1.1673096839585,-1.00716248766533
-0.785094810747973,-0.716025768538451,-0.67575997246843,-0.597971175902263,-0.530567274106088,-0.560056219139066,-0.216275838841326,0.0962516435057781,0.340983267789663,0.57160686191429,0.843769735687083,0.906470461710456,0.956533068433978,0.995916738329266,1.02021323597723,1.01423717548996,1.00757571554105,1.02305574235089,1.04617756892503,1.06606613058578,1.08801178892693,1.10466678624245,1.10231534807196,1.10251117648958,1.11152437404081,1.12063548580084,1.13033438224553,1.14747895060508,1.16579908833395,1.17040315217062,1.17461555917207,1.18157136061106,1.19166221332281,1.1987159289706,1.21370548644094,1.22869504391126,1.23643475788437,1.2366308857338,1.23819871080202,1.24397924230351,1.24956364595556,1.2595565844585,1.27317444471006,1.28551882138349,1.28600869185935,1.28610660606815,1.28267751273714,1.28071803083371,1.27915020576551,1.28483252362636,1.29129875402132,1.30188007607259,1.30883647637524,1.31549913405148,1.32451263103453,1.33225264443946,1.33969831635431,1.34782968716263,1.35625480059736,1.35605867274792,1.35635241537433,1.35331557774221,1.35596105797095,1.35870475184032,1.36703284936173,1.37604634634479,1.38701902579945,1.38848833779519,1.38917373725683,1.38956539409206,1.38868386678098,1.38692051272698,1.38986003501396,1.39348525619442,1.38594137063894,1.35400247436301,1.2916928063112,1.194995189036,1.05979512974477,0.908038286778659,0.764608942470303,0.639695863740263,0.5377081843031,0.464230008379012,0.406720831445147,0.357343324751436,0.312178823922825,0.275929307004818,0.241345229931987,0.211170286573716,0.182072998375967,0.15415127954754,0.11643275006562,0.0810656587541751,0.0458940964285121,0.0124861875886769,-0.0198440660906369,-0.0453164325397715,-0.0719646677900655,-0.0976331620886401,-0.12359569844547,-0.149264492175874,-0.175618984799749,-0.200699694413655,-0.225584276178135,-0.24978315904913,-0.273491872012444,-0.295927101397618,-0.317480803471718,-0.337858936176488,-0.357746898973569,-0.377243204935428,-0.396837425106096,-0.416823302111978,-0.436809179117875,-0.456893269764402,-0.47648748993507,-0.495885582256291,-0.51469588989285,-0.534877894748173,-0.553982244442988,-0.574066335089503,-0.59346472684256,-0.61335298907147,-0.631281469965119,-0.650777476495155,-0.668607743748166,-0.687319837744094,-0.704953977147657,-0.722490501774262,-0.731111743058426,-0.740418982667911,-0.746885213062868,-0.752960086054447,-0.758447174361351,-0.777650037128627,-0.795775244735381,-0.810667187428735,-0.82320739251977,-0.836824953339511,-0.841919187083875,-0.846425336711742,-0.860630682216131,-0.878657077318589,-0.894332333682386,-0.906578496715179,-0.919510658073272,-0.925388804351745,-0.929895253411435,-0.934597830320571,-0.950273086684375,-0.963498990668887,-0.969377136947354,-0.973589843380637,-0.979369776018466,-0.977214166265594,-0.977997779367866,-0.996906300645064,-1.01777430382569,-1.02708214229883,-1.03844737688421,-1.0482450858332,-1.04922512621675,-1.04726624317697,-1.06656672072123,-1.08537732778962,-1.09605626461786,-1.10497154796028,-1.11819715251297,-1.12103786229564,-1.12554401192351,-1.14866464077033,-1.17413700721947,-1.18510998610596,-1.19422139729782,-1.20039388506636,-1.19549577917144,-1.18902984820831,-1.20548871767439,-1.22312345594162,-1.22841351810359,-1.23409523710079,-1.23889512935507,-1.23174290063481,-1.22557041286626,-1.24506671882812,-1.26603293564939,-1.27730025602596,-1.28837144855309,-1.29807094386145,-1.29405406584577,-1.28729379339257,-1.30051969737707,-1.31531342642979,-1.32422900920405,-1.33412463236184,-1.2986596268416,-1.21391502883645,-1.08870820747999,-0.913928051012207
-0.772333639722659,-0.515379235601793,-0.250132947317623,0.0207056035924275,0.283155907906824,0.552259345661944,0.713856787218435,0.83823681778606,0.923085265556781,0.950275384541071,0.910358352014783,0.908815374351863,0.903319474158332,0.90592273326341,0.931570169271122,0.968498198276613,0.994145634284332,1.01844281749383,1.0357980746519,1.04061884844633,1.04505417251136,1.06019162029374,1.07552208762716,1.08902049000062,1.10772541058424,1.12893722784058,1.13867543254811,1.14233926778169,1.14320682435915,1.14735276644081,1.15072751437734,1.16008026935549,1.17502528695951,1.1918023695235,1.19816612098083,1.20125148693398,1.20298689477525,1.20578317343137,1.2091579213679,1.21851067634605,1.23075607241265,1.24242299919883,1.24878645596983,1.25196818435533,1.25466780589276,1.25833134644,1.26479116564335,1.27317970692534,1.2841715073124,1.29371698715525,1.29844198789,1.29902075185676,1.29959922113718,1.30152735384315,1.30605904034053,1.31300067170562,1.32254556217578,1.33218710976463,1.33671879626202,1.33710424599141,1.33700788355906,1.34076837591132,1.34587853168914,1.35397769098775,1.36410164011102,1.37567190977851,1.37692550545804,1.37557613671883,1.37220168346863,1.37181623373924,1.37065929517839,1.37567308852385,1.3814577813281,1.38300016961833,1.35532764909963,1.29390882796093,1.1946938318666,1.05691176135786,0.895989446200479,0.742877203044652,0.608470175158786,0.501060541392508,0.422673091570494,0.358073426105313,0.302055026786811,0.253750042351204,0.205830507644981,0.163984753040046,0.129466668902259,0.100251465406985,0.0697826662321726,0.0452921687853045,0.0141491272703906,-0.0141976355884081,-0.0460152141297595,-0.0734938310384183,-0.102612082728677,-0.124981133232203,-0.148796798966298,-0.167791690905971,-0.189293479518371,-0.211084060741475,-0.235381243950976,-0.256399746969949,-0.280696635493102,-0.301426051215034,-0.321962742072272,-0.339607086527385,-0.359565897476865,-0.374896364810283,-0.394179754674318,-0.41134228696769,-0.430240521788676,-0.442774710465992,-0.459937242759364,-0.471893551528916,-0.486067080301496,-0.498312181681759,-0.520777889303978,-0.538904635293505,-0.561659135526422,-0.5820033962053,-0.59820142011618,-0.607071773559912,-0.61835266124402,-0.626259095677939,-0.634454617408898,-0.653160127365195,-0.675240090571675,-0.695680713682897,-0.716217993912806,-0.73665891171037,-0.75073578336425,-0.762691502761131,-0.775900817837556,-0.789784669940399,-0.80434364844237,-0.819288666046391,-0.834233683650418,-0.842043755651992,-0.850335934501625,-0.856892410823662,-0.862966485611285,-0.867979984270402,-0.884563752597016,-0.899701495065738,-0.916960389791467,-0.925734675489184,-0.935569242629072,-0.938847333446929,-0.942318149129462,-0.943571450122664,-0.961023069713082,-0.978378621557491,-0.996794749530393,-1.00817229433319,-1.01810351859176,-1.02080314012918,-1.02224916598707,-1.02273097814882,-1.03671148737035,-1.05425946939312,-1.06987931870992,-1.08164260792845,-1.09302015273124,-1.09832332806008,-1.10111960671619,-1.10526554879784,-1.11847486387427,-1.13284111751152,-1.13852944788341,-1.14662831249569,-1.15520957864237,-1.16060882171722,-1.16784042443837,-1.192909685852,-1.21701443888313,-1.24054042794752,-1.25905262366644,-1.27467188361056,-1.28084202614419,-1.28566279993861,-1.29115840544581,-1.3048498273703,-1.31989120740668,-1.32432653147171,-1.32905094283379,-1.3316544966252,-1.32876185553674,-1.32345868020791,-1.33792159096386,-1.35296297100024,-1.35710891308188,-1.36212300111369,-1.36829432239267,-1.36385929301397,-1.31468616262821,-1.25230371716605,-1.14932911277846,-0.97789739876842
-0.764639170427808,-0.666547717921909,-0.533449595499031,-0.415028579683208,-0.347932439123612,-0.0289527193844429,0.235420206258691,0.446553827207755,0.662974906669687,0.872102987945696,0.900819150888721,0.922697866821902,0.94165938348072,0.941841325326582,0.947948775956391,0.972198029752642,0.996447562173464,1.01550102494121,1.0323664489409,1.04266831388555,1.04923215156517,1.06609729694028,1.09180487174914,1.10420282935291,1.11258942898601,1.12444044655392,1.13355676394246,1.14030310071708,1.15698602562176,1.1749453296932,1.17768030849713,1.17831835876822,1.17685948050647,1.17804447081343,1.18023223095691,1.1912629777833,1.2041170438123,1.21815637877283,1.22399077732157,1.2275463054916,1.22946073492944,1.23310709471011,1.23802983365753,1.24805808927196,1.26018299479466,1.27331067015389,1.28042172649394,1.2849800245005,1.28844416381074,1.29327551389838,1.29828936308101,1.30649402086825,1.3165219978581,1.32481776588054,1.32673219531839,1.32746135582468,1.32809940609577,1.33192798634688,1.33739766533018,1.34824619168612,1.35955054784273,1.3696696350678,1.37085518262392,1.37167601061458,1.36875908996478,1.36629799911564,1.36720993734153,1.37267961632482,1.37732874594202,1.38525951577445,1.3925522353358,1.39401027772384,1.39583303967732,1.38890448243226,1.35708862111987,1.2918157997629,1.19627710559051,1.06172094077959,0.904920783220909,0.752222815243552,0.6211305111183,0.511096930809283,0.430690894420021,0.378545191173134,0.3383421729785,0.301512183858892,0.271701862219562,0.244262078443288,0.208526805269153,0.172791253470429,0.139517071145423,0.104784010558667,0.0743356386482401,0.0505419360280692,0.0273862836789886,0.0055070104966595,-0.0159164328850126,-0.0440862130413022,-0.0741704226354337,-0.101792984131282,-0.130783035029101,-0.154850068354913,-0.176182122876794,-0.194140869699085,-0.212646835181817,-0.228600042331045,-0.250934866689455,-0.26962305264262,-0.290043726187764,-0.30955246150703,-0.328788144745213,-0.345288849179461,-0.363248153250899,-0.380842459132323,-0.398163434308094,-0.418492440368871,-0.43626896672074,-0.455230762004123,-0.472642847415113,-0.487229122411519,-0.499354027934218,-0.512937533094096,-0.523603560355046,-0.535181525841875,-0.552228891687416,-0.569823476193411,-0.586506401098091,-0.605924304806702,-0.616498943207861,-0.625432761501397,-0.632542981967739,-0.640747082505823,-0.646581202429985,-0.66827797651731,-0.688698650062454,-0.710304592539124,-0.731637204310166,-0.749596508381598,-0.759260044430585,-0.769014412090215,-0.778039619243534,-0.785150118334454,-0.799462505376071,-0.814048223123341,-0.829363658626057,-0.83975607655677,-0.856803721026888,-0.875492464229195,-0.899195056614152,-0.925723459413683,-0.968114237751799,-1.00485255938704,-1.03621231227421,-1.05444494705129,-1.06857511362248,-1.0703984328251,-1.07231314088751,-1.07368063028948,-1.09100132684068,-1.10731953217992,-1.12637243769852,-1.1356709755575,-1.14469618271082,-1.14414952129953,-1.14533479023106,-1.14378535898323,-1.16092411368857,-1.17842758795935,-1.19738938324274,-1.2049557121343,-1.21407175089827,-1.21224843169565,-1.21088066366911,-1.20942178540735,-1.22820108159574,-1.2451570585815,-1.2647566255114,-1.27861318275236,-1.29219640928768,-1.29374639778465,-1.29639054497793,-1.2964822124623,-1.30678407740694,-1.3147156831131,-1.31407791146658,-1.31234598112375,-1.31125237967658,-1.30386827125544,-1.29876331183758,-1.31426096781074,-1.33185527369215,-1.34206519252787,-1.3500873512201,-1.35683313074557,-1.35400704170642,-1.33294859651476,-1.30158856500302,-1.22492083450337,-1.11707529296242,-0.960639576344596
-0.878087465996904,-0.779542791367289,-0.672296908243342,-0.525359399310606,-0.407262179045466,-0.340881289600844,-0.0145499662689194,0.249017679597088,0.441316150212111,0.650429905688062,0.868928811358267,0.913410419426354,0.950559897579864,0.983897050635358,0.977933700505566,0.965029343084698,0.974317086116796,0.999247044934288,1.02544747998948,1.05389664603359,1.07540450599165,1.07706670244281,1.07472026549676,1.08410571448598,1.09583730162629,1.10883996259423,1.12800138560625,1.14980266223068,1.15498406590845,1.15723249810239,1.15908980767282,1.16339126014645,1.16632393283528,1.17795751522349,1.191350701225,1.20259286219471,1.20894703615303,1.21569203393989,1.22712990561884,1.24081650828672,1.25548106691085,1.27268747439529,1.28764574848076,1.28979677351255,1.28676639486658,1.28266065310219,1.28011910303686,1.27992369112259,1.2867672912515,1.29654386286423,1.30788432738104,1.31365226559657,1.31678064899465,1.32030015501624,1.32411277890923,1.32743687301655,1.33486700768323,1.34395904000609,1.35109575800641,1.35481097473723,1.35735282359755,1.35764624026391,1.3582327748017,1.35979696650073,1.36419612493149,1.36937752860925,1.37670935972885,1.38091310624534,1.38413919560057,1.38756069687003,1.39352404699983,1.39929228401034,1.40779778179543,1.41855171177446,1.41708552482752,1.38316213602923,1.31345745127226,1.20542962169627,1.0620119175801,0.898552839247766,0.747803005217014,0.618756443058585,0.517572512406495,0.433496984486753,0.370831311772952,0.316963955920663,0.269646783530914,0.227315304109695,0.195053215377625,0.165626392172248,0.137764059460875,0.108826363631104,0.0750983867470743,0.0417615324865538,0.0092066246780579,-0.0235439938396698,-0.0518954539266481,-0.0764342901206374,-0.099799758444112,-0.122187270811336,-0.142032934318254,-0.166375761008037,-0.189838636493673,-0.213692634602805,-0.234907376689476,-0.257197481894546,-0.275967782283052,-0.294738082671558,-0.311846485403892,-0.333158634652711,-0.353395121988151,-0.374511859322712,-0.395041763324519,-0.409706023153676,-0.421828434122513,-0.433853437929188,-0.444900485779613,-0.456143543134258,-0.480193550747609,-0.504536676232367,-0.528977507674253,-0.553418339116133,-0.57521931694559,-0.589981282731875,-0.603570179442613,-0.616572541615591,-0.628695251379395,-0.644435173121924,-0.660468212735853,-0.676208134478382,-0.683540264392961,-0.691165512178932,-0.697128862308725,-0.701528020739481,-0.707295660160035,-0.729194343946634,-0.750799909861834,-0.772209765067788,-0.793619919068717,-0.812585930166455,-0.823535272059751,-0.834680025867318,-0.844749715351448,-0.856481003696775,-0.870069900407514,-0.883267674494756,-0.895878914044224,-0.908098732175216,-0.919438897897047,-0.929214871919822,-0.938306605447708,-0.94778946159909,-0.959032220158754,-0.969883856094921,-0.977704814590137,-0.985134650461838,-0.991879947043668,-0.996279105474431,-1.00058055794804,-1.01172561055059,-1.02472827151853,-1.03909971227126,-1.044281414744,-1.04858346480757,-1.04868146955969,-1.04711757665563,-1.04213218248208,-1.05845893755735,-1.07566534504179,-1.09453394897738,-1.10900309568724,-1.12581838054818,-1.13051095564531,-1.13403016287191,-1.13578946769024,-1.14732504532632,-1.15798067175828,-1.16482367429724,-1.17841257100798,-1.19796481784853,-1.21790818731257,-1.24469515690553,-1.28683092561752,-1.32417641327524,-1.34372955650071,-1.35614598172586,-1.36171880682211,-1.35604887335869,-1.3472502577022,-1.36279416994052,-1.38117304891054,-1.3869406883311,-1.39153525867612,-1.39759631476305,-1.39094842534337,-1.38175898585836,-1.3581984044156,-1.29856340914275,-1.19131812360876,-1.02619714762025
-0.795456643224067,-0.579432676881922,-0.348900848619031,-0.114999729264693,0.119088477572556,0.446681234759854,0.664109501489829,0.824629989700251,0.928991907522254,0.963904033807033,0.897636731944824,0.87517307493626,0.884251967054549,0.909897827671629,0.947243521566787,0.985431395201538,1.01360436717045,1.01425945942715,1.01060896497835,1.01322933400515,1.02408641541061,1.03382011371913,1.04926341305445,1.06433225135747,1.07930783198552,1.08735717081478,1.09596834422577,1.11075712343739,1.12535881516609,1.1401475943777,1.15783823203996,1.17646459318329,1.18123818466257,1.18179973317781,1.17833632621193,1.18226687975213,1.18657218039115,1.19874001844297,1.21343525391314,1.23178098383209,1.23505730331506,1.23627423015348,1.23552530808884,1.24085987595037,1.24544580781376,1.25798782083144,1.27081075113999,1.28569307409305,1.28588073370895,1.28391545693885,1.28045233603946,1.27867386068579,1.27755019152234,1.28588016157598,1.29561414595096,1.30647151342292,1.31498885702597,1.31966890476379,1.32200864256621,1.32425483662717,1.3295896905552,1.33614147132166,1.34550128073081,1.35654602175217,1.36637383593511,1.36871385980401,1.36946278186866,1.36768459258148,1.36253682613637,1.35888690382055,1.35954256821022,1.36122749982243,1.36412907220658,1.37152331877914,1.35682836937547,1.31143305058457,1.23187481364003,1.12133586215038,0.968864998835713,0.815270752424074,0.678711479285015,0.565177125603267,0.467086071256853,0.400163105004964,0.347467083382963,0.299357565757319,0.254149620515844,0.217178673719506,0.18020801298966,0.144828740130562,0.11141474404156,0.0792176747909973,0.0484243337952792,0.0195962695696704,-0.00913853698096219,-0.0370308777254966,-0.0635194902151733,-0.0890720931572897,-0.112565589521355,-0.135029246529919,-0.157305816055558,-0.179488841839742,-0.20288850839586,-0.226475262434895,-0.249781385249551,-0.273368139288592,-0.295457049198336,-0.315861313562357,-0.336920670183084,-0.357044017256239,-0.375482718783677,-0.395138347149547,-0.413857965967851,-0.431267400272752,-0.449238097026407,-0.467115250038606,-0.483962849761782,-0.501559371549601,-0.520185160559957,-0.538530604412419,-0.55743731071364,-0.576624648239241,-0.595343980991046,-0.612753129229461,-0.630068447659935,-0.646448042609322,-0.66245346259288,-0.678084135477631,-0.693808638170317,-0.708597131315449,-0.723385624460581,-0.734710710639833,-0.745380990628869,-0.754740513971532,-0.763632318606897,-0.77168165743617,-0.784317500261783,-0.797701979085571,-0.806313152496563,-0.814268947584362,-0.822786577253905,-0.82924510034539,-0.834299609115532,-0.85002439787471,-0.867059371147284,-0.881660490743012,-0.886152878864937,-0.891113271760644,-0.889989602597188,-0.888211127243517,-0.889147136791084,-0.909551687221596,-0.930237154942968,-0.950829078922891,-0.966460037874121,-0.981716535793037,-0.986864302238148,-0.990982515394237,-0.99556873332411,-1.00960859047108,-1.02271243807049,-1.03104298025711,-1.04489574992115,-1.063521824998,-1.08261561878214,-1.10638946030409,-1.14607460593517,-1.18033106783027,-1.19914423039003,-1.21018897141139,-1.21655366469493,-1.21047017476874,-1.20410576755168,-1.21880071695536,-1.23705204493339,-1.25305717885046,-1.26672228889862,-1.28085540372056,-1.28300805404006,-1.28385080591266,-1.28918594590717,-1.30228950744009,-1.31426997194254,-1.32213193722239,-1.32924469437111,-1.3329881604284,-1.33092876778387,-1.32971184094543,-1.33888427680518,-1.34571697486251,-1.34824437228082,-1.35245641524486,-1.35648108465949,-1.35423489059853,-1.35741738027354,-1.37014648077414,-1.33869747538875,-1.26709503353202,-1.1528120438521,-0.977409804821581
-0.849673008000947,-0.622573726220448,-0.388151847368008,-0.144551879834676,0.095924070063646,0.430423133202421,0.650005555280352,0.814521832524784,0.916941806232549,0.946427949183372,0.877106925906356,0.863926310858201,0.877009346981273,0.904932735098345,0.946817966477191,0.985090688782615,1.00295747948656,1.00256656697324,1.00119956680263,1.01193951509781,1.02844020085064,1.04787004479484,1.06808081854617,1.08672943427674,1.09375929457342,1.09981247039982,1.11230943615942,1.12519701602583,1.13779156071051,1.15390103554353,1.17196358091062,1.17772431836827,1.18192289780516,1.18250926657513,1.18856333762102,1.19256675920776,1.2035021637596,1.21600002473869,1.2307430962141,1.23435560528751,1.23845630739283,1.24021362326375,1.24353279874893,1.2478286587044,1.25817799289276,1.2672582042421,1.2779008720187,1.28385706573301,1.28668864499931,1.28873899605196,1.29469459295327,1.30025927734127,1.30894827777079,1.31861366426411,1.32847450701408,1.33228217393766,1.33452798124697,1.33413766554665,1.33843412231512,1.34204692979504,1.34936952686696,1.35825398355314,1.36889605451674,1.37104368608798,1.3728010019589,1.37299645821555,1.37690230087721,1.38022207317538,1.38822831953586,1.39642972374649,1.40511932098901,1.40541235617074,1.40541265457725,1.40433898799487,1.38325000391783,1.33492068419927,1.25593367761595,1.13857577298912,0.981089654447871,0.820967412896984,0.66992508428894,0.542119968142168,0.442727029957351,0.373601164530493,0.319120493247477,0.273817910645366,0.232225714448257,0.193074185004118,0.156949094269932,0.121410073899208,0.0867495622607033,0.052772103097749,0.0209425739125364,-0.0112772709729993,-0.0408612912554011,-0.0674188728278555,-0.0936831208120755,-0.119654333614564,-0.143379739107739,-0.16827639010836,-0.192391514488844,-0.215237814436806,-0.237791377609527,-0.259954625081938,-0.281727556854027,-0.304574752021486,-0.326738297900394,-0.349096703222963,-0.371162371770292,-0.391861040147023,-0.412950024224063,-0.433257780087476,-0.453761290614042,-0.474947853616164,-0.495353486811144,-0.514685453423773,-0.534310455218126,-0.552373000585225,-0.56945945829503,-0.587033810630227,-0.604315127783693,-0.621694023862242,-0.638487147983812,-0.655280272105382,-0.672171273558532,-0.688476204648199,-0.704683556812798,-0.716204434915106,-0.724015225018923,-0.732119050304464,-0.738758594900828,-0.744031437733097,-0.758677228689919,-0.779278616548064,-0.798219969053873,-0.810326917519656,-0.821359602590069,-0.828096427705018,-0.830634971789567,-0.833075936949039,-0.85250518408024,-0.873399010307122,-0.89126609941756,-0.907863767282475,-0.922801698201538,-0.92719513708209,-0.931588575962643,-0.939985138023424,-0.951408735607161,-0.966542421189388,-0.97542747468857,-0.981871861434775,-0.985777704096426,-0.98802351140574,-0.987144704267024,-1.00052077557184,-1.01614205737297,-1.02053519784702,-1.02668595259849,-1.03234881272457,-1.02951723345828,-1.02629533849167,-1.04543184884763,-1.06173677993731,-1.06876634182749,-1.07638167567465,-1.0831185007896,-1.07940841279109,-1.0752101317607,-1.0922965894705,-1.1122146264466,-1.12041603065722,-1.12588373293314,-1.13340178626171,-1.12969139985672,-1.12158727616467,-1.13838040028624,-1.15761448956729,-1.1654252796711,-1.17460306994551,-1.1880770185819,-1.19090859784819,-1.19715722993123,-1.22801007464617,-1.25896049828617,-1.27712062257835,-1.29293765904263,-1.30436125662636,-1.30143239684149,-1.29742987047426,-1.31480936336579,-1.33170036481894,-1.34136634812525,-1.35054413839967,-1.35894040205395,-1.35483940154215,-1.31724973171227,-1.26374514808654,-1.17636098262943,-1.03176274236109
-0.758106788131974,-0.569398677407211,-0.350087046010669,-0.106982760730239,0.133851143103324,0.461047803690663,0.68126758766595,0.842005320602383,0.940809101558442,0.975045510097951,0.908661554971154,0.882779761582296,0.88895447748066,0.909023761302231,0.942987335494268,0.981945748869426,1.00828134099492,1.00682862993222,1.00610199684812,1.01699927268761,1.03488921236238,1.05532209027875,1.08111284636754,1.0995481771845,1.10190987348418,1.10127455525291,1.10636015418334,1.11407945110271,1.12334221883211,1.14005144913341,1.15785062906085,1.163481064028,1.16420741955935,1.16375362082272,1.16611503956966,1.16856694051118,1.17764818874593,1.1893631349696,1.20253079225598,1.2078886704284,1.2109764447067,1.2120661167801,1.21515361350564,1.21742371739977,1.22405250958751,1.23195277089604,1.24239597044616,1.24666389899244,1.25020547200736,1.25047802880209,1.25229433395958,1.25283944754903,1.25801608377955,1.26373755604676,1.2742720704497,1.28062913850094,1.28680413195204,1.2902546676669,1.29624814162336,1.30015303118033,1.30650982167883,1.31304868677747,1.32067722394951,1.32385575797513,1.3250364673486,1.32558158093804,1.33093945911047,1.33711473011432,1.34601418130167,1.35618482405707,1.36671878335452,1.36699106259649,1.36653698630712,1.36453943920772,1.34456091513347,1.29742940610231,1.2224185565829,1.11135499336647,0.962513448595607,0.810130608362567,0.66955347410052,0.550861928817541,0.458324456165402,0.401203546320744,0.35779485224642,0.322104899985976,0.290229355087921,0.26062391408399,0.221029349819313,0.182161696191477,0.144384269742537,0.107514718319599,0.0766389184058583,0.0523017060380008,0.0295079644801866,0.0077128576956985,-0.0132648562573609,-0.042324628566353,-0.0705672855966712,-0.098174069290219,-0.12514525719972,-0.150391177251814,-0.170006939889501,-0.188351233406389,-0.206150690886572,-0.223949870814019,-0.243928394888268,-0.265087628335985,-0.28724605166252,-0.31040338731513,-0.333561000520482,-0.354811548821019,-0.374336551711377,-0.392953124470246,-0.409480835276889,-0.424827836710068,-0.440447117385222,-0.457065310386451,-0.466781876852481,-0.476498720871246,-0.486760400926723,-0.496659041992889,-0.505558493180238,-0.528170715243407,-0.551600052585249,-0.574757110685116,-0.598459004821682,-0.621162264184915,-0.635782910086744,-0.649041604673193,-0.661845945417512,-0.672561701762364,-0.68527528275936,-0.699442129924549,-0.714607889415818,-0.722599743129907,-0.731317952375346,-0.738764692499994,-0.744667684261861,-0.750116322181604,-0.7697315297138,-0.789800813535371,-0.809779615162362,-0.825217653895613,-0.845196455522598,-0.862087760424035,-0.883428790919154,-0.910581498323319,-0.951719255845285,-0.988316528026248,-1.02191706322899,-1.04153254831392,-1.05460944585297,-1.05806025912057,-1.0610569960988,-1.06160155458275,-1.0808534455729,-1.10028713361045,-1.11935750510594,-1.13007298389805,-1.14124281653227,-1.14169689282164,-1.14160613307432,-1.14296863949519,-1.16040505798606,-1.179112668045,-1.19845587388797,-1.2148023427527,-1.22987734249665,-1.23541701771647,-1.24013930010486,-1.24413522696191,-1.25530505959613,-1.26547570235153,-1.26756400919826,-1.26847188422427,-1.26883492321357,-1.2654748696933,-1.26329580309924,-1.28018738555342,-1.29753304429698,-1.30588793700038,-1.312699081341,-1.31869255529744,-1.31433331189835,-1.30970151170453,-1.323595802075,-1.33948763954488,-1.34875040727428,-1.35574307110954,-1.36173682261875,-1.35964796066653,-1.35583410840961,-1.36482459689704,-1.37871860971476,-1.38652838882871,-1.34529987155942,-1.27156021360805,-1.14723823335793,-0.945635299694251
-0.821013787523642,-0.72819123776204,-0.602911972257343,-0.493682698078828,-0.452755138440067,-0.117488168474011,0.16838039795764,0.394863669454402,0.617869542755726,0.848276333203865,0.890541437540366,0.923533389181245,0.948946193391618,0.958487236559499,0.967582431494799,0.979530673585902,0.996115355763138,1.01492955162663,1.02964199825506,1.03588360098782,1.04239282166949,1.0565703049235,1.07360083533331,1.0844788781522,1.09339529775707,1.10739427820402,1.11961013824402,1.13307442783992,1.15215624165231,1.17284321811136,1.17846101485122,1.1791744810327,1.17810455428386,1.18015556516308,1.18274126689335,1.19433277589372,1.2079752957733,1.22233100931099,1.22892907261112,1.23320905212988,1.23802426754643,1.24587103292583,1.25148882966569,1.26147599358953,1.27235458145515,1.27886380213681,1.27913142008571,1.28100392815788,1.28403547812073,1.28849396044654,1.29535991421894,1.30499007252867,1.31577954525245,1.32211053565042,1.32540970356218,1.32674697573655,1.32951063522714,1.33209579191067,1.33628611124085,1.34181397526877,1.35028481916443,1.35661608208578,1.35777566902321,1.35795444435363,1.35973810980733,1.36312639286092,1.36785194808888,1.37623367684271,1.3877363432246,1.3958507265529,1.39674269554142,1.39594038674148,1.39567276879258,1.38381336931995,1.34778986771622,1.28448132635331,1.18755702735664,1.05264760354222,0.896516239894337,0.75019326483987,0.622684758172273,0.519697086726511,0.44889878559831,0.401373435182789,0.361426959674412,0.326116924252157,0.292768784567283,0.2528223090589,0.213321409259732,0.175693290056106,0.139759176117577,0.109888162104762,0.086080520541027,0.0634319208679804,0.0424773264600436,0.0228605492732214,-0.002641370078991,-0.0288567556126773,-0.0548042506741041,-0.0811973214447331,-0.106342235182853,-0.130149331699846,-0.151994532479463,-0.171967497710281,-0.190781693573784,-0.213340905581617,-0.23260122220107,-0.253110240899793,-0.274421840921834,-0.297694791634516,-0.317044223395808,-0.337463309382575,-0.355831384490128,-0.373218375467304,-0.387127968249046,-0.40282122648448,-0.418960605475869,-0.42974980567629,-0.440093430167497,-0.452666295821602,-0.463723113970909,-0.473353272280641,-0.494486096972251,-0.516064497373086,-0.536661813643538,-0.558061438713948,-0.578123519086604,-0.591587263635765,-0.604961893043092,-0.616999250276028,-0.627877838141656,-0.641698860828301,-0.656678925405623,-0.671213414273742,-0.680932960248675,-0.690919851649139,-0.699658313493701,-0.706435152124262,-0.713924911889561,-0.733184410938898,-0.751998061755659,-0.769920288630636,-0.787040206705649,-0.808173031397276,-0.828681777572625,-0.855610356764423,-0.888245302791192,-0.930153401513582,-0.968137981284583,-1.00104027273688,-1.02038943197481,-1.03492392084293,-1.0417901471387,-1.04731882873672,-1.05177731106253,-1.07005654355161,-1.08673061339405,-1.10411814941797,-1.11330245949511,-1.12293261780484,-1.12453778045147,-1.12623205823995,-1.12623178571658,-1.14237061966123,-1.15743952685703,-1.17384597875058,-1.18454579128578,-1.19506764606067,-1.197831850598,-1.20041755232827,-1.20211155759338,-1.21557557466591,-1.23055536671987,-1.23510296418752,-1.24000756726928,-1.24464455240215,-1.24312904994409,-1.23956253660681,-1.25579075821667,-1.27246455553574,-1.28583945746643,-1.29564784605984,-1.30643704626025,-1.30616970083473,-1.30438658042777,-1.30946914126984,-1.32213057701905,-1.33479228529163,-1.3420146996314,-1.34870215059674,-1.35209043365034,-1.35030731324338,-1.34682964252458,-1.35619218288541,-1.36822954011835,-1.35637014064572,-1.29841150555043,-1.19881238968163,-1.05293553538311,-0.847138695298655
-0.80881432968407,-0.596085574474577,-0.37720017436771,-0.137288448225459,0.0967509016525331,0.440374941160894,0.654240191944354,0.811560879953086,0.901729327191063,0.926828915891053,0.866969815591639,0.8702852215541,0.888660207048998,0.912339031541899,0.948898814658001,0.978165457302773,0.993982604058105,1.00733715075033,1.02788988871668,1.04143404432408,1.05137910429442,1.06463928074796,1.07657335271237,1.08481366932175,1.10138867277923,1.12421469137277,1.13406451266663,1.1361478948994,1.13690517264302,1.13794671901978,1.13860933704545,1.14845944781858,1.16276117064886,1.17564241875133,1.18170411445148,1.18577708763684,1.19392303400753,1.2026372281652,1.21182472091265,1.22527450628137,1.23995544694198,1.2427966858769,1.24402784116881,1.24686936958298,1.25255242641133,1.25747762653751,1.26912771934806,1.28058820324344,1.28892289009152,1.29053268425525,1.29185849926513,1.29545759490219,1.3005721144643,1.30767593549972,1.31762099547005,1.32889215992952,1.33334348250743,1.3355218139374,1.33608977224513,1.34082565293541,1.34338291271647,1.35048673375188,1.35853773092536,1.36838842065701,1.37047209236903,1.37312401186803,1.37359759993706,1.37350265073984,1.37312343290952,1.37624894047755,1.38003764502977,1.38524711378909,1.39206695567066,1.39604555861732,1.37928152520319,1.3294618551128,1.24535510357499,1.12232062857592,0.959789892849353,0.794985876495608,0.648840824790621,0.523059770574589,0.424272367855407,0.35863526153044,0.313077884061306,0.274055790361368,0.240432484856647,0.210502934706943,0.18114163234422,0.142024589447061,0.102718227113995,0.0647376797908027,0.0267574219468752,-0.00781305969590554,-0.0356589381335885,-0.0618000732103304,-0.0866153932771977,-0.10896840276023,-0.134825848162365,-0.159356899596116,-0.183130383806973,-0.200936542556369,-0.219216289374788,-0.233896940556146,-0.249240788721713,-0.264489687690058,-0.290536163048836,-0.316582348928363,-0.343765319861115,-0.370380043006887,-0.395005754158589,-0.414043357679154,-0.432513002892009,-0.449182666067437,-0.465663009806965,-0.485079831157867,-0.504023064439746,-0.523060957439581,-0.535942784500564,-0.547308898157242,-0.557064638691672,-0.566915038944058,-0.575818263058385,-0.597318177162792,-0.620618073304619,-0.643539041095373,-0.663713140189911,-0.683886949805198,-0.697620424848497,-0.71040643427449,-0.722150607844474,-0.738346393471608,-0.754921396929086,-0.771212131753435,-0.785229875429862,-0.798679371319303,-0.809003649119984,-0.817717843277667,-0.82662164635051,-0.837514171938171,-0.851627154291066,-0.866213435233738,-0.880704766979189,-0.893017477815417,-0.905330478130891,-0.914138753048002,-0.922378780178127,-0.932039571515355,-0.945583727122752,-0.958370026027998,-0.964242402292251,-0.970967005497342,-0.97579725642632,-0.97863820588197,-0.98138449561967,-1.00042152018173,-1.01728050279306,-1.03698101381856,-1.0492943036133,-1.06084973670589,-1.06227079039223,-1.06558590687544,-1.0647336799346,-1.07733065940394,-1.09115908364446,-1.09854688383374,-1.10422994066208,-1.11370141256339,-1.11673226041348,-1.11995271717872,-1.13984283711939,-1.16285817514884,-1.18227441754124,-1.19837554345042,-1.21409745152927,-1.22101108469101,-1.22461018032808,-1.23142944325112,-1.24393176300251,-1.2528352765961,-1.25757144676564,-1.262686255807,-1.26562273341838,-1.26448652732368,-1.26836989159386,-1.2794511576589,-1.28986951621901,-1.29687838805723,-1.30455016740038,-1.30909643917549,-1.30947565700582,-1.31174893763301,-1.32074653198603,-1.32084090222473,-1.32008304552258,-1.31894626046935,-1.29905614052867,-1.22659977128066,-1.14353543455737,-1.02144842517562
-0.794045471343179,-0.7115907951411,-0.61786260711481,-0.47559339375099,-0.351771848738246,-0.283944831765704,0.029103990285587,0.277679942769673,0.468025174024486,0.669178055387307,0.875082384547512,0.915331583898467,0.952040120303663,0.973282674195399,0.967133641249401,0.967972249289873,0.984184009208432,1.01055104197838,1.04353296941052,1.07390595732932,1.07921638223484,1.07670055811343,1.08471303792422,1.09524134185644,1.10726034632918,1.12626727654495,1.1449011756799,1.14704425347703,1.14806909230136,1.14741671504475,1.15067717754506,1.15645346416678,1.16949673795076,1.18449657399147,1.19977632572108,1.20853429818042,1.21309979995049,1.22381461942312,1.23415669257147,1.24645504322002,1.2622940568143,1.28055520962497,1.28549317296277,1.28698387350329,1.28614526546283,1.2879150274226,1.29005753570665,1.29918768497716,1.31092677376101,1.32387721690961,1.32862894946355,1.33095825804456,1.33207621226082,1.33598905201774,1.3389704530988,1.34772842555814,1.35695254449024,1.36599071739502,1.36878674196188,1.37018489662357,1.36897411177193,1.37223514378534,1.3764276144746,1.38248324727211,1.3903092115425,1.39971927650189,1.40055788454237,1.40120997704243,1.40204858508291,1.40745241013691,1.41341521229904,1.4242225776505,1.43353952721797,1.44360168467743,1.43381858863721,1.39403496624591,1.31996523142234,1.20881392911276,1.0575068276007,0.888218488966869,0.730017146616832,0.593151758307013,0.483678241591464,0.403645989362318,0.346533222349303,0.30022810544429,0.256252012363735,0.215723182080438,0.177896406702429,0.142678286081213,0.106435611392207,0.0739195456762719,0.041310364568391,0.0103783995414721,-0.0200877037692569,-0.0483181834040106,-0.0756166548498108,-0.10133131036315,-0.126766619700689,-0.150711228497706,-0.175028298862444,-0.198879792267528,-0.221986077780623,-0.244719616969436,-0.267173525225912,-0.288416079117649,-0.309844863793245,-0.331273363712293,-0.352515632847481,-0.373478555806875,-0.393975901806628,-0.414752593982155,-0.435249939981908,-0.454815562549249,-0.475685654873265,-0.496835093373068,-0.516680346872752,-0.53745732380484,-0.558141185345002,-0.577054430655732,-0.596060791358396,-0.614228544020588,-0.62279971618297,-0.631929865453475,-0.640035460656202,-0.645812032034473,-0.652427211453215,-0.673576934709579,-0.693608703749665,-0.714199449897893,-0.730410925059904,-0.746622400221901,-0.754448649248842,-0.761715636411098,-0.768796392789494,-0.786591968640514,-0.80326930551872,-0.819946642396927,-0.834947047950745,-0.84873609913981,-0.856468948018268,-0.863922450720933,-0.874170838964258,-0.888053005545263,-0.905009688599263,-0.911438352477596,-0.9187056243964,-0.923736987882681,-0.925973181071754,-0.923830388031157,-0.943209495058096,-0.961097616787939,-0.979638115774407,-0.995383444463654,-1.01271287384192,-1.01951428404453,-1.02668872532796,-1.03311767396284,-1.04690700990846,-1.06190741546228,-1.06712529448897,-1.07206354258331,-1.07681527513725,-1.07700179067767,-1.07569760567755,-1.09200219623149,-1.11110167232607,-1.11892763659646,-1.12619462375872,-1.13299574920478,-1.13094578679956,-1.12461023831315,-1.14044925190744,-1.15768556589378,-1.16495283781258,-1.17156773247478,-1.17883471963703,-1.17510754115088,-1.17035580859693,-1.18572867571847,-1.20268564352901,-1.21060529270443,-1.21638214883926,-1.2220656048256,-1.21796596477172,-1.21135078535298,-1.22504643639357,-1.24246898116377,-1.24852489871783,-1.25225179244744,-1.2570966403933,-1.25048174573111,-1.24079204983937,-1.25392900852838,-1.27135183805513,-1.27666283247375,-1.24526500573062,-1.1792080354744,-1.06870911042143,-0.904637796544639
-0.760087897599571,-0.579008344271657,-0.37619237582032,-0.140218486439672,0.0987948133416423,0.430558408465376,0.647190364973972,0.792164639134637,0.863178237848536,0.881415544767803,0.83177071553656,0.839231163294133,0.875336442461387,0.921849527624145,0.957586316635382,0.973428578293104,0.981533954199964,0.985862657889058,0.995072941253786,1.01892768214038,1.04913796332668,1.06249312756012,1.06636185194063,1.07446750935258,1.08570491083301,1.09878391857827,1.12098115752552,1.14538849289358,1.15478288058379,1.15487493274652,1.15459877625832,1.15911214728304,1.16574412557602,1.17891518548401,1.19604645892505,1.2122569292337,1.21704645674662,1.21713879041444,1.2158497786311,1.21898180420467,1.22183711027987,1.23077123715641,1.24256038860307,1.25609937565689,1.26042779784089,1.26401980272303,1.26595402416075,1.26871727807322,1.27230956446045,1.28013906538421,1.28971812041004,1.30003387424282,1.30592859071869,1.30813925014968,1.30952059560082,1.3122838495133,1.31670516837529,1.32416617914303,1.33383756783668,1.34507496931711,1.34986477833511,1.35087819664043,1.35133873895917,1.35456253519039,1.35760194559105,1.36506267485371,1.37464172987954,1.38385229474936,1.38597062051253,1.38698375731276,1.38716758013314,1.39066725134747,1.39398281823633,1.4017194224821,1.38974532219472,1.34608726160209,1.25996866304757,1.13562617805755,0.968454664949639,0.798335793603794,0.649585128730434,0.528558210629274,0.436084071775061,0.377320729836729,0.332097219467475,0.285860853803083,0.242571846376621,0.201954040699904,0.161704443674109,0.12615204049342,0.0943757465203302,0.0647177783104328,0.0363491033889506,0.00991464990517134,-0.0192830574910751,-0.046362439124142,-0.0734418207572089,-0.0956396227146292,-0.117468934516026,-0.136903482560972,-0.155693102456626,-0.173285199721509,-0.199350881544188,-0.224219322241167,-0.249640357419635,-0.275613987079585,-0.297074527219887,-0.314114030003289,-0.330969146956143,-0.346627022783318,-0.361179709647529,-0.385311451537575,-0.408430056627405,-0.432653850680174,-0.456693258902409,-0.479719530324414,-0.496114104958529,-0.512324575267172,-0.527153700124672,-0.541061740344679,-0.557732752972069,-0.575140745911482,-0.592732843176366,-0.603416805660069,-0.614653644130331,-0.624140646993438,-0.633443264025984,-0.64182479642105,-0.663561774554635,-0.686219555820629,-0.707495991635473,-0.730062002243822,-0.751891032540141,-0.766535771567087,-0.779154236993589,-0.792693505552495,-0.803193082205645,-0.815811266127063,-0.829350534685969,-0.843810887882368,-0.853573765728578,-0.865087042192129,-0.874574045055229,-0.882311212311161,-0.888851138441413,-0.904049034960007,-0.917957075180007,-0.934075493325922,-0.946509572921877,-0.960877592450451,-0.970548418133939,-0.981324714285454,-0.990259122667085,-1.00877230456946,-1.02572003669521,-1.04340446762791,-1.05814154032267,-1.07140465239338,-1.0790494859815,-1.08650993373907,-1.09258875454041,-1.10364120718012,-1.11718075724411,-1.12160179460102,-1.12445710067622,-1.12768089690744,-1.12703625026322,-1.12427299635076,-1.13983882001519,-1.15798351176155,-1.17585204701972,-1.18920749275824,-1.20403689912082,-1.2078135713386,-1.20984012644413,-1.21131380556309,-1.22347172867085,-1.23415569115456,-1.23783974819943,-1.24207668123087,-1.24622156209958,-1.2441032363364,-1.24198491057322,-1.2573666299122,-1.27053768982018,-1.27302450573936,-1.27578747814675,-1.2778137517472,-1.26998453232853,-1.26501061898506,-1.2821421739312,-1.29816853991438,-1.3047999551972,-1.31069467167306,-1.31465516671122,-1.30719443744857,-1.28379967587054,-1.23710248638232,-1.16820805794685,-1.06237931786936
-0.783742144169935,-0.722013205211915,-0.63637487825557,-0.498136322862603,-0.370504705173621,-0.296690601329021,0.0198663157491661,0.283475170599263,0.468662253198144,0.657414034278845,0.853469262081348,0.889376922949589,0.915199263938648,0.946324940917292,0.955975800713155,0.955888908696487,0.970495270690445,0.997708415395784,1.02387805872669,1.04378775671022,1.06152382565305,1.06534893446004,1.0658700208352,1.07378144594883,1.08656174696873,1.0975165184642,1.11412272546555,1.13281566949097,1.14159707767054,1.14490110010237,1.14707472914309,1.15090010367491,1.15446480215673,1.16559362341035,1.17993930935431,1.1961105248227,1.20454383348597,1.21123823891665,1.21897587999695,1.22619190325244,1.2330606241661,1.24523294679415,1.2579266215222,1.26149132000404,1.26462102695289,1.26592467292769,1.2707930173843,1.27505311772427,1.28435587800382,1.29218094255043,1.30183180234628,1.30235368589591,1.30287530372073,1.3020927441211,1.30522245106995,1.30791743221066,1.31495940570801,1.32417527397089,1.33321735820045,1.33730367450709,1.34008607911411,1.34225997387966,1.34304253347929,1.34582467236148,1.35078070600922,1.35695375933992,1.36408315630357,1.36756096276873,1.36895229793465,1.36947391575947,1.37182132883352,1.37382090811609,1.37929829386383,1.38599269929451,1.38425379606193,1.35078097173405,1.28374843106162,1.18098254500393,1.04552639421799,0.888334484474433,0.745053269141877,0.623681596800255,0.52787105794806,0.450231579571649,0.395632037577281,0.347726901013593,0.303386462931726,0.263740850997975,0.231137478286388,0.19949018348293,0.170451509253164,0.142977688497834,0.111765119502522,0.0818567279316374,0.0524702199103984,0.02769138029577,0.0043905021389216,-0.0158670296361063,-0.0345597079366983,-0.051513483004711,-0.0775090765774589,-0.102982786600579,-0.127674202748894,-0.154452090196447,-0.178360946745137,-0.195053514313512,-0.212963633014479,-0.229569574291008,-0.243741210476819,-0.263564016443695,-0.28495194160982,-0.305904875242986,-0.325292955401715,-0.345376703143408,-0.362678577727719,-0.378415598837606,-0.393196276314533,-0.412584622198083,-0.431190408482013,-0.449622145007788,-0.469184009199853,-0.485442116684902,-0.499787802628869,-0.513264036956543,-0.526044603701254,-0.538738012704477,-0.556821915438779,-0.57429704260678,-0.592815405424402,-0.604378421036516,-0.615072250757169,-0.622896783854133,-0.629851865334816,-0.636198436974018,-0.654803957533122,-0.674105145675184,-0.694449835191693,-0.712186435584157,-0.735922039549152,-0.759918585288975,-0.787914289593945,-0.820604820047019,-0.864162964254076,-0.901634947147107,-0.934151162117206,-0.954234644134073,-0.96797128878693,-0.973100840743186,-0.97736120680797,-0.979969561656836,-0.996488610916708,-1.01396400380953,-1.03230858259382,-1.04421943199742,-1.05586960535103,-1.06099915730728,-1.06447696377244,-1.06699869232947,-1.08151842803158,-1.09734207543331,-1.1132526148517,-1.12698952522937,-1.14063927786555,-1.14976798838695,-1.15698401164245,-1.16333084900648,-1.17558979792638,-1.18837036467109,-1.19132655331144,-1.19523935130957,-1.19923877559954,-1.19915188358288,-1.19810864793325,-1.2146274314683,-1.23001555588741,-1.2458386718395,-1.25853181511791,-1.27000793871336,-1.2724425095289,-1.27522517986075,-1.27679056478482,-1.28618074853067,-1.29739646180096,-1.30217817996573,-1.30635112256421,-1.31156730081231,-1.31217554492896,-1.31130609331267,-1.32408666005739,-1.33869328777616,-1.34425809699021,-1.35034452402906,-1.35712635292605,-1.35556176517644,-1.35277962629425,-1.36642937893042,-1.33095670959515,-1.25288223968577,-1.134900950343,-0.943714598446761
-0.820701180991603,-0.541932173238172,-0.260576925988952,0.0251193980779347,0.269250130405658,0.535826180641029,0.711141938536473,0.841012604294215,0.924236949985568,0.957951507953549,0.920172819019373,0.90068328405255,0.890614989611156,0.897912131679382,0.925253265036858,0.956566214076699,0.987232391510299,1.01078633975305,1.01688253620234,1.01900691696927,1.02436402652849,1.03729550631715,1.04939558393192,1.06500590080992,1.08246365260338,1.10232329563471,1.11146815492812,1.11793445944193,1.12181424215022,1.12671005760005,1.13077447087599,1.14167388518155,1.15488231082169,1.1691990844872,1.17852800972878,1.1836078911268,1.19035085918234,1.2008810123526,1.21076467622635,1.2232345795959,1.23893749406747,1.2482667016188,1.24891319091531,1.25020645181807,1.25140711512727,1.25390075702949,1.2598120406014,1.27089608547461,1.28188753275427,1.29103182742821,1.29491104551702,1.29740468741924,1.296757915813,1.29999064460529,1.30451663430036,1.31273777613604,1.32243709175188,1.33444541870229,1.33703222281755,1.33878762475891,1.33869530947509,1.33943411405542,1.34054246208079,1.34747006070399,1.35522906150108,1.3635425186206,1.36908482336695,1.37250274734636,1.37379600824913,1.3740729541006,1.37952237894365,1.38783555375343,1.3970721637112,1.40215232741894,1.38432531449018,1.3240087100548,1.22332661256999,1.08338793468059,0.913060025209056,0.751229921114959,0.613415623992484,0.503404601266069,0.422859374973797,0.368916195148923,0.316543222078289,0.269250695025134,0.22445209218394,0.182331761812615,0.147323942941879,0.118320287546341,0.091717958769208,0.0672400107590002,0.0439632906774546,0.0108029067221593,-0.01986383533091,-0.0510844690869298,-0.0822127875591277,-0.107152594298199,-0.125256835388173,-0.143822652897269,-0.160818545961866,-0.176244232272222,-0.202754245765534,-0.228894998123545,-0.254943435197728,-0.280899274678354,-0.301035581251425,-0.314521235052778,-0.328653378150638,-0.342046716668168,-0.355440055185687,-0.380841720653627,-0.407074505985732,-0.431644769279762,-0.456307065547891,-0.47376453503161,-0.484016895421191,-0.493438135946608,-0.503967724497401,-0.513851106061416,-0.536666249723827,-0.560682339005178,-0.583867308422377,-0.607421821284599,-0.625156801239266,-0.63688790002847,-0.64769528135994,-0.65933378255558,-0.668570392513347,-0.689168557815281,-0.708381146930626,-0.727501420762148,-0.747360499174006,-0.765465022573709,-0.776734262634055,-0.788188133262032,-0.798718286432295,-0.806015710810269,-0.818208386018588,-0.831694039819941,-0.845456639472759,-0.852106727625008,-0.860788881260355,-0.866607567238705,-0.871410502785236,-0.875567231345,-0.895426874376327,-0.914178169382284,-0.933668551278305,-0.950849357220293,-0.966090130653265,-0.973017729276456,-0.979483469170783,-0.984379002310876,-0.994078035616982,-1.00747193875398,-1.02105047245863,-1.03435177800206,-1.04774539882933,-1.05938390002497,-1.0710224012206,-1.08339970699659,-1.10011837189997,-1.12016208087948,-1.14020578985899,-1.15341421549912,-1.16366685819843,-1.16957814177034,-1.17262623999499,-1.17475062076191,-1.186296524364,-1.20135266722931,-1.21668603825585,-1.22065785393822,-1.22490661547206,-1.22342872400165,-1.21945662600955,-1.21631593019134,-1.23469739944252,-1.25197052066833,-1.26887381613937,-1.28134371950891,-1.29307453598837,-1.29427519929757,-1.29455242745878,-1.2976010903029,-1.30970173253713,-1.32171005948754,-1.32438917888663,-1.32845359216257,-1.32956194018794,-1.3252202987508,-1.32041679858479,-1.33316336549606,-1.34470926909814,-1.34572530183969,-1.30979404782096,-1.23765402931256,-1.12394813675525,-0.9579613041014
-0.789696964052613,-0.594946392706938,-0.381535091782561,-0.137479498939681,0.109045608546294,0.453631946930608,0.663932939873038,0.807091260094526,0.887589106028015,0.904603399318565,0.843497939232423,0.84596773345378,0.877526525813529,0.904969087663769,0.936619581688066,0.96214116141301,0.975588036290112,0.980161936387598,0.996170027572348,1.02242326356595,1.03806538682725,1.04721262786575,1.05782318144156,1.06495773869022,1.07163490592914,1.08800868545908,1.10996256719234,1.11746365152093,1.12185470744583,1.12459932708257,1.13072824138191,1.13676573359497,1.15121909015611,1.16823338344666,1.18222879084156,1.18872339348611,1.19210796772696,1.20143805293807,1.20948794936271,1.2204653095967,1.23482724407154,1.2498291331505,1.25165897276774,1.25293972071069,1.25330540905589,1.25778760748885,1.26510584764484,1.27983347046488,1.29428654744778,1.30709346772077,1.30983780777927,1.30846563775002,1.30535532976808,1.30800824774028,1.31230732242238,1.32255246723123,1.33407835998303,1.34651903275432,1.34825689112877,1.34825689112878,1.34679329901323,1.35036071742668,1.35429382418533,1.36362390939643,1.37386877462705,1.38411363985764,1.384296204452,1.38164328647981,1.37798444598006,1.37569777550955,1.37633828927014,1.38228435939689,1.39070022374499,1.40048797854409,1.38667513574354,1.3370955684092,1.25110904235871,1.12487359334147,0.961682373512033,0.797759217835695,0.653228727584961,0.533853849135729,0.444482748844386,0.377431498209748,0.324375934548254,0.276077115156854,0.230065245814203,0.188078184894764,0.151945492437516,0.118557419617012,0.0877308426824075,0.0597397483143566,0.0297362497346997,0.00192799953925045,-0.0261550760715921,-0.049847654914032,-0.073448532091924,-0.0948538813073646,-0.116258950944561,-0.136017304715362,-0.162361683217016,-0.187791281699175,-0.213312581845875,-0.237553413627869,-0.25630584487112,-0.272588481893013,-0.287956618473655,-0.303141631303451,-0.318509488305848,-0.344579880126847,-0.368912413573396,-0.394616837470948,-0.419864150936992,-0.443099060191431,-0.461211257252329,-0.478408674293724,-0.493959655046967,-0.508229608279017,-0.525060777818722,-0.540794323166316,-0.557716914792325,-0.569150826301333,-0.580676439474889,-0.591104428456334,-0.601166729092583,-0.610497093881931,-0.631902443097372,-0.653856604408868,-0.675536499461464,-0.699045674974808,-0.720085335845052,-0.734721536578799,-0.748534379379341,-0.761889552591889,-0.772866353669402,-0.787867963170102,-0.802412182661058,-0.816773557979412,-0.827018702788256,-0.83836147178921,-0.846685354894508,-0.855100939664361,-0.864065336530268,-0.880805083983662,-0.896630330995817,-0.915108495980156,-0.928738215029859,-0.9426424799167,-0.953070748476402,-0.964688063314499,-0.974201551854699,-0.994143308954595,-1.01344455229389,-1.03375199773899,-1.04884530890424,-1.06393862006948,-1.07299471859994,-1.08122773877543,-1.08790574474908,-1.10263364714737,-1.11672103578507,-1.12486235429602,-1.13181434695032,-1.13775985792057,-1.13913146879333,-1.14068620341694,-1.15349256453343,-1.16913468779474,-1.18724688485564,-1.19868163509937,-1.20920160532361,-1.21404977168002,-1.21715980008372,-1.21633644215052,-1.22932564743962,-1.24423583485403,-1.24798637701832,-1.25155435458827,-1.25631137843661,-1.25338447378376,-1.24771322907241,-1.26362989817085,-1.27972913186365,-1.28631487701626,-1.29152873171786,-1.29802333436241,-1.29262635590997,-1.28668056536146,-1.3000362977305,-1.31741683852275,-1.324277688669,-1.3307725708918,-1.33653579684594,-1.33177905257585,-1.3239120003238,-1.33635239351684,-1.23079007828991,-1.04079625121434,-0.775701556657712,-0.409161056961903
0.0968683899091388,0.432668752670436,0.683047838212152,0.866947278484256,0.936369296812378,0.894532236679419,0.887543889893772,0.893980295830627,0.899956938412781,0.930483988637491,0.971309625595905,1.00367601026836,1.02629574905591,1.04615690771528,1.05259359468107,1.05673118384443,1.07135115267178,1.08569515107475,1.0961772497098,1.1115326712873,1.13047430323726,1.13599118246471,1.13819782174411,1.14509427206461,1.15364570184466,1.15980641838606,1.17350686050401,1.19042564610487,1.19759722376294,1.1979645285946,1.1989756707402,1.20219373319414,1.2058715590028,1.21469895920725,1.22830806691795,1.2421928640241,1.2482619651293,1.25120461921674,1.25938818210724,1.26674383372454,1.27373161845231,1.28531703672706,1.29901747884502,1.30085653226382,1.30104060622307,1.29966159718792,1.30232799982202,1.30462653556657,1.31363744767237,1.32347599002243,1.33496951183203,1.33754429902993,1.33864789969857,1.33828031383797,1.34205031714072,1.34545273458288,1.35299274118837,1.36172796389872,1.37110674289408,1.37303769277803,1.37377314552817,1.37349717510377,1.37643982919122,1.37919869034836,1.38563537731416,1.39317566494862,1.40154330179836,1.40227875454851,1.39602586051302,1.36568232218966,1.30812141153175,1.21580368399168,1.08918890292414,0.934897267196295,0.78474322063181,0.643416574271765,0.52544511944943,0.435334312217708,0.371613247076291,0.31800697573827,0.2746068326109,0.234884796321133,0.198472999979424,0.162520966992409,0.129786715430396,0.0982479610021863,0.0690996387836802,0.0435372459086801,0.0205493592026297,-0.00179440916051784,-0.0236784141689766,-0.0464816648578879,-0.0736065786693998,-0.102110782545009,-0.130615267449569,-0.153602592097732,-0.175854463995725,-0.195623445160992,-0.213001713087598,-0.229828321194362,-0.255482329505566,-0.279848944217827,-0.303388209714782,-0.32803107588038,-0.35101868155748,-0.369132964292131,-0.387707010381483,-0.40637295293599,-0.423751220862602,-0.443428305562709,-0.463381079658265,-0.48296626789323,-0.496206946656481,-0.510275536692931,-0.522137487449978,-0.533080192526573,-0.543194986329963,-0.564711405477819,-0.585124223957019,-0.606916051471381,-0.62236308848509,-0.638638036772005,-0.649028238941914,-0.658774603797869,-0.667417649014127,-0.688565920243485,-0.709162250624044,-0.729482891609153,-0.744378830860902,-0.759826429932505,-0.76819406678225,-0.776194117771399,-0.784194168760547,-0.804607268268704,-0.822997521427748,-0.842123227336955,-0.853524852681408,-0.86557003431087,-0.870443076224376,-0.87614374838213,-0.881476553650337,-0.901981268594698,-0.92119858994011,-0.941427615489015,-0.956875214560613,-0.972506887591462,-0.980414761086512,-0.988966471895509,-0.996414582035858,-1.01462076123566,-1.03236689605182,-1.04744634720493,-1.05958314427059,-1.07282326097595,-1.07889123796537,-1.08449973262903,-1.09534969815363,-1.11061350429494,-1.12495806475578,-1.13461337623342,-1.14445248064137,-1.15070509364792,-1.15475078634613,-1.15649766227083,-1.17001403042953,-1.18362257608234,-1.18895594340843,-1.19309409462968,-1.19989864848503,-1.19943916615927,-1.19778418669972,-1.21249633302118,-1.22766796166838,-1.23254128461083,-1.23860982365813,-1.24449428874619,-1.24265467326949,-1.24118320571131,-1.25764194692851,-1.27400879168057,-1.28301970378638,-1.29092757728143,-1.29819161346252,-1.29607687064827,-1.29249094130477,-1.30499644834681,-1.31897286088917,-1.32770808359952,-1.33671899570533,-1.34499445506098,-1.34462658817143,-1.29718047131692,-1.22316110047075,-1.10197158319445,-0.921566456829645,-0.699415885768088,-0.537860494888081,-0.415567376943152,-0.356443945348729,-0.356076078459175
-0.335040738335692,-0.311972437532347,-0.228328467272488,-0.0687294380980606,0.13393010588913,0.450820838014626,0.660059499724514,0.81060182955478,0.894587355122496,0.924576328956383,0.882198924759331,0.874680007684229,0.884419817644085,0.910051350023774,0.944824448318764,0.969259492609334,0.989081190092731,1.00352025794256,1.00753588296099,1.01496915008122,1.03239891589802,1.04794882188209,1.060508552155,1.0774254627542,1.0940859457446,1.09878494250666,1.10237336226237,1.10604690971713,1.10989149595374,1.1143343262349,1.12561217959172,1.13936761457003,1.14868048039507,1.15355051593896,1.15807873504709,1.1672205620903,1.17704602200504,1.19020347406669,1.20669291827525,1.22061913090748,1.22284028492014,1.22078938630557,1.21762791068468,1.21626064494163,1.21737122194797,1.22523169433092,1.2364244199887,1.24744610686464,1.25137660418403,1.25334185284372,1.25368366927948,1.25496528506766,1.25838292716944,1.26607236077056,1.2744454272432,1.28375803194034,1.28760261817694,1.28828625104846,1.28871345631118,1.29383965833595,1.29862430505288,1.30853515379457,1.32006891250438,1.33074852181665,1.33279915930331,1.33442285265515,1.33297072034097,1.33468006364769,1.33749998396074,1.34424961820944,1.35091360250327,1.35868842493135,1.35851738614952,1.35715012040647,1.33630323474371,1.28862858974004,1.21122139851128,1.10399627223047,0.960545654212583,0.816326014496203,0.685434865623319,0.571631143875636,0.482091949892513,0.42031979234688,0.371619698035936,0.329071255057044,0.291820314012668,0.257132343416728,0.224836826743212,0.191601510717275,0.159647549351604,0.128035143293782,0.0976189641971758,0.0734398252595807,0.0515674902895299,0.0313185875434135,0.0127785058481913,-0.00473638766766171,-0.0324185575340104,-0.0595027444836975,-0.0875267307858058,-0.113585729556135,-0.136568641532521,-0.15297269691413,-0.169547529949658,-0.184840747197011,-0.202526157238879,-0.225765496824065,-0.250628268633179,-0.274636629916849,-0.298047008283863,-0.319919343253914,-0.338459163821227,-0.355717368600364,-0.372719145770714,-0.39134409403707,-0.410823713956787,-0.430987227875943,-0.451065352968135,-0.465163126638019,-0.477381301603078,-0.488574027260858,-0.498314098348629,-0.508139558263365,-0.530097020932466,-0.553677915825501,-0.577942443590061,-0.606820579289704,-0.638603501873535,-0.667908842835903,-0.69969176541974,-0.735233885413215,-0.766760380388247,-0.795467477306061,-0.82032972685935,-0.840664018432432,-0.851343888872612,-0.861511426351017,-0.870226570387334,-0.87859989798788,-0.88782737498596,-0.906196417899348,-0.925248571428435,-0.944129947303592,-0.956261950057963,-0.967197725851124,-0.972665744311656,-0.97608364754136,-0.981039333040117,-0.99804163246628,-1.015642175937,-1.03384070232437,-1.04674172677723,-1.05836113544191,-1.06357272629364,-1.06844250070962,-1.07322688629863,-1.08937477519935,-1.10543727527311,-1.1223541858723,-1.13619553193339,-1.14952428390479,-1.15729936746078,-1.16379283522859,-1.16943189247096,-1.18011150178323,-1.19164552162095,-1.19685711247269,-1.202837463895,-1.20830522122762,-1.21155182454758,-1.21377297856025,-1.22804100762823,-1.24273650308685,-1.2500841202522,-1.2565770657642,-1.26230125070563,-1.26204482309683,-1.26119041257138,-1.27562974154911,-1.29066731457141,-1.29886960339011,-1.3054484599849,-1.31159985018904,-1.30954895157447,-1.30613104834478,-1.31783584583642,-1.33261646899409,-1.34158751838338,-1.34970415724722,-1.35918780072619,-1.36029863886044,-1.35859007893745,-1.36952611585853,-1.3816583797408,-1.38934781334191,-1.34748300323454,-1.25307351257963,-1.10731582946628,-0.898333856493113
-0.813101406999985,-0.526146316352384,-0.261358701958967,-0.0013615958247852,0.243700734066194,0.513466320127087,0.690898857083766,0.831698804844558,0.931545605531978,0.954745709472896,0.901393566072057,0.88213794487112,0.880447042153621,0.888243280710355,0.923936830383497,0.96357514987687,0.985648750886809,0.994008815069538,1.00002027566452,1.00856780325549,1.0237844923117,1.04679713284436,1.06708595589255,1.07647893484228,1.07939078989552,1.08690511563925,1.09554680555472,1.10606686159594,1.11996872307214,1.13612473873135,1.1419487359181,1.14561216708584,1.15716571205455,1.16965829654601,1.18121155443448,1.19746087117742,1.21502530258059,1.21652788064908,1.21558826696583,1.21596376794282,1.2213178147478,1.22808085145728,1.24404882954773,1.26151967278692,1.27523349669439,1.27720602514463,1.27495158388138,1.27203972882814,1.27391838203414,1.27917826651462,1.29101343721609,1.3047275482038,1.31515401608102,1.31487239034828,1.3105518324708,1.30538553615431,1.30698170238678,1.31271096308851,1.32351264486247,1.33750809450267,1.35131608073464,1.35131665489516,1.34793571070092,1.34417869136919,1.3383549812627,1.33375222349197,1.33638216573221,1.34013918506394,1.34446003002168,1.35075369050992,1.35488678497917,1.35808026576515,1.36033441994814,1.36005250713514,1.33591221535045,1.28284169768236,1.19614460819613,1.07384841844152,0.916704417452771,0.763317722876016,0.62646283201571,0.511681255085081,0.425735741713356,0.367593090053288,0.320346282491678,0.278359359410548,0.24182064545892,0.204718680041782,0.169777280643656,0.136714247371263,0.109286886636605,0.0822350268789332,0.057437321304256,0.0344243936913159,0.0115056284028958,-0.0182697617590016,-0.0473877381309022,-0.0762240887700613,-0.10487268892073,-0.126382464304656,-0.143853594624106,-0.161136687374803,-0.177386291197999,-0.192790730742689,-0.220312540882117,-0.246988612582533,-0.273195308061711,-0.297147849357902,-0.318564036577844,-0.332089822916546,-0.34608555963701,-0.359141682674211,-0.375485161741652,-0.397746226159826,-0.421134654749759,-0.443865382469427,-0.466220609212114,-0.485758143226049,-0.501914445965512,-0.51750692307896,-0.53253586164667,-0.548785752550116,-0.567289797636556,-0.58447844098249,-0.602136747629925,-0.613032017567877,-0.622048634299829,-0.629562385883041,-0.637639963092254,-0.644684625534484,-0.664973735662929,-0.686953748508873,-0.708652135622069,-0.730444397979517,-0.751954460443705,-0.766795074362393,-0.779944785563596,-0.792624833463299,-0.80474134281725,-0.817515553041454,-0.830008137532909,-0.844097749497625,-0.854993593596083,-0.865043986335792,-0.874718878098521,-0.883642480826995,-0.890593555105236,-0.903650252302955,-0.918115939405175,-0.931923925637143,-0.943383595361615,-0.954185564215835,-0.96179376520381,-0.967993263367546,-0.973816973474028,-0.986215682721238,-1.00002338187294,-1.01646102326489,-1.03599798311832,-1.05985578792948,-1.0828681413819,-1.10926201318905,-1.13462297022923,-1.15857522444516,-1.1795217483636,-1.18741214924483,-1.19163911895833,-1.19286007129407,-1.19239012091231,-1.18975960451155,-1.20685437261324,-1.22385555255093,-1.24048123151164,-1.25428893066334,-1.2682846673838,-1.27100877194855,-1.27213584904005,-1.27626836934877,-1.28613101159999,-1.29749651899996,-1.3020992767707,-1.30623237123994,-1.30867485007194,-1.3067023216217,-1.30266338947696,-1.31421664736542,-1.32793047127287,-1.33131227670788,-1.33638469778012,-1.3420206573981,-1.33892105185636,-1.33497599495588,-1.35038014742032,-1.36569071172078,-1.37207796037301,-1.37808970804825,-1.33760622427638,-1.24809172914167,-1.12156885675383,-0.958976933715844
-0.790277020126585,-0.597178032677955,-0.38834075666726,-0.149911776802514,0.0997316805638076,0.435605209728459,0.659238049635419,0.813415728998496,0.890315908534568,0.911048938443874,0.856578001941722,0.860630594684685,0.893709198876067,0.942054873311994,0.976829690627997,0.993981346111854,1.000483928469,1.003216764286,1.01000219284597,1.03459915535278,1.06456817949775,1.07936403142478,1.08124890469485,1.07851578084709,1.07879833901915,1.08266169555514,1.09425320531688,1.11093393051398,1.1269547772481,1.1348710145578,1.13939482561828,1.15070377720798,1.16380312797963,1.17680858072469,1.19433755649948,1.21196071833161,1.21742696602713,1.21893509506779,1.21855806280763,1.21950021141191,1.22185601496874,1.2299603363624,1.23863006213093,1.25050413006474,1.25540468535463,1.25917414386402,1.2614357613635,1.26624213059603,1.26944647276132,1.27783392838854,1.2842426127191,1.29300738863725,1.29715416743757,1.29932188691045,1.29941636099856,1.30403407008563,1.3069555660481,1.31317559023319,1.3222229243234,1.33192984884583,1.33711353836929,1.34135450322695,1.34474721750694,1.34898789433385,1.35332275721811,1.35925935913888,1.36811774505287,1.37584532221712,1.37867234409147,1.37961449269575,1.38121651976301,1.38328947711704,1.38837811649087,1.39506907096273,1.38489121615353,1.34276585393346,1.26096540713825,1.13685064994675,0.97522795159148,0.808233479628814,0.660275536420078,0.537291299947562,0.446160672859327,0.383302280729951,0.337218511824255,0.293679494651619,0.254381154305901,0.215082813960184,0.183889083038875,0.151753203513281,0.123669340669146,0.0969991327775526,0.0730617607029684,0.0406430349745657,0.0104859267456527,-0.0213673946078872,-0.0514300287487027,-0.0819635931762772,-0.107502704287359,-0.133607219773316,-0.156978899442276,-0.181198829688914,-0.204947829648787,-0.228602355520556,-0.250466194179608,-0.272706777068062,-0.294664513753708,-0.315302781544149,-0.335375932990476,-0.355354898379447,-0.376464960548917,-0.396161367765834,-0.41698858373249,-0.437344293350877,-0.458925285807113,-0.47749030821277,-0.497846017831151,-0.515940109950048,-0.534882452646636,-0.550997485438105,-0.569091865587757,-0.584924628237926,-0.603773072907913,-0.619888681760904,-0.639208344748411,-0.657019878695248,-0.676904369996116,-0.693113300814185,-0.711866407303792,-0.727038715429465,-0.744190370913329,-0.757667041975905,-0.773311432511369,-0.780097437132844,-0.789050585165698,-0.794139512570288,-0.801207211271553,-0.805730158239772,-0.825143143192364,-0.841917766416064,-0.861991205893139,-0.871038539983349,-0.882536439749256,-0.883950670763325,-0.888003263506288,-0.888474481823808,-0.909961288222688,-0.92880915683116,-0.951709042121084,-0.963206077794721,-0.977435949285361,-0.97884931620716,-0.981864998226979,-0.97941500861279,-0.996378291981956,-1.01051455347674,-1.0221060632385,-1.03143566747,-1.04764488631883,-1.05405328261863,-1.06517386209361,-1.08637839835119,-1.11304889427354,-1.13547842533821,-1.1519707784206,-1.16327973001029,-1.17025353068496,-1.17053608885702,-1.17166660957601,-1.18410608188468,-1.19965542227052,-1.20040891072935,-1.20427255529608,-1.20417836923873,-1.2005030967867,-1.19324673793997,-1.21087018780287,-1.22717416877055,-1.23744678569861,-1.24149937844157,-1.24847346714699,-1.24093426209746,-1.2344316797403,-1.24696562613709,-1.26647337320854,-1.27325851373775,-1.28268230402661,-1.28871338003549,-1.28541456378211,-1.27627275560379,-1.29022006892237,-1.30416767027171,-1.31076472671697,-1.31312110633532,-1.31811642374408,-1.30972954417836,-1.26157281791866,-1.20257835838677,-1.11606544038561,-0.972819680352071
-0.686708113025785,-0.475805365229494,-0.23386636203983,0.025513740076227,0.278185790304328,0.544989608346908,0.718416764579953,0.846049896593569,0.929677617758424,0.952574766549578,0.91491984893236,0.908479966036714,0.905528193581196,0.908658472002029,0.935043457870425,0.96464865854953,0.984683424549269,0.999620246066413,1.01375228724377,1.01795633508536,1.02636388404276,1.04210575926258,1.0582945828029,1.06947457816186,1.08530529632001,1.10077845582176,1.1075758973738,1.11115367084092,1.11428422262465,1.11777287979054,1.12439181537728,1.13414102938484,1.14666296315684,1.15811167423387,1.1652669478052,1.16625078083608,1.17474799282047,1.18396059548055,1.19531964353058,1.20900418966166,1.22564023488538,1.22841240792404,1.22823280850717,1.22581710067336,1.22814177866575,1.231539952716,1.24236211605566,1.25479466016356,1.26776408898183,1.27071613480025,1.27071668152602,1.2701806169043,1.27277483070343,1.27805237460288,1.28717613432464,1.29817789708115,1.30801677411571,1.31034227219675,1.30658544603856,1.30443818055994,1.30148613474153,1.30211158902735,1.30506281475709,1.31373853270679,1.32017841560245,1.32715490984558,1.32804962657524,1.33180645273344,1.32992817633579,1.33538395283766,1.3388717899149,1.34754723450171,1.35282395831251,1.35819034515028,1.33064247355993,1.27617300475367,1.18583723170088,1.0647336456099,0.914740522878388,0.774586003818546,0.649189253584761,0.549372982242472,0.470485646903811,0.415031798340907,0.36726983469683,0.326573754959996,0.289187006335075,0.257614412957101,0.22639965159842,0.199477781019645,0.171929636066394,0.139462325958754,0.105831856766258,0.0765842147435552,0.0451904006937757,0.0213099655975204,0.00181181094527475,-0.0148239609155556,-0.0341430628767151,-0.0508684977645343,-0.07931108608456,-0.106322346327432,-0.135033103639756,-0.161418636233929,-0.188609222530773,-0.208644261893398,-0.23037879832548,-0.250771669707398,-0.27223776378429,-0.292004360791732,-0.313380791841636,-0.333147115486185,-0.35398666182571,-0.373484269752191,-0.394860427439209,-0.413642918052875,-0.433677684052608,-0.451297562307202,-0.470438158303052,-0.487789594202456,-0.50701957986241,-0.524013457105407,-0.543690664448744,-0.560684815054639,-0.579378462729984,-0.596551119301188,-0.616049547316325,-0.632775255567024,-0.651915578199989,-0.667925349049228,-0.685724279994908,-0.700839607477367,-0.717385989674094,-0.731159925469274,-0.748422245067466,-0.763269676920512,-0.779816605843016,-0.794753427360166,-0.810047807533705,-0.824894966023866,-0.846002681355695,-0.868899283421085,-0.896715324003749,-0.930881857817961,-0.965048391632167,-0.984546819647304,-1.00064652688642,-1.01137984728775,-1.01612050647683,-1.01710461287059,-1.03409876347648,-1.05198735744915,-1.071127953445,-1.08454433058378,-1.09831853974184,-1.1044899802823,-1.10842503904293,-1.11092904308929,-1.12318226114321,-1.13749253492299,-1.14330614344416,-1.15019352138608,-1.15663367764462,-1.15851222740516,-1.15752839437428,-1.17309094354013,-1.188474166652,-1.19634455753614,-1.20421494842028,-1.21360633040856,-1.21271216040467,-1.21226548544705,-1.22854397201436,-1.24473279555469,-1.25152996374386,-1.26020540833067,-1.26682352382874,-1.26351391935393,-1.25877353352774,-1.27138485696385,-1.28354895871656,-1.29016789430329,-1.29687621955412,-1.30438959850764,-1.30224342648057,-1.30045508647278,-1.31145684922931,-1.32075938827926,-1.32523187847603,-1.3304197593485,-1.33372909046042,-1.33140359237938,-1.33462326046432,-1.34616108784255,-1.34902292390819,-1.35107997963405,-1.30430184902086,-1.20296431321154,-1.05726380789705,-0.86791627047887
-0.762793399316005,-0.507347131161034,-0.26810478877084,-0.0223809343381458,0.225726184511827,0.511197331096088,0.702973063338289,0.853191259560349,0.951557650759325,0.969000547746041,0.90599683645754,0.882834804030204,0.881785771495484,0.894938734267702,0.932778773988044,0.975193947270683,0.994638483398208,0.996259079896592,0.999595533553965,1.01122432575644,1.02914381736321,1.05535535619807,1.08271089691126,1.09157509073704,1.08985923357805,1.09386251185968,1.10377573822017,1.11407000722311,1.13218002015109,1.1541980507001,1.1642062464042,1.16449202838603,1.16630285488862,1.17287962759174,1.18126751811447,1.19289601899993,1.20948098740715,1.22311141875045,1.22463675458822,1.2207290282842,1.21882323243799,1.22111123619465,1.22492399315507,1.23645723337993,1.24970603944679,1.26057158109637,1.26104788439941,1.26066655043997,1.2590459539416,1.26362079618689,1.27029282955061,1.2839226782599,1.29755252696918,1.30984814379593,1.31032473841598,1.30994340445654,1.3067027940938,1.30918102785467,1.31499542395591,1.32700525880082,1.33949168826579,1.35264523367203,1.35493265479468,1.35254939037741,1.35026167793775,1.34673499427617,1.34730714087383,1.3524547123508,1.35969947494622,1.36618156962273,1.37342604090113,1.37247314297803,1.37209180901859,1.36389443981709,1.33834943428948,1.28354250956847,1.19937811367646,1.07765946004592,0.931825876064946,0.780273447960347,0.642923015162692,0.527686164891673,0.441616264470456,0.381853454861714,0.337055308478812,0.298833934799042,0.264711100061502,0.230397161368743,0.190555191190583,0.152047744211971,0.114970081093515,0.079226649857604,0.0470101936002731,0.0202265081677376,-0.00598561330113448,-0.0308632115704642,-0.0559313311610064,-0.0824292346117167,-0.109975587963128,-0.136377939436216,-0.163256885529364,-0.186418626639697,-0.209771180388266,-0.230073645095285,-0.249899515182258,-0.267914558766637,-0.290409183935697,-0.310330023366279,-0.331489834018787,-0.350838526851699,-0.372474640807259,-0.390965405060676,-0.409742242612928,-0.427280108943247,-0.447868355632098,-0.465120731297588,-0.482945253560749,-0.500388733181471,-0.512494411321001,-0.521549709101992,-0.531557904806087,-0.540803432591301,-0.550906306321996,-0.573591161495286,-0.597706091845727,-0.621439979553723,-0.645745722542399,-0.665857957245216,-0.677677270768908,-0.689210510993771,-0.69988582263914,-0.710561134284502,-0.727431884673554,-0.745827970900371,-0.763270867887081,-0.775375963392598,-0.786146535698573,-0.793009090383523,-0.798727934507154,-0.805209155232656,-0.823795471463683,-0.842763121654157,-0.86192158448286,-0.882509539854715,-0.899189768922535,-0.911104343106846,-0.921875206729831,-0.933694228936519,-0.942939756721726,-0.95857124457183,-0.970771600737966,-0.985926785285026,-0.996983722206838,-1.00985177694826,-1.01671491426722,-1.02653258865009,-1.03187009881428,-1.04368882970397,-1.053220139471,-1.06198907263617,-1.06761236478217,-1.07933612632826,-1.08667556695026,-1.09811325519751,-1.11803409462809,-1.14348354817808,-1.16178437374428,-1.17217390340782,-1.17922756204799,-1.18180134778648,-1.17846547676312,-1.17979999996267,-1.19800527355126,-1.21687766308113,-1.23432026875084,-1.25052390319861,-1.26291507200297,-1.2686342074436,-1.27263777704224,-1.27645082531966,-1.28569664442188,-1.29904071114934,-1.30018442171067,-1.30123258029437,-1.30161333161981,-1.29923006720254,-1.2925577425218,-1.3043767647285,-1.3189600939949,-1.32305892425414,-1.32687168121456,-1.33201896137453,-1.32820649573112,-1.32191608764384,-1.33764341878857,-1.35260837333141,-1.32792187901731,-1.26425105178755,-1.16702866246689,-1.00508670469875
-0.832472958266339,-0.613070975513021,-0.382474417232943,-0.12154664201233,0.140911760384541,0.463363203157248,0.660182440055628,0.807246643229579,0.885419463704585,0.901589893530919,0.854226720653757,0.871067128863882,0.892404960716285,0.917856828318681,0.952781096545104,0.97574518321736,0.983017270720593,0.993255277372014,1.01162631275839,1.02377804203904,1.03659945726421,1.05181273333665,1.06338981943782,1.07267067233535,1.09094578763885,1.1120914868862,1.12156417994949,1.12692283726277,1.13496082323268,1.14261600618889,1.15027089670583,1.16663258181938,1.18538642021946,1.19208386454322,1.19342323643227,1.19361478415876,1.19466785799553,1.19686875599487,1.20586331084012,1.21753660946347,1.2288271050731,1.23332394383681,1.23437643279503,1.23389770969845,1.23542862931399,1.23849017610577,1.24604856166126,1.255520669846,1.26633273479833,1.27274329619128,1.27666636909335,1.28145096810571,1.28901023097904,1.29522982952405,1.30412875672571,1.31465423118649,1.32029977143059,1.32030006386986,1.3217353558418,1.32364878603175,1.32680625290643,1.3343649309012,1.34431576218252,1.35340565223211,1.35914682011981,1.36134742567986,1.36029493672164,1.35866809702322,1.35857217694034,1.36172935137574,1.36584338712574,1.37273237917599,1.38067415262375,1.38459722552583,1.36574775948213,1.31838487904425,1.24136017517107,1.12730593271575,0.976509327048385,0.825808349024623,0.689746881211662,0.565263084378435,0.466422410434824,0.396956676995685,0.339738592920092,0.289601048621238,0.249127452672891,0.212194126612914,0.178131092057508,0.145598977117635,0.113162489821372,0.08168257140044,0.0509682590069221,0.0259948220618227,0.00379604897769172,-0.0175414904354288,-0.0377303283681663,-0.0575366557264721,-0.0864325806950842,-0.117242228292936,-0.145851270330733,-0.174939035465121,-0.198955318656325,-0.219144449028338,-0.235984564799181,-0.254164052459082,-0.271386678804357,-0.296168568022962,-0.318558596394305,-0.343436405695789,-0.365826726506407,-0.388408595043521,-0.405727726350237,-0.424099054175901,-0.440461031728716,-0.459406125416018,-0.477394065349418,-0.497295727912058,-0.517293310557577,-0.532698134356503,-0.546859213909993,-0.561020293463483,-0.573937336332263,-0.584079422900793,-0.60417263318992,-0.623500529890923,-0.643498404975716,-0.656224484996559,-0.671916484165576,-0.680910454132279,-0.690669737687108,-0.698132495599003,-0.719469450133579,-0.737840485519962,-0.759178024933082,-0.778123703498922,-0.797356557434872,-0.807977659539262,-0.820704031999379,-0.829220156187323,-0.839840965852444,-0.852088322776701,-0.86835467268592,-0.881845773855606,-0.893040349382365,-0.902608670089256,-0.911220129481534,-0.915238537587938,-0.920883785392754,-0.935523295603554,-0.951693432990606,-0.967576687446842,-0.979728416727496,-0.991975773651753,-0.999343488798596,-1.00460622602899,-1.0093902401628,-1.02450788859163,-1.04096520134877,-1.05933594429588,-1.07751543195578,-1.09732175931409,-1.11368373686691,-1.1285147948042,-1.14076244416772,-1.15712442172054,-1.17300796861606,-1.17654823850443,-1.17798323803707,-1.17980104058342,-1.17817449332429,-1.1744429681487,-1.19109182863234,-1.21022876248541,-1.22697354305192,-1.24036901657801,-1.2537644901041,-1.25673070169156,-1.25740038763607,-1.26122783289455,-1.27175330735533,-1.28419221200608,-1.28840246027825,-1.29366519750865,-1.29720546739702,-1.29701421210981,-1.29433546833172,-1.30801840966718,-1.32217978165994,-1.32706000831592,-1.33193994253261,-1.33691521195363,-1.33251341595497,-1.32677195562799,-1.33997558898831,-1.35279671177419,-1.32131679335327,-1.25405166547419,-1.15348910906712,-0.988436381081203
-0.837647036954195,-0.640257906628024,-0.425454747676486,-0.174042695601298,0.0771715866214708,0.415949529401039,0.649354243293596,0.815181542937649,0.89581962985539,0.912244506818326,0.854858590377145,0.853473899009863,0.879792711800357,0.92362413574205,0.968444711346187,0.988233187802063,0.990805707885353,0.991597392095776,0.997929656177592,1.01682756349685,1.0446299525808,1.0706515057919,1.078962375599,1.07955598755662,1.08549240953323,1.09657387167641,1.10894144266104,1.12843296193791,1.14901282020382,1.15366313333898,1.15178311013952,1.14930947498244,1.15247560702334,1.15702703523229,1.16949379354352,1.18542364107466,1.20254101492143,1.20729021298279,1.2078838249404,1.20719102565619,1.21114884190752,1.21540331293746,1.225396738492,1.23845710876085,1.25161666635629,1.25270470294494,1.25052742016609,1.24716291347199,1.24854790723965,1.25141708210156,1.26131162272988,1.27328425881046,1.28792829990054,1.29109503674221,1.29109533914259,1.29010588507976,1.29307394486787,1.29584393240318,1.30504506894651,1.31632430094211,1.32819744729572,1.3308691547056,1.33057280232737,1.32899003870729,1.32691224565542,1.32770362746546,1.33324420733686,1.34056562308113,1.3485798381096,1.35600044118045,1.35609932610666,1.35530764189624,1.35322954644398,1.35204202012836,1.33640912977622,1.29633775223345,1.22539613369123,1.12140820097227,0.97744747323635,0.824581961335325,0.686062928544594,0.567233789683921,0.475613427949591,0.412587441910027,0.365293231148809,0.32393544236419,0.287722693746153,0.247255776498545,0.211043330280892,0.174336157031828,0.139014279950794,0.107847686573136,0.0807374919726036,0.0530336854144575,0.0281990537182168,0.00395773157921232,-0.0273083515254303,-0.0565955265044227,-0.084893549820964,-0.11220211907467,-0.133177819445786,-0.150196005965965,-0.166917537707517,-0.182649312985849,-0.198677743042809,-0.22549128286472,-0.250919224118197,-0.277039662255503,-0.303555942498025,-0.32314634670109,-0.336800026527172,-0.350948735785055,-0.36341549409628,-0.374991985671263,-0.39873858077885,-0.422287406034025,-0.444747892300162,-0.468989214439173,-0.486205473212142,-0.497286935355324,-0.507280058509468,-0.517965678547434,-0.526672390459744,-0.549329739377134,-0.572086275621118,-0.596030035780342,-0.619676838760573,-0.638970285784647,-0.650645359885449,-0.661726822028631,-0.672016599961389,-0.682207492967945,-0.700610673255777,-0.719113040870196,-0.737417336231825,-0.750378821574468,-0.762647810033281,-0.770760909987963,-0.779269549647477,-0.786294310613122,-0.8035102669857,-0.820825410684878,-0.839130310847282,-0.85733632608347,-0.874057857825028,-0.88533769462139,-0.895825544806952,-0.90482921389826,-0.912051744716317,-0.925409072164161,-0.939458594095458,-0.954497872489967,-0.963303771728863,-0.972901355178183,-0.977947208018164,-0.982201679048113,-0.983982212520596,-0.998130316977704,-1.01247619128723,-1.02890016104901,-1.03810159999274,-1.04967809156772,-1.05442789442986,-1.05838631548195,-1.05957414419797,-1.07392092570865,-1.08787156271373,-1.10162412746602,-1.118146982154,-1.14040848896619,-1.16197780129493,-1.18790077198021,-1.22134323066255,-1.25488487667149,-1.28427123897707,-1.29663911236208,-1.30396083050673,-1.30277360659149,-1.29901356019257,-1.29406598747802,-1.31147971370302,-1.328399015297,-1.34512054703855,-1.35748872282396,-1.36946105650415,-1.36995578353556,-1.36985659620897,-1.3737152251337,-1.38499475952969,-1.39855015923033,-1.40379468912389,-1.41002867308027,-1.41260149556394,-1.41072147236449,-1.40626892908174,-1.41774593092974,-1.40527887021813,-1.34571536859771,-1.25716225397808,-1.11379513819979
-0.837563081714686,-0.79134330883969,-0.742763541058925,-0.650520561364502,-0.594368191488623,-0.628295372456959,-0.267780903584213,0.051430949400084,0.30288642291579,0.562110764022461,0.853491989358431,0.907480329264689,0.940915493974646,0.970810666325952,0.980939228262984,0.978480649769708,0.99224838877233,1.02342244272375,1.04505733234514,1.05666194305729,1.06806968715414,1.07623198741599,1.08400085500697,1.1040623145046,1.13012204429446,1.13985747412034,1.13926717483418,1.13739829450763,1.14083970327878,1.14673999110292,1.16227742572516,1.18194545255193,1.19915520144513,1.20269579492322,1.20072923268833,1.19768125658805,1.1995501369146,1.20309073039269,1.21341676006445,1.2269879330115,1.24134567074057,1.24527939632981,1.24783625785088,1.24921282135933,1.2548179595404,1.25973451540752,1.2714365074683,1.28382708184303,1.29552937446354,1.29651280586084,1.29651310642056,1.29415311151479,1.29808683710403,1.30546257258385,1.3180503141336,1.33211290221959,1.34735578831818,1.34912578449751,1.34647033938894,1.34342146160951,1.33820915497986,1.33397997918783,1.33624169106581,1.3418471298066,1.34755085157517,1.35571315183701,1.36004031009712,1.3644654508253,1.36466201688087,1.37085715378837,1.37656057499722,1.38491944131465,1.39357345727515,1.40488231722478,1.39495002078361,1.35807254562334,1.29051273221032,1.18853402213031,1.05548014224609,0.90865852335926,0.771769501473318,0.653073359318186,0.557782102963768,0.478126864819093,0.418729952787341,0.366806458143777,0.31852153944637,0.278202054395518,0.245159721236995,0.213690517642496,0.184581910073213,0.157145316215177,0.120465008229922,0.0866367114088085,0.0539887126002998,0.0212421302042841,-0.00530931528421584,-0.025862189920795,-0.0473987965144037,-0.0677557062148337,-0.0867360524068074,-0.116533542849768,-0.144462754085602,-0.171211667308839,-0.198648561726591,-0.220676583459134,-0.236312601668876,-0.252145185934193,-0.267584337528638,-0.282433490396649,-0.308296654130924,-0.332193255630295,-0.357564703665927,-0.383919883658568,-0.403096495346394,-0.416471102237874,-0.431320555665601,-0.444006880802842,-0.454726042585755,-0.47822921141426,-0.500355516174587,-0.522678687550218,-0.546083272791216,-0.566537864400005,-0.579321871445605,-0.592597594189855,-0.604791301949291,-0.615608446200271,-0.632621027918477,-0.651502189403511,-0.670186784832971,-0.689658245604162,-0.708539707648919,-0.725060874228191,-0.739516894985045,-0.753186350959884,-0.766167525180491,-0.780918695580427,-0.793801286213534,-0.807175592545298,-0.813665879095882,-0.819369300304734,-0.82359787497734,-0.828908464634752,-0.834514203935253,-0.854969096103757,-0.876112270026493,-0.897451709445081,-0.908661985807218,-0.919970244637416,-0.922231655955685,-0.923214786793269,-0.923608219464141,-0.942981397207542,-0.960093163632693,-0.979269775320526,-0.992546099184221,-1.00896928329542,-1.0190987469116,-1.03434163301019,-1.05164966493119,-1.08518371378838,-1.11743918160517,-1.14585920686051,-1.15992149438678,-1.17152550397949,-1.17182035306286,-1.17005005632381,-1.16778804388611,-1.18755435374067,-1.20574693291176,-1.22590637487747,-1.23869038192306,-1.25088439024222,-1.25068752362692,-1.25049065701163,-1.24881864330037,-1.26189749942933,-1.27733665102378,-1.2846138029161,-1.29051439129997,-1.29661184629912,-1.29474386765173,-1.29031902748326,-1.30310333508858,-1.31893621991362,-1.33594880163182,-1.345881098073,-1.35600996056974,-1.35659995929619,-1.35453481347378,-1.35060138844425,-1.36132055022716,-1.37371142516161,-1.37695686899662,-1.38118544366922,-1.27901046809335,-1.05794218318733,-0.733027209553894,-0.335733849108385
0.19860948369868,0.543826186674112,0.770500480072411,0.907330675009721,0.977574493687716,0.978231170849249,1.000645617534,1.03797159454372,1.05710322868764,1.06573118121463,1.07135808185107,1.08111135717865,1.09180249705122,1.11871823493839,1.1441337335137,1.15557527967561,1.15210558214599,1.15060505620071,1.15013641056165,1.15717010801554,1.16833046679401,1.18830594972169,1.20312375091883,1.20828143264936,1.2042485004526,1.20209129734578,1.20040331314487,1.20246650049045,1.209594500339,1.22225567169617,1.2348228272921,1.23904321774449,1.2411066917235,1.24241947277973,1.24795235765493,1.25376671654699,1.26689624690981,1.27927537098327,1.29165478169016,1.29156105256235,1.29137359430673,1.28602816768715,1.28837311568301,1.29128043844575,1.30262854211326,1.31228866157988,1.32504327543144,1.3243865982699,1.32391766599743,1.3207285825844,1.31828961882731,1.31791412904922,1.32607314930373,1.33291938850199,1.34079750800646,1.34970722118374,1.353271221108,1.35280257546894,1.35130204952366,1.35045820073991,1.34886394566683,1.35083340388459,1.35355298175829,1.35936734065035,1.35467773129205,1.32776170677145,1.2711166373622,1.18483596555864,1.06704424890428,0.931996340562521,0.802950536001866,0.690785433350516,0.599159048293978,0.522538209323623,0.462610900640356,0.410654867322551,0.363388156729618,0.323811820752118,0.293238353812863,0.266134871036647,0.241188878000658,0.215961410947814,0.182011975606742,0.146749759209448,0.112987782124003,0.0783813829879867,0.0512776135783471,0.0286751353711308,0.00822957363729651,-0.0125906179743702,-0.0305972159511088,-0.0588260215279313,-0.084522420853264,-0.109843617033931,-0.134977641592374,-0.159548718117114,-0.179243300294752,-0.199781731256147,-0.219476313433798,-0.23757635390493,-0.25905293604472,-0.27912243473362,-0.298441813766585,-0.319167702983608,-0.340456540234335,-0.359025512977969,-0.377407314099373,-0.395320469581724,-0.412858708552813,-0.430396660890486,-0.448028342355969,-0.46584719544367,-0.484322152426064,-0.494637802520536,-0.505703858904364,-0.515550863359763,-0.525960815848885,-0.535245732170824,-0.558035382000258,-0.579230490123173,-0.601550921046701,-0.622933487425251,-0.637938460244601,-0.646941329282845,-0.655757026698878,-0.664010062714612,-0.671512692440995,-0.693458206853267,-0.714559872481796,-0.735848709732528,-0.757231276111084,-0.784334758887295,-0.807874241739239,-0.836852880338566,-0.87042711253496,-0.909159313095305,-0.944327800364794,-0.975838845215604,-1.00209819257466,-1.01719746778867,-1.02526333218219,-1.03042187381297,-1.0347362800266,-1.03783134767838,-1.05368074254831,-1.07131156411354,-1.08959877620689,-1.09944578066229,-1.1091993426233,-1.11145027485792,-1.11323256145347,-1.1148273897934,-1.13180239409736,-1.14980870544068,-1.16828394905649,-1.17784976612846,-1.18704038005574,-1.18816570285635,-1.18835316111198,-1.18816541622293,-1.203733337076,-1.22080178387434,-1.23871436608985,-1.25062513115768,-1.26272364111454,-1.26703804732817,-1.26938299532402,-1.27050860475804,-1.28307547372055,-1.29545459779403,-1.29789270165086,-1.2992992118349,-1.30079945114677,-1.29554746702159,-1.28945163411267,-1.30361304478169,-1.32068177821346,-1.33784452740645,-1.35125581841955,-1.36447936454361,-1.36663628101699,-1.36644853612795,-1.36597931722204,-1.3756385767884,-1.38707954968348,-1.39045551808529,-1.37901368528995,-1.31758527739458,-1.21995678855693,-1.07487413087072,-0.874271439942427,-0.751790400563189,-0.617680356766407,-0.439961044795363,-0.287750960527442,-0.190685419723502,0.0720017829948572,0.215771659624834,0.229839341166045,0.224025268907407
0.0346384962829171,-0.0662047905370019,-0.0647931879402418,0.0455287945698359,0.218272275403046,0.514448074916313,0.717747820606678,0.877282029804059,0.982764496162508,0.99627827945022,0.922865081692927,0.892612403857118,0.884343124889622,0.894628714815213,0.936377323929771,0.981957910137241,0.998899298769629,0.999605100068012,1.00101701087495,1.00938707456934,1.02622798668501,1.05496827719717,1.08209477923843,1.09046453472265,1.09006108760493,1.0974226876101,1.10589353603138,1.11809588502887,1.13675184685902,1.15762630552139,1.1598448023536,1.16014746474443,1.15732395134072,1.15863538563095,1.15984572698411,1.17043428751072,1.18223257297014,1.19524089157254,1.20108917962355,1.20532429562401,1.21419828295284,1.22347602560957,1.23295564593023,1.24596488916316,1.26038573499285,1.26220140112769,1.26159669276636,1.25806737806428,1.2607901067411,1.26512631567862,1.27672303168426,1.28952978083289,1.30485768920456,1.30677352364594,1.30324390073368,1.29890738358599,1.30001663200208,1.30304171485956,1.31211757985234,1.32442040536653,1.33722777093552,1.33722777093552,1.33299265493504,1.32986647914052,1.33198419124584,1.33420237986787,1.3441856156128,1.35578202340827,1.36667293811554,1.36667293811553,1.36425287182955,1.36092512658124,1.35648844112699,1.34741257613423,1.32230238505105,1.26976302953577,1.18384482039016,1.06273209147936,0.911568562396726,0.761615374667247,0.626687741128786,0.518180808333209,0.435389083192303,0.379017750584109,0.333234670292342,0.293905511043419,0.248324308415598,0.205667403918359,0.163615824202786,0.123783049529604,0.086572218806355,0.0565211104243264,0.0282853599669564,0.00156230504341572,-0.0224380212033092,-0.049463738517686,-0.0762878863782959,-0.102608110604461,-0.122474413787782,-0.142844948815713,-0.160593539893719,-0.177031004891669,-0.193670039343392,-0.221200296712551,-0.249234785926319,-0.276563473841711,-0.303085575731829,-0.325876485255912,-0.342414734980752,-0.357944521016373,-0.372969766997205,-0.39041507926403,-0.414112434909747,-0.438112761156472,-0.462314965067149,-0.483088947212807,-0.502753680942354,-0.517578282099942,-0.532301790320468,-0.546016834851781,-0.566387061669533,-0.58524459295347,-0.605715604498112,-0.625480814744371,-0.641514524414429,-0.653615780474857,-0.666019698926115,-0.677213276024207,-0.688306068395416,-0.706962338435751,-0.726424886291167,-0.744979755184267,-0.756475686463023,-0.767063938779457,-0.773114412704581,-0.777955161696892,-0.783199357806922,-0.802662522082695,-0.822831487656853,-0.843907823983167,-0.856009080043588,-0.868009551377133,-0.872345760314655,-0.876177737407574,-0.879303604991937,-0.900379324897907,-0.921757398984528,-0.944143936760368,-0.957858056661151,-0.970362451629127,-0.973488627423662,-0.975102415894547,-0.974195353352568,-0.99073421949776,-1.00848311878594,-1.02683703464561,-1.0412578804753,-1.05658609705714,-1.06223343207472,-1.06687199519291,-1.06989707805039,-1.08300648958986,-1.09651934824704,-1.1008552489744,-1.10458644134044,-1.10993111396717,-1.10811575604251,-1.10599773572701,-1.12344335620401,-1.14250245694171,-1.16014964687249,-1.17426752210116,-1.18818382787608,-1.19090655655289,-1.19211658969589,-1.19272160626738,-1.20351173624775,-1.21379763438352,-1.2205542178172,-1.23063854649919,-1.24556331596332,-1.25857225098607,-1.27521159364797,-1.30435533127784,-1.33168401919323,-1.34560063317831,-1.35538260767964,-1.36113103563428,-1.35871127755847,-1.3545769462849,-1.36879622266081,-1.38533478059583,-1.39400719847088,-1.40157005971966,-1.40973824575011,-1.40842681145988,-1.38684593507878,-1.33128118849585,-1.24838806220772,-1.11275370274034
-0.8833672616102,-0.745863510214319,-0.596107948162784,-0.403319409836389,-0.254576734278312,-0.163447896597832,0.119962881428675,0.354265221023408,0.51910700478883,0.706629647431554,0.890000786160521,0.915516675030671,0.931211000001394,0.950651736181949,0.95196790063556,0.958346950219926,0.987608940832617,1.01484608686029,1.03266676169247,1.03702096669184,1.03702127615915,1.0369206992846,1.04957791211149,1.0691204630358,1.09240911570266,1.10486362744392,1.11154657392305,1.12025436498718,1.13088580482714,1.14151755413442,1.15822445613129,1.17553884245041,1.18212059312038,1.18465234515306,1.1935628373028,1.203688298097,1.2158389129435,1.23163474319068,1.25097428356208,1.25492308639023,1.2536066124693,1.2495563043647,1.25482127164646,1.25887127028375,1.2711230809394,1.28641262267351,1.30271443196646,1.30230933926254,1.29886651548017,1.29410752724419,1.28803237455458,1.28317249997675,1.28803268402189,1.29491802211934,1.30301801939392,1.31314286125351,1.31942009609412,1.32286261040917,1.32701411432294,1.33531743161775,1.34240578026811,1.35243035472046,1.36387228943558,1.37227618360493,1.37126298764418,1.36842733871673,1.36417432952651,1.36083270155329,1.36214917547421,1.36903513250626,1.37723725399192,1.38554057128675,1.39111005439787,1.39222413670049,1.38159238739321,1.3469633052877,1.28722280808136,1.19497957863095,1.06699349423974,0.919667869477118,0.778923995384489,0.644863377238279,0.532876443114469,0.448430861380428,0.384135005425624,0.334014608902319,0.294930744922896,0.260099271199083,0.227394147336721,0.19792914617112,0.159958745559703,0.123102117783583,0.0870556754153095,0.0520215006058848,0.0221510972690532,-0.00204893661478354,-0.0259453830711692,-0.048728056692251,-0.069991555306798,-0.0985451752554025,-0.126694011967392,-0.153829962185923,-0.181877293621458,-0.204659657775228,-0.224404600317863,-0.243136656367033,-0.260350156344291,-0.275437306460091,-0.300143628857012,-0.324545744891858,-0.348239180795321,-0.372337399935405,-0.392081723543411,-0.406155677698456,-0.418306292544959,-0.431267092799296,-0.445038078461478,-0.466909061398265,-0.489184827571648,-0.512270469685579,-0.534748627477276,-0.554391755276145,-0.570997770931168,-0.58659151902735,-0.60248885455099,-0.617373613048489,-0.636612267078034,-0.65382545758798,-0.672760214722769,-0.685214726464035,-0.698479114145843,-0.707895585341351,-0.717210860727702,-0.724703064212762,-0.741308151465866,-0.757204558587586,-0.774822532334147,-0.793149495679405,-0.804895327289293,-0.814312417419417,-0.823020517950845,-0.830007361324749,-0.836993895231341,-0.856231930326277,-0.873748708263681,-0.891974475799782,-0.902200822935824,-0.912427479539185,-0.917186467775163,-0.919920301958855,-0.922755331951689,-0.941791284895629,-0.959409258642191,-0.976824840770438,-0.986443703584267,-0.995050298839233,-0.995151494648391,-0.996670669654919,-0.996569783313073,-1.01560635519162,-1.03413632908979,-1.05550164244811,-1.06329867122986,-1.07413312162275,-1.07362683310968,-1.0740319258136,-1.06947532919592,-1.08921996227124,-1.10521818413672,-1.12415263180421,-1.13437928840756,-1.14663109906321,-1.14612450108283,-1.14612450108283,-1.14420085230698,-1.1585790128241,-1.17386824509091,-1.18166496440534,-1.19452394991591,-1.21042035703763,-1.22277274456784,-1.23846676007125,-1.27451289297221,-1.3065093367032,-1.33729112125702,-1.35551750772773,-1.36989597771214,-1.37050377150167,-1.37121245163306,-1.36776931838338,-1.3794133352495,-1.38994388874763,-1.39288011454962,-1.39399388738491,-1.39804419548951,-1.39328489778623,-1.36938845132984,-1.316837498583,-1.24109939844578,-1.12425197080953
-0.785497401491151,-0.700253134775339,-0.596424884909797,-0.43592065760337,-0.287805752396766,-0.19091138597446,0.115119055275076,0.374181747120905,0.545133424857827,0.717194783916841,0.893231723958949,0.919027364104165,0.930769584032462,0.956842432575173,0.967752462156234,0.967105359984708,0.976905708243671,1.00371777917971,1.02470508283987,1.0386655351029,1.05234877896842,1.06917541346978,1.07416799039844,1.08082494802154,1.09044077325956,1.10125840004145,1.10902503898666,1.12372584395248,1.14147763675498,1.14970628969602,1.15284996290924,1.1549766401769,1.15775041961608,1.15996949968291,1.17023214451508,1.1831758834099,1.19334584286554,1.19861562819169,1.20166661602838,1.2060120907855,1.21211434903625,1.21997339078062,1.23060592938682,1.2431797745076,1.24715507291332,1.24641500278789,1.24807881832762,1.25186931113501,1.2538106176496,1.26120708024341,1.27137732227639,1.27738689515061,1.27812640012131,1.27932848424257,1.28274936585329,1.28755685460625,1.29439861782769,1.30503115643389,1.31631079721162,1.32084107756707,1.3223206526632,1.3225057408389,1.32574209942866,1.32897845801842,1.33674537954099,1.34432721288786,1.35311084777864,1.35301844497947,1.35190876365738,1.34811770569525,1.34987392403415,1.35079795202581,1.35625226037292,1.36207674507144,1.3615217631217,1.32851474855838,1.26693887956539,1.17346567733117,1.04411927829527,0.894617483369073,0.758059709915075,0.639253729263568,0.541250529251268,0.47089187309961,0.419024514721153,0.37409103978593,0.331098871365317,0.295872776735168,0.26027678833099,0.227454296788626,0.196666079714766,0.170316022774553,0.1368469942154,0.106336550693773,0.078692289410496,0.0551160119094823,0.0297829509148321,0.0101822543969064,-0.00867893715034291,-0.0304063109359356,-0.058790359767274,-0.0857878014563786,-0.113525030693557,-0.141261977353363,-0.164375958281183,-0.18406934017565,-0.20219074417482,-0.218555364680372,-0.235105073361603,-0.255907854000802,-0.276155652690266,-0.2974204473253,-0.314340049780574,-0.329687956917922,-0.34290918678761,-0.355668120084099,-0.3675024602342,-0.390153862011454,-0.414099468131773,-0.438600056201821,-0.460881846782411,-0.485012823655794,-0.501840023311905,-0.517373018624952,-0.531611527017574,-0.548716217648553,-0.563602110790068,-0.579597402676314,-0.59651728770896,-0.611218375252143,-0.625272078046427,-0.63858599329265,-0.651622417564005,-0.664011457086469,-0.680005901240612,-0.695076034825728,-0.711440372753901,-0.727065205711379,-0.740656046777732,-0.752860563279229,-0.765064797203348,-0.777084225529147,-0.790305455398842,-0.806762761280916,-0.821832894866025,-0.842358184530363,-0.868431033073074,-0.897832360427348,-0.931856370936228,-0.973461932214627,-1.0096123374138,-1.03956808156307,-1.05870648150781,-1.06970863131066,-1.07442343468707,-1.07802883931877,-1.07960025205933,-1.09587218718833,-1.11371610021264,-1.12906400734999,-1.14339520111915,-1.15911300203052,-1.16429066713487,-1.16965313783755,-1.17751189700456,-1.18795906485769,-1.20034810438015,-1.20737467319993,-1.21347664887331,-1.21911632797348,-1.22299950615741,-1.224940812672,-1.24158292415241,-1.25850252660769,-1.26414248828524,-1.27144654807987,-1.27708679233479,-1.27412848987463,-1.27052308524295,-1.28670318272753,-1.30084928832098,-1.30796825993992,-1.31564193093123,-1.32211351780128,-1.31961694675959,-1.31693557011956,-1.33135888411051,-1.34652170307216,-1.35576735195876,-1.36362611112577,-1.37139218491624,-1.37046730919247,-1.36686133940605,-1.37860299417961,-1.39062213992804,-1.39820369069755,-1.35622880079986,-1.28753424276529,-1.16623197364946,-0.975679881971981
-0.798723492828782,-0.641502018132121,-0.438723331720101,-0.258586932209018,-0.133827989747746,0.164156078389103,0.398032995795623,0.556254420760112,0.726751777709001,0.893157064690291,0.916435506722703,0.934985445737685,0.958809441515423,0.953989781275145,0.949715952698572,0.965265485073358,0.989635312514805,1.01136797261569,1.03073638120786,1.04528512955975,1.04864905341792,1.05510481905748,1.06974472463224,1.08629420727485,1.10102527007245,1.11921196978781,1.13512557521733,1.13939968171227,1.1393093582445,1.14349258543494,1.14976714830225,1.15695078213287,1.17013606299896,1.18714022008241,1.1945967697449,1.19486940765838,1.1939600587767,1.19832476665778,1.20423525647037,1.21469221277304,1.2290594804343,1.24506340933158,1.24879140624446,1.24688182917658,1.2458816009904,1.2491552013808,1.25079186261683,1.25979391629246,1.2714328593903,1.28170777916561,1.28216217568808,1.28207129638359,1.28143514125212,1.28498165747437,1.2894375225783,1.30016739471282,1.31207925364251,1.32153570384063,1.32199010036311,1.32117135286755,1.31789775247716,1.31907973927233,1.32371736298526,1.33290173110662,1.34272281019617,1.3530891651127,1.35318032233556,1.34936116819982,1.34581465197757,1.34199521992348,1.3409949917373,1.34363215907786,1.34908825236798,1.34608784572779,1.3199907556642,1.26006683212431,1.17058990368472,1.04492216817848,0.904614249179147,0.772672228723964,0.660189496165465,0.568348316217153,0.50278654077816,0.445135711524127,0.393395094164332,0.346110341908469,0.302462707260988,0.26272482813538,0.232443955044613,0.204527611380922,0.177702375207905,0.150240705985065,0.119778630122027,0.0883163260728201,0.0575813343779365,0.0283012453100729,0.00184008219176859,-0.0220750708088348,-0.0454446700640884,-0.0673590887739676,-0.0898190612291779,-0.113370141175069,-0.136103029462132,-0.158017448172011,-0.176203869969015,-0.19302626844348,-0.20875755942727,-0.224488850411054,-0.239492551122147,-0.262771271072914,-0.287141098514356,-0.311601805260297,-0.336698667137707,-0.357249062525053,-0.374343820994649,-0.389529280314734,-0.404169185889477,-0.416627154401236,-0.437905695898,-0.45709262379954,-0.477461538496255,-0.49628467126145,-0.514198177226596,-0.528474287664993,-0.542296001580913,-0.555026330087797,-0.570757343153226,-0.589580198000054,-0.607039029524362,-0.624588740353163,-0.638046937051092,-0.650414026258346,-0.66005306882054,-0.669055400414549,-0.67969439324457,-0.699971872800064,-0.720521990269049,-0.747710187823323,-0.771897978737411,-0.798904695601053,-0.825002063583012,-0.851372347396817,-0.87192302070253,-0.903749119888088,-0.932574534515102,-0.956307928906713,-0.972130099194996,-0.988406943924129,-0.995772336363753,-1.0019557420082,-1.0077753525163,-1.02732579763582,-1.04496666568747,-1.06560849621605,-1.07661128418241,-1.08861430033496,-1.0925243337752,-1.09597941485623,-1.095887979715,-1.1128009795756,-1.12916842569086,-1.14517235458814,-1.15781208170888,-1.17127027840682,-1.17581702281525,-1.1793635390375,-1.18236422359604,-1.19564038376663,-1.20809807436002,-1.2128268552958,-1.21564605916372,-1.21937461191332,-1.21610101152293,-1.21319148418724,-1.22810430559384,-1.24674512391331,-1.26283993211509,-1.27538877993134,-1.28711888025203,-1.28902845731991,-1.28930137315176,-1.29366635895119,-1.30585113371273,-1.32003636484664,-1.3274014793679,-1.33431219736668,-1.33885838593838,-1.33904014454737,-1.33749436261585,-1.34877034433243,-1.36113715562133,-1.36677500752044,-1.37177614845134,-1.37577706119607,-1.37386720620984,-1.35631721746268,-1.30803251493901,-1.21764651553609,-1.08879633686231,-0.900658389780138
-0.887942272282732,-0.660909140687207,-0.420566512011477,-0.15651970050888,0.102086446546813,0.445599203907798,0.667872496398941,0.813787648901941,0.885773423432479,0.9000541284043,0.844000201335702,0.849245792843221,0.886355970018649,0.934929725759403,0.970679736823108,0.987194724700564,0.995355127541602,0.999921081365254,1.00983001470879,1.03703125854068,1.07181006171278,1.08453671529214,1.08570269920848,1.08045710770097,1.07948619672403,1.07938940254101,1.09114425439942,1.10571652957898,1.12038559894157,1.12572828154677,1.13009975626037,1.14214617832653,1.15584403979751,1.17138811669803,1.19033246042054,1.21015092093696,1.21461978366293,1.21646540526313,1.21500785113904,1.22015605463419,1.22540134922703,1.23783554185462,1.25133862730086,1.26591030865108,1.266784425445,1.26445275452698,1.26182981031589,1.26697860764038,1.273681753272,1.2879624582438,1.30379751152274,1.32002122610711,1.32050697851026,1.31778694320147,1.31351255958556,1.30914108487196,1.30544954475689,1.30991870439753,1.31613639454067,1.3233255894901,1.33109762794037,1.33624672217952,1.33984117119689,1.34469869522831,1.35256752786159,1.36014508720178,1.3692769948491,1.37928331620501,1.38598646183662,1.38550100634816,1.38287806213706,1.37986645662052,1.37335749318429,1.36986013526461,1.35043033605364,1.30253651491141,1.22034964300023,1.10697841693433,0.950474099574591,0.790472721209854,0.647277604015639,0.533809583766725,0.445017251150975,0.390031919986353,0.349132814683494,0.313188324509732,0.268209314701027,0.224492786077009,0.181650374246896,0.139973649418476,0.103640201024585,0.0746898328608474,0.0479743414320987,0.022716404127448,0.000178799046252133,-0.0292564307766179,-0.0583029992940293,-0.0868641123229813,-0.116979870573722,-0.146027032920486,-0.170410853431226,-0.193240325634846,-0.215001201934491,-0.234138837108366,-0.25453954729628,-0.274454801995728,-0.295438949513822,-0.313022830209918,-0.33050961980833,-0.347510657003599,-0.36422012399112,-0.379763607062291,-0.401913144667382,-0.423674317881697,-0.445338103083645,-0.467585028701109,-0.483905834383178,-0.496438008852479,-0.509164365517175,-0.520725332094861,-0.530731653450772,-0.552298644469693,-0.57308831287773,-0.594460824786599,-0.616901635684768,-0.638954082192174,-0.655080705678856,-0.670624485664703,-0.685002281734202,-0.697242885995755,-0.710940450552053,-0.724734809291378,-0.738820441323794,-0.747660481848679,-0.75834644088845,-0.766603934827165,-0.773987311971989,-0.782925334338588,-0.800120553729244,-0.81653845050901,-0.835287721292109,-0.845390836831034,-0.85384221605048,-0.858407872959461,-0.862682256575371,-0.865790953189608,-0.884637611985074,-0.905136007100026,-0.924565806311001,-0.935252359180106,-0.945647341841456,-0.948464765162615,-0.948076103857163,-0.950990321361342,-0.97022504763292,-0.988876930403651,-1.00801456557753,-1.02219788253697,-1.03492423920167,-1.03910182863455,-1.0426965745666,-1.04551399788776,-1.06096038986124,-1.07456086331984,-1.08514973126191,-1.09981880062449,-1.11788813680907,-1.13197465958549,-1.1505297481732,-1.17967400161767,-1.20687554236423,-1.23067711320348,-1.24563804968849,-1.25613042036221,-1.25846209128022,-1.25885045567099,-1.25894695293934,-1.2714785335793,-1.28371884092618,-1.2859534207465,-1.28799381837143,-1.28964614852025,-1.28537206181902,-1.28168052170395,-1.29974956097385,-1.31791569134145,-1.32510369863219,-1.32957196752881,-1.33394314532774,-1.32675395037832,-1.32005080474671,-1.33627481624575,-1.35444183735736,-1.36085430352524,-1.36503248678745,-1.36833595942643,-1.31092216316077,-1.21464906538785,-1.09574038069201,-0.91941760281585
-0.744810756329959,-0.509162856539088,-0.264748389767705,-0.0156133506041677,0.222635398484353,0.507416177031251,0.691425160664044,0.826686402060822,0.922737330135901,0.954914779710936,0.893738729085423,0.866859556682563,0.86618468443189,0.880635253998361,0.914064986157217,0.95886301793488,0.993931052538219,1.00077164247175,0.998941360661026,1.00857536815222,1.02466424016318,1.04537710598941,1.0709068283378,1.09354655455164,1.09845969520379,1.09932654682072,1.10751540902121,1.12052142219073,1.13227515277643,1.14961660181809,1.16888461680048,1.17331633680262,1.17216004390193,1.17081088829434,1.17379716855889,1.17784345759413,1.18911517863604,1.20298833786937,1.21984807181413,1.22659208317078,1.23102380317292,1.2391163812434,1.24894295699461,1.25770981842201,1.27283496579228,1.28786382903253,1.2937403998785,1.29441468323541,1.29268039110781,1.29595581820926,1.30019467550451,1.3102141139626,1.32389441048904,1.33815270624239,1.34171728018072,1.34383670882835,1.34316213102456,1.346533842256,1.35048384716123,1.3585767196786,1.36715130729286,1.37717104019784,1.3772679132216,1.37640106160468,1.37476334805396,1.37495591631397,1.3776533441885,1.38545677542209,1.39441649955637,1.40453222214447,1.41040908743733,1.41185423272804,1.41079422395734,1.40067820692237,1.36782588509666,1.30395211214973,1.20404716885254,1.06579935274434,0.900769237257044,0.73573912176975,0.589880737134845,0.470612378065904,0.387567463160352,0.330341417440077,0.286314247596215,0.249319941499025,0.21560106250328,0.173019332397013,0.132749893645265,0.0942144525742374,0.056064148023228,0.021863553930564,-0.00549733356919518,-0.0314133702251173,-0.0550174099734062,-0.0778505877879003,-0.104440613353845,-0.130644913506026,-0.156367204114417,-0.180740633562106,-0.204728632042897,-0.225441203422239,-0.245190639054661,-0.264362369907049,-0.285268392887043,-0.305307269803234,-0.326406155490123,-0.347215894340115,-0.362919335384165,-0.37698476843063,-0.390376212567046,-0.402611363802777,-0.414943093615388,-0.437294261886098,-0.460512576220604,-0.48459774217204,-0.508201193026565,-0.530552066850389,-0.547796937315162,-0.564463808553029,-0.580552386117104,-0.59644810097429,-0.613596098415305,-0.630744095856306,-0.647891798850435,-0.65868151034857,-0.669471516293585,-0.678816671394769,-0.687102112172141,-0.694135564812571,-0.712440444048036,-0.730649039153499,-0.750109916842783,-0.762152499818498,-0.774387651054222,-0.781324230670887,-0.787586232483757,-0.792306804875917,-0.811960250825211,-0.831998833294516,-0.850495986343111,-0.862538274871947,-0.8748694157908,-0.878722547672271,-0.881515965229931,-0.885465675688289,-0.903192261249962,-0.921593424615434,-0.941247165011613,-0.952616053524178,-0.963310364232949,-0.966104665131246,-0.967357536608825,-0.967357831055704,-0.98421727055358,-1.00098013147457,-1.01861013845936,-1.03017071189129,-1.04153842261634,-1.04462098701089,-1.04722213075542,-1.04885954985926,-1.06398440278264,-1.08026554860673,-1.08961011481416,-1.09712410476397,-1.10521638838757,-1.10502352568068,-1.10328923355307,-1.1156206689188,-1.13151697266975,-1.14741327642069,-1.1591670070064,-1.1716915995259,-1.175449330618,-1.17805076880941,-1.179303640287,-1.19096138118957,-1.20261882764528,-1.21080798429264,-1.21996057113382,-1.23431515101716,-1.24587572444909,-1.26061573529935,-1.28816889661224,-1.31514376425133,-1.32795691471396,-1.33672377614136,-1.34154033821663,-1.33691575550761,-1.33094260608475,-1.34308117874358,-1.35859146263387,-1.36591317877056,-1.37217488613654,-1.37901488717632,-1.33460228636556,-1.24298337273951,-1.13122959251413,-0.966874349277518
-0.70661173497136,-0.4847792085111,-0.266130117545745,-0.0297450210895744,0.210278009380017,0.489319529179457,0.667494901613457,0.806197286199079,0.901969992368838,0.922525278578232,0.875594067334122,0.8664990933102,0.873502262225928,0.892693218937512,0.936896049166739,0.968547214804547,0.984372658633085,0.995468816042243,1.00292676145724,1.01229471257302,1.03712478668326,1.06777577759957,1.08141879459694,1.08360205537033,1.08123782913177,1.07996495529915,1.08178461725773,1.0923356544254,1.10761597801244,1.1250790064114,1.13544768821017,1.14345130982814,1.15800332386257,1.1739196673948,1.18810780463366,1.20547937736742,1.22194167508339,1.22530690998569,1.22312392719304,1.22039526819742,1.22003139140185,1.22212319651005,1.23039979521988,1.243042359515,1.25586700119829,1.26305252548291,1.26650893806967,1.27042012715569,1.27542239066693,1.28187988337968,1.29243008660512,1.30561804912248,1.31780555893759,1.32371765342811,1.32717378803412,1.3268101892193,1.32790154162525,1.32917497141935,1.3347231891143,1.34081736099298,1.35045856718137,1.35382435804516,1.35746257003933,1.36000915164679,1.36610276756398,1.37137773018633,1.38120017982063,1.3902954318253,1.39966366092183,1.40248321962117,1.40393844882268,1.40321069523156,1.40703042865239,1.40484716787898,1.38019889317616,1.32189826945028,1.22694393859462,1.08260243661033,0.906154992488962,0.735801164284777,0.58700335297298,0.467401303375978,0.383179531114655,0.329699371492596,0.28695177046488,0.248569579060969,0.209368734362222,0.172169073048711,0.135060589419651,0.099498234695824,0.0665736392639083,0.0364686025313204,0.00927402420176247,-0.0168292017218413,-0.0411133216483571,-0.0657613183704429,-0.088862908206559,-0.113692704336055,-0.130700678254993,-0.147162975970945,-0.162715720688358,-0.178268743386522,-0.192275359198716,-0.218469484826022,-0.244481811045924,-0.270039360766553,-0.296142586690157,-0.317152649398823,-0.333342248003662,-0.349713646015918,-0.364538915122948,-0.377635977936598,-0.399919192458622,-0.420110323891708,-0.439119203215138,-0.459037635537099,-0.478501291359801,-0.492689706579405,-0.507242276575317,-0.522704121589029,-0.538984619897576,-0.55699332449951,-0.575002029101432,-0.59337433251818,-0.605107343814769,-0.615112148817979,-0.623025148712989,-0.631120225996152,-0.638214850577076,-0.657133386158285,-0.676688497646182,-0.696607207948887,-0.712069052962605,-0.726985221773337,-0.735170642798721,-0.742901287324834,-0.750359232739834,-0.764911524755002,-0.781009945675402,-0.797745220483216,-0.814935271790307,-0.831761446301829,-0.845222385911049,-0.857319274003196,-0.86896110761534,-0.878875012914836,-0.889880270620292,-0.900976428029456,-0.910798877663762,-0.919075476373598,-0.9278068515827,-0.935174175274736,-0.941722845671929,-0.950818375657345,-0.962187510158365,-0.974284120269775,-0.987107928010819,-1.00275157243194,-1.02157865234795,-1.04395304455443,-1.07060222466176,-1.10052601794843,-1.13081341004992,-1.15628033804759,-1.17274291374429,-1.18256591934009,-1.18829593644245,-1.1905698189388,-1.19302550084257,-1.20412165825173,-1.21785557495281,-1.23249932263318,-1.23704708762588,-1.23986664632521,-1.2372288870333,-1.23404517355765,-1.22895117640048,-1.24413976634158,-1.26160223877905,-1.27870111240169,-1.29025204631011,-1.30262163351339,-1.30371326390008,-1.30362264217712,-1.30571472526607,-1.31617458474929,-1.3272710201392,-1.3306362550415,-1.33336463605638,-1.33427418905492,-1.33181822917041,-1.32736136388141,-1.34064050408322,-1.35419262137689,-1.3576487559829,-1.35910398518441,-1.32581523497619,-1.24795977774316,-1.13872585398344,-0.999750770286696
-0.816044149737259,-0.616701075081866,-0.401216566734073,-0.153449465072861,0.108665547195894,0.4292476579744,0.622942121569431,0.765791685693995,0.841744812067049,0.858154835707976,0.813048990851982,0.83098339948649,0.855374381597958,0.88398030740168,0.921374331878414,0.949621772322271,0.961010808353983,0.974462231490466,0.994818060732371,1.00961380396837,1.02136077721719,1.03920529044036,1.05400103367637,1.06646552578769,1.08601448889851,1.11067460910126,1.11964222452557,1.12313964935533,1.12287078533543,1.12520231053148,1.12708545495631,1.13910156629642,1.15434596437501,1.17084588342729,1.1788271159692,1.18420795929517,1.19353433415074,1.20330881570614,1.21397978473261,1.22868563255727,1.24464672728423,1.24912971278226,1.2505642023645,1.25011582159329,1.25567590759918,1.26231227189883,1.27468769081294,1.28840797796932,1.30338351202801,1.30517703511287,1.30383189279923,1.30158998894315,1.3056254158841,1.30957122148506,1.32015256917156,1.33279630396282,1.34570917684537,1.34642614756511,1.34543921653996,1.343914557475,1.34176254903027,1.34122454691908,1.34615700947383,1.35100012476,1.35665010617725,1.36194105409187,1.36472096005913,1.36723172793512,1.3719841255958,1.37870928902129,1.38695883744036,1.3967330449244,1.40767287797076,1.41565328829855,1.39592480843642,1.34113437743636,1.24868133201104,1.11784815329796,0.946572728263726,0.777987587856797,0.629847898031732,0.507892713403004,0.411584031859425,0.348364535688981,0.299402780643353,0.255283318669759,0.219772438617853,0.188924608958045,0.160766789854165,0.134223251155195,0.110638861103448,0.0774592321762192,0.0462526430851642,0.0146878427056117,-0.0149935391777323,-0.0429712933875525,-0.0635954385066037,-0.0843094790370063,-0.10332016596526,-0.124304166801073,-0.148605801643951,-0.174073336120544,-0.19900286848595,-0.223932126779974,-0.245094822152969,-0.264015613669877,-0.281322398853232,-0.29809090785403,-0.314590552834927,-0.334049346463024,-0.353239276071219,-0.372787965110654,-0.387315118398121,-0.401752376274255,-0.414755144568139,-0.42650266595973,-0.438339808691279,-0.459323809527087,-0.479859703663045,-0.500664461818922,-0.521737809923326,-0.537430588773128,-0.549177562021958,-0.561014156610752,-0.571236470794626,-0.582445441932267,-0.602801271174178,-0.622080822122338,-0.640553232868029,-0.657591154031483,-0.673732313652509,-0.683775659227821,-0.693640036194571,-0.704311553363791,-0.719107844742539,-0.732828131898922,-0.74861080616007,-0.764482827689814,-0.777036941141108,-0.786721527285173,-0.797571738991574,-0.806987187044359,-0.816223392417207,-0.830301890862082,-0.845456393529334,-0.859624787385554,-0.869937271052141,-0.880070512038798,-0.886706328195694,-0.892176518790255,-0.89755681397347,-0.911366448398444,-0.924817323392172,-0.939882478790827,-0.956023912483227,-0.977814779450123,-1.0001436485282,-1.02731481067831,-1.05888015920061,-1.09349400363871,-1.12272727882221,-1.1446968403263,-1.16092734721591,-1.17159776809962,-1.1773365486427,-1.18289608650586,-1.19276018940123,-1.20441781538148,-1.21544809198194,-1.2199318996941,-1.22289132241267,-1.22298121782401,-1.22145683283043,-1.22055979721662,-1.23490743375278,-1.25042096992265,-1.25813279030191,-1.2652172613014,-1.27185362560105,-1.26934313179644,-1.26683236392046,-1.28010399623425,-1.29463060137897,-1.30987445131481,-1.32189001451217,-1.33309871157844,-1.33614748156561,-1.33847928083303,-1.33946593778681,-1.34825431053119,-1.35695278786423,-1.36044993862261,-1.36466406010075,-1.36843007487903,-1.36798169410782,-1.36834045353906,-1.33498213007465,-1.2586707924131,-1.14577257047728,-0.977724884038778
-0.898565080511075,-0.671418052667854,-0.430964898786639,-0.163805378595311,0.102023180420967,0.443694159759944,0.664188415060204,0.808555002575115,0.877364417229971,0.889244886906754,0.829179672219618,0.831080837843938,0.867006332432807,0.91509696320905,0.951497386108955,0.972120893849341,0.984190753898475,0.99036830765437,1.00376883840251,1.03313625563459,1.06468979547762,1.07733044092809,1.08046700111317,1.08217790493703,1.08845073483118,1.09776484877215,1.11791342820149,1.14091302987723,1.15193775716605,1.15260294727753,1.15326813738902,1.15783006345929,1.16315245577928,1.175032344504,1.19109392617411,1.20601509894568,1.21219236222554,1.2161837933705,1.21608880770829,1.21770472586995,1.22150647616652,1.22939522422231,1.23794916238959,1.25182520240083,1.26218473957816,1.26807733634743,1.27606077958941,1.28575512665524,1.2943087743465,1.30409810707454,1.31816440888623,1.32652808525306,1.3310897208473,1.33337053864442,1.3347959045296,1.33546080416506,1.33888203086073,1.34391946619409,1.35076279101354,1.35893649605596,1.36283323201474,1.36691993929794,1.36929545228123,1.37281137416308,1.37642257218317,1.38393079663806,1.39086881664369,1.40151360128366,1.40645605095483,1.40959261113991,1.40978258246433,1.4156751792336,1.41995214831724,1.42964620490704,1.41634036934508,1.37186122706496,1.27720031705986,1.13929594981144,0.954441651161377,0.771202980196927,0.608303150462278,0.479523216306454,0.383912449679275,0.324132191978766,0.278608207414354,0.235080083660432,0.194688229615565,0.155531770131471,0.122647850065477,0.0888134924253377,0.058875870743984,0.0301736436233834,0.00460768621183929,-0.0279915673435635,-0.0559339091664873,-0.083496308340592,-0.110298241264961,-0.13234798631863,-0.149740238687754,-0.168653133080301,-0.186140080635601,-0.202771866754996,-0.229477942589072,-0.255329147463266,-0.28060985741216,-0.305415639049998,-0.327750341090287,-0.343432270587602,-0.359969361520822,-0.374986100906655,-0.391523482315911,-0.41281276111985,-0.435907638933833,-0.457861817373219,-0.479910981474816,-0.498728890205151,-0.515075719337926,-0.528666511886511,-0.541687390461849,-0.556609144185471,-0.575142095929186,-0.592914871899201,-0.612968756142375,-0.626654534353165,-0.63881938006451,-0.647373027755762,-0.656306618095839,-0.663339042811603,-0.684818002463929,-0.705061567555476,-0.726445251069555,-0.740035753142118,-0.754957216389697,-0.760849813158978,-0.767502876177969,-0.774156229672996,-0.795445798952965,-0.814739216946409,-0.835458000825029,-0.847718122674614,-0.858742559487398,-0.861593581733791,-0.865205070229914,-0.86777113548968,-0.885733592308088,-0.904361529714008,-0.923274424106555,-0.937340144966177,-0.951120908839179,-0.956063068034308,-0.961004936753408,-0.965471877161464,-0.978967974523875,-0.992178824423629,-1.00443923674925,-1.0147990644026,-1.02506361591772,-1.03029073209948,-1.03485265816974,-1.04388152464806,-1.05585668951102,-1.06878229194812,-1.07572031195374,-1.08379874085792,-1.08817069560377,-1.09035652773868,-1.09168690796165,-1.10499245304758,-1.11867823125837,-1.12457053755162,-1.13008261071999,-1.1344542749898,-1.13245841417932,-1.12865695435878,-1.14243800870781,-1.15840518566778,-1.1670543999733,-1.17655877571473,-1.1879637361284,-1.19195545774939,-1.19594717937038,-1.21856683839729,-1.2425171681232,-1.25525279923589,-1.26627781700073,-1.27587717840437,-1.27454679818139,-1.27074533836085,-1.28766266241894,-1.3051501909263,-1.31199322526971,-1.31969142104903,-1.3272943406901,-1.3233973142553,-1.31740944134779,-1.33204536665669,-1.30685935189398,-1.24403751967059,-1.14823649124297,-1.00244395689081
-0.832818508150478,-0.636319088122214,-0.42003087471958,-0.17304274459312,0.0792162548178469,0.416547932341839,0.633020979444852,0.777459472440335,0.84995611079881,0.866230520282959,0.808158823923484,0.810377958809387,0.843204876189252,0.889902517087327,0.928093003222233,0.950563580974127,0.962214886986099,0.969057690584837,0.978581995940764,1.00391890915022,1.03461910849437,1.05172640011158,1.05884701950156,1.07012865811278,1.08057769721127,1.09444813810914,1.11682573377018,1.14197724803858,1.149467252209,1.15418333777202,1.15843705646378,1.16444782579048,1.17045859511718,1.18617850350019,1.20143604501191,1.21123788353875,1.21465900271778,1.21595340386111,1.22113157367509,1.2292690610375,1.23907089956433,1.25331157310363,1.26958683044879,1.27495068182416,1.27559816501616,1.27717038195074,1.28114685009192,1.28734217049866,1.29843841016882,1.31230885106668,1.32664165883585,1.33302181294297,1.33366901351463,1.33551819837943,1.34023400132213,1.34541217113611,1.35456652647094,1.36732739992586,1.37907140540835,1.38286303984916,1.38406530676264,1.38508302259607,1.39118620877297,1.3973815291797,1.40764545195748,1.41911164164873,1.43113233244113,1.43048484924913,1.42900533178508,1.42687861374937,1.42697131321991,1.42623169579805,1.43270483199604,1.43871560132274,1.42290327608954,1.36621896296426,1.2693101451389,1.12690567070859,0.941687324050877,0.757948494857201,0.600008945744273,0.469903260517938,0.375768643920272,0.314460944702477,0.262122767119137,0.212836041314072,0.170299419637225,0.127393130559625,0.090312494488005,0.0581330603001342,0.0307621285255034,0.00200409613700184,-0.022315666479701,-0.0486694476615732,-0.073821244550314,-0.0995281077808688,-0.120704001769103,-0.142989463200282,-0.162593705494621,-0.181458330367108,-0.201062290041111,-0.225197218957435,-0.249147031553038,-0.272911727827927,-0.297416041524667,-0.314707884221905,-0.32987272626311,-0.342726016568213,-0.357428774358461,-0.370466898363956,-0.394416710959559,-0.417164539262025,-0.442316618771101,-0.465064447073566,-0.485870673661036,-0.500758547772005,-0.51638632192516,-0.529794678572084,-0.543480285769573,-0.560864545316997,-0.579081121756807,-0.59702016502571,-0.609873172710484,-0.623188547266539,-0.633914836915603,-0.642976775400244,-0.652223547585264,-0.672474707830926,-0.690691849511407,-0.709926141784645,-0.730547252051407,-0.743771057618287,-0.751538877579939,-0.760231148663828,-0.767536319133853,-0.772992304739081,-0.790376564286511,-0.807298456962655,-0.824035233318085,-0.836148623581002,-0.848446564923962,-0.854919135881272,-0.860282139395637,-0.866292626102002,-0.881272634442821,-0.89727035861707,-0.912620599599318,-0.929172824874704,-0.942396347821243,-0.951088901525461,-0.958301655145299,-0.965699525085858,-0.972450194454751,-0.982714399852865,-0.994827790115788,-1.00712601407908,-1.0160952530932,-1.02386222519384,-1.03051962985153,-1.03431069905166,-1.03902650199436,-1.0505851085358,-1.06371593201183,-1.07453520375175,-1.08378254117744,-1.09099557741762,-1.09450996130785,-1.09774681202718,-1.10477473194664,-1.11642575533827,-1.13020377938595,-1.13473446600794,-1.13880278575864,-1.14203878861695,-1.14361072293119,-1.14407280718214,-1.16469363482856,-1.18679426255937,-1.20935753978179,-1.22748198199175,-1.24690110796537,-1.25457622845649,-1.2614187494349,-1.26622668660745,-1.2799120111846,-1.29165545142643,-1.29415211948323,-1.29479960267522,-1.29387515155299,-1.2862927305324,-1.2790802595329,-1.29128663188668,-1.30404778796194,-1.30830178927402,-1.31274062428649,-1.31579207606477,-1.27066636948093,-1.18864486052585,-1.09561924613047,-0.954601872314011
-0.820349597993575,-0.626072927561326,-0.418699269649037,-0.169186443939761,0.0856416394290121,0.422470712403709,0.626807908998623,0.779040844932842,0.864078875997772,0.887426386025931,0.837694324510593,0.852594682262922,0.875277640048235,0.901946751007352,0.939056090829234,0.964207261200479,0.976071157635421,0.989263578414418,1.0097637532982,1.02286074077824,1.03633714088755,1.05360998785604,1.06708638796535,1.07743089345833,1.09612740799902,1.11748155136946,1.12384048383025,1.12659296581732,1.13551467395056,1.14310785773974,1.15212470910111,1.17053724431148,1.19179711466624,1.19701722909762,1.19976942101386,1.19929457508565,1.20100251205897,1.20290044541775,1.21286582835228,1.22577368965933,1.23934581313841,1.24712870324222,1.25206396813083,1.2627884663947,1.27104504214346,1.28015587644969,1.29135435042933,1.30388163882385,1.3037862055249,1.30359620913944,1.30103372353783,1.30397620191034,1.30919660641254,1.32077594337553,1.33254469658233,1.34716049486271,1.35114664803652,1.3505772390218,1.34886872190684,1.35247546245139,1.35446882910911,1.36253627868487,1.37354591656233,1.38607436524012,1.38863714091256,1.39063050757029,1.39091535711305,1.39480636705872,1.39907678963366,1.4081876239399,1.41729816817532,1.42688355833896,1.42764296373912,1.42574503038034,1.40049987706423,1.3456437145581,1.2532036563727,1.12327455566535,0.951111143932893,0.779421997987006,0.620735276434676,0.487958550512119,0.387165903137393,0.321204669454848,0.27061863945284,0.228668887899682,0.190989848992273,0.155114180357147,0.120282476594126,0.0845016611163193,0.0508093555243591,0.0181613048753254,-0.00613502679680987,-0.0278685827965155,-0.0481784712240242,-0.0674446848502379,-0.0858569299897887,-0.116986459909306,-0.148970538457125,-0.178676690875268,-0.207244025263987,-0.232204619108153,-0.248528934503476,-0.264093844498646,-0.279848750879264,-0.297311884304023,-0.32018483847479,-0.345145722389772,-0.368777791889883,-0.392125011847227,-0.415851934504656,-0.435877553531036,-0.454954060842611,-0.474125421311512,-0.493107075465781,-0.508671985460951,-0.525470566642864,-0.542364000982083,-0.555081575832872,-0.568273416470231,-0.582509221979708,-0.595416503145116,-0.606141001408996,-0.625597211420658,-0.644009746631031,-0.662896837698796,-0.676943517035279,-0.692129014401178,-0.701999544178395,-0.711015815398134,-0.718608419045682,-0.735976699313116,-0.752490721023084,-0.769858711219708,-0.78713184825902,-0.80412042582638,-0.815794035805052,-0.827752495326484,-0.838287577346548,-0.850151183710668,-0.8641024297482,-0.878053675785719,-0.891435512808532,-0.904532500288579,-0.916490959810011,-0.926266926500732,-0.935568337334053,-0.945344304024773,-0.956449085130365,-0.968502687879939,-0.977898661799757,-0.985965821304698,-0.993463281724105,-0.999727070956769,-1.00466204577456,-1.01510169449567,-1.02819868197572,-1.04196022169861,-1.04670520013095,-1.05192473442069,-1.05420208040873,-1.05477148942344,-1.05439178672336,-1.07242432916283,-1.08998260581573,-1.10621235812457,-1.11959448521819,-1.13231235013979,-1.13544453482693,-1.13781731411392,-1.14370140064651,-1.15528015746786,-1.16818743863327,-1.1756851891235,-1.18460631711511,-1.1923889171481,-1.1982732937515,-1.20548648476978,-1.22570181011079,-1.24534801650791,-1.25436428772764,-1.26347570217551,-1.27040433372185,-1.26888610306315,-1.26784242826186,-1.2861598202441,-1.3028635482687,-1.30922219065867,-1.31615024206337,-1.32136977635311,-1.31662421777914,-1.31168866281971,-1.32706328635861,-1.34281790266841,-1.35012565677319,-1.35563033067651,-1.24155098950709,-1.02430680181759,-0.709212155055042,-0.306707278082204
0.198059427998546,0.524300269826414,0.743879935034559,0.863435335419335,0.884293621523309,0.831294820849091,0.840017503301676,0.877183224140367,0.915012230479474,0.947152745049717,0.966209525711946,0.974457853265353,0.97806057437801,0.99256650367095,1.0210092522862,1.04793505044501,1.06424219540886,1.07030970746369,1.07732563954601,1.08301442108575,1.09410742917989,1.11050961898609,1.13089412973262,1.13857363708623,1.1443568839266,1.15639744273563,1.16872255653001,1.18104738055352,1.19953534101594,1.21849736660668,1.22153155729039,1.22361790748834,1.22333393204472,1.22760051819953,1.23262572446797,1.24665758863262,1.25945647778444,1.27434142736335,1.2790817888756,1.28097746984712,1.27955498469133,1.28420059113209,1.28827737737306,1.29747383518309,1.30780822316359,1.32060769185714,1.32307306234104,1.324305747583,1.32449554749685,1.32933124362231,1.33350336447649,1.3443118175853,1.35540482567944,1.36668763368742,1.3693425143143,1.371712550185,1.37161779511351,1.37721153181089,1.38574412457878,1.39787943845932,1.40982553196772,1.42252995581892,1.4245206816328,1.42120222573462,1.41797881467879,1.41466035878061,1.41380698359548,1.41769425969346,1.42471019177577,1.40954039744067,1.36185106824936,1.27111801630752,1.14018563238501,0.964123755055721,0.792897284081031,0.640632548926218,0.516810852157505,0.423517964431124,0.36520998204485,0.31040996569974,0.260160800723893,0.214083177060502,0.170375879038668,0.13292589298551,0.102017773886365,0.0737645354141038,0.0475023125265807,0.0219036649103507,-0.00928871940326754,-0.0392487082457931,-0.0677867914742459,-0.0979365802306107,-0.124673447788171,-0.148565924575861,-0.170372340936461,-0.192367977669181,-0.210950403432232,-0.232092375208962,-0.252476016642911,-0.274566408447119,-0.295708959765566,-0.318463506382791,-0.339985657528924,-0.360275123433111,-0.378763083895528,-0.398294219456929,-0.415834049662726,-0.433279124797023,-0.451672330187959,-0.464661598795346,-0.475280251990323,-0.487226345498739,-0.498508573965002,-0.50846365188868,-0.530459288621394,-0.554161675724386,-0.576821467270124,-0.600050368786515,-0.621762030075627,-0.635225363811327,-0.648119587576362,-0.660160146385412,-0.670778509809523,-0.68509463918863,-0.701970894123135,-0.718942193899985,-0.729182116579861,-0.73961154940271,-0.747575901512515,-0.753548948266722,-0.758099799635992,-0.776777270241401,-0.795834050903624,-0.815270141622672,-0.833189281885289,-0.849780981834467,-0.860020324972612,-0.868647672811992,-0.87651640053772,-0.888367159432924,-0.903062309097991,-0.916714863205806,-0.929704131813193,-0.941365960107141,-0.950373197545059,-0.957768729455064,-0.964121086266085,-0.97341229914761,-0.985263637584532,-0.997493996307421,-1.00479419360421,-1.01067219551607,-1.01522275711448,-1.01768725828581,-1.01939342911435,-1.03067536780975,-1.04612913758846,-1.06006624668161,-1.06490194280707,-1.07059101411767,-1.07153972391602,-1.07002335300131,-1.06945482257237,-1.0885116032346,-1.1054826132406,-1.12169500313295,-1.13582162236907,-1.15013804151905,-1.1557320679873,-1.16502357063968,-1.17744372927641,-1.19612119988182,-1.21792732647156,-1.22958886499464,-1.23850076781934,-1.24485283485951,-1.24741238087319,-1.24523156537461,-1.26040106993886,-1.27538106436012,-1.27879456510065,-1.28163953541224,-1.28429470580998,-1.27822719375515,-1.27282354674246,-1.28988960159081,-1.30553346105423,-1.31103273245099,-1.31435118834917,-1.31672122421986,-1.30723992165364,-1.26059289824872,-1.19925014563701,-1.10832700401047,-0.953881453357081,-0.794600786119948,-0.668598563623523,-0.572177309683657,-0.498415557518676,-0.48533211338152
-0.451403330982748,-0.448753313674774,-0.383139130915116,-0.3084777980037,-0.218189518593433,0.076252038758145,0.316868191863445,0.501556913924427,0.698674016062354,0.878428030514004,0.900909047916905,0.9174498705363,0.93389908210204,0.931522780747044,0.939472553368974,0.965242351737452,0.990189605737045,1.01129897105316,1.02738257631029,1.03780081994485,1.04566037802309,1.06348096237362,1.08358623702552,1.09473541397532,1.10021839139656,1.10688924019332,1.11145834149402,1.11803757923713,1.1316538306896,1.14782904700038,1.15587098927994,1.16171957300981,1.17213781664437,1.18292138728555,1.19425322773866,1.2096975107342,1.22605566985027,1.23089904570794,1.2319955853318,1.23309212495565,1.23693029294111,1.24104273548355,1.25164364262142,1.26352403218845,1.27293706795082,1.27577002806409,1.27741483749987,1.2825322086125,1.28975132722119,1.29815831720538,1.30921588310152,1.32155265212484,1.32392839487585,1.32237463788973,1.32045527459501,1.32383594591623,1.32612035691558,1.33397935638983,1.34394038266214,1.35472423260531,1.35563866732983,1.35682709730932,1.35682737661132,1.36121381440872,1.36514303484386,1.3748295072572,1.38323649724139,1.39274030615142,1.39264897439976,1.39191804108454,1.38945068727987,1.39264953300375,1.3961223739826,1.39593971047929,1.36934680913794,1.31031242272537,1.20668188711761,1.06165404803852,0.89286626773137,0.733948181944851,0.597693497762554,0.491047897142194,0.416478454586413,0.365029351695131,0.322535787901962,0.281687033544559,0.243488017193145,0.205745938901996,0.175588585528147,0.147167652643725,0.120300476745414,0.0959009339537561,0.0739687449667613,0.0428067423247045,0.0116447396826415,-0.0183293915839088,-0.0490347354676913,-0.0779123271103875,-0.101215330278191,-0.123056187513533,-0.143800505125021,-0.163722278367625,-0.185746078408263,-0.208135484757515,-0.231164771972346,-0.248619470712284,-0.265982837700551,-0.282340717514638,-0.297053508590956,-0.310486817238117,-0.332875944285384,-0.354899465024031,-0.375186844575247,-0.396205436743696,-0.41503067036244,-0.429652129687111,-0.443633987448194,-0.459169322893396,-0.473699450466403,-0.493804166514302,-0.513086338193317,-0.530906363939871,-0.542146872641322,-0.553021775034153,-0.559692903132906,-0.568009119969428,-0.577421876429799,-0.59898845910818,-0.621468917907093,-0.64349243864574,-0.662408724714163,-0.680593798165342,-0.691468421256188,-0.701977438038421,-0.713217667437881,-0.727473799755918,-0.743375020811731,-0.759733179927802,-0.77490346766838,-0.78833733491953,-0.800126113432904,-0.809995807953546,-0.819682559668892,-0.830100244699461,-0.844173434212196,-0.85806396022162,-0.869121526117762,-0.885022467871584,-0.905310126724791,-0.927425258517088,-0.954566429670369,-0.993222104780057,-1.02712573578374,-1.05865306543242,-1.07738668799752,-1.09027172683276,-1.09456655357651,-1.0973992343878,-1.09630241546195,-1.11147214459854,-1.12764708160732,-1.14217720918033,-1.15451425750563,-1.16694291688458,-1.17132963398398,-1.17452847970786,-1.18046895379337,-1.19262361791735,-1.20633175972546,-1.21190662750235,-1.21684161441367,-1.21903469366137,-1.21702399861499,-1.21364248938779,-1.22561365210249,-1.23968684161522,-1.24580997920403,-1.25394353253725,-1.26143720500488,-1.26107159869626,-1.25805569577769,-1.27368208367255,-1.28610990514552,-1.29086166994955,-1.29579637755887,-1.3019189565437,-1.29844611556485,-1.29661836332377,-1.31361556539945,-1.3300644976632,-1.3368269575136,-1.34322381105539,-1.34870678847664,-1.3434067538607,-1.33774111293614,-1.33792405574144,-1.31791095074718,-1.24608257794904,-1.14272631689824,-0.995322735068143
-0.831699489494277,-0.722719956395003,-0.613173149844091,-0.468813332478324,-0.350847054514633,-0.288411122688973,0.0205534086195746,0.279852889019464,0.47586466002563,0.681052845307183,0.892389962543935,0.924270325744082,0.938082075379683,0.958042756970497,0.962678092330723,0.969110950141965,0.994463909955594,1.03457465341799,1.05396806155715,1.05841459489704,1.06248265680562,1.06919944047288,1.07941614520647,1.10278220228836,1.12964846956678,1.1372161634115,1.13626984026816,1.1346614089677,1.13664802256925,1.14118881235421,1.15556812457166,1.17165041366485,1.18546245243065,1.19189531024188,1.19700395173887,1.20873454219766,1.22197844012122,1.23560052034588,1.2530067366231,1.26729092500488,1.26747972702522,1.26454707941053,1.26066868691289,1.25934475972885,1.2613319515908,1.27117105228371,1.28337494887925,1.2959570277759,1.30191686858056,1.3054170787771,1.30768732910448,1.31080877873952,1.31421415423058,1.32159275692476,1.33114706437104,1.3400392636602,1.34524216160227,1.34968811668176,1.35091749829052,1.35157931731743,1.35261960777564,1.35564680096561,1.36028242545603,1.36870218599903,1.37504107649538,1.3808121152797,1.38639377378327,1.39121848942424,1.39424597174441,1.39888130710464,1.40465205675874,1.41013888055684,1.41288243702098,1.41505814177309,1.40626019892901,1.3757043411733,1.31147088689664,1.21242413267495,1.07478052071604,0.916135647577913,0.755314491427276,0.615400050880608,0.501500967434886,0.415698400266956,0.354208213324241,0.306908536578632,0.264717212199815,0.22526944428515,0.189605523292845,0.152428005705555,0.116953175863799,0.0824243800351795,0.0552741869007339,0.0300157726623764,0.00664942645029201,-0.0142575782838684,-0.0334618952724889,-0.0637344054325845,-0.0941957176130176,-0.122765250897375,-0.150199369887838,-0.176119892283322,-0.194093960272578,-0.212068317392045,-0.22994783980603,-0.25057062955397,-0.274788175073709,-0.302600476365281,-0.329750380369522,-0.35623817621665,-0.382158698612121,-0.404579010811069,-0.422553367930529,-0.440338633899455,-0.458502371299661,-0.473544080804435,-0.490477569205284,-0.510343416090628,-0.523587314014189,-0.53787179152617,-0.554142882639702,-0.568806120713175,-0.58015823974066,-0.603051568946173,-0.622728324680963,-0.640986029396045,-0.653189058600994,-0.667757461968999,-0.675987553101032,-0.685636695252786,-0.696137325842406,-0.717706149603482,-0.737288070632797,-0.758194497106561,-0.778249724272645,-0.794710195666929,-0.806062603824613,-0.817888028988861,-0.82744291469553,-0.83765990855933,-0.852890709214646,-0.867742749308469,-0.88193268124518,-0.895744141750589,-0.908609568242849,-0.91797478453858,-0.92620487567062,-0.935381000815797,-0.946733119843276,-0.959220364034446,-0.970194011630637,-0.980411005494432,-0.989114402763241,-0.996304203437065,-1.00141284493406,-1.0114404585171,-1.02354923127699,-1.03736069178239,-1.04218511829316,-1.0482392155429,-1.05088793730157,-1.05259062504711,-1.05173942573944,-1.06905138557159,-1.0872151229718,-1.10500038894071,-1.12051511545205,-1.13640773513429,-1.14397542897901,-1.148042623497,-1.15532639148569,-1.16686731253353,-1.18077360774441,-1.18389563563985,-1.18862580570555,-1.18966638529397,-1.18739613496659,-1.18266625403109,-1.19619436694088,-1.21019578598743,-1.21435868260148,-1.22079182954291,-1.22675195947777,-1.22306265813068,-1.22003546494072,-1.23810436763546,-1.25342971386605,-1.25929471996524,-1.26705179409071,-1.27301134576517,-1.26809179541872,-1.26392918793487,-1.28161961919832,-1.29855310759916,-1.30621563614936,-1.31340514769298,-1.27726763143371,-1.16232796839957,-1.08768813997837,-0.928002976382031
-0.668069079664984,-0.440904683546242,-0.260664939646708,0.102552754967964,0.371827072489351,0.546968713342035,0.73532871646714,0.902161952784538,0.915947059517482,0.926332853753018,0.938984471564916,0.935962892519037,0.947386948755052,0.976561014416232,1.00346925650105,1.02395747274185,1.03651472933248,1.04217957683984,1.04831680758646,1.06446209911705,1.08627223815502,1.10052943956078,1.10940487712301,1.11846874856137,1.12677715309666,1.13555736373833,1.15037986677248,1.16727975950687,1.17445525225397,1.17870410430931,1.18776855288052,1.1975884683548,1.20863565683855,1.22449786470532,1.2423425239182,1.24744091553148,1.2488569109835,1.24687388250453,1.2474400498322,1.24819522816885,1.25565380457978,1.26509540946968,1.27689719915723,1.28303414133741,1.2869996211625,1.29417540247601,1.30238944579001,1.31117023356454,1.32287766203081,1.33581236350656,1.34062738288957,1.34223238935057,1.34128820000495,1.34515960717517,1.34837019723003,1.35667917889817,1.36602671113321,1.37641279393517,1.37650715515644,1.37594041069593,1.37329627653516,1.37527872788128,1.37773327390021,1.3855698723291,1.39416193766107,1.40435929802047,1.40653104894199,1.4076642492966,1.4076642492966,1.41030780632452,1.41502846448625,1.41314008579499,1.38566481068322,1.32561615741286,1.22355252109399,1.07701906714126,0.907920295813907,0.74628067803033,0.608528300418547,0.499761554591825,0.42196318046271,0.36880722484203,0.326603230784541,0.282416208248089,0.239834192172633,0.200650911461757,0.16533874935467,0.130026587247595,0.0999077551079186,0.0721493963323293,0.0450524318049555,0.0130457981068698,-0.016694723448416,-0.0468132670216623,-0.0753265155674822,-0.0991193945179946,-0.118380337749319,-0.138679831547565,-0.156618851981718,-0.175691072770499,-0.200711224730477,-0.226958649699915,-0.251412345765801,-0.277659770735239,-0.303529750819571,-0.326095356760611,-0.348472240259095,-0.371226568642698,-0.392187168122742,-0.412769745584807,-0.433635406710728,-0.453367867482021,-0.472156138907679,-0.492077322121535,-0.511148965777448,-0.529937525769544,-0.548632013106775,-0.568081967347079,-0.586587732241762,-0.604999135915169,-0.623127167358315,-0.64059409311965,-0.657211479323068,-0.673640143083937,-0.689974157057088,-0.706119448587689,-0.722547823782127,-0.739448005082946,-0.755687080701967,-0.772209528551255,-0.788259881727727,-0.803932790019073,-0.819227964858903,-0.834712150707699,-0.850101975335221,-0.864736333059671,-0.879465052005402,-0.88352489305176,-0.887773745107104,-0.889567762577093,-0.891550791056062,-0.892117535516585,-0.911284406093065,-0.929318076314929,-0.94669064085499,-0.960569820242791,-0.974260277188036,-0.978886574128493,-0.982851765387145,-0.990782725037325,-1.00522836031921,-1.02146801307109,-1.03034316206689,-1.03884086617758,-1.04460036347264,-1.04648874216391,-1.04629973115493,-1.060273271764,-1.07594618005536,-1.08264957812963,-1.08925832641621,-1.09558399103895,-1.09397869601152,-1.09048531085925,-1.10549740203524,-1.12107623767175,-1.12787428553373,-1.13561652274134,-1.14430266072816,-1.14222555959434,-1.13958200256643,-1.15572729409702,-1.17158921339737,-1.17885964449859,-1.18707397637902,-1.19472185236536,-1.19283347367409,-1.19047300031001,-1.20435160256495,-1.21936340517452,-1.22842698804645,-1.23701876481199,-1.2446663522319,-1.24381681267397,-1.24126761686733,-1.25118131643004,-1.25458034036103,-1.25637464639745,-1.25703575207925,-1.2585466858854,-1.25344829427212,-1.26213443225894,-1.27676850141697,-1.26704352429681,-1.20510678090161,-1.1144677779516,-0.970011713699115,-0.782407466043507,-0.610381765457977,-0.484524961622177
-0.416949450426487,-0.286514058492153,-0.148897280855872,0.0252104634731517,0.24522230386798,0.537924503481779,0.71979559537915,0.850036406791377,0.941456920962057,0.967660332398869,0.91496193535875,0.906712729718449,0.91699998835772,0.923308431260094,0.942718431572541,0.972318993496516,0.992214258647615,1.00221023973704,1.01570006834136,1.03656556655309,1.04821132944724,1.05791603298682,1.06509771530542,1.07072631284705,1.07586964555004,1.08897090634347,1.1060515761071,1.12196743228799,1.13050791547814,1.1330315299324,1.14186358728904,1.15312167222224,1.16661209405987,1.18476058376184,1.20533510104037,1.21018745281017,1.20882865193863,1.2077608320003,1.21106039560976,1.21581605035179,1.22794737470124,1.24396052114319,1.25628583278143,1.25764433703631,1.25512042596538,1.25327576702191,1.25502224585439,1.26103911459027,1.27278216774547,1.28695184171053,1.29888977200447,1.30083142459234,1.29889095847107,1.29675620844435,1.29927952628197,1.30461684627375,1.31597133161806,1.32955785725014,1.34295039559342,1.34450318375375,1.3446004740148,1.34236843372702,1.34333896340431,1.34518302911448,1.35547028775375,1.36459302942694,1.37643337284319,1.37983052333034,1.38118932420188,1.37837472881441,1.37730690887608,1.37507427535501,1.37759729657597,1.37128915029025,1.34576528759753,1.28821513202092,1.19417430636821,1.06170145466821,0.90826551787878,0.760944036702917,0.630994206223883,0.52705379989287,0.451257864353236,0.396327723641998,0.341106008764258,0.292871988916328,0.244540678807342,0.198053434408541,0.156418838396172,0.124101267962438,0.0909101614958089,0.0624747097712297,0.0355920462069685,0.00550681267765605,-0.0250636856903082,-0.0538871119924893,-0.0830015192278636,-0.111630661624599,-0.137348511606112,-0.161804850977153,-0.185290660670898,-0.20945601910874,-0.231680614808649,-0.255264011380098,-0.278167859207463,-0.296995601036876,-0.313882283511707,-0.33261273508007,-0.347461067939277,-0.363959479219872,-0.38802814062996,-0.412194092301098,-0.435292520650549,-0.461011260482018,-0.480518551055514,-0.496822975047305,-0.513127102422448,-0.52787844163726,-0.542144516013427,-0.563301291775009,-0.583875512436896,-0.603285216132694,-0.62473297282747,-0.643269437107028,-0.660544390776109,-0.675781588062855,-0.69160134044931,-0.705382743220133,-0.722366419339367,-0.736923474648727,-0.752548053279779,-0.764775481423681,-0.776226960412379,-0.785737676663157,-0.795151695886187,-0.805050979947862,-0.821064719623107,-0.839698474163715,-0.858914487187371,-0.871433786114409,-0.88162375449263,-0.888222585094895,-0.892201400831798,-0.894724422052765,-0.912581634204887,-0.931894640872938,-0.95246945476812,-0.965280031245006,-0.979255421304627,-0.982554984914081,-0.986339813362179,-0.986922071845233,-1.00351777338687,-1.01943392618442,-1.03758241588638,-1.04728771265925,-1.0591280560755,-1.06310716842905,-1.06553349262227,-1.06766883588229,-1.0830027301968,-1.0985306118001,-1.11134118827698,-1.1253165783366,-1.1372536187806,-1.14346477142192,-1.14822042616396,-1.15773143903139,-1.1679214074096,-1.18063469362544,-1.18441952207355,-1.18742780813316,-1.1884950348382,-1.18742751151651,-1.18500148393994,-1.1997531197714,-1.21702807344048,-1.22139545698827,-1.22702435114655,-1.23284723259362,-1.22818886811264,-1.22188042521026,-1.23857282377965,-1.25652673295952,-1.26467864833877,-1.2738980870397,-1.28117676300271,-1.27700366336036,-1.27079280733569,-1.28302142194618,-1.29660883742821,-1.30185005362554,-1.30650901133983,-1.31039142666563,-1.30524809396265,-1.29855167648268,-1.26215770343435,-1.18956404124313,-1.08222648442496,-0.916950204219272
-0.691877197870128,-0.473900659378946,-0.242549570010851,0.00385878505118883,0.245661330927709,0.525638980327318,0.704467223569672,0.834846219876581,0.916244571373874,0.937590631777399,0.888344152677181,0.877095193296968,0.884003636368222,0.90428663031639,0.940158558539694,0.970627445412712,0.992150548205295,1.00339923687849,1.01225649976441,1.02377075202119,1.04617960817306,1.07089109821068,1.08568252961403,1.09117355074481,1.10047341960335,1.11234202734524,1.12607093370728,1.14670828314056,1.16920593119398,1.17770910930179,1.17788615169084,1.17708891952608,1.18134037322647,1.18762916793605,1.201180761202,1.21898407887538,1.23590137248244,1.24121589263821,1.24440427988324,1.24449280107776,1.24865573358363,1.25361616896129,1.26318214281745,1.2721281976049,1.28417411844287,1.28585683325991,1.28603360494195,1.28665352401064,1.29232239965153,1.29861146506812,1.31021505064047,1.32217299169795,1.33404214085388,1.33634504544664,1.3350164154077,1.33351047227269,1.33581310615843,1.34024133154086,1.34998407707906,1.36096666075464,1.37310083208011,1.37682061719932,1.37717497268445,1.37690940910086,1.37602392644859,1.37602392644859,1.3821354080621,1.38895532993884,1.3958637730101,1.40454372279994,1.40755533836294,1.4083525705277,1.40906101079093,1.40082366697371,1.36539461543006,1.29834508936349,1.19232376902311,1.04591377388247,0.872754676988015,0.704644265958724,0.558234000111062,0.440432593223309,0.356022896870031,0.297299506522222,0.251596040859181,0.210941261061307,0.174183850185728,0.13530057710644,0.0995171700776646,0.0645312659206718,0.0314939108713164,0.00350497098010038,-0.0222695855128822,-0.0460070717036925,-0.0680621137844767,-0.0891426106044209,-0.11722007169016,-0.143260462473726,-0.169920501618978,-0.196491748862691,-0.217749017364671,-0.235906419816144,-0.252735192228685,-0.269741548444315,-0.284445000067176,-0.309688158685976,-0.333248602487734,-0.357251652262125,-0.380545720359257,-0.40073965169886,-0.414468016646857,-0.428638987567486,-0.443430148263818,-0.457335826307888,-0.481073312498699,-0.505519509659747,-0.529611622042703,-0.552729459871829,-0.568761541533634,-0.57859334968038,-0.586919214692128,-0.594182013248507,-0.601090727026782,-0.621462242169479,-0.642365155186341,-0.663976779173441,-0.68691703319949,-0.706225481886818,-0.718979842988011,-0.731025763825982,-0.742097410110128,-0.751574862771749,-0.768138342307731,-0.784435987553111,-0.800379277313371,-0.811805279082636,-0.823762678726072,-0.831468353962099,-0.838908194907529,-0.846259514658437,-0.863353850654553,-0.879916518069483,-0.897187896454639,-0.914725109130409,-0.929693853629835,-0.939613912264095,-0.949002843731194,-0.957771856129593,-0.965477802072641,-0.978143641979305,-0.990632439496918,-1.00391819847228,-1.01082664154354,-1.01711543625312,-1.02048140730124,-1.02269579069948,-1.02437877622354,-1.03784211900199,-1.05210242323818,-1.06698264654308,-1.07761141614758,-1.08691182642015,-1.09010048437221,-1.09293478683915,-1.09497185714131,-1.10781473943703,-1.12216302345372,-1.13456275836278,-1.14563386323289,-1.15573069354918,-1.1591846443778,-1.16157579945807,-1.16742117607396,-1.17654400254346,-1.18637553998319,-1.18628701878866,-1.18655312378627,-1.18442807370362,-1.18008836951571,-1.17548310174423,-1.19062943004673,-1.20577548764223,-1.21711269750995,-1.22605875229741,-1.23438434660213,-1.2330557165632,-1.23128420984461,-1.23775004694324,-1.24873290132585,-1.26166484623012,-1.26804216213423,-1.27450799923285,-1.27796222076849,-1.2783165762536,-1.27707619670217,-1.28850192776442,-1.25573013629865,-1.18566953608312,-1.07566259633293,-0.909235170827698
-0.706204791521084,-0.463245662678151,-0.211667473239343,0.0345580477609494,0.266721168229791,0.541887256483744,0.713536996201647,0.84154823580637,0.937715201988355,0.977361383401901,0.925739355020914,0.905235950803271,0.905054885091988,0.913855565964868,0.941436060762512,0.981808446001196,1.01855147581139,1.02726065333861,1.02798602531515,1.0340640657302,1.04767227692772,1.06227870644158,1.08468732122912,1.10446507618736,1.1102711021112,1.11199469240409,1.1140812459681,1.12197438002171,1.12923253631297,1.14266023636495,1.156178607914,1.17278147406054,1.17786212800785,1.18357748243464,1.19319392949825,1.20553190788824,1.2132428670991,1.22839360287824,1.2427280179009,1.24644749026074,1.24454227969085,1.2431816526691,1.24590318399546,1.25080221766577,1.26023787630099,1.27284870103076,1.28854402035803,1.29217337578653,1.29317159410287,1.29317159410287,1.29834319683012,1.30206322375568,1.31240587464444,1.32256718253905,1.33699254634166,1.33980502644794,1.34071229598435,1.34125660224963,1.34724424845048,1.35014712277097,1.35985424133166,1.37028728643461,1.3799040107811,1.3796319962899,1.37845298954515,1.37536877223053,1.37219360613597,1.37146795687656,1.37518742923639,1.38090278366317,1.38734406463223,1.39360400260715,1.39578122766824,1.38979358146738,1.35622571775175,1.29353538922261,1.19292246957279,1.05465925057638,0.890358061363931,0.73385905742516,0.58806539036341,0.470668261572915,0.381123364788399,0.31779778121404,0.264452162540167,0.222719150279736,0.181530444284576,0.146148041496131,0.111219550758761,0.0784682850824713,0.0446286841585054,0.01478084736844,-0.0109845537906603,-0.0350266419397321,-0.0584337523264694,-0.07866597390151,-0.0994422244589565,-0.128655638052409,-0.156054235290189,-0.182999197759764,-0.210669532205874,-0.232987475496337,-0.248682517540739,-0.265103763410281,-0.280980703014558,-0.296404285133488,-0.320083410011432,-0.346030708730389,-0.370798168856008,-0.395656300478692,-0.417792623492156,-0.435665167880514,-0.450906575156717,-0.467599835517464,-0.482478556805397,-0.502346983260698,-0.522487424207213,-0.5442610612324,-0.559774482999803,-0.578100384873502,-0.592525471393229,-0.606497200427621,-0.618473047395063,-0.64015656748892,-0.65839262971414,-0.677535684192907,-0.69586186334947,-0.711193942122737,-0.720629046192219,-0.731243434289311,-0.741041224347069,-0.750657948693556,-0.767986464099501,-0.786584935030134,-0.805002062966632,-0.816433603668792,-0.828318501856293,-0.835848672638765,-0.842380902387749,-0.848459497368541,-0.868781835874918,-0.888196904844891,-0.907158061763788,-0.91967793771363,-0.931925521889407,-0.935735665746315,-0.939364466609074,-0.94263058148357,-0.958144280533843,-0.973748928364044,-0.990351517227721,-0.998970577823596,-1.00795232440774,-1.01031116974583,-1.01167179676757,-1.01285108079518,-1.0299974213584,-1.04723471070156,-1.06528859808405,-1.07572192046988,-1.08533864481637,-1.0863368631327,-1.08679077518378,-1.08597473171016,-1.10203301430857,-1.11818196840404,-1.13505657175893,-1.14793913369704,-1.16091236713223,-1.16454144527786,-1.16771688865528,-1.17089233203271,-1.1811443114244,-1.19194031979849,-1.19457090234491,-1.19810903171062,-1.2000142422805,-1.19783701721942,-1.19457145691065,-1.20890642649904,-1.2234224617987,-1.22768651770667,-1.23258527409412,-1.23820967974096,-1.23421736104133,-1.22704987624714,-1.24256357529741,-1.25789620863641,-1.26252350509838,-1.26542693398461,-1.27077987970598,-1.26343132920052,-1.25626412168919,-1.26878372035617,-1.28674693624159,-1.29237161917131,-1.25408606477951,-1.1665373273448,-1.03344543379276,-0.838661152745054
-0.637783015464505,-0.399122206726031,-0.176663481589103,0.04734256478738,0.266342490037329,0.526939818319629,0.689870074171843,0.823127204282439,0.926165111637171,0.956021011570511,0.906140905326128,0.895855475468358,0.898313051130029,0.90878042059417,0.944915740703581,0.992702150499047,1.01582155567944,1.0239223192851,1.02829137359421,1.03766710542008,1.05141216975018,1.07853758461228,1.10666422369969,1.11822462177768,1.1182248999728,1.11685951833962,1.11849780938237,1.12222951867891,1.13287882774943,1.14798816093225,1.16173211248188,1.16819402865455,1.17156130234812,1.18066329017908,1.18976555620516,1.20059736127229,1.21425117760409,1.23118157602138,1.23764404858428,1.24146672768402,1.24237670391102,1.24883889827882,1.2546643040243,1.26658858131504,1.27942311302791,1.29480646840076,1.29862998208585,1.29963148450627,1.29753806625247,1.29535340000035,1.29298651594675,1.29735529206074,1.30245238299046,1.31037092879462,1.31838072259709,1.32384169273958,1.32693633521869,1.33075929251355,1.33540181262245,1.34195581137878,1.3488742457381,1.35852316516867,1.36717058217881,1.37135769688154,1.37126672707834,1.3726318305164,1.37527106758935,1.38055009812545,1.38692132269006,1.39675134714164,1.40548917756474,1.40767356562172,1.40639915379174,1.39775201497671,1.36198029588496,1.29771861488326,1.19968766324041,1.06251688422688,0.899404966963413,0.742664552459661,0.595117373785179,0.473602581358945,0.382125350277314,0.314677778798206,0.261065685062148,0.219832717632781,0.183241713922079,0.149381195282622,0.119252664134841,0.0853921454953785,0.0521686936733605,0.0179442958211496,-0.0134583689615146,-0.0410383546444394,-0.0649776008339896,-0.0884617198125034,-0.10857828690232,-0.131061181655514,-0.158367979733755,-0.186220596631133,-0.213071989303198,-0.241015576003756,-0.261404496112911,-0.280519004392069,-0.296903027599987,-0.313468990414288,-0.328396383990721,-0.353154358408984,-0.3741806235307,-0.397755434117272,-0.419600983857911,-0.441628751400044,-0.456465453368407,-0.474032918603131,-0.488596711161937,-0.505527109579229,-0.523003605010756,-0.54403014832758,-0.564055189223981,-0.586446835978868,-0.604560120032718,-0.623401440707203,-0.638874931297884,-0.654621609493254,-0.667273367014388,-0.684203487236558,-0.698767279795359,-0.71688084204433,-0.726620453082968,-0.738635700176899,-0.747737966202971,-0.758114365863932,-0.763484644398348,-0.783327189298142,-0.800621188733067,-0.818916690588421,-0.835391961794639,-0.850592821170878,-0.857510977335072,-0.865339387921395,-0.870983132255616,-0.878356137435756,-0.892828960191364,-0.907483444358247,-0.922865965145742,-0.932150170778198,-0.939978024974278,-0.942890449651901,-0.947077564354631,-0.949899575619293,-0.967648980460394,-0.986035452118934,-1.00606049301534,-1.01525372884461,-1.02499278349301,-1.02735911115638,-1.02790492997551,-1.02663051814552,-1.04447061459469,-1.06194683183111,-1.07869501244691,-1.0867053626396,-1.09589859846887,-1.09435155542443,-1.0927135425768,-1.09016499711193,-1.10727705694048,-1.12338817073883,-1.14186561220056,-1.1545173697217,-1.1677155024522,-1.17053723552175,-1.17317675078981,-1.17372284780405,-1.184463683068,-1.19602380295088,-1.19711599697937,-1.19848137861255,-1.19911844542999,-1.1953861797432,-1.18983340521218,-1.20576230120904,-1.22214632441696,-1.23225009286347,-1.2399875336466,-1.24845301105036,-1.24463033195062,-1.23971518062726,-1.24981839268354,-1.26347137442998,-1.27557703493687,-1.28540705938846,-1.29551027144473,-1.29742175009216,-1.29769493769684,-1.3004257009632,-1.26201446660338,-1.18646613151861,-1.07569189616121,-0.909211870618828
-0.700846481632071,-0.47292109023034,-0.234260121178442,0.0148610320581545,0.2568253204889,0.534666759055874,0.714694720567923,0.844714930573366,0.928764904064757,0.950052650682395,0.899310703562089,0.885822593464054,0.889860108456595,0.907844535695385,0.944180487979826,0.977488794792315,0.997950641454883,1.01006290599111,1.01410070142507,1.02125812711374,1.0390591456698,1.06319168995947,1.076955193523,1.08695657555948,1.09934367267837,1.11301547190054,1.12797169278457,1.1485252437885,1.16907879479244,1.17476782925369,1.17440073144684,1.17146450987485,1.17192359246447,1.17412589886417,1.18541198300392,1.20018479520522,1.21541668999616,1.22422535471214,1.22982268483203,1.23578711275879,1.2421189189338,1.2489089663742,1.25872693972796,1.27010472820907,1.27616058003577,1.27845402989401,1.27955504287315,1.28588628816534,1.2920338443334,1.30203522636987,1.31277080402005,1.32378149469431,1.32332241210468,1.32240480780826,1.31974369926035,1.31891779930529,1.31937660145349,1.32589153586982,1.33203937247929,1.33956361553339,1.3463536629738,1.34947329322852,1.35176702352816,1.3543361472933,1.35736435364807,1.36131016429924,1.36846758998791,1.37635921129028,1.3843422564926,1.38957220836423,1.39140713651567,1.39186565822247,1.39727901877683,1.39544381018398,1.37030251813935,1.31460629305431,1.22220701787798,1.07860699343313,0.906194979316545,0.738737523606106,0.591741634116832,0.472273032196016,0.389415776025129,0.333627285715902,0.289492257794696,0.248843957935045,0.207828560268539,0.167455373432972,0.128916834307426,0.0923969124574466,0.0581712817899348,0.0271572661599077,-0.0013793300463403,-0.0285392393665402,-0.0568921464486525,-0.0847865318239735,-0.111029397730578,-0.13754737666126,-0.15966102323396,-0.179480659065596,-0.198107297135318,-0.216641950422268,-0.233158266875062,-0.257290530723322,-0.281331090230225,-0.306014141009476,-0.330972585254215,-0.351342727575426,-0.36730853753865,-0.382356462764038,-0.396486783693006,-0.410341991597897,-0.433923748956587,-0.457321817191148,-0.48218827665312,-0.506412244842737,-0.527516302336238,-0.543848929664909,-0.560089852652216,-0.573853356215737,-0.5885347445171,-0.607345071710953,-0.625880005439318,-0.644323234826327,-0.657536231900285,-0.669647935553687,-0.679374204566077,-0.6878160519166,-0.695523984094845,-0.714701689536962,-0.73387939497908,-0.753515902569404,-0.774161718797517,-0.792513243843156,-0.805175453986129,-0.816094159877619,-0.82600327668991,-0.835820689160845,-0.850685205703519,-0.865458298346239,-0.881240980068158,-0.891151499087508,-0.89959362687944,-0.9040899440202,-0.907760361205892,-0.912164693563874,-0.928405616551181,-0.94528903081083,-0.962447558094563,-0.97281603793788,-0.982266913484789,-0.985569952422215,-0.987588289256378,-0.990707919511085,-1.00786644679482,-1.02511667841991,-1.04310082521729,-1.05695603312217,-1.06943483458242,-1.0742976886472,-1.07851833188106,-1.08136284911169,-1.09411704403744,-1.10733004111139,-1.11733170358928,-1.1267828595776,-1.13614231122454,-1.14082231748943,-1.14449301511653,-1.15477007105992,-1.16715744862022,-1.17972823486324,-1.18330666726616,-1.18725219747594,-1.18752759094143,-1.18569266278999,-1.18339893249035,-1.19707101215392,-1.21276142865165,-1.21670667842002,-1.22056022384702,-1.22496427576359,-1.221018184671,-1.21331025249277,-1.22881697986636,-1.24524131153639,-1.25111375468037,-1.25735357607261,-1.26432759307856,-1.26010751072753,-1.25460272627322,-1.26919269067463,-1.28424117678285,-1.29194882851967,-1.29745389341539,-1.30240817138012,-1.26882419066073,-1.18330582594193,-1.08833658567623,-0.954095451995514
-0.745665826820101,-0.682964364890243,-0.615922401596425,-0.488487099147605,-0.378135517848474,-0.32023516578938,0.0170070292688393,0.295887417054352,0.491288157695413,0.686689180572089,0.892524735988409,0.921428202025385,0.94488339195013,0.975449507934118,0.992717811169244,0.992718093404847,1.00047562123436,1.0160824034649,1.03408988174861,1.04304747536911,1.05412860967901,1.06585578128798,1.08423157703577,1.09688194130756,1.10925543245118,1.12393789307647,1.13760486999622,1.14887115086278,1.16660175601833,1.18534812711503,1.19227418885323,1.19559864204045,1.1974455918373,1.20178581096566,1.20972763864501,1.22367177092852,1.2411252207203,1.25663914743691,1.26181055042098,1.25987130958141,1.2594098543678,1.26014874718079,1.26393522005281,1.27316996903708,1.28720639236332,1.2973640517748,1.30059564944809,1.30004105648494,1.29911701711531,1.30059423827006,1.30853578371381,1.3186937253609,1.33291501300819,1.34584337935056,1.35018359847892,1.34722859169819,1.34778290242573,1.34390442074659,1.34528963309422,1.34944527013714,1.35747938885921,1.36172731694486,1.37022317311613,1.37105463920745,1.37474853880116,1.37530256729309,1.38370556795045,1.38952300823356,1.40069615135059,1.4089145699225,1.42119633449462,1.420734879281,1.42091974360205,1.41722640847955,1.40771506860273,1.36893053404682,1.30364294727153,1.19929367057657,1.05708305198853,0.887538761796599,0.726582336583066,0.584464291273342,0.470049646209619,0.386016252808843,0.32931653101195,0.282589886541099,0.242327284123627,0.206127745470753,0.172052029742895,0.136591383903001,0.102793388010125,0.070473177743209,0.0383375495617426,0.00971123888853807,-0.0165140934958805,-0.039969565656229,-0.0641642128651603,-0.0855884353788157,-0.111814614470043,-0.136286417042746,-0.163620653117852,-0.188923075075047,-0.214594661203135,-0.236572347737506,-0.259196353806547,-0.279142226223024,-0.299272680724945,-0.321434949344765,-0.343320344836429,-0.365298313606409,-0.387276564611998,-0.406761828521679,-0.424492433677238,-0.442777067324718,-0.459306759982474,-0.475467006233733,-0.495413160885807,-0.51554417985894,-0.533736240228093,-0.553683241586995,-0.571506137785272,-0.587851530593175,-0.60170337183397,-0.61657069678031,-0.62912905224498,-0.646304782201779,-0.661448980276287,-0.678255546062205,-0.689982999906773,-0.704111714275736,-0.713992500559049,-0.725443081275461,-0.736708797670808,-0.756562943515779,-0.773369509301691,-0.792484762333676,-0.809106746034144,-0.818526077103857,-0.824251508579865,-0.830161522141309,-0.834686323355116,-0.841242938686822,-0.861743404066445,-0.880858657098418,-0.90062051190067,-0.912440821259169,-0.923983693018294,-0.926107515943309,-0.928323629911055,-0.930078006429573,-0.94623797044523,-0.962121061332724,-0.980682003637161,-0.997580860465803,-1.0130945049468,-1.02242126273819,-1.03073225458842,-1.03765831632662,-1.04716993843905,-1.05972914061054,-1.07136486788359,-1.08059961686786,-1.08835686246176,-1.09482118675074,-1.09916140587911,-1.10276273219449,-1.11208948998588,-1.12446326336511,-1.13646787257344,-1.13859169549846,-1.14071551842348,-1.13859141326285,-1.13388202996361,-1.12963410187796,-1.14551719276545,-1.16250862287241,-1.18070068324157,-1.19298244781368,-1.20480275717218,-1.20544935894245,-1.20424901091585,-1.20212518799083,-1.21283744036546,-1.22419601227475,-1.22567379790071,-1.22715158352668,-1.22946027077275,-1.22493546955894,-1.21828684542011,-1.23306187932373,-1.25023760928053,-1.26298082906624,-1.27258417775019,-1.28384961190994,-1.28320301013968,-1.28006342127351,-1.26879770487817,-1.21523841865425,-1.13342170369241,-1.01106551318494
-0.822059461063351,-0.70943300092037,-0.585964218641154,-0.422398698005113,-0.281732458809907,-0.220325579785406,0.0745584443782303,0.321120362681658,0.50674274589459,0.701992242750369,0.911448880934666,0.955284370763463,0.971641122790852,0.977810005587115,0.971174064519402,0.967248489738845,0.979399146360249,1.01239259971534,1.04809670502013,1.0651076242901,1.0682856201738,1.06744462962264,1.07473530925803,1.08735330981344,1.10520550529712,1.12473996754565,1.14371338854335,1.15034904394851,1.1535264685071,1.15576891953515,1.15969392299062,1.16371262376292,1.17315262843462,1.18334049766575,1.1959587838837,1.20465149532109,1.21007279922049,1.21904574562075,1.23175744349299,1.24362786515153,1.25764789750893,1.27475222843319,1.28307072192831,1.28465929137634,1.2845655940595,1.28335038556608,1.28241569769808,1.28549999626494,1.29148205575263,1.29914638200518,1.3089603189566,1.31475526947315,1.32026969936429,1.32503626469602,1.33223296135201,1.33812132352286,1.34653322867228,1.35653427459482,1.36700266445136,1.37018066033506,1.37214344772534,1.3734517822105,1.37672290408593,1.3806484788665,1.38849962842762,1.39653788695989,1.4044830195004,1.40438989350867,1.40298786170668,1.40065114203669,1.39822072504986,1.39980900883533,1.40635125258621,1.41364164655904,1.41242672372818,1.38466775096392,1.31428849686426,1.20530766220153,1.05445383943774,0.879953156336268,0.71816359978194,0.583853066691575,0.476460801476864,0.401127587411809,0.349254410375855,0.30074605253218,0.25448071704166,0.211673326735155,0.171108673119244,0.133534620753347,0.10035348710202,0.0702569376800996,0.0420300496567274,0.0143644885467403,-0.0140486514601115,-0.042368094150121,-0.0710614691198314,-0.0985399212586901,-0.123401704427229,-0.145926767925794,-0.16667615300519,-0.185649859665443,-0.205838489156553,-0.228176729346527,-0.251356245750208,-0.27509680340473,-0.298930772713546,-0.320054375735205,-0.339121779712299,-0.357254495821394,-0.374265415091362,-0.392210736566766,-0.413427465580168,-0.43567229411585,-0.457262669746409,-0.479320389310969,-0.4984809192798,-0.514837385644633,-0.530165752487186,-0.545400993337997,-0.559981781283686,-0.577927388421646,-0.596994506736185,-0.616341860013588,-0.634754239760443,-0.651204117779574,-0.665971443371286,-0.679243325506719,-0.691487108119854,-0.705787375440128,-0.722985118018668,-0.739528693354642,-0.756913544904322,-0.766914876489412,-0.775140243992803,-0.782150403002773,-0.787945353519335,-0.792525095542477,-0.811965574811624,-0.831593163051898,-0.851500986255032,-0.872717429605891,-0.891971371229008,-0.902719996048413,-0.913094402925562,-0.921973652008981,-0.929731389915815,-0.942068584183249,-0.956742498120668,-0.970855942132357,-0.978239747759498,-0.985623553386631,-0.990016757763751,-0.991512486882579,-0.994129727177992,-1.01001913527138,-1.02674953391593,-1.04347964689792,-1.05329329818678,-1.06039629752594,-1.06133041406883,-1.06067567550116,-1.05992781094174,-1.07497565715887,-1.09264074367141,-1.1103995275008,-1.12255046978476,-1.13460771475188,-1.13787940795241,-1.14002930431383,-1.14077688321069,-1.15330118644925,-1.16629283362181,-1.17778875167554,-1.18610695950812,-1.19405152072354,-1.19676188701069,-1.19825733046697,-1.20358493704954,-1.21452038517752,-1.22769914132121,-1.22984903768262,-1.23293333624948,-1.23302674790377,-1.22984903768262,-1.22545611896806,-1.24078448581061,-1.25508503879343,-1.25873037861112,-1.26097368662682,-1.26190837449482,-1.25274860478599,-1.2435885494146,-1.25732777548402,-1.27461864405431,-1.28761029122687,-1.2525606388272,-1.18003148836613,-1.05329215553657,-0.858229481989389
-0.735404798787535,-0.61209232425593,-0.470445607936917,-0.351693014102433,-0.281800063887545,0.0309023379374165,0.28702080444475,0.492510970469232,0.707958862365129,0.910098308246646,0.93252708453813,0.950116374198673,0.966775255914589,0.963797438497208,0.969474889605334,0.993858631902135,1.02010347452962,1.03815839482463,1.0463483171571,1.05034983931087,1.05509574470862,1.06970693251034,1.09185667175087,1.11698451285022,1.13159626953482,1.13764605448565,1.14648763215324,1.1568179763088,1.16714803602292,1.18231729792655,1.20120904493299,1.2059546658893,1.20707081409312,1.20707052965168,1.21321275806996,1.21991362947304,1.23499073235066,1.25025414437036,1.26737865672075,1.27156705689946,1.2715673413409,1.26868253627383,1.27156762578234,1.27547670446867,1.2857140362739,1.29781275285127,1.31214490360202,1.31614671019723,1.31465737482639,1.31326133624729,1.31744916754313,1.3209856279453,1.33085091034927,1.34425265315541,1.3570960374182,1.35895770663176,1.36007470815989,1.35718961865139,1.35346713354858,1.35225711967012,1.35802701424569,1.36379690882127,1.37263791760597,1.381571938741,1.38473606530046,1.38455004059982,1.38427100354886,1.38808678544343,1.39264695058198,1.4024189361942,1.4137727006447,1.42568510807999,1.42726745580116,1.41637903754368,1.37487163622081,1.29855770497813,1.18864640436979,1.04364896790781,0.878177152276791,0.724245410238334,0.593580124527117,0.48069100650139,0.398513883891387,0.339230883765894,0.287300410378582,0.241977511602582,0.204657941575547,0.170037151914941,0.138208154971079,0.110660001673386,0.0787379923792024,0.047839687821405,0.0179650879999874,-0.0126538950654147,-0.0414112089172514,-0.0669113838593178,-0.0912015449229245,-0.114654025950788,-0.136245122206536,-0.161093926254927,-0.185384371759989,-0.210512212859338,-0.235361016907735,-0.258255423833688,-0.279009124495123,-0.298366502136025,-0.315676754745616,-0.333266044406147,-0.353740423575193,-0.374587136586943,-0.396364826426201,-0.418886899509449,-0.439361563119926,-0.457509495765253,-0.474819748374832,-0.491478345649311,-0.507485572030127,-0.525447195533374,-0.544339511422687,-0.563325124103763,-0.579705253210163,-0.596364419367515,-0.611348225453388,-0.624749968259521,-0.637500055730548,-0.654530702406301,-0.670444916436795,-0.68794147818846,-0.707020103219852,-0.719118535355773,-0.729076830110062,-0.73894154363115,-0.745921167643735,-0.751784074569625,-0.7711420210934,-0.78975529993176,-0.808089826160604,-0.829216145106186,-0.847922720736304,-0.85946307877032,-0.870817127662263,-0.883287609199458,-0.892873285669594,-0.906088434892216,-0.92004796735883,-0.93400778426688,-0.939871260075643,-0.946386106778076,-0.950667519307111,-0.953459880906729,-0.955972921013957,-0.972538505938121,-0.989662449405639,-1.00715872671585,-1.01693042788663,-1.0267021290574,-1.02874953853016,-1.02986625561685,-1.03042432971876,-1.04782759467867,-1.06476551344555,-1.08282043374055,-1.09426777942425,-1.10469142037156,-1.10441238332061,-1.10441238332061,-1.10283003559944,-1.11492818329393,-1.12851566635927,-1.14368521270433,-1.15485323689564,-1.16574193959454,-1.1687203258948,-1.17123308156059,-1.17411817106909,-1.18472755227562,-1.19598858881723,-1.19803599829,-1.19943203686909,-1.19943232131052,-1.19468641591277,-1.19059188140869,-1.20604103368759,-1.22232786600224,-1.23293724720874,-1.24131262535898,-1.24791991552886,-1.24456947982732,-1.23972999319638,-1.24791991552886,-1.26085659658341,-1.27509601942529,-1.28365799115905,-1.29268530908583,-1.29463970620827,-1.27835315833507,-1.22176893857601,-1.12795844558167,-1.00157457239948,-0.822887323104391
-0.692148724015543,-0.508754122294735,-0.331036304652484,-0.12548444735856,0.091054390931734,0.421585045962685,0.632080792851204,0.800184512405961,0.902639747246652,0.924888789528721,0.857775635196835,0.854388201929012,0.874165159495014,0.90557048566994,0.953181762725147,0.992735677857157,1.00445527349997,1.00363143181963,1.01049836490174,1.02606348784455,1.04529084450695,1.07056129257115,1.09427500447103,1.10141645816741,1.10278962091382,1.1131357739727,1.12458056916371,1.13703249961543,1.15461189307965,1.17402254332243,1.17814287107422,1.18089003607961,1.18034127468859,1.18418736166363,1.1878501550583,1.19847110856898,1.21037371795464,1.22419909099029,1.23042491629739,1.23427044359738,1.23848255805811,1.24498346365453,1.251392582542,1.26137242827767,1.27364106514902,1.28398693837036,1.28691683728107,1.28948070870607,1.29021360319005,1.29259474070974,1.29735617623653,1.30614587296865,1.31493528986322,1.32573869744169,1.33077381407018,1.33251300430227,1.33351985972546,1.33937965754686,1.3458808429808,1.35540343419689,1.36629918815935,1.37737823570221,1.37829414392902,1.37490643082368,1.37197653191297,1.36886361925942,1.36895512613084,1.37463163037188,1.38397064817005,1.39276034490216,1.40173333521464,1.40502954144856,1.405762156095,1.405762156095,1.3824144716808,1.3299505320649,1.24232780552057,1.11716543436564,0.949519249168007,0.782605398779272,0.627960744936946,0.4995021675481,0.400159845360959,0.334053826289775,0.283604437032815,0.241761450927591,0.203855498993779,0.169062459713512,0.135185048822532,0.100575303122643,0.0676138004584771,0.0358424467978657,0.0047119210747446,-0.0229391048340825,-0.0494912087732496,-0.074852883871337,-0.0988408365479665,-0.122553988772804,-0.148281691356578,-0.173002538517175,-0.197540651772451,-0.223635501192032,-0.246434424215222,-0.268134705106271,-0.288827850736625,-0.309154409206223,-0.326642575636549,-0.347426668463259,-0.368118974581017,-0.38917730818448,-0.410510442239723,-0.431111241486061,-0.449697770210989,-0.466636335737713,-0.482751059584101,-0.497675634426946,-0.515255307728686,-0.53384211629114,-0.552428924853594,-0.572388896162442,-0.5904261038213,-0.606906855153386,-0.621739643287267,-0.636847231872953,-0.650215350389013,-0.666787888430051,-0.683634947085349,-0.701031046969191,-0.715497247942329,-0.728864806783333,-0.740858923040416,-0.751662890293946,-0.760727667315376,-0.776018269643908,-0.79222422052419,-0.808338944370583,-0.825552310349105,-0.837180119282965,-0.843039917104367,-0.849266022248994,-0.854851019618599,-0.857780918529297,-0.874536750150706,-0.893306572456,-0.911710367275602,-0.925810820600579,-0.940094287668403,-0.947235741364786,-0.953095539186194,-0.958131215489729,-0.971040960136101,-0.986880603693165,-1.00134708450383,-1.01764482209307,-1.03082936719123,-1.03906974285727,-1.04538735487332,-1.05188798063221,-1.05637433586969,-1.06672048892857,-1.07926420608924,-1.091075588441,-1.10023159249633,-1.10938731671413,-1.11561342185875,-1.11909236199799,-1.12302911633189,-1.13337526939076,-1.14436253022466,-1.14793325707286,-1.1512297431443,-1.15370182786036,-1.15141275688715,-1.14894067217109,-1.16130137558892,-1.17604237701385,-1.1927064219263,-1.20140461178699,-1.20955320074408,-1.2094611341976,-1.20817891864757,-1.20415009776721,-1.21806725751181,-1.23225921770821,-1.23930972420823,-1.24452897392967,-1.24965643694216,-1.24562789589932,-1.24059221959578,-1.25011453097433,-1.26348236965286,-1.27968832053316,-1.28893555162238,-1.2987323836152,-1.30120446833125,-1.30083816100803,-1.25945326893498,-1.19343875673522,-1.09217339106056,-0.935788987311087
-0.787835327418908,-0.592517074494615,-0.379166926681254,-0.141896568252888,0.0901296715427166,0.420044907343758,0.632935034884567,0.790440802385843,0.883729876851696,0.919150313094618,0.863949567503729,0.860361353140588,0.882625378299977,0.917493565267047,0.957790047687483,0.992106828936651,1.01630344537555,1.0209039292871,1.02219232347345,1.03268056073895,1.0482287398166,1.06230491025925,1.07895702551664,1.09496522486683,1.10526956649771,1.11134177785826,1.1150222212247,1.12321063831341,1.13057096267432,1.14004721157739,1.15357141393018,1.16994740454964,1.17611128254152,1.18080315189841,1.18843903852527,1.19800723524567,1.20702346387618,1.22201995604994,1.23876430031063,1.2464924159408,1.24676825939274,1.24529596957177,1.2486997259283,1.25219571128814,1.26148778337061,1.27436778863023,1.28908787498007,1.29147964297418,1.29138741397088,1.29009930097052,1.29515952396864,1.30113978751188,1.31392812614017,1.32874016030733,1.34465613065422,1.34851962609734,1.34888713618061,1.34861073035669,1.35238255916847,1.35468237934528,1.36305469206861,1.372622888789,1.3831111260545,1.38375532314767,1.38430757242352,1.38283556378854,1.38228387688465,1.38219192906734,1.38633211152035,1.39148428233579,1.39774038933097,1.40280004995712,1.40316784122638,1.40261559195052,1.37906317260479,1.32809455728422,1.2407857463616,1.11787260356144,0.954478801520224,0.790993051661696,0.636155457978445,0.505882272003364,0.404129499368831,0.335221218162496,0.281124971123314,0.23825254388816,0.200808130920383,0.165571590312088,0.132819046701206,0.0993303581798369,0.0671300638448144,0.0350217173271029,0.0062254605346028,-0.0234908368030135,-0.0500789400500469,-0.0764831476624518,-0.10187536691243,-0.129751864345804,-0.154408219871278,-0.179892668124551,-0.204641252653332,-0.223317907007544,-0.238406065812625,-0.254322317345511,-0.268766560243412,-0.281830742323651,-0.306119025393878,-0.33215572292301,-0.357640452362273,-0.382572932525683,-0.404469166415815,-0.420293188945393,-0.435473014381814,-0.450100590542369,-0.46656852897914,-0.490396791776815,-0.513213066212063,-0.536121288464629,-0.558201699175373,-0.576969738974928,-0.590585607959046,-0.604109529125847,-0.616253670660963,-0.630605965741547,-0.647442539005533,-0.666119193359745,-0.68608367952833,-0.700804047064154,-0.714604092868884,-0.726747953218011,-0.735855848479862,-0.743492016292705,-0.761524192367769,-0.77780851635589,-0.795197057709751,-0.80752537606548,-0.820313433507789,-0.827857372317338,-0.835401311126886,-0.841012939842901,-0.859688750639162,-0.876524761531173,-0.894004969516356,-0.907621119686458,-0.920501406132056,-0.926481669675298,-0.933013901308403,-0.938349967758469,-0.952886158473681,-0.969446607099737,-0.986007055725794,-0.996403345173985,-1.00569569844243,-1.00863999689839,-1.00992782871276,-1.01001949534409,-1.0235431353249,-1.03890657520996,-1.05703013673035,-1.06678194789938,-1.0772699039789,-1.07957000534169,-1.08049032707279,-1.07800633007537,-1.09355450915302,-1.10901074041335,-1.1247430963116,-1.13697946685002,-1.1505961793921,-1.15372465466866,-1.15630116185536,-1.15933740812863,-1.17046956130132,-1.18123336083278,-1.18417709691676,-1.18463655481735,-1.18537213735586,-1.1800357897198,-1.17497584790767,-1.18831615462583,-1.20625666406955,-1.22410522569597,-1.23698579332756,-1.24903798704536,-1.2494060595006,-1.24931411168329,-1.24692206250318,-1.25805393448989,-1.27038197165963,-1.27433769610605,-1.27525745546517,-1.27718920318673,-1.27148506428142,-1.26366500083394,-1.27755755682796,-1.29108204036673,-1.25658192585491,-1.19429726172702,-1.09254392672052,-0.915717588957849
-0.781188138685435,-0.642515330280594,-0.464009275929433,-0.308212290604272,-0.203323898023133,0.0929146060620232,0.328472236243409,0.501301521125645,0.687160609037554,0.869203799648976,0.902243240815221,0.929046968181907,0.949242921095367,0.950173641629629,0.958270512047678,0.979118140005148,1.0094590036321,1.04184705420438,1.06018156604931,1.0629737276521,1.06176367717753,1.06948820249186,1.07916746848818,1.0944310576901,1.11099771253,1.12998418386897,1.1374299481431,1.14729524446626,1.16209290450096,1.1790307666444,1.19336278196192,1.2135581659753,1.22937956170768,1.23217143886044,1.23114770316275,1.2280764960697,1.2264946693915,1.22705332927211,1.23608120467445,1.24762219618935,1.26167601936675,1.26856312376027,1.27414716251582,1.28019684598855,1.2880143864663,1.29471517608295,1.30569750771726,1.31770385949929,1.32393957329885,1.32421918768918,1.32273037617441,1.32412645697581,1.32626694353459,1.33240964217073,1.34274029876102,1.35642149238467,1.36247117585739,1.36572869772731,1.36656611864812,1.36731052440551,1.36703119446521,1.37159121307303,1.37717496737854,1.38527183779659,1.39076286138873,1.3936477537049,1.39467148940258,1.39662594563453,1.40127926385581,1.40760770836875,1.41570457878681,1.42538356033308,1.43227066472662,1.42156794748264,1.38136235643262,1.30606985282097,1.19485273127686,1.04640792616232,0.878790619381966,0.723737755364145,0.591114345981987,0.478966219453573,0.395203931420084,0.334988417783435,0.28259044462453,0.238382641497142,0.202364723951231,0.170349018482669,0.140938875389977,0.114600223840385,0.0811884375704155,0.0476836361370432,0.0146441949707921,-0.0179296014782794,-0.0505033979273572,-0.0755386993889288,-0.100574000850507,-0.124864896554693,-0.148132056561196,-0.171306201404284,-0.197830883280718,-0.221842733494646,-0.241480310977551,-0.261397218400753,-0.279452969205459,-0.295181918674514,-0.311376228410684,-0.335202332747827,-0.356887950526177,-0.380993100353572,-0.40426082926016,-0.421664905020862,-0.43348465757597,-0.445769485948172,-0.456006842925002,-0.466336930615214,-0.488766385250871,-0.512777951014766,-0.538092582416635,-0.562941853551376,-0.587698393972736,-0.604730124629725,-0.620086728995062,-0.634140552172451,-0.647915045409549,-0.662340929240617,-0.67806959425962,-0.694915010139734,-0.704221646582303,-0.712690862104058,-0.719857011987845,-0.725255020416564,-0.730094653414727,-0.748894525526779,-0.770207229301338,-0.79198529334303,-0.808365348956004,-0.824652389405556,-0.832935574600481,-0.83851961335603,-0.842614556146768,-0.859832032680549,-0.875746443576349,-0.894173970584695,-0.906738413347234,-0.919395871273188,-0.923956458781094,-0.929354751659845,-0.93196059848576,-0.94703758846076,-0.963976019504289,-0.982031201408916,-0.990872477584357,-1.0003654288038,-1.00399501132741,-1.00548410729222,-1.0053910921288,-1.02353985809693,-1.04122326379793,-1.05834800961833,-1.06867838175858,-1.07984645926968,-1.07965986004277,-1.08012493585986,-1.0809626412307,-1.09715723541692,-1.11409651981057,-1.13382796580702,-1.14825413408813,-1.16165628222152,-1.16575122501225,-1.16770511234411,-1.16770454344403,-1.17747654015373,-1.18780719674402,-1.18836557217457,-1.18976193742601,-1.19190270843484,-1.18771446603064,-1.18287454858244,-1.19971968001251,-1.21684385693283,-1.23201357762121,-1.24448443632024,-1.2559315593216,-1.25527988427759,-1.25369777314935,-1.25462877813365,-1.26272621745179,-1.27231303718477,-1.27575715828162,-1.27864261949788,-1.27920127937846,-1.2763163870623,-1.27259350492524,-1.26728851165994,-1.22484913443767,-1.14657815444635,-1.03396438320077,-0.871093409805101
-0.741676679360275,-0.544293410947079,-0.333769923030357,-0.0948079444698342,0.1498791962024,0.47931956220123,0.675669272187312,0.820678695640673,0.898016863575455,0.911719616544307,0.858783811840168,0.873801246538554,0.895857951357158,0.924109408946714,0.962591172999338,0.988965128533495,0.999852632431092,1.01327426209754,1.03335966147312,1.04659368436429,1.05823218908402,1.07071521115303,1.07878717911883,1.08376191412943,1.09737143743167,1.11604921227162,1.12684291278157,1.13313118207964,1.13557121760035,1.14082707591335,1.14598913083871,1.15697072498445,1.17086194531011,1.18663009397013,1.19188623914364,1.19470206193593,1.20061483082293,1.20990652968858,1.21929231880238,1.23430946664024,1.25064043562612,1.2580549192969,1.25861802648325,1.25824252607218,1.26246597340011,1.26687731436383,1.27588788992707,1.28790160819737,1.30038463026638,1.30141704125145,1.30029082687874,1.29869530870731,1.30291904289575,1.30657966989783,1.31812437122993,1.33145219750873,1.34431043312831,1.34599946782687,1.34787639616122,1.34515437675656,1.34402816238385,1.34543636064051,1.35210099093119,1.35876533436136,1.36890241115782,1.37359544914498,1.37490955715349,1.37519096731641,1.37462757326954,1.37462699954851,1.37856846299249,1.38354233742155,1.3902993367973,1.39761973021993,1.38063127693905,1.33013579461612,1.24322365707124,1.12130277570053,0.95817839773305,0.794115412168143,0.648073004008676,0.527653837421757,0.426006249062429,0.355988474550272,0.301457438535212,0.252933548515822,0.211073141345059,0.176439611069807,0.143777099377055,0.112709818995217,0.084363984296996,0.0502932743475753,0.0180059762053851,-0.0129669270677936,-0.0449722413260435,-0.0765079649250593,-0.103726437808509,-0.129536999295808,-0.15487883070543,-0.17731074907459,-0.200775078428834,-0.223206996798001,-0.247797540524954,-0.266005437845169,-0.28477672921225,-0.300638681259916,-0.316782330331011,-0.330016640082691,-0.354701560918303,-0.377884766970133,-0.403695615317949,-0.428286159044902,-0.447901967761262,-0.460854006768471,-0.475026063536046,-0.486101174208918,-0.497833195455781,-0.519702006638593,-0.541289120797963,-0.563064128593138,-0.585777457125223,-0.605112142539176,-0.619754076826489,-0.634208404338521,-0.646316212856975,-0.65889361203465,-0.676633066137688,-0.694278429992572,-0.712017597235092,-0.729662961089969,-0.745712519912916,-0.75969725676572,-0.771148154710176,-0.782880749678068,-0.796302666205022,-0.810756993717048,-0.824554123794571,-0.840509592369357,-0.847548288768553,-0.853366967407403,-0.858434932084611,-0.863503183622323,-0.867070007236771,-0.886217372735947,-0.905927845421491,-0.926295228681025,-0.939716858347469,-0.953607504952119,-0.959426470451473,-0.964682041903956,-0.968529701960294,-0.985611384907801,-1.00213024752945,-1.01996293129911,-1.03263384700392,-1.04521095932109,-1.04924708673425,-1.05412773149669,-1.05638073396313,-1.06783163190759,-1.07956422687547,-1.09373714422459,-1.09936907666968,-1.10631454340226,-1.10800386496133,-1.10922359586117,-1.10959852255122,-1.12555370426549,-1.14207228002664,-1.15849705240016,-1.16675662714124,-1.17388998750961,-1.17276405999742,-1.16929190035215,-1.16769695590174,-1.18318369439884,-1.19960904049337,-1.21453238494361,-1.22739062056318,-1.23715133636703,-1.23912206808902,-1.23893388759271,-1.24156181674921,-1.25066590883957,-1.2631492177691,-1.26249259405562,-1.26465207999494,-1.26408954652962,-1.26127429745835,-1.25451672436156,-1.27103558698322,-1.28445664292864,-1.28867951653554,-1.28999305082302,-1.29384099773987,-1.28417351160264,-1.22964247558758,-1.15887398711379,-1.05431648571401,-0.893256642856165
-0.705218969062823,-0.482259324115328,-0.238168475505765,0.011275427657693,0.252924406188972,0.537681706129324,0.709644242156107,0.830797395021087,0.922648393989092,0.954767869482219,0.905836317994592,0.899261610795441,0.911846412704732,0.919172022939588,0.94124271652363,0.975429184662071,1.00172657824643,1.01590848431883,1.03046584190908,1.04896773677638,1.05948640716768,1.06812667179992,1.07535813211287,1.08080533658866,1.08390453386565,1.09451706713641,1.11029492920214,1.1245701240691,1.13433703029735,1.14025354917048,1.15067835668231,1.16194850419421,1.17603597330226,1.19247173665156,1.21219442303678,1.2184866804702,1.22102241342794,1.22083468766901,1.22618774222291,1.23135307101787,1.2439381599696,1.25661711180079,1.27183208363218,1.27483799211459,1.27418095195835,1.27173908188006,1.27361720059667,1.27549503227084,1.28394728410171,1.2950291317698,1.30770779655854,1.31306113815487,1.31446994247417,1.31418777975089,1.31183977255207,1.31108858247391,1.31522084550988,1.32198299142551,1.33146917014271,1.34236386613675,1.34677800485356,1.34950203765513,1.35194419477586,1.35532526773367,1.36030315781216,1.37016478804721,1.37974425555897,1.38876025875152,1.39110826595034,1.38969946163104,1.38659997731162,1.38359464291411,1.38519117299232,1.3824674272332,1.35767298789005,1.3009467988127,1.20890750000088,1.06868870090693,0.903112285193034,0.741104955238312,0.597411794391974,0.482739485846672,0.402441084156295,0.346373083404975,0.302138407442323,0.264477577551486,0.220711641901265,0.17826036064843,0.137500046438174,0.0984304122280528,0.064244518174492,0.0365391813981724,0.0119330418988296,-0.0108891288058096,-0.0329601094322946,-0.0624505631730965,-0.0917532911549706,-0.122558686335596,-0.152800330154565,-0.177782495256643,-0.197786770280251,-0.216476103864029,-0.23319288176684,-0.249721646868273,-0.27489067660195,-0.299966130498615,-0.325041584395274,-0.350211188213843,-0.370403476038822,-0.385806173629145,-0.400551256978324,-0.415108614568576,-0.429102507839601,-0.452018541423701,-0.474934575007807,-0.498132484272739,-0.520297040736241,-0.539362399922767,-0.553544018952714,-0.566598422301764,-0.57937094996997,-0.593176830439624,-0.613838432661926,-0.634593897763688,-0.655725101425749,-0.676480566527511,-0.69479416155099,-0.708599754978188,-0.722123472724561,-0.735177876073612,-0.747387226465041,-0.762883499892381,-0.778380060362164,-0.793031567874319,-0.800920642428408,-0.809279318422257,-0.815008685621331,-0.821019641458806,-0.826936447374365,-0.847035159362332,-0.866851995669456,-0.886762407813596,-0.906578670035827,-0.92320187210162,-0.931653836890043,-0.939260461678401,-0.94696123638867,-0.953816958141324,-0.966871361490374,-0.980301790442166,-0.994483696514562,-1.00190316962888,-1.00800798834582,-1.01073173410494,-1.01289172850239,-1.01364291858055,-1.0278245376105,-1.04416586399546,-1.06060105325988,-1.07036824653058,-1.08032345260265,-1.0829533354823,-1.08464430252487,-1.08548992956738,-1.10051717563985,-1.11695293898915,-1.13442148105501,-1.14634895576561,-1.15893404471733,-1.16287858199438,-1.1656023277535,-1.16588420343434,-1.17621486102427,-1.18663909445122,-1.18908039044461,-1.19105208499824,-1.1943387209917,-1.19161497523258,-1.18860992787751,-1.20420063826919,-1.22101214017881,-1.23791779201032,-1.24900050080574,-1.25867411823942,-1.2573591767996,-1.25463571808292,-1.2508789065648,-1.2613975769561,-1.2730434630283,-1.27379494014891,-1.2748280059079,-1.27614266030529,-1.26947437726911,-1.26261808143158,-1.27933514637683,-1.29670953852078,-1.27003698046101,-1.2057035925104,-1.10483659034986,-0.925172992570365
-0.715046838232827,-0.474177137458659,-0.225153324898399,0.0308999931501787,0.258836148598218,0.53372762471256,0.708522265503841,0.836361299177892,0.924836247920999,0.960169968458267,0.911621121344054,0.892220373678488,0.898593620117346,0.916401127785921,0.95360909666916,0.996721678292034,1.03449195032415,1.04198951660986,1.03852145536508,1.04414505975574,1.05567327688604,1.07170049210923,1.09447563156992,1.11434529938563,1.11434529938563,1.11247105103965,1.11631350363217,1.12531092691613,1.13543324294876,1.15502161596457,1.17573430882722,1.18332611746443,1.18398237651389,1.18276381431555,1.18407604596354,1.18510726926257,1.19288641679909,1.20366441897935,1.2179104824044,1.22372113924346,1.22756359183598,1.23646705921935,1.24668304470165,1.25436852278851,1.26823990841491,1.28248625829088,1.28454870488893,1.28370567984197,1.28529920628988,1.28876726753467,1.29279734547742,1.30460628450579,1.31763349928158,1.3264432972153,1.32606804651482,1.32522444856603,1.32231897692105,1.32419322526702,1.32822301675886,1.33965699153766,1.34949772631947,1.35868248850275,1.35793284645454,1.35643356235814,1.35118520866796,1.35334103826474,1.35587154566017,1.36421270989466,1.37311617727804,1.38380051000863,1.38295662560894,1.3817380634106,1.37892654766619,1.37049142753111,1.33909411548694,1.28117316729013,1.18960540800271,1.05886090268367,0.898124986418123,0.738420007000678,0.599053042647251,0.481148699655596,0.396703542404319,0.338313674057373,0.294731885833447,0.253774274454602,0.220502141162626,0.183200216378814,0.147960165291216,0.112064428055981,0.0844164720565022,0.0545190170105729,0.028838978806722,0.00465822469927633,-0.0188665568096245,-0.0526073238008236,-0.0845672254448018,-0.116058493389545,-0.146893215833919,-0.173510521436216,-0.194785517447752,-0.215498210310414,-0.23546126112486,-0.255705893190135,-0.28073053169727,-0.30500552815621,-0.329093185715827,-0.348025872584005,-0.367052228901842,-0.382704193424552,-0.397606229448145,-0.411570998073299,-0.435095493131285,-0.456651497491807,-0.478207788303244,-0.499107820065222,-0.51738338853119,-0.529473335908538,-0.542219542335345,-0.555621721360697,-0.570242749035304,-0.590300042201257,-0.611481941664964,-0.633413769627789,-0.647472780604436,-0.660500568282065,-0.669685330465345,-0.679151387448514,-0.686180320035002,-0.707830280296103,-0.728823981507751,-0.751505165067857,-0.766782165341015,-0.785433557409293,-0.79386867754437,-0.803522646328696,-0.810645821266678,-0.830702827981703,-0.84560486400529,-0.86416258662391,-0.882251389092392,-0.900714869359518,-0.911024237840554,-0.923770444267367,-0.934079526297494,-0.944013644078056,-0.954604020908077,-0.966412959936445,-0.97803427361457,-0.98928090949405,-0.997622360179457,-1.00568280251588,-1.01224367430498,-1.0195544745932,-1.02723995268007,-1.03848687501047,-1.04054874870669,-1.04551609404788,-1.04673465624622,-1.04935940599313,-1.04917235354473,-1.06819870986257,-1.08319498823766,-1.10250235290448,-1.11215574878697,-1.12368367946636,-1.1219964835688,-1.12265216971642,-1.12049605366872,-1.1353978032414,-1.14833134856753,-1.15545395060368,-1.15910877784597,-1.16585670208347,-1.16135799044149,-1.15835884934684,-1.17194894017334,-1.19238091113793,-1.206345966214,-1.21993605704051,-1.23155794362047,-1.23652557541258,-1.23521391666641,-1.23990054010954,-1.24946055299329,-1.26342560806935,-1.26773698081201,-1.27523483354864,-1.27870232189159,-1.28123282928702,-1.27832735764203,-1.29032392202064,-1.29950868420391,-1.30681919804121,-1.31103661488329,-1.31712828007134,-1.29894552170228,-1.23352614786701,-1.14954962431496,-1.02752153393089
-0.820498634676573,-0.710726115050712,-0.5936731100446,-0.430479443762831,-0.286479337791874,-0.210177284891502,0.08576459170152,0.329514629601145,0.507741454986335,0.694856055570181,0.886320337266331,0.918751353888123,0.932934342792727,0.94551004187892,0.945226844463962,0.948441713077724,0.968013833198347,1.00318666316013,1.03779194238416,1.05140709157406,1.05689100723101,1.06625125974953,1.081095427925,1.09811443665662,1.12269741716041,1.14482207071612,1.15002221100419,1.15002192202723,1.1526689509263,1.15767981130947,1.16429796151104,1.17876385885366,1.19341903610118,1.2027792886197,1.2065611300173,1.20693940085016,1.21374740891054,1.22197371586138,1.23322590049805,1.24721989847471,1.26480674692104,1.26839988636765,1.27010196062698,1.27029095155493,1.27605835360379,1.28239272843649,1.2954400379117,1.30971636637246,1.32474923649892,1.32711249002912,1.32493764947296,1.32200655622806,1.32474865854501,1.32692349910117,1.33694608679837,1.34942700144363,1.36275895321857,1.36398855015804,1.36512365163354,1.36361143523301,1.36323374235408,1.3656923582791,1.37250007736253,1.38034782450358,1.39084260054368,1.39708247991242,1.39642014473374,1.3972706039095,1.3950954743764,1.39481169900751,1.39793178318036,1.40502327763266,1.41135851939622,1.41986831273898,1.41050777124351,1.37174237978902,1.29827692466957,1.18793685430596,1.03968214064058,0.872423146569268,0.718022760022179,0.58527426073398,0.478999807136859,0.398537642006034,0.342658457378999,0.293586702858436,0.249809873066867,0.208207594854502,0.171616466002269,0.136349140576512,0.102784178387047,0.0688409453647372,0.0382070764201657,0.00700565673784394,-0.0222104912701736,-0.0448084890766187,-0.0655154216957837,-0.0863168497789123,-0.104754157401,-0.123191176046122,-0.151461213506598,-0.178880213837395,-0.20629950314515,-0.234380838654625,-0.255087482296832,-0.27012121935415,-0.285154956411468,-0.299621142731043,-0.312196263863331,-0.338292038721563,-0.364577093484687,-0.390484166391918,-0.417904033653578,-0.441352779612731,-0.457710031119592,-0.473594227352673,-0.489194648216872,-0.501107723147446,-0.522097564204622,-0.542898703310805,-0.562754598800297,-0.583461531419455,-0.603411922372924,-0.618918714704022,-0.633006919167704,-0.647756591879195,-0.660804190331352,-0.676877377492379,-0.692572004843602,-0.709590435621314,-0.718950688139839,-0.728594716027234,-0.737671771130789,-0.745425311784808,-0.752233319845197,-0.773979991545017,-0.794497355282324,-0.813785122080167,-0.834869458601314,-0.854819271600871,-0.865881598378731,-0.877322195989436,-0.889046857945967,-0.898596679346344,-0.910321052325924,-0.923274444291057,-0.936606107089048,-0.946911892201211,-0.956839695457481,-0.965632975192167,-0.972535189739567,-0.979721179655842,-0.992296589765089,-1.00714104691751,-1.02094547601231,-1.03474990510711,-1.04713574633451,-1.05611772802018,-1.0631141490546,-1.07115059814664,-1.08107811242596,-1.09242421457269,-1.09384251346315,-1.09620634494725,-1.09630084041122,-1.09554458772248,-1.09270798994156,-1.10991627857808,-1.12580076378811,-1.14508910853987,-1.15813699596898,-1.1729814531214,-1.17657430359106,-1.17978888322788,-1.18016715406072,-1.19160775167143,-1.20163005039167,-1.20361561104292,-1.20739803039444,-1.21146393613788,-1.20843834742901,-1.20598002048093,-1.22195900115494,-1.23547936590392,-1.23784290841106,-1.24096328156086,-1.24323290655794,-1.23510167302498,-1.22791597208565,-1.24342218646284,-1.26006263538466,-1.26507320679087,-1.26904403911643,-1.2734876377388,-1.26535611522889,-1.25713038623195,-1.2246054521001,-1.15738074328024,-1.04600093383597,-0.880821995879895
-0.70269471200785,-0.472311338769276,-0.231673696146217,0.00454223306414347,0.236618789883406,0.522974689315557,0.708672851865845,0.846864118609692,0.946956310899387,0.981762460994628,0.922778776431126,0.899166499038705,0.899448840060318,0.91214872322258,0.944321798902477,0.986748856450547,1.02061540322745,1.02804741246113,1.02673058773715,1.03209247950081,1.04488609298186,1.06153673783239,1.08364386731431,1.10499827908284,1.11271234182182,1.11506422528082,1.1164750678399,1.12503529109475,1.13406617855771,1.14892962199246,1.16661503806168,1.18477111833902,1.18994526194882,1.19041563864062,1.18909881391663,1.19163902056213,1.19568437511813,1.2074435048968,1.22296564820985,1.23933423955509,1.24488474202158,1.24629587209697,1.24526110087828,1.24798905567766,1.25297458858464,1.26398042561726,1.27790254063577,1.29323607324601,1.29850394717458,1.29812758831788,1.29681076359389,1.2994449880745,1.30283135523587,1.31223860155554,1.32512680790431,1.33763865539637,1.34017886204188,1.33961504254762,1.33632269322133,1.33265369752203,1.33312378669752,1.33857969629628,1.34685757852953,1.35711127288138,1.36689487805775,1.36971742572486,1.37169352535978,1.37141204688712,1.37122458624957,1.37235395033599,1.37686968158379,1.38176148417197,1.38749973479234,1.38119651461244,1.34864708007584,1.28317213966224,1.18213775640737,1.04639066585973,0.891264975662169,0.741595482579683,0.612057881893152,0.506697240642257,0.421750545292599,0.358252279546559,0.305102301020098,0.254868312963213,0.213664924852979,0.178952217560212,0.146497088375014,0.116675608637793,0.0903348014133557,0.054304694363967,0.0200623637629939,-0.012956872432784,-0.0468225566607367,-0.0759844739707036,-0.0987494407819963,-0.119821511528914,-0.141175923297438,-0.159049662553173,-0.185484200096384,-0.210037518388719,-0.235813643569942,-0.260554997532471,-0.28520262117622,-0.305146477901976,-0.325654441638313,-0.344939310969442,-0.363189121565563,-0.384919317158155,-0.404862023818645,-0.425839789214155,-0.446629518939466,-0.466384764962402,-0.482565033121128,-0.500156718871575,-0.515396521163026,-0.531294735816464,-0.550014923104392,-0.569299792435515,-0.587549603031642,-0.607022220516652,-0.621603322929789,-0.63383282940025,-0.64615664122213,-0.65725764615511,-0.66864099210971,-0.687173718760059,-0.707023270134408,-0.72555542175213,-0.746909546004341,-0.758668388266681,-0.768639741596933,-0.776541552489789,-0.784725704404251,-0.789993865849137,-0.811159954431155,-0.828280975973482,-0.845966392042702,-0.863746113463349,-0.879267969260087,-0.887922785382658,-0.897894713745536,-0.908243000965115,-0.917462211614592,-0.933548749454537,-0.946813027143706,-0.962428900775537,-0.968073133560804,-0.975974944453666,-0.977385499496434,-0.981900655711606,-0.982182709216893,-1.0008085911534,-1.01642446478524,-1.03721476954318,-1.04483481444706,-1.05574749619354,-1.05565405339107,-1.05659509429099,-1.05198563272441,-1.06938899528834,-1.08481683324998,-1.10212589046251,-1.11087472442018,-1.12150506514505,-1.12103497596957,-1.11971815124559,-1.11896600856481,-1.13420581085626,-1.1512328145635,-1.16788345941403,-1.18077109073016,-1.1902717798523,-1.19488095390256,-1.19488066638625,-1.19610318575881,-1.20682696928615,-1.22263087858818,-1.22272460890696,-1.22629901173854,-1.22658106524382,-1.22394712827954,-1.21510456400308,-1.23062670731613,-1.245302402597,-1.26477588263096,-1.27399538079675,-1.2878240530128,-1.28791835836421,-1.2891411652531,-1.2866949764427,-1.29967662559393,-1.3100246252972,-1.31435174584217,-1.31623325260937,-1.29760708315654,-1.22441894255291,-1.11623575363491,-0.97945475441751
-0.757936360607384,-0.728688116038003,-0.694295287906624,-0.635608075299835,-0.581684290499864,-0.597975568839811,-0.233086341618534,0.0810232718069758,0.341780688474841,0.588342455504143,0.851386515522277,0.899117174457411,0.937701842353243,0.965902126981509,0.983051224156276,0.993817054359905,0.99848584838487,1.01306265377864,1.03630907831293,1.0557445276571,1.06755802662096,1.08222946579658,1.10033101558801,1.11052496656843,1.11757503772549,1.12957926015739,1.1404403065046,1.14806196570401,1.16206689187456,1.18016815048514,1.18655141745628,1.18807574929615,1.19607856425075,1.20379543959375,1.21094101807526,1.22485043692137,1.2440951627975,1.24876308327986,1.25152551616714,1.25381157715567,1.25647879389938,1.25866934756346,1.26962531887338,1.28077201365133,1.29010843697779,1.29601533205015,1.29830226658128,1.30439988512169,1.31221255897,1.32164507198263,1.33307799755305,1.34651162686212,1.34946536557918,1.34879856139325,1.3458448226762,1.34736915451608,1.3491791347867,1.35527617096536,1.36385028278145,1.37394901761828,1.37528262599013,1.37461553062333,1.37404394258099,1.37604464631964,1.37852172195706,1.38471426546017,1.392240708516,1.39995758385899,1.40081482033208,1.40110046876283,1.40014772496529,1.40291044903345,1.40691185651075,1.41472423917819,1.41081804784446,1.38090270790829,1.30925882025294,1.19817244586692,1.04573838833604,0.879204479671883,0.723531617354948,0.592914868662057,0.490212756166697,0.419331471202581,0.359215725261223,0.307483658848789,0.26061052756761,0.215547376557051,0.174675774130086,0.14180669547686,0.109604712190428,0.0789270607438807,0.051202856833511,0.0198584012010344,-0.0106282355966222,-0.0395905405543885,-0.0622650858654724,-0.0856064353624789,-0.105327241956507,-0.124095595933875,-0.142292361868884,-0.17134988297024,-0.19831148418936,-0.225940180775281,-0.252044545521318,-0.276529362283882,-0.294631203256193,-0.313304632270843,-0.330548945589186,-0.350460766832105,-0.372087643382939,-0.394095384508101,-0.416579497532018,-0.435443358833828,-0.452401732540569,-0.468692719699644,-0.483650098486866,-0.497178652758654,-0.518805238128623,-0.539574295844618,-0.56053436820953,-0.57568276164565,-0.589496964348174,-0.598928603818208,-0.608836906367882,-0.6172205858968,-0.638275292043552,-0.661426209253405,-0.683433950378553,-0.702107088212331,-0.722018909455256,-0.733832990780872,-0.74459911216536,-0.755174510081822,-0.772514039543755,-0.787948081410612,-0.805287319691667,-0.819291954681352,-0.832439353197953,-0.84139491195009,-0.850540902989386,-0.858352994475965,-0.872643569077252,-0.889125279704352,-0.905702206475042,-0.913704730248775,-0.923803465085602,-0.929233697078343,-0.933235104555649,-0.93609333594825,-0.955910232228463,-0.972297017892845,-0.990684798476759,-1.00221294019076,-1.01488425798946,-1.0180281378128,-1.02212505261455,-1.02403054020963,-1.0398454466508,-1.05432645353926,-1.06413895758362,-1.07223640632006,-1.08147732232206,-1.0825249910823,-1.08462091096454,-1.09872134445955,-1.11539406973554,-1.13178085539993,-1.14397580129986,-1.15588480758818,-1.16045780310783,-1.16388762254279,-1.1663646981802,-1.17846413675568,-1.19065879147475,-1.19637496307909,-1.20342503423616,-1.2098083012073,-1.21085626114842,-1.2098083012073,-1.22228889553797,-1.23372152992752,-1.23943770153186,-1.24458228509386,-1.250965552065,-1.25020353173549,-1.24725008419931,-1.25801591440293,-1.27030607644644,-1.27649861994955,-1.28412027914897,-1.29221831024715,-1.29307554672024,-1.29259917482147,-1.30403180921103,-1.30450818110979,-1.18694361478992,-0.98220590280425,-0.682387155160906,-0.261192866007551
0.222624951113121,0.55248740011395,0.788009095763096,0.922579356443321,0.926073747044956,0.861669244886841,0.861102672759066,0.883294809454236,0.916913635165558,0.963942008027406,0.993783301386034,1.00048836358695,1.00776028654126,1.01947069455975,1.04024683387394,1.06697212484261,1.09568027394568,1.10446257486467,1.10484009719943,1.10946734343097,1.11758898026414,1.12693814193656,1.14440836319086,1.16405049237258,1.16999964402706,1.17141564140805,1.17585383784656,1.18038699212005,1.18529795735394,1.19672493499571,1.21032410919055,1.21721822118447,1.22090108432785,1.22175079820669,1.22713308910775,1.23364852426436,1.24394149177368,1.25640665583605,1.27066649411671,1.27453869567873,1.27538898680885,1.2752948948508,1.27756176061319,1.28105586258918,1.28946064117341,1.29880980284583,1.30863115606232,1.31316402171018,1.31420278538204,1.3182634594858,1.3240238499729,1.32997300162737,1.33837749158597,1.34838760596985,1.352637041241,1.3533926631618,1.35282637965966,1.35471543446164,1.35868201660735,1.36576488976867,1.37492500164806,1.38465139702959,1.38899521288442,1.38993930734697,1.39031711830736,1.39050616810038,1.39239522290236,1.39655027758982,1.40155533478175,1.38701206612439,1.34083311851574,1.25555809645975,1.13213167167023,0.967909167424396,0.802742280090395,0.654856852843319,0.532752044851098,0.439260716752613,0.377310687021711,0.324521057795843,0.276925535554934,0.232730023331968,0.196373006191094,0.162471327354348,0.132819083788748,0.106283131238733,0.0810690841116529,0.0461277757261278,0.01307523351695,-0.0191273061877439,-0.0520854678132287,-0.0829661020949868,-0.107897007470994,-0.133016674014381,-0.156625673967452,-0.179667813167112,-0.203748716038636,-0.227074285614998,-0.250400143817016,-0.268248464657353,-0.283924877570282,-0.298845957188045,-0.313011414885023,-0.326137820284488,-0.350313103739704,-0.376094011620195,-0.401308058747269,-0.427088678002123,-0.45220834454551,-0.471567620601798,-0.489037841856103,-0.505847110398946,-0.521711995853606,-0.538521264396449,-0.553819577723341,-0.571667898563677,-0.585172403549181,-0.599432530455482,-0.612748274273605,-0.62681935138689,-0.637679468275249,-0.657416266666303,-0.674697726753228,-0.693207000305033,-0.705105880865261,-0.717665714136958,-0.72550392059342,-0.734475559931074,-0.741369383299365,-0.761295231483435,-0.780937937916432,-0.801335977644584,-0.814745524795122,-0.828438502322368,-0.835143275897643,-0.841848049472912,-0.846947487248536,-0.86659019368154,-0.885760708570449,-0.905025604043057,-0.917113534396295,-0.92901241495653,-0.932789658683589,-0.936755663578026,-0.940060715760996,-0.957341887222278,-0.97471772789289,-0.99247137952391,-1.00673121780457,-1.02042448395745,-1.02656326265622,-1.03307985231539,-1.03874643947007,-1.05083436982332,-1.06462201655989,-1.06962678512619,-1.07444250389948,-1.07925822267276,-1.08076888926308,-1.07982450617491,-1.09738968526418,-1.11448267280936,-1.13110346881045,-1.14432425479361,-1.15867789640668,-1.16179389879664,-1.16387113751473,-1.16708180911401,-1.17699783153984,-1.18681976200762,-1.19201415761821,-1.19824731690067,-1.20334704330194,-1.20400799601341,-1.20429084913884,-1.21703915495227,-1.23025994093543,-1.23592595083884,-1.24244196324672,-1.24773073944101,-1.24574788130662,-1.2431981624188,-1.25585266489983,-1.26831840621347,-1.27662851558838,-1.28493891358892,-1.29211587870828,-1.29145463737118,-1.28984872432026,-1.29938664716005,-1.30713018440719,-1.27162259251953,-1.19862397335852,-1.09266776982331,-0.928633449493576,-0.768376372890904,-0.644004699136297,-0.565717881032284,-0.512928540432058,-0.492719550496923
-0.533767660517807,-0.519740678303232,-0.429277652865966,-0.327172771746003,-0.238618314176744,0.0646430289065156,0.315516167243442,0.507320821644409,0.707427629610617,0.9122101955322,0.9520025523134,0.970228442167924,0.976908138054403,0.977003508117493,0.979866359919517,0.998474604981097,1.03321001520614,1.06985370164763,1.07710620121577,1.07271655344965,1.07319340376508,1.08292639992819,1.09590401979724,1.11851984906944,1.14189951380105,1.14781624918285,1.14428609859079,1.14170994028116,1.14428668189393,1.14714924204439,1.15850469588625,1.17339059197174,1.1882767797088,1.1940019000097,1.19972731196219,1.21003311180696,1.21928925765463,1.22835437172456,1.24390873320637,1.25793629872408,1.25955875640284,1.25984544989523,1.2613725375109,1.2659529254032,1.2734915351606,1.28675555687047,1.30326391063473,1.31500142803207,1.31586063355456,1.31242556137402,1.31271196321485,1.31624269711005,1.32349461337506,1.33675834343337,1.35259852345287,1.3636675754539,1.36376294551698,1.3610911254927,1.35746502153441,1.35918284927625,1.36452678097639,1.3745464706319,1.38590221612533,1.39783047364886,1.39763944187112,1.39210447839324,1.3883827127203,1.38437454520653,1.37969849559958,1.38065277953358,1.38504271895127,1.38885985468731,1.39296339226417,1.3871426102486,1.3546984147502,1.29057269260651,1.19209391544483,1.05401352162812,0.895034834629485,0.745884513857039,0.613624610404328,0.499877290298527,0.415616527129173,0.353112971012662,0.297671174338124,0.246332623588885,0.203677998308802,0.163599531338338,0.126192884392145,0.0921259395634197,0.0634982964979053,0.0354428738109125,0.00815128658332328,-0.01398740072188,-0.0332632362250656,-0.0532072454730039,-0.0732466247840129,-0.0917594997825032,-0.118956008598576,-0.148633597312752,-0.17831089437536,-0.205888591792213,-0.229744815187696,-0.247875334979123,-0.264956200773464,-0.281178444348451,-0.2995002875692,-0.324692275151034,-0.350743176603789,-0.37688944811962,-0.401699663797539,-0.423551657610344,-0.441968870894176,-0.459622832021753,-0.474700343188124,-0.492449674378784,-0.512393683626716,-0.532337401223074,-0.550563291077592,-0.564972045196082,-0.576518239164115,-0.587014779135054,-0.595030239207897,-0.604477416833316,-0.62489885969982,-0.647133208719687,-0.667936423490106,-0.689503182068355,-0.708206797193013,-0.721566188965983,-0.731967650525406,-0.743418474430361,-0.756586834425583,-0.774335873964664,-0.789985605509556,-0.807448243207818,-0.819757980983693,-0.830636292858547,-0.837315697093465,-0.845235787103218,-0.85306050704988,-0.869950924369614,-0.886173459596169,-0.904304562690738,-0.914515575775567,-0.924535557082642,-0.92777988913702,-0.932073875188473,-0.93579534920985,-0.953448435382712,-0.969575017243042,-0.989423656427883,-1.00221082782233,-1.01537977112069,-1.01986537225304,-1.02501856382699,-1.02788112397744,-1.04143125587658,-1.05383607206397,-1.06986699220964,-1.08456243982053,-1.0971588710888,-1.10574771814643,-1.11376405317398,-1.11958541849269,-1.12664688628309,-1.1383838203773,-1.13819220529641,-1.13761910996318,-1.13551921866585,-1.13513715511037,-1.12931608144323,-1.1455386166698,-1.16252440405262,-1.18237304323746,-1.19096159864353,-1.20336728978563,-1.20193615553619,-1.20107753331684,-1.19697457904312,-1.21147928652783,-1.22407513449296,-1.22960951466769,-1.23161316094723,-1.23571611522095,-1.22827287552663,-1.22178421141789,-1.23562103680943,-1.25384750996709,-1.27026078531981,-1.28476549280453,-1.29850665648141,-1.29993808238242,-1.29965197219317,-1.30022477587482,-1.29344970992526,-1.2467869171314,-1.16443501348162,-1.04849301531855,-0.881307544817755
-0.726325587697595,-0.532287938877417,-0.319879673159184,-0.0769501163618071,0.167701548694156,0.485739472543365,0.685613691024463,0.816694231829836,0.885200745248476,0.900605265344549,0.856975598514106,0.874963134784081,0.918975589814639,0.956290274841017,0.98461104551843,1.00451223036103,1.01197528433749,1.01704627759817,1.03407757443775,1.06459974280078,1.08402280792818,1.09292109833411,1.09148586190464,1.0911984052196,1.09282459710719,1.10287095968551,1.11712711518123,1.13702859245178,1.14736241171514,1.15291210954694,1.16410654429765,1.17845861616436,1.18936617908596,1.2054400667833,1.22151424690861,1.22524592011083,1.22323664759517,1.22199265905178,1.22199265905178,1.22390601519644,1.23270809680341,1.24533718312767,1.25586137299322,1.26160173385517,1.2642803739721,1.26791613080331,1.2709781439763,1.2775805824654,1.28609666952714,1.29690919336161,1.30198077147821,1.30523432496521,1.30485182919306,1.30599990136546,1.30724330505293,1.31279212560085,1.31853219403483,1.32675994712765,1.33173473158936,1.33422212382022,1.33470053596338,1.33546611236361,1.33699697273612,1.34072864593833,1.34637396771316,1.35307173771735,1.35996104803557,1.36197090540715,1.36292802212142,1.36216273814915,1.36522445889417,1.36972112364069,1.37718388518919,1.38483818705172,1.37421778838721,1.32656957652544,1.24246758755261,1.12047629261128,0.958873583442877,0.793730741386297,0.647915048086129,0.525349424630648,0.430818284879376,0.367861469292528,0.319543597401517,0.275340186912839,0.234772533255372,0.201763265089446,0.169041161180593,0.137754293701206,0.109528854538878,0.0829301921200524,0.0463807910659455,0.0121275343566319,-0.0214560623234589,-0.0548481186894998,-0.0869964789401245,-0.113021105272756,-0.13828044763311,-0.162774213593227,-0.185258707037684,-0.208891565082487,-0.230897938811752,-0.253573972570253,-0.274814769899275,-0.299021664030284,-0.320836205017547,-0.343990358491227,-0.365230863392296,-0.390394289381643,-0.410582346053361,-0.432205931582511,-0.45277706888231,-0.47631430298407,-0.494110883795938,-0.515830385696075,-0.535157826880438,-0.555154928094031,-0.571898768248576,-0.591513081262053,-0.607587261387362,-0.626244750114537,-0.642797342382991,-0.660019887108652,-0.676572479377118,-0.694943096275173,-0.710730112143403,-0.726803999840753,-0.742399475394952,-0.756942502719788,-0.771293989730593,-0.776269066620269,-0.78296654419649,-0.788228785343251,-0.793969438633164,-0.797413947578296,-0.820951181680069,-0.840087374978347,-0.862859325107849,-0.877594185174687,-0.895486389929577,-0.900653299561261,-0.911177781854777,-0.915674739029254,-0.935480592356775,-0.951076360338933,-0.964949727634539,-0.97002101332318,-0.981693860217042,-0.98121515564592,-0.983511299990706,-0.99327079073991,-1.01365038772566,-1.02733250713519,-1.04034496651549,-1.05125252943707,-1.05871529098557,-1.05833250278546,-1.06101143533035,-1.0745023068538,-1.08837596657737,-1.08961995512076,-1.0945953244384,-1.09813545732657,-1.09545623235372,-1.09335104346705,-1.11392188833888,-1.13248346069505,-1.14090333895782,-1.14645274436166,-1.1513321973083,-1.14482596761815,-1.13765007789877,-1.15305430556689,-1.17161617035102,-1.18013196498479,-1.1859685346457,-1.19247505676381,-1.18577757918758,-1.17974976164059,-1.19266630464989,-1.21208936977728,-1.2184040591534,-1.22634552527301,-1.23074685850445,-1.22720672561628,-1.21763848275315,-1.23524323082301,-1.25198707097756,-1.25801488852455,-1.26241622175599,-1.26901836781714,-1.25945070980994,-1.25083958366109,-1.2669137637864,-1.28490159248433,-1.26126873443953,-1.20118209928365,-1.10770340776173,-0.950789196081847
-0.800653553074572,-0.595901128803868,-0.373765964330437,-0.11926633961093,0.139747085598901,0.468675693549789,0.680150387220239,0.81930887799027,0.886823627618442,0.897099876491262,0.841686503284932,0.846872765533835,0.884039559621907,0.927928916632981,0.964231284759035,0.983919356542665,0.992755286843101,0.993139802296507,1.00322379344262,1.02665692833303,1.05431533036208,1.06727966512971,1.07669060747077,1.08245246880678,1.0915757583659,1.10165974951203,1.12192400742925,1.13882683712334,1.14823866003414,1.14891082826948,1.15813009993033,1.16485236933009,1.17618471484514,1.19011004472301,1.20941389457649,1.2112390221255,1.21248796354092,1.20893486463759,1.21364092285462,1.21757824368809,1.23063914760394,1.24533262781888,1.26415568659397,1.26895743338949,1.27039804548511,1.27164669337727,1.27491184597543,1.27817699857358,1.28710803040601,1.30026491642358,1.31178893261885,1.31639871521089,1.31505437874025,1.31582311612378,1.31793618997799,1.32341069205531,1.33061345901018,1.34425054905963,1.35443022878423,1.35625476928676,1.3525091191335,1.35145272896802,1.34722716830612,1.34780364796297,1.351549004593,1.35913599347802,1.36403401589849,1.36912400252242,1.36825957656039,1.36989244638271,1.36768368395004,1.37142904058006,1.37479046880319,1.38276167961837,1.36835614570861,1.32926882901628,1.24629244883613,1.12643751439633,0.962501258741994,0.798660985189391,0.647785926974162,0.526010469930102,0.429588963903948,0.367068805844467,0.316169233128468,0.270839851068267,0.226566565650291,0.187671213161411,0.153001421334436,0.121116578073746,0.0915367728706949,0.0656063421959448,0.0393879652160212,0.00827156581561902,-0.0229408156865054,-0.0533850468515736,-0.0851736144873032,-0.10860704290095,-0.128679043091482,-0.14673424505278,-0.164789447014078,-0.18025166461255,-0.209350972260474,-0.238642244111854,-0.268221755791654,-0.29616869117238,-0.321138420260126,-0.338425178361129,-0.35340689840448,-0.36762017458753,-0.383178080764486,-0.405362567762716,-0.427739312487636,-0.45107675879956,-0.475374613175237,-0.496310745804534,-0.513309264077106,-0.529059427980765,-0.545577742221467,-0.559406796474369,-0.577173758607249,-0.594941014263373,-0.614532516898771,-0.627593420814623,-0.642863380686399,-0.654771912335054,-0.668313020282783,-0.67906947318748,-0.699237749002973,-0.718253652551262,-0.739766558360661,-0.757245574188361,-0.77136316179294,-0.779622318913288,-0.788361386542267,-0.79402726577655,-0.802286422896897,-0.819380923271198,-0.838780461703151,-0.856643699460998,-0.868360560429447,-0.879212995435866,-0.885839869780385,-0.890353963793968,-0.896308376379915,-0.916188118843744,-0.93702826937132,-0.957291940242045,-0.970544514838103,-0.980916158766156,-0.985045443803081,-0.98667772657891,-0.988214320776261,-1.00463723996174,-1.02509375560565,-1.04468584528755,-1.0554425917155,-1.06591109831501,-1.06850408267785,-1.06687121285552,-1.06427793496944,-1.08127615971877,-1.0971220122009,-1.11316012240973,-1.12276390952398,-1.13323212260026,-1.13256024788818,-1.13332869174848,-1.13294476334157,-1.14946337110552,-1.16550177483759,-1.17731432438453,-1.18576573923158,-1.19488932231395,-1.19316076391315,-1.19191240954422,-1.20065177069644,-1.21380895023727,-1.22619768591779,-1.2350327356485,-1.24089057908623,-1.24146647169658,-1.23925712221741,-1.23858466045884,-1.24876463370669,-1.26317046113969,-1.26778053725499,-1.27431142949778,-1.27844130158121,-1.27652077897696,-1.2719109963849,-1.28756517818683,-1.30081833982938,-1.3045636964594,-1.30734864502568,-1.30974937166181,-1.25452766913569,-1.16108307587926,-1.04593390613323,-0.874122715288698
-0.673435915600511,-0.451105674675951,-0.224271304483149,0.0106126810483898,0.237926226392893,0.524655147393446,0.708268563270456,0.847703553211314,0.944589488468403,0.975159457254009,0.910952037186611,0.894852513614785,0.899644265131782,0.919385637014266,0.958389498521885,1.00688079371768,1.02681401139746,1.024897603685,1.02643119848592,1.03275625190949,1.04569339521671,1.06878870026675,1.09715463909114,1.10261682576844,1.10319148447726,1.10750376794822,1.12072853350418,1.13213266779917,1.15359889449117,1.17410706377412,1.18282799295619,1.18081580879227,1.17976197493174,1.18081668747531,1.18474615803472,1.19413781527143,1.20659578342694,1.21886190578516,1.22441957601959,1.22489816538259,1.23055190496283,1.23697273483788,1.24291438956122,1.25288129129546,1.26629819554306,1.26725683874081,1.26687344004057,1.26792756679545,1.27262295607229,1.27779752050082,1.29044704155927,1.30395913646966,1.31469224981566,1.31651317397099,1.31584244591635,1.31421307466396,1.3163213281737,1.32015443649296,1.32954580083532,1.33979973902963,1.34880829046045,1.34967115720673,1.34852154689473,1.3443053327696,1.34373067406078,1.34497664661294,1.35072645553899,1.35848874152332,1.36912607841785,1.37267156448834,1.37477952510373,1.3753544767069,1.37937943082345,1.3734377761001,1.34718009078545,1.29083131894254,1.20103694161513,1.06380568874115,0.90453296467764,0.749285194730681,0.611862096059407,0.497917994032744,0.417898379747929,0.358770333446301,0.31018355469338,0.265909059411414,0.224509322145287,0.183972158731103,0.145543248826659,0.114493811995007,0.0845945712640378,0.0571869827430376,0.0323668228834997,0.0103256445883329,-0.0212032602893728,-0.050815464560272,-0.0812899497887619,-0.111668658565765,-0.142238920245722,-0.166196799147689,-0.189388173543545,-0.211238091830123,-0.232704611416466,-0.255417103554972,-0.278704254402303,-0.302949755553024,-0.321732777132105,-0.339557448407783,-0.354027893621569,-0.368594408181174,-0.382011019534428,-0.405777345533461,-0.430214692481474,-0.4558977190873,-0.479472492183384,-0.503334594633883,-0.52125533525538,-0.53773825752744,-0.554987977199956,-0.573962551681985,-0.591020425557201,-0.608940580390014,-0.627723601969095,-0.640277346576075,-0.651489635073769,-0.664427071275335,-0.676310380722017,-0.686947717616548,-0.705826808541449,-0.726047355575628,-0.74502193005765,-0.756329995006825,-0.768213011559168,-0.776550249146666,-0.781341707769317,-0.786229235737794,-0.805204103114162,-0.823795571790308,-0.842482816917922,-0.855899428271176,-0.868932640924203,-0.874203567592908,-0.878803766206969,-0.881679110011518,-0.899887472881775,-0.918574718009396,-0.938028467643113,-0.950678281595912,-0.964573775206523,-0.969556786732115,-0.972144215393558,-0.974635867603533,-0.991885294381704,-1.00903894470839,-1.02705516888702,-1.04478406371124,-1.06117120953182,-1.06864616616174,-1.07477937378802,-1.08110442721159,-1.09145414185736,-1.1038163335614,-1.10793706412941,-1.11339954370106,-1.11665770041714,-1.11723265202031,-1.11512439851057,-1.13112843852527,-1.14674907983974,-1.15575733837622,-1.16438219821248,-1.17319890384603,-1.17195322418821,-1.16917424262383,-1.18172828012516,-1.19524066792989,-1.20760285963393,-1.21871907878581,-1.23041054243521,-1.23405239074587,-1.23596938424702,-1.24277361282229,-1.25341124261117,-1.26222765535037,-1.26740221977891,-1.27458926126572,-1.27708091347568,-1.27765586507886,-1.28196844144416,-1.29385175089084,-1.295097723443,-1.29663102534957,-1.29672680180105,-1.29519349989447,-1.28896451581672,-1.30027258076589,-1.27545183511764,-1.20233193296523,-1.09413763986462,-0.934194187746471
-0.750506968230885,-0.525292969625768,-0.311363506785231,-0.067214122638959,0.182577821674506,0.488984183711146,0.674702599425146,0.815282579795915,0.884712229351815,0.886529364630727,0.839574086293491,0.856979652621215,0.894850423703505,0.940849638103581,0.992300258340406,1.01018371049426,1.00884475332638,1.01056601915516,1.01926880231902,1.03801274124481,1.06851939404621,1.09472273613321,1.09979124873923,1.09845199928644,1.10237270905505,1.10983211221625,1.12121222514606,1.13928683163036,1.15688355228853,1.15908328851325,1.15745730756479,1.16061310772668,1.16835895009866,1.1763915239663,1.19102272193831,1.20871443519189,1.21454785740464,1.21359179346747,1.21387910953296,1.21751367237571,1.21961812372012,1.22870350782979,1.2411355541469,1.2518460423503,1.25662723889084,1.25959130015246,1.26590260819133,1.27135342945826,1.27756945261681,1.28646339011112,1.29755706383017,1.29985266950503,1.30233972179524,1.30300963880654,1.30979970952626,1.31706766607212,1.32720439899926,1.33609775192376,1.34719084107298,1.34499110484826,1.33992259224222,1.33657563774989,1.33915797492042,1.34212262075186,1.3511124276963,1.36182379275444,1.37272631214304,1.37224842631691,1.36918878789006,1.36660703528934,1.36899792584452,1.37234517262176,1.38219546633815,1.39290624682647,1.38477751122377,1.33562249666181,1.24735362329981,1.12178802641668,0.956247791676676,0.787168863544048,0.639798227883747,0.517770447538498,0.422711211171867,0.358445943672117,0.307091485170335,0.26128400967053,0.221118802053006,0.184587572708418,0.15054281108423,0.120609913559088,0.0911551941449833,0.0615090281155143,0.029758703026547,-0.000939688675124782,-0.0337416548664871,-0.0571717977373979,-0.0799323158819206,-0.0993452949642851,-0.118567119716199,-0.134059681314868,-0.163131799783164,-0.191534585809974,-0.220033241286918,-0.248340742433419,-0.277030552240814,-0.298261251171912,-0.319491950103009,-0.33976629281204,-0.358319077407374,-0.37859312783149,-0.398962755420836,-0.418567181118564,-0.433676849486511,-0.450125182737439,-0.464852250159591,-0.478144783248632,-0.491819917283476,-0.51467601259322,-0.53619344301999,-0.557519719116316,-0.57368190544138,-0.589174759324962,-0.599120630206567,-0.609449102033986,-0.619107949135018,-0.640912111057467,-0.661568762427392,-0.68394697191102,-0.70670778234045,-0.729564169935108,-0.746013087755851,-0.762748737072266,-0.776806472052924,-0.788664470808861,-0.801765849567445,-0.81410231871932,-0.826629942201646,-0.839922767575594,-0.854076372006388,-0.86641313344317,-0.879227780706081,-0.891181941197055,-0.903040524522807,-0.914803530683337,-0.918054908010446,-0.920732822346216,-0.923793337627788,-0.927523185350841,-0.931157163623764,-0.952291993104726,-0.973713554081367,-0.99542184655368,-1.00842764814704,-1.02181634297113,-1.02554619069419,-1.0273633259731,-1.02956306219783,-1.04658573529483,-1.06255618271964,-1.07231060698588,-1.08187387692169,-1.0900981896896,-1.0911501230769,-1.09229763362942,-1.10587719049904,-1.1238559275332,-1.14135648645634,-1.15350150899286,-1.16478604475743,-1.16947224870256,-1.1685158924805,-1.16832473815005,-1.17741012225971,-1.18783417125236,-1.19271123724303,-1.20112699662631,-1.20772562073067,-1.21040324278152,-1.2117421999494,-1.22560907288452,-1.23823256581698,-1.24550081464773,-1.2510475053648,-1.25668977324709,-1.25563783985979,-1.25296021780894,-1.26453177735411,-1.27696440824103,-1.28547603707443,-1.29293573252055,-1.30240371757603,-1.30288218797198,-1.30412556797463,-1.31397586169102,-1.31521894940876,-1.312541035073,-1.26960175138469,-1.17473396163341,-1.04017885009074,-0.87368284369848
-0.71326759374342,-0.509814562503724,-0.321278757236663,-0.105891709903564,0.134325515101941,0.460196925712514,0.667980641141861,0.832263379541394,0.927445482165519,0.93957186852722,0.872973222816154,0.870952158422542,0.892702646937455,0.925327938493619,0.971523275856078,1.00857602502433,1.01916286095142,1.01868193528069,1.01925992851798,1.03292674774673,1.0474595273269,1.06709276631406,1.08278006164812,1.10000720156094,1.10414522133817,1.1099192708283,1.11723345904132,1.12993725035203,1.13715525343091,1.15351643299228,1.17016646210022,1.18123422369804,1.18296673268922,1.18672030607402,1.19307234880144,1.20009798161203,1.21126192834399,1.2278151840295,1.24456080998331,1.24658128608864,1.24648451266621,1.24427078386016,1.24552177889233,1.24677306806864,1.25822615849133,1.27044902413131,1.28498150956735,1.28988989285018,1.29181447796551,1.29104440860406,1.28960074915946,1.28767586989999,1.2927766234511,1.29970607112755,1.30769414356787,1.31597106555477,1.32039822902272,1.32126448351831,1.32107211325002,1.32578783212041,1.33262080051857,1.34349619184809,1.35533402280735,1.36871169834536,1.37121427669798,1.36996357580996,1.36630648170345,1.36390038262911,1.36399656776325,1.37005946679996,1.37795076581785,1.38738220355864,1.39556264626725,1.39700630571186,1.37592999556838,1.3246339046548,1.23715102492442,1.11338517124308,0.952566568393492,0.7927101110295,0.646808734152529,0.525160129998954,0.427860483702929,0.36193513393089,0.308039985386403,0.262229094416379,0.220075591697012,0.183600541621907,0.148569445135549,0.114885528815504,0.0830303066207945,0.0517521952309502,0.0200887550162393,-0.00974628521727604,-0.0378488164596117,-0.0647003526697892,-0.0896267154763374,-0.113109124694158,-0.136399163643675,-0.1590153183659,-0.183460167213446,-0.209060120103161,-0.234371517590436,-0.258335440767265,-0.280855998643626,-0.301547862394653,-0.319641256803055,-0.335905957086136,-0.353806687082108,-0.37411351615242,-0.394227680810296,-0.41530428509791,-0.43859461819158,-0.457265417548993,-0.474588742595948,-0.4918161766529,-0.50894742557571,-0.524057610104901,-0.54446121259764,-0.564961000224528,-0.58613408379043,-0.606537097994891,-0.626073857703748,-0.643300703472422,-0.658987704662352,-0.672461565334498,-0.68583924087251,-0.701622721340721,-0.717310016674784,-0.733574716957865,-0.748106908249759,-0.761869030180206,-0.773899231407764,-0.783619518695132,-0.792666215899327,-0.806813372510507,-0.822500373700424,-0.83809089561206,-0.857242326496058,-0.8697531592502,-0.878318636639532,-0.884863343779391,-0.891119201372678,-0.894006814406026,-0.90873196425449,-0.925285514084143,-0.943282429214264,-0.954446375946226,-0.964262848367729,-0.96897856723812,-0.972346811798059,-0.973790177098521,-0.988707403071143,-1.00737790828442,-1.02633726304428,-1.04289051872979,-1.0593478834253,-1.0682022103612,-1.07532432245008,-1.07994415033046,-1.0889911416788,-1.10005890327662,-1.1127624004432,-1.11834407966504,-1.12440668455761,-1.12729341515853,-1.12873648631485,-1.12758138227269,-1.13874532900465,-1.15318192345068,-1.16819592284573,-1.17166123497224,-1.17628135699676,-1.1762816511409,-1.17166211740465,-1.16665754898768,-1.18253721459004,-1.20014938918358,-1.2157404993835,-1.22738566593032,-1.23806868699157,-1.24076363561248,-1.23883875635301,-1.23835753653814,-1.25019507335326,-1.26463078536688,-1.263668051593,-1.26549645157418,-1.26713218714293,-1.26087632954965,-1.250963671994,-1.26722837227708,-1.28445551218989,-1.29157762427876,-1.29850736609934,-1.30755406330354,-1.25337065350076,-1.15789970133005,-1.04269932503806,-0.873988834882286
-0.673289479604754,-0.457997550490348,-0.23511641292375,0.00745902447347687,0.247824674165707,0.532670302579109,0.723367993353549,0.861419826339092,0.947978261905367,0.963925670837324,0.905707777268725,0.884668695656413,0.885821449646556,0.902633864501829,0.941734422475812,0.97343721254818,0.99284317707104,1.00437159783393,1.01071203840022,1.02041502066165,1.04318382050014,1.06873849141823,1.08180430899529,1.08929809079267,1.10034614845626,1.11033717240499,1.12551588292986,1.146842712609,1.16922628238252,1.17518237374526,1.17892897102347,1.17643114163117,1.17969766943056,1.18238782023486,1.19439631047659,1.20554038203594,1.21975895360315,1.22254511830323,1.22437055680468,1.22177700713709,1.22552389803578,1.229270495314,1.23791673748105,1.24800406894603,1.26193430520546,1.26635358699499,1.26798670408445,1.27058054737251,1.27682497404302,1.28201236699868,1.29229143263471,1.30526064907506,1.31659645480547,1.31765290127937,1.31765290127937,1.31525108578283,1.31803725048291,1.32322552429999,1.33264075849461,1.3438811375702,1.35675492735573,1.35752362576281,1.35387274875989,1.3526236872535,1.34926114555835,1.34733969316112,1.35108658405982,1.3590607289565,1.36597813375881,1.3747206834421,1.37808293151677,1.38096452287166,1.38057988004764,1.37395081055311,1.3419593915525,1.2832611348846,1.18988189565272,1.06057231873,0.902057487506757,0.749307013475189,0.612791990062873,0.499622143484116,0.418347702010209,0.364549090231136,0.320261432921978,0.28144979749672,0.246000116525666,0.203825352164312,0.160786169120584,0.11966814485361,0.0795108467852532,0.0476160289213528,0.0209091912540706,-0.0020513427554749,-0.0245315136657118,-0.0442258134963479,-0.0750644785068174,-0.103885970844764,-0.134916663646766,-0.163449233435994,-0.187370200023676,-0.206007466139457,-0.225605164833388,-0.241840615452633,-0.258652736687431,-0.28622487389851,-0.313028312702518,-0.336661531223379,-0.362504243828769,-0.38296724206649,-0.39920298630621,-0.412556551950091,-0.429368673184883,-0.443394923340086,-0.469141328429233,-0.49027642393732,-0.51467775362431,-0.534179732042939,-0.552048299751636,-0.561078597501754,-0.57318339525973,-0.582118266355027,-0.596720893505302,-0.616031137752874,-0.638223560596296,-0.658782572729774,-0.682127455942865,-0.698459507698822,-0.713830833256175,-0.726031644909914,-0.739097168866501,-0.749664863430775,-0.766572998561342,-0.780695262612302,-0.797699998879582,-0.805385808468492,-0.813167631953172,-0.817587207363187,-0.823159243142863,-0.826713519009068,-0.846599846631249,-0.86792726355133,-0.889446708262956,-0.909813692604908,-0.928547559857408,-0.939787938933011,-0.948722516407834,-0.957272744679124,-0.966783405528544,-0.979848635864649,-0.991760818590137,-1.00540242592131,-1.01664221775595,-1.02624889250114,-1.03422215653641,-1.04190737888437,-1.04892021034149,-1.06044833748391,-1.07466632181016,-1.08619474257305,-1.09676243713733,-1.10521635789238,-1.11155709207913,-1.11395920119614,-1.12145268937306,-1.13125197915073,-1.14412576893625,-1.14595120743771,-1.14844903683001,-1.14566316575042,-1.1414362053729,-1.13480713587837,-1.14931345551239,-1.16602926923095,-1.18572327544111,-1.19715538868776,-1.20810743245558,-1.20753105546051,-1.20570591057952,-1.20243967640062,-1.21540889284095,-1.23097195256936,-1.23577558356244,-1.23913812525758,-1.24202030385343,-1.23654457558999,-1.22789862704342,-1.24221291888591,-1.25979373852779,-1.27862361967605,-1.2927461773475,-1.30907822910346,-1.31263309221063,-1.313689832305,-1.31349751089299,-1.32329621342971,-1.31474539791748,-1.25681495879523,-1.17064028519154,-1.03047467839676
-0.813791587984257,-0.717956347918463,-0.619026540294024,-0.481317692803447,-0.390994448000443,-0.362563145500938,-0.042273925354107,0.226664685056518,0.434582088218823,0.664644713380395,0.902057158167667,0.933486673973276,0.94992660107429,0.966849777263968,0.966366232610102,0.96510919384917,0.986771166759762,1.02497001215429,1.04721277066686,1.05669036410869,1.06433042875279,1.075258360591,1.08792687584402,1.11374715543873,1.1426620025921,1.15339633922966,1.15358993443033,1.15010876760073,1.15078590745525,1.15233319123458,1.16606515004787,1.18095749780436,1.1983642186479,1.2047463578355,1.20958150880895,1.21132209222375,1.21828501701332,1.22312016798677,1.23211392120953,1.24342845231869,1.25300240001306,1.25687046167878,1.25967507978423,1.26489742115901,1.26886272377284,1.2772765780892,1.28569043240556,1.294007341339,1.30058337129243,1.3042578377575,1.30367705215552,1.30464355033286,1.31112233933819,1.31798802317964,1.32669153138401,1.3375225178393,1.34738671055206,1.34932118473271,1.3499016747695,1.35202944858562,1.35667189105399,1.36556929002421,1.37698106208149,1.39042366257196,1.40125494459245,1.4028988781895,1.39903022539341,1.39525792684984,1.38887460540148,1.38481235740472,1.38877677332298,1.39370857411416,1.4002846040676,1.40782772332877,1.40241237788372,1.36740504543078,1.29942120895809,1.19749377915791,1.05649706447321,0.896255509016873,0.744717461764889,0.615808181166046,0.503822372322064,0.420945301397309,0.359634144695788,0.308864024996362,0.267087658519704,0.233144360757408,0.202198685170855,0.173476842087763,0.145625438494672,0.107233293464675,0.0700015373778787,0.0343173606356015,-0.00156011574213815,-0.0297014687884429,-0.0509768424280903,-0.0716720215961472,-0.0921741966939185,-0.109678454050776,-0.139560686077069,-0.169539567921093,-0.196907131295128,-0.224854593575577,-0.24709646539257,-0.261215319041993,-0.274657328402068,-0.289936866559888,-0.303766066321294,-0.330457080971191,-0.359662468708143,-0.387804117319631,-0.415559166660188,-0.436447941028897,-0.449793596136444,-0.461784971534934,-0.472712607807968,-0.483059754044208,-0.506848909640536,-0.530831364872333,-0.554620816033851,-0.579570656138564,-0.59939510025143,-0.612063615504445,-0.625119321158785,-0.636144198379937,-0.647942569708161,-0.668831344076871,-0.688849383390403,-0.708093633031672,-0.727144287472275,-0.74358421457329,-0.754898745682452,-0.766310222174535,-0.777721698666618,-0.791260653409634,-0.806443246184514,-0.822592928267125,-0.839903294858127,-0.848896752515697,-0.85702006624847,-0.864176586238708,-0.869205332412816,-0.87307309851335,-0.891543558482356,-0.909917073068441,-0.92800034263613,-0.93863743832557,-0.948211090454744,-0.950435218523408,-0.951402307831133,-0.952369692704055,-0.970357494714772,-0.989312386033227,-1.00904077145874,-1.02122633318828,-1.03263780968036,-1.03505553294968,-1.03631257171062,-1.03621592189288,-1.05207535895711,-1.06870858569358,-1.08524486704713,-1.09153065198218,-1.09781643691723,-1.09501211437697,-1.09143429772964,-1.0869863371575,-1.1040067542953,-1.12151042052177,-1.14046442514465,-1.15197196032408,-1.163672795139,-1.16425269404539,-1.16415604422766,-1.16318925048512,-1.17827578457266,-1.19490989800471,-1.20071272941627,-1.20661191508038,-1.21077051732969,-1.20583842097332,-1.19926209545468,-1.21376784394024,-1.22875713707965,-1.24616385792319,-1.26008941193715,-1.27333812166176,-1.27604579438428,-1.27788332318201,-1.27894735787267,-1.28803805647836,-1.29838579384498,-1.30302794074816,-1.30737984263294,-1.31047441019159,-1.28513737968556,-1.20883633871424,-1.11609537064191,-0.98109419587387
-0.762849545824067,-0.737858543530151,-0.708525626639301,-0.631429879740655,-0.572377717892525,-0.583184582010208,-0.222889718937186,0.0807653209009596,0.32729806978159,0.579234398174514,0.85336365199551,0.913091445599496,0.966064691086381,0.994818705691431,0.996458977985679,0.993564171649774,0.99906418572523,1.01961713376598,1.05242464399929,1.08359158703144,1.09449547552612,1.09681137957622,1.09652178097987,1.10414424016529,1.11302123339236,1.12952068580487,1.14553796540164,1.1615552449984,1.16744099732643,1.17207221561281,1.18123880743624,1.19252813927658,1.20275610110846,1.21674707525149,1.23372958520048,1.23730002329224,1.23604578415751,1.23459867589648,1.23865187661781,1.24202944558328,1.25293303917103,1.26827527682579,1.28323118641411,1.28689746925518,1.28728291260084,1.28708945366071,1.28882586561118,1.29229957423288,1.30243110150162,1.31507169685368,1.32771229220574,1.33108986117121,1.33157232889386,1.32944958887697,1.33157203398694,1.33562434998752,1.34585201691248,1.35694847962652,1.3708430192064,1.37393098957552,1.37277318500393,1.36929947638223,1.37132548692905,1.37190438921484,1.38000931612292,1.38946550654271,1.40133403557576,1.40220253645793,1.40249213505428,1.39921159046578,1.39699212097883,1.39515868465137,1.40036939503739,1.40538694139018,1.4017206585491,1.36978282882563,1.30069586917884,1.1925299087181,1.04625017779566,0.881829837445728,0.729470600348212,0.600173084467848,0.497700302115777,0.423692525586247,0.366570824442564,0.316492975105422,0.270081408609353,0.226178320382766,0.191248365039478,0.160949922889485,0.132099178814368,0.106625708797794,0.0827925110754674,0.0484423427387444,0.0141886089651641,-0.0178462451352932,-0.0520041341595692,-0.0787321382178006,-0.0996711194180667,-0.119066262887234,-0.13942604689478,-0.156504696499999,-0.185548014794489,-0.213915701333117,-0.241511321552739,-0.268045866670834,-0.292457966678955,-0.310694715762682,-0.327098028518957,-0.344080538467946,-0.359808514375277,-0.381229373484357,-0.401974895744486,-0.425325920651073,-0.446939943793357,-0.468939705188232,-0.488237529373486,-0.507342484432455,-0.522877001399657,-0.539569322938447,-0.557902211678404,-0.573726622148885,-0.590805271754097,-0.602094898501351,-0.613867287878175,-0.6221659686333,-0.633552324850629,-0.641851005605747,-0.66500886647913,-0.686622594714488,-0.710648661563106,-0.731683192605758,-0.752042386799459,-0.764393088648246,-0.776743790497027,-0.787743523741001,-0.798550682765596,-0.814085789546636,-0.828752395445534,-0.843998198537133,-0.851621247536395,-0.859533600225091,-0.863586211132585,-0.868121289762732,-0.872077171200164,-0.890506789410183,-0.910769549040748,-0.931707940427163,-0.944347945965384,-0.95525124464621,-0.958242190638338,-0.959110691520499,-0.959110691520499,-0.974838962334743,-0.990760102275292,-1.00909328592217,-1.0184527468719,-1.02897001239322,-1.03060998978055,-1.03340806664638,-1.03263629523429,-1.05019741256217,-1.06650429075529,-1.08367966983057,-1.09651283940201,-1.10982847669608,-1.1133024802247,-1.11658361462703,-1.1201540527188,-1.13047874402075,-1.14331220849911,-1.14562811254922,-1.14688235168394,-1.14746125396974,-1.1444700130707,-1.13858367092883,-1.15517955790447,-1.17438065261966,-1.19039763730951,-1.20409901285618,-1.21886205331821,-1.21924779157079,-1.21895848788136,-1.2234935665115,-1.23420399606604,-1.24520402421693,-1.25282707321619,-1.25784461956899,-1.26180079591334,-1.26073942590489,-1.25716928272005,-1.26672190770299,-1.27830083813968,-1.28013427446714,-1.2838975816852,-1.28959046488693,-1.2477136821141,-1.16656532430795,-1.06833831689659,-0.916269563116185
-0.776738067183504,-0.569468156180116,-0.350225520460172,-0.0925743815076514,0.166896714645849,0.498778512649899,0.691299071294598,0.822040909041344,0.888225934553921,0.896080116909107,0.839377487030124,0.85259493717993,0.891864678000622,0.92768654108075,0.964466245557303,0.988411694990388,0.998468736914081,1.00268300486731,1.018295351247,1.03793051439616,1.05201008035051,1.06216284786607,1.06934665833929,1.07490196279529,1.08543792541719,1.10219985711588,1.12030253257851,1.13083849520042,1.13725591546097,1.14434370760348,1.15401755442084,1.16397887075264,1.179208022026,1.19462891722192,1.20056741678425,1.20123778866623,1.20717599548975,1.21397631811781,1.22221311010171,1.23696334067685,1.25401244915117,1.25928057683153,1.26004667430539,1.25966347919905,1.26177032043686,1.26550566769188,1.27575386806051,1.28772659277706,1.30046570770628,1.30353097581813,1.30286060393615,1.30037086033083,1.30161617124171,1.30171189683359,1.30793757317156,1.3159829139717,1.32450688273124,1.32670974229974,1.32881687627636,1.33054110788545,1.33504313809195,1.33935371711469,1.347112173878,1.35420025875934,1.36080913020364,1.3599470143991,1.36004244725216,1.35793472779792,1.36176550790601,1.36703334284755,1.37718611036312,1.38686024991928,1.398546090599,1.40094098682889,1.37910296411123,1.32594452304232,1.24194458432038,1.11838684978566,0.959677331313977,0.801829928646836,0.660169518649479,0.53392971110924,0.4370949318662,0.36851588834018,0.313825252323566,0.268712737532422,0.230017643001818,0.193812877554168,0.16143918495342,0.128586278915652,0.0906569891200957,0.0551220100768,0.0210235003893271,-0.00886044860610077,-0.036541245294204,-0.0592416765552204,-0.0804093273909079,-0.102055898924805,-0.129162342061633,-0.154353102405605,-0.181171783289173,-0.208086189764605,-0.229636742967814,-0.248505223165488,-0.267086233848721,-0.284135049584234,-0.301184158058564,-0.32618288174114,-0.349840568920959,-0.374456390236027,-0.397252254350109,-0.418802807553311,-0.436809757424073,-0.45376314030652,-0.470141584160064,-0.488148241292002,-0.507017014228501,-0.525694043242415,-0.545233188060877,-0.559791967452252,-0.573297179855319,-0.585461355755628,-0.596763708590195,-0.607204238359031,-0.627414340537105,-0.648678009703474,-0.670995245858158,-0.686511866645958,-0.703081761683262,-0.712372120655473,-0.719746796834827,-0.726163631617743,-0.744266014341571,-0.760836202117686,-0.779992737307445,-0.799149565236015,-0.817923490797064,-0.83085434964885,-0.8444552876438,-0.857098091503507,-0.869836328216281,-0.884298503799338,-0.899239892819417,-0.910829129690816,-0.921556543496478,-0.932763170739168,-0.941000548200692,-0.948471535449546,-0.961402101562514,-0.974715862781827,-0.987933605670438,-0.994159282008412,-0.999906037648169,-1.00230034840043,-1.00412001286259,-1.00450320796893,-1.02193551154959,-1.03975101023659,-1.05852435032002,-1.0712631725104,-1.08419315314576,-1.08706609185741,-1.08946010987086,-1.09041765852847,-1.10315648071887,-1.1169491626364,-1.12145119284289,-1.12566604627375,-1.13026380207214,-1.12834841201809,-1.12509227820009,-1.14156703312315,-1.15957398299391,-1.17710201216645,-1.19309755365247,-1.20880533288522,-1.21445607019429,-1.21809569185743,-1.22240568540254,-1.23083451404782,-1.23964683053826,-1.24357421445467,-1.24759703122414,-1.25123694562609,-1.25219449428371,-1.25372639649261,-1.26426177363688,-1.27403134604612,-1.27910743706509,-1.28466274152108,-1.28887730221313,-1.28811120473928,-1.28897302780501,-1.29912579532058,-1.30755462396586,-1.31282275164622,-1.30343637434332,-1.24280723876437,-1.14788843505301,-1.01226254294867
-0.807648239931639,-0.69374154247596,-0.575197445515035,-0.418587695423362,-0.288353099652387,-0.214443788378279,0.0865061655305265,0.334995186889317,0.519622743542862,0.717099484498884,0.914865896828009,0.941240755866989,0.952350730803924,0.964523719954091,0.963944081926148,0.968485219588732,0.991576250553994,1.02819325153749,1.05563171535315,1.06538989054891,1.06413376208694,1.06877086631045,1.07678924157722,1.09234379705238,1.11127962357079,1.12973266446737,1.13543278290412,1.13881434922911,1.14992461944776,1.1629672132807,1.17658944514157,1.19484907650768,1.21330182212253,1.21542725998555,1.21523414573681,1.21378519830782,1.21465509827231,1.21658801245005,1.22731234945295,1.23996901007014,1.25281878493607,1.25842234624844,1.26161020776124,1.26238296003792,1.26470121686795,1.2694345829341,1.27899875803595,1.28923942357183,1.30131585559764,1.30759561206232,1.31010757370454,1.31010757370454,1.31358569715389,1.31802998241039,1.32488967218473,1.333585128449,1.34392323695443,1.34720854143677,1.34662890340883,1.34662890340883,1.34962394595462,1.35290836459179,1.36073362560983,1.36952534371673,1.37860702847845,1.3791866665064,1.37899384753938,1.3760956573997,1.38034682840745,1.38527419456752,1.39396935555006,1.40276077837522,1.41348452481468,1.41290459150502,1.39937862148678,1.36140982076213,1.29001306169369,1.18509178715709,1.0448099353807,0.884818914245762,0.733812725466463,0.603674982101597,0.49256991766123,0.411994621424963,0.353543603783361,0.308425146629525,0.269200217442897,0.235771963817381,0.205628719392485,0.177514355706247,0.139545554981595,0.100706854292449,0.0638970343419397,0.0267972477365971,-0.00701752966811172,-0.031943736559832,-0.0557103721139413,-0.0782208792060874,-0.0988956198083268,-0.123435007639111,-0.150196685739013,-0.176088759156146,-0.202367356352477,-0.229902082010791,-0.253958684219728,-0.277532205525113,-0.300236122147714,-0.322167286493654,-0.341586489197365,-0.361875001302123,-0.381390761130206,-0.394433650244868,-0.408249291636205,-0.422064933027542,-0.435301231672666,-0.44728140185582,-0.471821380250065,-0.495298639712802,-0.519645208576579,-0.544088334564727,-0.566792251187329,-0.5836991969671,-0.598867228663048,-0.613745588985906,-0.627464377971147,-0.644758142811842,-0.661182302969766,-0.680408096143009,-0.693064461478472,-0.706687283902795,-0.717991258933647,-0.728136253190336,-0.735672728680444,-0.755768421818188,-0.773931496059936,-0.792674208329608,-0.803784183266537,-0.815763467604512,-0.819917490924455,-0.824264923774859,-0.828322685252155,-0.847838445080238,-0.867161385941308,-0.88831979801056,-0.902328848932358,-0.916241342729791,-0.922038608854358,-0.927352498793623,-0.930830622242981,-0.949766744043121,-0.966577132698521,-0.985319549686481,-0.994304086760394,-1.00386855714397,-1.00531779985467,-1.0078297614969,-1.00734697587505,-1.02638024536301,-1.04444705776211,-1.06280354153431,-1.07681259245612,-1.09236714793127,-1.09671428549995,-1.10154479925392,-1.10473266076672,-1.11719532128999,-1.12898178666095,-1.13216994345549,-1.13429508603678,-1.13700016192772,-1.13410167650631,-1.13091351971178,-1.14675804184177,-1.16492141136524,-1.18095934302569,-1.19477527969875,-1.20810813546824,-1.21139314466886,-1.21158655419933,-1.21554775855226,-1.2256921622455,-1.23670587533979,-1.24201946999732,-1.24887886448994,-1.25322629734035,-1.25303288780988,-1.25197016887838,-1.26259765347519,-1.2721624191405,-1.27689667105182,-1.28211400386672,-1.28704137002679,-1.28520589881861,-1.28452999894803,-1.29554400732404,-1.30423916830657,-1.2729366478258,-1.20144303635126,-1.09091731465711,-0.920878151671575
-0.764869121760934,-0.563740003952006,-0.358474844119656,-0.133972341058424,0.101207024196766,0.437383837821165,0.65592290265329,0.822905346703949,0.925345661961419,0.948719341196374,0.882157551538809,0.879464376403648,0.900144880503442,0.93361833397359,0.978346031579131,1.01508974814321,1.02240021491387,1.01855256987851,1.01912965783728,1.03096040196613,1.04750457005984,1.07058926434143,1.09175043008799,1.10271568927,1.10704428993479,1.10973746506996,1.11714377018732,1.12406911967526,1.13407246759844,1.14821185754505,1.16417893767997,1.17043136086246,1.17456769686854,1.18380198615689,1.19342109874532,1.20178990308684,1.21727632157501,1.23430173928081,1.23901516324567,1.23786098732812,1.23641812043985,1.23757259034006,1.24026605945788,1.24959648107559,1.2625819890873,1.2748942768109,1.27720292262865,1.27614487904045,1.27335527759328,1.2750865414696,1.27999193611051,1.29009141636304,1.30134507253311,1.31625410907985,1.32077497440335,1.32029401877393,1.31885115188566,1.32394939915059,1.32596935399762,1.33404887940312,1.34511027091448,1.35780679397283,1.35780620600751,1.35838299998362,1.35722853008341,1.3558817955245,1.35492017824833,1.35915294056642,1.36386665851394,1.36906162607354,1.37358307936235,1.37396819664508,1.37589231314541,1.37598873945744,1.36136809989875,1.31577491734638,1.23949758878838,1.12512951512473,0.972574858008729,0.807708207151809,0.659770841671322,0.533764582520185,0.433152251433707,0.36322377237019,0.31195554857679,0.266458498353766,0.223173667636487,0.187006745048521,0.150070469843072,0.114288664537837,0.0806229464089778,0.0554218709683446,0.027046370780471,0.00338400057479805,-0.0177774591544189,-0.0392273158716902,-0.0702959911947248,-0.0982866680825315,-0.127431814870545,-0.158404651846894,-0.181971183705874,-0.200920717912003,-0.220158649106193,-0.238242110400182,-0.253920793547052,-0.281238250146738,-0.307305398499524,-0.332218076952096,-0.357611417051428,-0.380984802303726,-0.398009632044201,-0.415130300131361,-0.432636085501265,-0.448891856606913,-0.469860757694768,-0.491021923441322,-0.512183383170533,-0.53045910912322,-0.549600320022741,-0.565567400157678,-0.581246083304554,-0.595674458204537,-0.61529691871613,-0.633188115351408,-0.651945090916175,-0.670990757451666,-0.684361088763442,-0.694268598339929,-0.70456063723382,-0.713121118268738,-0.719853909115309,-0.738225473414696,-0.756020243737967,-0.775258174932151,-0.788147844597173,-0.80219169017974,-0.810175671221193,-0.819217401868191,-0.825661795726714,-0.845861050214422,-0.865002261113943,-0.883470251725336,-0.898475420601427,-0.913095766177459,-0.920983026924236,-0.928293199712249,-0.936276592788389,-0.950320144388298,-0.965614298217771,-0.980331070105802,-0.991873711229256,-1.00283926439393,-1.00822561466427,-1.01399678823465,-1.0184215212288,-1.03073351496973,-1.04371872899878,-1.06007063243379,-1.06584180600418,-1.0722861998627,-1.07401746373902,-1.07363264043895,-1.07045821569171,-1.08613660485593,-1.10258464062029,-1.11970619065543,-1.13163365507894,-1.14404236911454,-1.14673583823237,-1.14798644046192,-1.14721679386178,-1.15972105226142,-1.1735717512373,-1.17713070530196,-1.18117061499604,-1.18703821487844,-1.18492212770206,-1.1811709089787,-1.19761894474306,-1.21425924516612,-1.22734059152452,-1.23811358604784,-1.24859788960043,-1.24879015425914,-1.24821306630037,-1.25379197521206,-1.26485366070609,-1.27630016950018,-1.28322610695344,-1.29044044139476,-1.29284551352452,-1.2933267631366,-1.29361574808998,-1.30304230203704,-1.31208403268403,-1.31766294159572,-1.28188084230782,-1.20800829189693,-1.09556433473363,-0.931564050771502
-0.77593294766528,-0.587612658054348,-0.382514180011744,-0.14607731962788,0.0944097531818443,0.439808320539282,0.666602828441941,0.823391994757921,0.903908201961156,0.925218749913837,0.861384950087308,0.858299621273638,0.885877786752386,0.928884069854192,0.965526070242156,0.989343429436519,1.00101103548612,1.00419302948758,1.01161768215764,1.03379556440191,1.06127706469288,1.07400533540963,1.08143028279063,1.09049441241078,1.10158350088839,1.1121901475599,1.13272855285408,1.15432762281542,1.16098072224886,1.15943791048656,1.16435575191494,1.17245588205571,1.18007386510134,1.19434524229134,1.21314809486953,1.22086215368106,1.22047637706275,1.21999422996759,1.22732280687175,1.23638752591378,1.2508519387684,1.26811256900616,1.28527682876709,1.28672327005255,1.28315520472184,1.27794766244105,1.27910440287411,1.27948959007055,1.29048171864943,1.30060621822579,1.3122738242754,1.31044160637163,1.30976642361185,1.30311302946747,1.30562013542008,1.30446310027609,1.31420241265601,1.32066336055764,1.33204185517672,1.33049904341441,1.33358437222809,1.32953415980223,1.33194460056706,1.33387318894768,1.34496257213622,1.35258084989278,1.36617733903394,1.37234888079411,1.37601302189071,1.37331258556253,1.37369777275897,1.36897267228426,1.37254014819309,1.37427570090908,1.36251201909357,1.31719196041472,1.24294366544849,1.12019331780195,0.962729558148069,0.797455074494888,0.650983738130835,0.522158513911912,0.429589218751708,0.36382624112269,0.315516339974185,0.270292062350301,0.232974879202565,0.193246960579058,0.158533253860773,0.122662511998491,0.0924808700902855,0.059984863183149,0.0326961038458639,0.00280386807912797,-0.0240991146398414,-0.0539910556956473,-0.080507967085371,-0.110785390048543,-0.137687783345639,-0.162950994403589,-0.186093170838167,-0.209910235321593,-0.229484935847346,-0.24848111880111,-0.269791372042855,-0.291390736715133,-0.312700989956872,-0.334685836536522,-0.354163871874498,-0.373352795781942,-0.391577425499074,-0.408741390549062,-0.425519873691677,-0.447022867887115,-0.467657938369089,-0.488100267897363,-0.509410226428171,-0.528213079006369,-0.546051932105192,-0.561480049728251,-0.577486684923298,-0.591082879353518,-0.610175138073178,-0.626856661317074,-0.647202620368521,-0.66677702618333,-0.687026320046988,-0.703611767524974,-0.720582696910333,-0.733696449534466,-0.746231979297528,-0.759442691820375,-0.77332829239207,-0.787696334769851,-0.795507353480103,-0.802353783289101,-0.809007177433476,-0.813635612720389,-0.818071012342679,-0.83793482429897,-0.859245077540716,-0.880265924640992,-0.903890248170732,-0.923561319173331,-0.934650112939989,-0.944774907227287,-0.954128442988902,-0.960781837133277,-0.972738554613414,-0.986431119520473,-0.999544872144606,-1.00513730691089,-1.01082640686496,-1.01391173567863,-1.01420084710917,-1.01429721758601,-1.02982200039685,-1.04660018882852,-1.06164311925514,-1.06926110230077,-1.07649330872808,-1.07552901453776,-1.07196153862894,-1.07138302105693,-1.0871969152983,-1.10590339739966,-1.12432076807048,-1.13839852017397,-1.14968005489434,-1.15382604837516,-1.15430819547032,-1.15498308351916,-1.16809713085423,-1.18342887800043,-1.1959644077635,-1.20734260767164,-1.21727466100525,-1.22055332019448,-1.22113213247741,-1.22479627357403,-1.23328188562218,-1.24292423810338,-1.24128476115329,-1.24263424254004,-1.24118750654363,-1.235883593786,-1.2311584933113,-1.24793638703204,-1.26365391079656,-1.27069337627019,-1.27802224788528,-1.28342253111976,-1.27773402058757,-1.27011692167476,-1.28352037515129,-1.29914152843897,-1.2674173694794,-1.19721869751715,-1.09452431335871,-0.926838799518807
-0.76042954957383,-0.569751575588468,-0.370754188751262,-0.137123184080323,0.0994101682664141,0.43036384478709,0.648710216129561,0.811333345283052,0.894047592966356,0.916878744197147,0.862799751745846,0.870925497347517,0.902269433005133,0.947157362141249,0.986337281713264,1.00471822564289,1.00936210019423,1.01081356970732,1.01961759419737,1.04128851597831,1.0690538947981,1.08733844861542,1.09265941935437,1.09111126405379,1.09430337341685,1.10107492664332,1.11287709757108,1.12941982883766,1.1461565230296,1.15215488563135,1.15476717594467,1.1645383539848,1.17459958938739,1.18495058647724,1.20071894441835,1.21842220080999,1.22151762438555,1.22219442489797,1.22093662263505,1.22277483529808,1.22422600913598,1.23331949963812,1.24396114544082,1.25644100390657,1.26021381934493,1.2625357566206,1.26253605229579,1.26427757917135,1.26679288802199,1.27385538563649,1.28265911445136,1.29562269752973,1.30287827104402,1.30732847834519,1.31119797957106,1.31622830159716,1.31806621858501,1.32396759972408,1.33141654481334,1.33915584294025,1.34157446600341,1.34350936445393,1.34496024261664,1.3487333537302,1.35366728564401,1.3622773472087,1.37224160114861,1.38056160535083,1.38249620812616,1.38143207311342,1.37901374572545,1.3806588824887,1.38481903242741,1.39207519729208,1.38191757177719,1.34215665045467,1.25818430483326,1.13348388433926,0.969699638710349,0.801271814205274,0.650257484404573,0.528169354223898,0.435393871138012,0.372415055434737,0.324528092835351,0.27954377358694,0.23630068553889,0.194895514478684,0.158423979657099,0.122242502197969,0.0893498198894065,0.0589724464314686,0.0308203244617266,-0.00168502334650454,-0.0303205742537035,-0.0586654764480366,-0.0866236354924172,-0.108390060360085,-0.12677070861451,-0.145732062944255,-0.164693712949184,-0.182010521866047,-0.210743349911103,-0.238605414518384,-0.267531318463227,-0.294522323957537,-0.320739547476759,-0.339990959168966,-0.358661960461055,-0.375785397802948,-0.39300552093232,-0.413417753424769,-0.434894416605159,-0.457435214798306,-0.476396273452855,-0.496421762795352,-0.513061771199802,-0.528637644591501,-0.542084952282514,-0.562110737300194,-0.580007956617182,-0.598485290659105,-0.617736406676115,-0.630893065654283,-0.639502831543783,-0.648499636258425,-0.657690108223238,-0.665236034775177,-0.686325659130418,-0.709350477611381,-0.731504532654562,-0.754045626522905,-0.773877744290419,-0.786551270006332,-0.797386287384008,-0.808995382411981,-0.818669283314232,-0.833470783380451,-0.849142751209263,-0.865105072075718,-0.872650702952474,-0.879616219104294,-0.88474352259308,-0.888322966456475,-0.891225314132267,-0.91028364992468,-0.930793159554999,-0.950625572997709,-0.961751239088238,-0.974231393229175,-0.977811132767765,-0.980326441618409,-0.982454711643911,-1.00218984794875,-1.01969973276541,-1.03779032365737,-1.04804493063493,-1.05723540259974,-1.05646162062465,-1.05704203102477,-1.05636463916197,-1.0726170173909,-1.0905139410327,-1.10870092203696,-1.1155694567261,-1.12379218379046,-1.12166361808977,-1.11769683972603,-1.11585862706299,-1.1344326468924,-1.15194282738424,-1.17167796368908,-1.18715655994291,-1.20137735393383,-1.20447307318459,-1.2072784393977,-1.20814920283548,-1.21985527932613,-1.22817557920354,-1.2270150540785,-1.22711233121637,-1.22624215912897,-1.21937392011503,-1.21656855390192,-1.23533683233187,-1.25226689809878,-1.26290854390149,-1.27084121360339,-1.27587183130468,-1.27016382174059,-1.2644558121765,-1.2751938480915,-1.29067214867014,-1.30508631423603,-1.31476021513828,-1.32540126959061,-1.30266680414729,-1.22440276376517,-1.12117930212675,-0.982742107929656
-0.757500379055931,-0.65831278650616,-0.559510461070859,-0.414291836509576,-0.287947474375538,-0.212545196256204,0.0959004208315823,0.352826200393796,0.530979129647988,0.714139648425278,0.899033427735161,0.923397084319877,0.939767846307283,0.965672571349917,0.979154565783006,0.982717918689805,0.997451663342806,1.02855646430492,1.05580888844396,1.07410539736034,1.09220941988033,1.11031344240034,1.11358718274743,1.11753521412529,1.11888350186511,1.12157978302304,1.12466162561716,1.13727713694481,1.15307043974306,1.1687672050214,1.17676009961872,1.17974511037124,1.18889321766857,1.19871561599667,1.21046405557545,1.22731632787553,1.24638366534258,1.24965799433309,1.2478284906023,1.24503596624618,1.24744381213124,1.25119965143441,1.26371891956386,1.2780676914241,1.29337948390967,1.29443874773321,1.2930904599934,1.2894305695667,1.2876967203907,1.28682935432013,1.29318434861793,1.30088792497726,1.31013256979449,1.31696966304838,1.31899224181895,1.3218818923384,1.32303769368183,1.3268897761832,1.33286038633165,1.34239376074346,1.35115630660461,1.36068968101643,1.36357844857074,1.36300069505988,1.36097841061101,1.36165270164177,1.36367498609065,1.36983837695718,1.37879429217984,1.38832825523507,1.39208438885995,1.39391448123415,1.39381823803596,1.39285521741061,1.38698085046037,1.35866886817609,1.2989633553351,1.20487930118491,1.07246838002594,0.909145438622958,0.753044563266617,0.615626052584559,0.501704421060069,0.419657830404951,0.363900937585233,0.318062980613529,0.277906315552264,0.242083243305045,0.201348824732911,0.163406930516911,0.126235570529864,0.0887754809482483,0.0571894639951619,0.0308997661597558,0.00489909224063654,-0.0180200334060746,-0.0376651243839854,-0.0656883770736898,-0.0925558284199581,-0.118364015942705,-0.145905758319736,-0.173929011009441,-0.196944379854348,-0.220730282928202,-0.244901453116538,-0.268013065159635,-0.291317163599111,-0.314043802849437,-0.336096445390704,-0.356704556993953,-0.3775054493153,-0.397728588125785,-0.418625429323609,-0.439136709085259,-0.459840769564999,-0.479870833335688,-0.499419386793691,-0.518101457146263,-0.536398554706057,-0.554887844340532,-0.573569326049687,-0.592539537353418,-0.611895015771625,-0.630865521397067,-0.649547591749639,-0.667170692600382,-0.684312577460164,-0.700780171289169,-0.717439957192868,-0.733810424858568,-0.750566159638738,-0.766936627304438,-0.783596118886419,-0.800352147988307,-0.816626961099221,-0.832227483179379,-0.838775846838685,-0.843398463569012,-0.846769035757707,-0.849754340831932,-0.851873162800707,-0.871422010580421,-0.89193358466377,-0.911097165329008,-0.919764056635383,-0.929104944650817,-0.928430947941758,-0.927082954523655,-0.928431242263464,-0.949809888095679,-0.971092290729686,-0.994011710698115,-1.01192354114343,-1.02867986456703,-1.03455423151727,-1.03927279712407,-1.04225780787659,-1.05535394655178,-1.06719804068535,-1.06777520555279,-1.06854515113834,-1.06893012393111,-1.06334478089715,-1.05804846177948,-1.07653804573565,-1.09502762969184,-1.11505798778423,-1.13200679760421,-1.14799258679884,-1.1521336932165,-1.15588953251967,-1.1586820568758,-1.1686009927238,-1.18111996653155,-1.18497175471121,-1.18911227248545,-1.19209757755967,-1.19123050581082,-1.18708939939316,-1.19903032536833,-1.21145305597788,-1.21540138167745,-1.21925346417882,-1.22416451618201,-1.22040897120054,-1.21559416239554,-1.22955766714129,-1.24409921971962,-1.24852964437527,-1.25315226110559,-1.25729307320154,-1.25199645976215,-1.24486975394857,-1.25960290995817,-1.27501035699852,-1.28117315922164,-1.2471792963835,-1.17582188148363,-1.05833719137406,-0.888080619197286
-0.747430413477229,-0.534153003101598,-0.308967455787881,-0.0538670233311953,0.201814243336178,0.513646762252082,0.695847619063361,0.827415592464359,0.892860783866219,0.902929365894534,0.862462116790261,0.890150717368125,0.920743784890551,0.949787862554095,0.983865935340707,1.00332491701786,1.00826185986323,1.01958827491736,1.04059595056231,1.05405248557711,1.06576681385091,1.07903042787469,1.08745326365751,1.09384303175735,1.10855858336232,1.12801756503948,1.13430998497053,1.13653656542672,1.13643980904011,1.13992511019538,1.14282987303105,1.15367309793435,1.16722698111793,1.18107113346132,1.18649274591297,1.19036507261464,1.19985252454117,1.21050164488909,1.22066668741291,1.2349946216893,1.24971017329428,1.25213085830584,1.25019513879164,1.24913081853903,1.25222939003898,1.25648933406924,1.26839717511625,1.28243484023283,1.29521378465034,1.29695599139134,1.29676218272705,1.29250223869679,1.29385741989138,1.29695539960916,1.30653990381337,1.31622116440419,1.32900070060387,1.33025942130295,1.32861367505747,1.32570950400399,1.32522572207098,1.32600036494597,1.3335520973583,1.34236225457862,1.35233408022033,1.3565937283595,1.3567872411327,1.35552822454252,1.35349486096845,1.35455918122106,1.3628846688351,1.37363024967853,1.38447288279966,1.39763914865465,1.38214925006578,1.33103228883141,1.24419180445603,1.11969148564325,0.95511064738152,0.794402431712544,0.650733104491334,0.530589190204325,0.439198196747793,0.374237083170031,0.320699732815181,0.27452030620837,0.231535615705932,0.191261879374855,0.155731869007047,0.122912516919522,0.0900931648319983,0.0602750360756467,0.0287141087961094,-0.00129782862453958,-0.0308256882210851,-0.0586110451855468,-0.0849441686777244,-0.108275772947641,-0.131413568553247,-0.153196182964282,-0.174397963164609,-0.199182096797898,-0.223869769935672,-0.249138573175235,-0.275375236171904,-0.300643743520379,-0.32300748803319,-0.34488685883081,-0.364442596894562,-0.382449345099426,-0.401423953061388,-0.42146376894923,-0.441891202165661,-0.462512148155293,-0.481680860672635,-0.50007522620608,-0.516920305989542,-0.533377768444428,-0.550513117387703,-0.569972099064851,-0.589431376633087,-0.607922794444219,-0.620992895694796,-0.633482162734678,-0.644035118478185,-0.654200456893092,-0.665140142291914,-0.684599419860144,-0.703574323713202,-0.723033601281439,-0.742493174740764,-0.754885685394048,-0.762921495630467,-0.770667036707086,-0.77792820406852,-0.783252764242477,-0.802227668095528,-0.821105815561982,-0.840274528079324,-0.857700442073486,-0.875998051220334,-0.886841276123634,-0.897490692362651,-0.907268709340065,-0.921113157574531,-0.935731656901819,-0.950156347564809,-0.965065411942985,-0.975908340955197,-0.983169212425542,-0.989171954978982,-0.994884132481521,-1.00030574493318,-1.01356935895696,-1.02809139778873,-1.0437748091508,-1.05432746900321,-1.06468632019133,-1.07107549650898,-1.07562511791686,-1.07852928897034,-1.09208258037175,-1.10486152478926,-1.11783427787105,-1.12838693772346,-1.13952043178656,-1.14407094086771,-1.14775034657836,-1.15123623951581,-1.16198300392361,-1.17185807317872,-1.17282622882691,-1.17466548784561,-1.1756333476027,-1.17234155922063,-1.16953414455375,-1.18667008527921,-1.20419334744215,-1.222490956589,-1.2338179634253,-1.24446737966431,-1.24485470110181,-1.24378949317593,-1.24262752886344,-1.25540647328094,-1.26954059889304,-1.27099224058315,-1.27321882103933,-1.27438048946073,-1.26828128641178,-1.26014901567985,-1.27583272293301,-1.29296836776738,-1.29877700576543,-1.30381129677958,-1.30923290923124,-1.25598612392728,-1.15462360072012,-1.04096591502848,-0.871834567685582
-0.676830620649679,-0.455002044512734,-0.239954480794448,0.00783461992084079,0.255623720636129,0.555624899813359,0.751008593342061,0.904060993793908,0.990467979404932,0.999961515215994,0.935157016163639,0.917430282031306,0.918495810484622,0.94106582885364,0.986690223621575,1.0166221287703,1.02504924794095,1.0288270037243,1.03212069754013,1.03957998883807,1.06224741172532,1.09217990899877,1.10525698368145,1.10593496649836,1.10448189240866,1.1067097617088,1.11116579637144,1.12366229275544,1.14013016970982,1.15407944412117,1.1600856613294,1.16231382669191,1.17151603713535,1.18168725970097,1.19224573184062,1.20638833497662,1.22217763698934,1.22343708629204,1.22188690374646,1.21927119274756,1.22053004992552,1.22304835640618,1.23341290769644,1.24542445392581,1.25908299509427,1.26305496778938,1.26431471315444,1.26450863400382,1.2660588165494,1.26877133994181,1.27700513038782,1.28736997774045,1.29812266679185,1.30383815075719,1.3060663161197,1.30771331105879,1.31090989641874,1.31507490177613,1.32272722573636,1.3323169818162,1.34035685141282,1.34297256241172,1.34268242129356,1.34142326805323,1.34423260383915,1.34917299653171,1.35760041176472,1.36719016784457,1.3779425608336,1.37852343519464,1.37697325264906,1.37435754165016,1.37125747262135,1.3585676475127,1.32989489560432,1.27119313009134,1.17819994109814,1.04897789650509,0.896700883388399,0.7443270578782,0.610939119740672,0.505352325907592,0.425145182291816,0.367992711137322,0.324110939452532,0.283910407219958,0.237025971024587,0.195275552308792,0.154784582895685,0.114099988695562,0.0770963378852985,0.0468734034313288,0.0173284517942736,-0.0109573466024506,-0.0357558263963316,-0.0634604543696393,-0.0902928826142833,-0.117222123252438,-0.141632761347561,-0.167980831562306,-0.190841583174208,-0.212733914788669,-0.2337546387992,-0.257875135776166,-0.278702234999675,-0.300982408312901,-0.32355331486901,-0.339536833793484,-0.353098562568436,-0.367822336127844,-0.381093035597543,-0.393201098158051,-0.417998985827204,-0.442990498283374,-0.467788682014897,-0.493846315049116,-0.518547982449493,-0.535403405040266,-0.552162311299892,-0.568049017830861,-0.581707558999311,-0.599240668344635,-0.618711209809575,-0.63750347239523,-0.650290109897386,-0.663851542609968,-0.674410014749619,-0.682837133920275,-0.690683082667521,-0.711412481310422,-0.731173459955894,-0.750934438601354,-0.772342412185916,-0.792394124074266,-0.804599591153012,-0.816708245838248,-0.829204446159878,-0.839472777181379,-0.853712784835609,-0.86921194573017,-0.886067072258574,-0.897497744126895,-0.91018756923554,-0.919680808984246,-0.927527349856219,-0.933630379457956,-0.949032727959013,-0.963175627157375,-0.977705775929768,-0.987489452858993,-0.998047924998651,-1.00356889598988,-1.0090898669811,-1.01451432164119,-1.0301099988669,-1.04347780679247,-1.05616792796348,-1.06653336744085,-1.07534862437264,-1.07980465903528,-1.08513230130185,-1.09191272159579,-1.10392397176278,-1.11767902926239,-1.11971297771314,-1.12320029631598,-1.1251377284356,-1.12368495040825,-1.1213602687146,-1.14083110624191,-1.15807377840671,-1.17618835423781,-1.19052487822319,-1.20447385657217,-1.20650780502292,-1.20941365713999,-1.2108667312297,-1.22026286252253,-1.22994972705825,-1.23130628481682,-1.23159731412207,-1.23285676342476,-1.23004801976358,-1.22636737243609,-1.24099462966436,-1.25784975619276,-1.26453366015554,-1.27112075172482,-1.27838612217338,-1.27538345766282,-1.27092771906253,-1.2860393343207,-1.30163501154641,-1.30696235775063,-1.31316131155877,-1.3189730157929,-1.26269215224234,-1.16543596124878,-1.0534559966958,-0.887617550866528
-0.717696520745272,-0.527437365353411,-0.328265978793361,-0.0810450503711553,0.168210523165427,0.488571199544438,0.696462070769562,0.846713151311266,0.909971606187862,0.912780790245662,0.860372098206124,0.87344954873827,0.908614386571408,0.959569633781706,1.00829689721935,1.02389337578309,1.02001860852293,1.01333436112739,1.01469069251111,1.02893143184628,1.05198758498171,1.07446224175442,1.08754028444172,1.09131853041153,1.09306213126697,1.10546215630119,1.12125286175594,1.13772158486375,1.15738705757866,1.17618087790463,1.18063714152752,1.1801527586103,1.17821522694143,1.17957126224758,1.18063654937237,1.18935484972713,1.20039824730005,1.21463869055764,1.21948251972981,1.22364803517133,1.22529481865884,1.23013835175343,1.23478795403461,1.24476547232758,1.25580886990051,1.26791785067578,1.27256774903453,1.27373014960482,1.2745052807034,1.2786710922225,1.28429005249326,1.29581812906097,1.30889617174826,1.3216834662542,1.32458946767993,1.32478310241579,1.32148923936318,1.3240079713172,1.32584868561814,1.33369533358399,1.34231711264839,1.35181084017931,1.35181084017931,1.35181084017931,1.35122993597174,1.35132675333967,1.35510470323191,1.36188576799537,1.36924803304399,1.37709468100981,1.38290727601642,1.38232637180885,1.3814550154975,1.38038972837271,1.35810900241344,1.31044732217816,1.23139845792439,1.1163125112934,0.961315011102606,0.803895596325727,0.656357178551474,0.531390234917857,0.433160280866396,0.365348448921411,0.311777356311592,0.266634408030326,0.225657271268149,0.187295683827929,0.150580879875203,0.115996946249632,0.0836409963967239,0.051478681279672,0.0214478286449147,-0.00771107552333578,-0.0359980312250795,-0.0642846908492473,-0.090052618519389,-0.116595677288119,-0.141007569652118,-0.164450696181678,-0.186634900850603,-0.20852865341574,-0.230906788898103,-0.251928889074323,-0.275178973023173,-0.297750743241398,-0.321775366133678,-0.341925221765809,-0.365465461740876,-0.38619651765815,-0.406152442476842,-0.425721097823823,-0.445967474746289,-0.463598006269247,-0.480259771957768,-0.499924948595091,-0.517361845382194,-0.536058256185091,-0.554464510961784,-0.568802067664869,-0.580620596336372,-0.59321425610645,-0.604451880570372,-0.615786026324663,-0.636807238268141,-0.658216015760901,-0.67894647952303,-0.700839343855433,-0.714982377589934,-0.723894608758123,-0.730772490889531,-0.736585085896139,-0.741234984254871,-0.759738056399495,-0.777563110891031,-0.796454044662512,-0.816991465843931,-0.835397720620624,-0.846731866374907,-0.858646916336759,-0.870174104671733,-0.880345257700571,-0.894004204595443,-0.908922665506096,-0.923357039577119,-0.929654313578522,-0.936920353414369,-0.942151748135834,-0.945929994105641,-0.949611126629955,-0.970438703837571,-0.989813132293537,-1.00773441199785,-1.01558105996368,-1.02371845611088,-1.0213936549703,-1.01877840172593,-1.01868188043558,-1.03854098788634,-1.05685012921753,-1.076321671119,-1.08823672108085,-1.09782696990211,-1.09637382115046,-1.09588943823325,-1.09462992421745,-1.11061426440806,-1.12785782253688,-1.14587651176428,-1.15934182392328,-1.17377619799431,-1.17755414788654,-1.18133209777877,-1.18452855130828,-1.19625026261186,-1.20748729492063,-1.20903726104022,-1.20884362630436,-1.20855317420058,-1.20409691057769,-1.19828461164866,-1.21504378686026,-1.23344974555937,-1.25243690454363,-1.26648371306536,-1.28159610478945,-1.28440558492483,-1.28595584712199,-1.28750640539672,-1.29719435981865,-1.30736640108022,-1.31007906384767,-1.3122102302524,-1.3125003862786,-1.30901229633499,-1.30349015343217,-1.27113390750167,-1.20167529206917,-1.08755811127262,-0.921807369535119
-0.754310409047515,-0.545335524957506,-0.325591732308794,-0.101676536895493,0.125148973995082,0.451029288620223,0.655735512332151,0.804462863061464,0.897114676228907,0.929033854036601,0.866458364811209,0.863160204948367,0.888482173479039,0.923505588956788,0.962506485006338,0.996656361065228,1.01877594476099,1.0197455557249,1.02265557468506,1.03846912891009,1.0600066495104,1.07814875263437,1.09910450665633,1.1188961344874,1.12423225647712,1.1247176549933,1.12442706822124,1.1268531712508,1.12772700718677,1.13636188207354,1.14848913553307,1.16342944685636,1.17080204838738,1.17642816411493,1.18603235344851,1.19757724729546,1.2079583114686,1.22299647343962,1.24065436411587,1.24589382152631,1.24531205494797,1.24317802127604,1.24725305597846,1.24948434726389,1.26005903711271,1.27315590153613,1.28683453253789,1.28722148737212,1.28722089433788,1.2840191025372,1.28702667562798,1.29148985123307,1.30177425082695,1.31302855790184,1.3258348355532,1.32593209316671,1.32399168517046,1.32166343278864,1.32224549588409,1.32273059788316,1.33058859793036,1.33922287978292,1.34931217111556,1.35164042349737,1.35387171478281,1.35455103549177,1.35280514272252,1.35261151704684,1.35736557594111,1.36250777573805,1.36823203863045,1.37773985990186,1.3814267537016,1.38327049711858,1.3639642678037,1.31943332757165,1.24036407386092,1.12733886628409,0.975506684850482,0.822510377225962,0.675044113783943,0.547078298366697,0.44637426644215,0.376715576389333,0.320154343794152,0.275817325754887,0.236137405513496,0.19936780074938,0.162986336887944,0.126604576509389,0.0897380106488855,0.0556847991692637,0.0230868936868487,-0.0076675648956995,-0.0343469887758407,-0.0593774809831072,-0.0839228711913136,-0.109244246687754,-0.133110316187001,-0.159013754778895,-0.184334833758223,-0.202961742364142,-0.219939422780087,-0.237402205195099,-0.253118798323737,-0.267089498683127,-0.294254617596554,-0.322001799605434,-0.349264176132372,-0.377302834464651,-0.401072239384624,-0.418438357220355,-0.434640348865179,-0.450066058704656,-0.462969000935287,-0.486349968435467,-0.507014542651153,-0.527776077963226,-0.548052214759126,-0.568037468265845,-0.582396013010796,-0.597821722850266,-0.613247432689737,-0.629158541045387,-0.648174183588205,-0.666316286712177,-0.684846530738815,-0.696197502392985,-0.706772488758921,-0.715116183839416,-0.72365409762981,-0.731609948324751,-0.752856882153009,-0.774103519464149,-0.795447117871675,-0.811648812999386,-0.828044430319872,-0.83648508649676,-0.845313883576328,-0.85268737465869,-0.868986327399901,-0.884218115046598,-0.900419810174296,-0.91506923820842,-0.929136603147084,-0.93883834661128,-0.948346167882689,-0.957466144768537,-0.967556325652519,-0.981139181626348,-0.99481899869657,-1.00510310177333,-1.01305865595115,-1.0207230303227,-1.02499169070078,-1.02799896727445,-1.03847639950976,-1.05293131231687,-1.06680416202852,-1.07184821466061,-1.0785417919998,-1.07970562167359,-1.07854149548268,-1.07795972890433,-1.0966847846751,-1.11279011174065,-1.13238781737893,-1.14538801722307,-1.15819399835732,-1.16061891531842,-1.16430521608393,-1.1645960993731,-1.17827561992621,-1.19127581977035,-1.19399250957196,-1.19709734027625,-1.20059031188321,-1.19603047169884,-1.19088886493613,-1.20728477877374,-1.22290441080599,-1.23066544975681,-1.23832982412834,-1.2457030186936,-1.2415310228948,-1.23697118271042,-1.24871059178438,-1.26306943304644,-1.27257725431786,-1.27985408082095,-1.28674276642136,-1.28596678113313,-1.28276498933245,-1.29130260660574,-1.30459368973905,-1.31157844688452,-1.28974915344369,-1.21640416262535,-1.10735673213743,-0.954748861932699
-0.734169901237936,-0.647589451749949,-0.559354977527826,-0.422965875961945,-0.305741221324399,-0.232488114040662,0.0898067670023998,0.357818239136982,0.539735389851216,0.72418189314735,0.911352497578507,0.930420016219364,0.943845178689212,0.96816585372096,0.980228965623312,0.978478012601691,0.989859950557269,1.01554237883048,1.03947355675604,1.05571945132235,1.07429994991747,1.09385359662598,1.09998237819068,1.10708401054273,1.11457484267492,1.12488700155565,1.13257228491491,1.14949935342798,1.17012307653737,1.18092136348575,1.18238063966677,1.18160253743252,1.18393743878737,1.18267320848548,1.19133163995811,1.20349197747399,1.21720851945838,1.22139130212235,1.22508736206659,1.22732444315585,1.23413410134128,1.24026318023201,1.25222936384686,1.26584957219583,1.2753836288423,1.27664845379627,1.27801020703774,1.28112291330082,1.28540262425227,1.29337928712608,1.30622020393665,1.31906141807326,1.32412012323708,1.3259688965243,1.32441239472974,1.325190496964,1.32567662503164,1.33277796005766,1.34124104832514,1.35349861145453,1.35933571617865,1.36351909349468,1.36429749305498,1.36303326275308,1.36206070929176,1.36420115941955,1.36974658730308,1.37684881430721,1.38657732218074,1.39076069949677,1.39338757501824,1.39280392401104,1.39533297926691,1.39805678307588,1.39552743049396,1.36838572603972,1.3103084369214,1.20845434900238,1.06506084069796,0.897638631528419,0.740139084133425,0.60287406006768,0.49498811887145,0.41745411133211,0.363170405097598,0.315209931654844,0.269779108120029,0.226293986159926,0.185532668008786,0.153137807163673,0.123953472847234,0.0965197942263704,0.0728802931413968,0.0496299918365695,0.0150946808636622,-0.0185650049354212,-0.0506678916139196,-0.084230054473438,-0.110885036207969,-0.130340862650886,-0.150380637427032,-0.168280259401424,-0.184623676907291,-0.211182027680365,-0.238616003627249,-0.264882380233701,-0.293094458414864,-0.319458060634848,-0.34008178374423,-0.358468128438327,-0.376660021905373,-0.393100665024772,-0.411875912172988,-0.431818461335609,-0.452928312512642,-0.468103833352024,-0.484446953531858,-0.500109197090958,-0.513242385394184,-0.525889148303732,-0.548848070094011,-0.570347715703258,-0.590777284911624,-0.611790505127199,-0.628815096579833,-0.640002583308355,-0.651092844423352,-0.66266923360598,-0.674342551076106,-0.692339398664022,-0.711892748046497,-0.73154302571647,-0.743508317353211,-0.755863106096145,-0.766466644491417,-0.774346379077733,-0.782712836383759,-0.804601384447125,-0.826197958343863,-0.845167954045169,-0.862581447951909,-0.876881938269554,-0.883691893781016,-0.889528998505136,-0.896436179630129,-0.908790968373063,-0.923966786538485,-0.940699106498465,-0.953929520415222,-0.965214232757269,-0.973677915676821,-0.980974296581967,-0.986422201525934,-0.999360641276064,-1.01550960755487,-1.03165857383368,-1.0388577291253,-1.04780783743853,-1.05160171764838,-1.05354712189705,-1.05481164952499,-1.07543507530834,-1.09284827188905,-1.11191579052991,-1.12310327725844,-1.13341513881314,-1.13069133500418,-1.12991323276991,-1.1274808084755,-1.14061369945268,-1.15394104165693,-1.16152880207662,-1.16658720991441,-1.17252154025205,-1.16863043442868,-1.16551772816559,-1.17884536769588,-1.1969400355494,-1.21260257643453,-1.2261249645179,-1.23847975326083,-1.24246867934981,-1.24246867934981,-1.2460681083326,-1.25745004628817,-1.27038878336434,-1.27505828874801,-1.28099261908566,-1.2842028482883,-1.28245159794065,-1.27817069768506,-1.28896868730739,-1.29928025153605,-1.30375530569267,-1.30920321063663,-1.31494308974722,-1.26387020736742,-1.17378755451017,-1.05977312907528,-0.887486665968973
-0.700617275479495,-0.469968741462743,-0.230024304881713,0.0251221922170142,0.272522054521479,0.564560656862282,0.740887453294066,0.864248528362888,0.950426881007169,0.974053288485942,0.917891961892677,0.909177293693319,0.922539765202725,0.931157659655993,0.953815737785476,0.986738047828521,1.00891225722755,1.01898234976056,1.03224804752387,1.05142049512895,1.06119997047951,1.07185100143325,1.08347065768045,1.09538063516593,1.10370791243674,1.12045983261281,1.13992289740035,1.14960619089317,1.150961911171,1.15115575460736,1.15715898225106,1.16364637456939,1.17788010573781,1.19530944213652,1.21244816135278,1.21361033413842,1.21177104107431,1.20770447212917,1.20867309742263,1.21254671076393,1.2260062519636,1.24023998313202,1.25515172241143,1.26096140256294,1.26096110661877,1.25902415197603,1.26202591376997,1.26473735432563,1.27296815379452,1.28391039381908,1.29553064195463,1.29814530876419,1.3006629058835,1.30008167151859,1.30560043854346,1.31257140364809,1.32341598209402,1.33367962211921,1.34607376427933,1.34675177239033,1.34326643781011,1.34055558914281,1.33658579394376,1.33319693716545,1.33532743930037,1.34036263353897,1.34471981966657,1.35285354944519,1.35759812650132,1.36166469544645,1.36331044101838,1.36921689491599,1.37367085478967,1.37221836076575,1.34907611796162,1.29765966436867,1.20170154042966,1.06584954945462,0.906177603508627,0.749700966848764,0.611718769682984,0.504528380425305,0.426096366631104,0.370031517839759,0.32432737876387,0.279010630616527,0.233984203707466,0.191959538592347,0.151097342207043,0.114398784457145,0.0814764744141067,0.0514591524189083,0.0219259950983521,-0.00431537513416263,-0.0348171577481791,-0.0631884382272721,-0.0913658752699975,-0.117606653614154,-0.143072354157042,-0.165245675723537,-0.188290552893227,-0.210657717896083,-0.233121656645028,-0.258103488457456,-0.281826669682319,-0.304387974065725,-0.326755730956926,-0.350188590943521,-0.37013552446153,-0.391147561074914,-0.410610329918288,-0.429879255325294,-0.447018270485729,-0.466868430257636,-0.485363165695908,-0.499791036244857,-0.513153803698439,-0.526419501461749,-0.537554993034312,-0.547818633059497,-0.570186094006541,-0.592166459969196,-0.614824538098698,-0.63787000715674,-0.656848907269641,-0.666822522000734,-0.677473848898654,-0.686866525209015,-0.696065654027191,-0.714270068227176,-0.735185627038646,-0.754648691826195,-0.774789468780573,-0.791153702083908,-0.805290659506231,-0.815941986404151,-0.828142581072081,-0.839375142334909,-0.856901548423896,-0.869973698695021,-0.88449804704589,-0.891856994967411,-0.90008720254795,-0.903669606818449,-0.908607731366771,-0.915385740867567,-0.933976954107733,-0.951793385490826,-0.970094277492723,-0.981423316557471,-0.988976107915359,-0.991203087852203,-0.990912766613922,-0.992945903114397,-1.00911629298138,-1.02925647804739,-1.04484592949363,-1.05646528979666,-1.06304975180527,-1.06372775991627,-1.05985473846333,-1.06266295276508,-1.07796208297304,-1.09936151051498,-1.11775888031879,-1.1335421752014,-1.14399965866295,-1.14932517413983,-1.14913133070346,-1.15145538033057,-1.16355890530823,-1.1796328173733,-1.18379675195288,-1.18892901588174,-1.19280233327887,-1.19135013519913,-1.1857340025398,-1.20064574181922,-1.21817185196402,-1.23608535303737,-1.2466399061892,-1.25951821302396,-1.2607771595557,-1.26039006457133,-1.2572915290313,-1.26881411558823,-1.28043377183543,-1.28285429926445,-1.28459681858248,-1.28837277034516,-1.28401499232922,-1.27897950214644,-1.2936973979895,-1.30870620695918,-1.31161149095121,-1.31403290621276,-1.27026631366797,-1.1786659677449,-1.05133509747704,-0.89563324267427
-0.740062692430513,-0.560563982420806,-0.36131329682588,-0.132001620941475,0.111859229117201,0.44917909519355,0.671650388806336,0.819257940382508,0.890942225387523,0.911561138223925,0.854715202794221,0.860014592322831,0.896723966552486,0.947403869678373,0.981126079683857,0.998564946536733,1.00665773510227,1.01157106663622,1.01918209251733,1.04481063052937,1.07506420810223,1.08585557444284,1.0855663990418,1.09173272582159,1.09857369704516,1.10820865625757,1.12998338727023,1.15436010794031,1.16062331731372,1.16312842437751,1.1618760180836,1.16245436888567,1.16428483150569,1.17401578988383,1.1851923307912,1.19877768512066,1.20571494998591,1.20985822686231,1.2194934805507,1.22989967232454,1.239823806938,1.25186757957251,1.2652603466186,1.26718739735627,1.26526005214263,1.2618877133517,1.26583781399276,1.27161837725387,1.28231286100084,1.29599450897199,1.30957986330146,1.31063997678796,1.30746081423234,1.30505229528622,1.30669017062285,1.31208555931719,1.32220198673807,1.33472693310506,1.34590317953646,1.34840828660024,1.34474677240826,1.34272313355293,1.33906191383692,1.3385801511525,1.3399288510881,1.34493906521568,1.34917863573376,1.35640478152409,1.35881359494619,1.36353492814869,1.3681599677095,1.37625334522696,1.38232367284103,1.39186233841177,1.38030032846167,1.33781009649495,1.25244445799476,1.12767145644176,0.961468336408544,0.79728856075469,0.647175902114721,0.525679240186947,0.433665806698503,0.373447826953827,0.319010999422194,0.273534486659203,0.23056278648403,0.190385368773681,0.155795927041056,0.126312698601725,0.097985877290577,0.0712009321503381,0.0451863361436271,0.0108857753360751,-0.0212948529744532,-0.0538609503277154,-0.0849820541036885,-0.113790343623291,-0.135757661919322,-0.157917861974706,-0.179114536661256,-0.200600092272872,-0.224879930349314,-0.250701350120711,-0.275848125448334,-0.302055014262459,-0.328069315793197,-0.351193335693389,-0.372583186615259,-0.393009806644241,-0.410160381523996,-0.426732900077631,-0.444364943165828,-0.462671630697793,-0.475486046941801,-0.487914994143076,-0.499476709617209,-0.509882606915087,-0.519228390726469,-0.540810828931706,-0.56470578691736,-0.588600744903014,-0.61365152106491,-0.636390071922376,-0.652191357914583,-0.66596900505146,-0.680324708514444,-0.692079011271951,-0.709036115440413,-0.724933400598354,-0.742565443686557,-0.750947996605065,-0.760776132052801,-0.765112290688542,-0.770893737377539,-0.773688019842363,-0.793728876352664,-0.81280591301815,-0.835736756683023,-0.849803284744973,-0.867242151597856,-0.873408183901674,-0.880634329691999,-0.884585019285013,-0.903662644902445,-0.919657107129972,-0.940083432682994,-0.952705261643622,-0.966194027855425,-0.972456648276909,-0.979682499591255,-0.983440012948961,-1.00049370523508,-1.01841433477238,-1.03652755159306,-1.0449098100356,-1.05358094940321,-1.05492964933882,-1.05464076841374,-1.05300318755307,-1.06938282434737,-1.08614793018438,-1.10243127333698,-1.11245170159213,-1.12179748540352,-1.12121913460144,-1.11900290846272,-1.11852085130233,-1.13152785482971,-1.14646220357075,-1.15407440735573,-1.16168661114072,-1.16814270227348,-1.16756523489932,-1.16554218499591,-1.17999447657656,-1.19618093713554,-1.21284916037893,-1.22518151946255,-1.23761017218785,-1.24107851014451,-1.24425767270013,-1.2458952535608,-1.25630056190673,-1.26757310197983,-1.27181208354597,-1.27499154057756,-1.27855646665188,-1.27682259214952,-1.27248761141765,-1.28337586035189,-1.29580569098106,-1.30071990594292,-1.30486288834334,-1.31112521428885,-1.3086198127491,-1.26275694751548,-1.19405982673463,-1.09366384032768,-0.940950075458209
-0.783770576076277,-0.577344410337533,-0.351000477308125,-0.0946838535461496,0.165306809572598,0.487370505034699,0.681130942399732,0.823840760998778,0.90070687708699,0.916660121574593,0.870540333718838,0.890554140806082,0.914725436810759,0.939573739504591,0.973800845472377,0.99420176681663,1.00029305397668,1.01247592380388,1.03442412014789,1.04767051990711,1.06004665135573,1.07522684935759,1.08576551786723,1.09388693857358,1.11177368579675,1.13410810987657,1.14164945021154,1.14377680558268,1.14242338321848,1.14116659166501,1.1401996925437,1.14919138156064,1.16137336486663,1.17539251560453,1.18332037918238,1.18912147840321,1.2002405227913,1.2125200234292,1.22354273251364,1.23872293051549,1.25496636294232,1.25757687236705,1.25690016118496,1.25573970493514,1.25912385185975,1.26395834746634,1.27575439854358,1.29045085147771,1.30572768029029,1.30901519640418,1.30775870035778,1.30495492931161,1.30340794981891,1.30253768150832,1.30814522360066,1.31655624123209,1.32709461423466,1.32989838528083,1.32999501609155,1.3296081973416,1.333089270584,1.33705379338706,1.34594914710035,1.35706819148844,1.36867098094424,1.37041151756544,1.36905809520125,1.36731785408712,1.36219346604837,1.35764915838101,1.35851942669161,1.36054985574496,1.36306402986604,1.36973598841161,1.35339622068114,1.30669664796108,1.22480307015191,1.10829527211796,0.95098533588843,0.793192245605309,0.652029406498965,0.535714870086441,0.438834651403927,0.371637526528893,0.31816965995961,0.269149174739907,0.223803024384042,0.186578294734522,0.151287363327629,0.118027156481164,0.0873777545664937,0.0557614535305035,0.0237586292516396,-0.00727759141296866,-0.0326096391745257,-0.0574582373754226,-0.0798895877730252,-0.100580697056508,-0.119821457658005,-0.148827249269264,-0.176286356894892,-0.203842390838306,-0.231591686403151,-0.253926405990038,-0.27065358348459,-0.288057472161238,-0.303817455027405,-0.318514203468607,-0.34297627842663,-0.366568085074055,-0.389966334592978,-0.414234852422499,-0.438503074744956,-0.458130358589319,-0.477467454494479,-0.496031208406814,-0.513917955629987,-0.532094890792376,-0.550078564333335,-0.569222398617052,-0.581114489490879,-0.593393694621723,-0.604995893063404,-0.615437635255264,-0.624042505522263,-0.646377225109151,-0.667744750067653,-0.688435563844059,-0.709900015120341,-0.731171204775193,-0.744803832270224,-0.758630016893756,-0.772746389456512,-0.784349178912323,-0.798272289853642,-0.813355857044782,-0.826699183121791,-0.834144483660175,-0.843909810177002,-0.851064627269098,-0.857252545239881,-0.865567227567657,-0.885000954283525,-0.903274815763708,-0.920678408933285,-0.930540366260834,-0.939339089163413,-0.940982994973888,-0.942239786527367,-0.945623933451981,-0.963027822128617,-0.980818234048146,-1.00092896745317,-1.01552878957659,-1.02867796751096,-1.03486558997467,-1.04027987044556,-1.04405054061305,-1.05942340922221,-1.07498983495988,-1.08910591201557,-1.10051455332874,-1.11144004058831,-1.11588771744497,-1.11965868311952,-1.12594352740808,-1.13773987399239,-1.14837576432689,-1.14895614020533,-1.14982640851593,-1.14847298615174,-1.14325167179521,-1.14141420885623,-1.16026785520072,-1.1791215015452,-1.19285046434389,-1.20628983021748,-1.21721561298413,-1.2170223513627,-1.21663582811982,-1.22785209433276,-1.24042148740282,-1.2524108001015,-1.26043588550419,-1.26701062222491,-1.267687333407,-1.26739744097485,-1.26962113164964,-1.28064324971994,-1.29408261559353,-1.29872325856455,-1.30220374079281,-1.30375072028551,-1.29969015768587,-1.29369579684359,-1.30433168717808,-1.26652746817132,-1.1906285467115,-1.07354096381323,-0.892253288707537
-0.735914374715774,-0.584560633248843,-0.413427026053835,-0.268278366590295,-0.167731086231981,0.12479649427193,0.36225119379986,0.542596557720382,0.737194733333676,0.911528229514437,0.925975144493532,0.938676611600238,0.955450395287998,0.954480767879096,0.96592189715876,0.99442781688521,1.01798869609442,1.0349562867276,1.04630021619366,1.05337802213324,1.06249228270425,1.08266005866409,1.10835429597742,1.12183158354762,1.12580699665595,1.13414543676348,1.14316279386177,1.15140492317837,1.16953683718856,1.19212868167066,1.19784954265138,1.19910988047843,1.19813995672862,1.19910928779664,1.20017552233736,1.21064702420812,1.22305807723759,1.23876562638462,1.24506790820161,1.24962503848712,1.25059436955513,1.25272683863658,1.25330825947285,1.25980464457617,1.26765856732013,1.27880928252256,1.28685760489374,1.29257876221536,1.29636036837828,1.30217783649082,1.30576533936742,1.31071008354376,1.31798169642877,1.32670775042714,1.32981043959928,1.33339764613498,1.33601552160267,1.34096056211993,1.34677832657336,1.35472915279004,1.36277717882032,1.37179453591861,1.37421860444089,1.37266725985481,1.37150352915959,1.37528454264072,1.37984137658533,1.38817952035195,1.39884482916813,1.40970424127063,1.41077077215225,1.40999495168876,1.40776498645281,1.39583904346869,1.35918849058014,1.29471063861501,1.1942608544112,1.05531816597375,0.894656356990389,0.738648285424354,0.603292803522597,0.493049841757014,0.414997206067189,0.357597160041649,0.312608167045577,0.269848842944555,0.230967732138259,0.189662552809701,0.152623497007615,0.116263061855401,0.0817449780482972,0.0546932030943115,0.031617137589559,0.0101893201435874,-0.0113351044342058,-0.0297565434989605,-0.0602014217023296,-0.0912283134237617,-0.123515542972235,-0.154057917330106,-0.180043457743373,-0.20079295088036,-0.218924568549663,-0.23705618621896,-0.255187803888263,-0.282627489074002,-0.305316237028801,-0.331010474342137,-0.353020305306165,-0.371733343811738,-0.384628914204761,-0.400820980715351,-0.41371655110838,-0.430393727664319,-0.452791468860094,-0.476643651169226,-0.499526206069455,-0.525220739723691,-0.548975722219222,-0.56739805030665,-0.586207992284938,-0.603854499908899,-0.617622497897216,-0.630712171576562,-0.647583155077924,-0.660866635702692,-0.668235744742202,-0.676574481190622,-0.685979452179759,-0.691893823765011,-0.70100808433603,-0.72292101182735,-0.745900470200281,-0.768201307923347,-0.791762779814348,-0.811639549015147,-0.824147209176429,-0.836073152160542,-0.846253943613165,-0.856919548770244,-0.870300229208621,-0.884941247474032,-0.898418535044224,-0.912186533032548,-0.921785310967115,-0.93148069603349,-0.93923712262296,-0.947866569489518,-0.958338367701166,-0.97433662726634,-0.98849312816819,-1.00090447753856,-1.01118246880478,-1.02058773613482,-1.02601788669741,-1.03202945809628,-1.04356749084866,-1.05782030254145,-1.07081277640717,-1.08370805045932,-1.09582780038884,-1.10368142679193,-1.11008090842252,-1.11648009371224,-1.12627297493313,-1.13529003569052,-1.13470802217246,-1.13402880884079,-1.13393160902719,-1.12879276156452,-1.12636898938315,-1.14450060705245,-1.16175979712644,-1.17678872562361,-1.19269008171606,-1.2048098316456,-1.20597326599993,-1.20723360382697,-1.21179073411248,-1.22042018097903,-1.23224922049044,-1.23564291642161,-1.23806698494388,-1.23913381216639,-1.23709795021676,-1.2321535023813,-1.24407974170632,-1.25959348390793,-1.26579886225222,-1.27122842013302,-1.27743379847731,-1.2754945436595,-1.26928916531521,-1.28082719806758,-1.29498310628765,-1.28838922502984,-1.23477019248541,-1.13102272680046,-0.978795668715548,-0.766163075246553
-0.589020348156582,-0.363626211279411,-0.158097353494639,0.0528578426208227,0.265557451615213,0.546573481455568,0.725551427494478,0.871001402602141,0.972361268153549,0.987865811213805,0.921390945424063,0.902204476912054,0.903173529363639,0.917514735617703,0.96063579272236,1.00676085319391,1.02778828443179,1.03156735206085,1.02604416771804,1.02827340298794,1.03767338946745,1.05676360429768,1.07556298492637,1.09261795267612,1.09717238073252,1.10007953808729,1.11083566490171,1.12527401333308,1.13961521958713,1.15870454592184,1.17808441029292,1.18225086197047,1.18292878405534,1.18244425782955,1.1883554185512,1.19446056746228,1.20860837785727,1.22488828134486,1.24155556888094,1.24320313574775,1.24223408329616,1.23855186167923,1.2388423997156,1.24019913238086,1.25027674478007,1.26180823202183,1.27702194088054,1.28147981908999,1.28293339776737,1.2822554756825,1.28758526416624,1.29058926753313,1.29979467349287,1.31142271058159,1.32411634996884,1.32489111806584,1.32547249030376,1.32460028386429,1.32304985917479,1.32314700135208,1.32934899627529,1.33603522125912,1.34320626863391,1.3498927897829,1.35318762735134,1.35425352581505,1.35405953762563,1.35832283531531,1.36384572349294,1.36985313789637,1.37789579938028,1.38700465549307,1.38690780948096,1.37615197883171,1.34281799608989,1.27682765652594,1.18089442547038,1.05182090369726,0.900556613880066,0.75278055749039,0.623803881729388,0.508005963911789,0.41963116427953,0.353253144501916,0.297534701691771,0.25179702526872,0.214489986708427,0.180090105502883,0.149372742079464,0.120690033406164,0.0839643670837874,0.0492733555115355,0.0155511002256959,-0.0186559774511059,-0.046467368180467,-0.0693366506397486,-0.0910428924580309,-0.11197347768379,-0.13125649604274,-0.160035754562995,-0.18707089636948,-0.214687706579068,-0.242014274917447,-0.264592723175194,-0.282423347517468,-0.29976944563394,-0.316727863536743,-0.332135560584878,-0.357233485983712,-0.380780690527865,-0.404521587096265,-0.427874803450997,-0.44657674573721,-0.460627413954905,-0.474193555946798,-0.488341070176607,-0.501519531954838,-0.52506673649899,-0.546288155926297,-0.569350834244661,-0.59173529431298,-0.610146698562818,-0.622840634115247,-0.636697610308694,-0.648616481598951,-0.659953980651292,-0.679043603151181,-0.697842391449508,-0.71683487177209,-0.735052287832501,-0.750847072763959,-0.763056778255771,-0.774685407674832,-0.784763612404392,-0.796585933847708,-0.812284465097378,-0.827789008157634,-0.844068615480041,-0.852983483403409,-0.86054161866153,-0.866937009443804,-0.871878821548697,-0.876336107427795,-0.896879604770231,-0.918295308552138,-0.938838509729401,-0.956184015515527,-0.971300878362114,-0.97788996116863,-0.982734927261403,-0.987192509305673,-0.998917688571689,-1.01384056322885,-1.02905427208754,-1.04417083876894,-1.05686507048655,-1.06519886233718,-1.07188538348618,-1.07682749175625,-1.083320320881,-1.09388275567118,-1.10589847297357,-1.1140379804696,-1.12140242370347,-1.12828204454637,-1.13206081601025,-1.13457999698617,-1.14456076337325,-1.15754553312723,-1.17072429107063,-1.17460050087698,-1.17828301865909,-1.17673259396959,-1.17411627081637,-1.16839909828413,-1.18448471741713,-1.20047319437281,-1.21820608420744,-1.22934959507036,-1.2431094290865,-1.24349710930017,-1.24349740546535,-1.24291632939261,-1.25406043258588,-1.26472000955335,-1.26559221599281,-1.26782115509755,-1.26879020754913,-1.26307273885172,-1.25658020589215,-1.27295665922669,-1.28778239170654,-1.29253051178719,-1.29689124781933,-1.30067031544839,-1.2926273577993,-1.23729629903766,-1.16684837742944,-1.05056593338605,-0.879921483032601
-0.675339187668083,-0.447798270325519,-0.201085966450065,0.0303281137121013,0.257772261170652,0.52995013709321,0.704527150912468,0.834080126615665,0.934972348505007,0.969926104103629,0.914637947769719,0.897499320665926,0.89885469090689,0.91153894402225,0.943104274018452,0.985320505836193,1.01204467824025,1.01969393806308,1.01891918712622,1.02376034471835,1.03576661678086,1.05358263307279,1.07459383113145,1.09221630765533,1.09976909352651,1.10393315786289,1.11429375003239,1.12446080243385,1.13549907972383,1.14982901273221,1.1647395650447,1.16919305123603,1.1730656221909,1.18197348237067,1.19252761430821,1.20288850241006,1.21770346856799,1.2340676406673,1.23784403360288,1.23677926894634,1.23706957859838,1.24384702166796,1.2513992156744,1.26572944461515,1.28238333450177,1.29574556866997,1.29555232483431,1.29071116724217,1.28616031930209,1.28703184012297,1.28964610665326,1.30039377835882,1.31346540694261,1.32479428981701,1.32595612028995,1.32508459946906,1.32217943142199,1.32527725143999,1.33108640380466,1.34125316027376,1.35258174721578,1.36410416985822,1.36274909554961,1.35761762830543,1.35219555547682,1.35074341535184,1.34842005033834,1.35374564921529,1.36091076368567,1.36817264804005,1.369431248397,1.37185167922689,1.37233582457934,1.36468686068888,1.33757560874875,1.28199743869517,1.19088400594176,1.06317024989961,0.910378297278793,0.754488228707588,0.614477890950879,0.498964538604012,0.412402249723054,0.349272181595392,0.301440633113377,0.259321763044386,0.220494844626161,0.180796405387059,0.144196082098316,0.107401923109182,0.0732217347179623,0.0460134169614489,0.0220002809716874,-0.000463353144332988,-0.0220554664394695,-0.0425822232133235,-0.0741475532095195,-0.105131967969257,-0.137084969366257,-0.167101389353455,-0.193535252105463,-0.212706934570718,-0.231394471683521,-0.24833896715455,-0.265380232509599,-0.288811861398151,-0.313695926344066,-0.337805240353104,-0.363947905655963,-0.387670140128934,-0.408584568303599,-0.427659184952469,-0.446733801601339,-0.463000316019517,-0.482558782088467,-0.500858647800473,-0.519739724681309,-0.532036602328237,-0.545011461028028,-0.556630653554464,-0.568346615964932,-0.578997221854106,-0.602235310974625,-0.625086024626718,-0.647743198510772,-0.670206536694427,-0.689668528811736,-0.702836927279547,-0.715908555863345,-0.727527748389794,-0.738372485911731,-0.755898192551597,-0.773036523723037,-0.789400103957601,-0.799276550774647,-0.808184706886796,-0.813800615415801,-0.81806085777147,-0.822999081179996,-0.842461073297292,-0.863472271355963,-0.883709014410129,-0.89697418276196,-0.910626430649858,-0.915467292309634,-0.919727238732938,-0.923405973987418,-0.942867670172355,-0.960393080879849,-0.979371223577071,-0.995928639512033,-1.010937145438,-1.0167468896674,-1.02304077924926,-1.02759162718935,-1.03572532829699,-1.04715098105541,-1.06012613568755,-1.07155178844596,-1.08239652596791,-1.09091701067925,-1.09740414409677,-1.10224500575654,-1.10950689011094,-1.12054487146855,-1.13264820934744,-1.13942624428175,-1.14533305432754,-1.15075542308851,-1.15298261008273,-1.15375736101959,-1.1659574687825,-1.18077154714333,-1.19548885562016,-1.19984586785984,-1.20565531615688,-1.20323429346227,-1.1987802154062,-1.19238955594032,-1.2076877796536,-1.22124296172511,-1.23528258508144,-1.24632056643906,-1.25784298908148,-1.2573591396614,-1.25697206012533,-1.26016753782445,-1.27033429429355,-1.28263087600811,-1.2877623432523,-1.29270056666082,-1.29463714807062,-1.29270086259319,-1.2877632310494,-1.2990921139238,-1.31226021645923,-1.27817738981677,-1.20071650088363,-1.08820449460311,-0.910819378553161
-0.686698823641712,-0.459747686241876,-0.235006678044108,0.0123140038472282,0.25857778233725,0.557783934289673,0.753987669654581,0.905512494966203,0.985358771792698,0.99045152499789,0.920310317247919,0.896866091286095,0.894079789682425,0.915506237575231,0.959512652827455,0.990932255997589,1.00380774161218,1.00822800001632,1.0106307740173,1.01601190708914,1.03580527917904,1.05982626487417,1.07375806655837,1.0782737663644,1.08759383950897,1.09480039951677,1.10671501046366,1.12170459654672,1.14120988243582,1.14611028450797,1.15225964744861,1.16090722579212,1.17397447520807,1.1856967350219,1.20404879511023,1.22009499092876,1.22441892693344,1.22268982239693,1.22326658213024,1.22691802333386,1.23047314213804,1.23998527274981,1.2519953250986,1.25881688917445,1.25948909030965,1.25996923397766,1.2662146256519,1.27505455512846,1.28639240634204,1.30099699649315,1.31665849004557,1.32059772378415,1.31944449798339,1.31838759458208,1.31944479164924,1.32098242605025,1.32809295732445,1.33798979020233,1.34538870134319,1.34558105247624,1.34404371174107,1.34250637100591,1.34221799113926,1.34577252261174,1.35470789349021,1.36393193790117,1.37142658410978,1.37344465584464,1.37248436850864,1.36912189450337,1.36989071170388,1.373253479375,1.38170870658546,1.3805554807847,1.35855197949273,1.29696173402097,1.19943618557305,1.05992170627606,0.905994400629322,0.754565310385447,0.626388682302045,0.520407612977803,0.445749824424242,0.380796811281359,0.326317097083803,0.273855160955264,0.226965828034065,0.183439850115696,0.147888662073937,0.113682757300133,0.0843772545984637,0.0553601317634491,0.0244209659271703,-0.00671025737632222,-0.0355359100758301,-0.0650343512422571,-0.0927070718068607,-0.119514946437358,-0.143536225798341,-0.168518086161171,-0.191674225922197,-0.215983591483984,-0.238755322644746,-0.262488222139074,-0.284203343564385,-0.307743891925656,-0.33022724321977,-0.352902945646935,-0.374137042406697,-0.396331720168293,-0.416989350860603,-0.437358895352102,-0.456287421507892,-0.475985058530036,-0.495779311617497,-0.5153812135719,-0.533734154657789,-0.55247121067808,-0.57140003049972,-0.588118427453436,-0.604740795673568,-0.62232374489554,-0.640867568785229,-0.657970374339202,-0.676899194160843,-0.695251547915038,-0.71437271886973,-0.731091703155159,-0.748867297176039,-0.764624819462051,-0.775481939675934,-0.784225253087197,-0.793641061299508,-0.800654976508408,-0.809110203718866,-0.826693446606701,-0.84437271822814,-0.857536290043533,-0.870507804391725,-0.881557863070359,-0.887995899543507,-0.8930886527487,-0.907117070498205,-0.922970915183671,-0.939016523670481,-0.946991313547097,-0.95573492062421,-0.957944756160428,-0.959290039428389,-0.960443558895001,-0.976970192047372,-0.993880940134145,-1.00204808114381,-1.01002287102042,-1.01847780456503,-1.01780501609812,-1.01703649256346,-1.03721456691947,-1.05720058380827,-1.06949989702126,-1.08131847923456,-1.09332882524919,-1.09342456031694,-1.09275147818418,-1.10620284253453,-1.1234977055557,-1.13521996536954,-1.14511650458156,-1.15347570305842,-1.15424422659308,-1.15136160258995,-1.15712655693035,-1.16807999954367,-1.17576670321949,-1.18162797995933,-1.18816204516609,-1.19094864043561,-1.1900843818332,-1.20046194571078,-1.21564358926105,-1.22054399133318,-1.2219855970006,-1.22342690900216,-1.21862282932948,-1.21112847678672,-1.22419601986852,-1.24062633062144,-1.24696804469514,-1.25273299903553,-1.25715267010796,-1.25061889856706,-1.24485394422667,-1.26041940904548,-1.27809897433277,-1.28674655267628,-1.29549015975339,-1.2629173307825,-1.18076518968619,-1.06171657728016,-0.912689673705546
-0.746540806530618,-0.529421567117579,-0.301589592945454,-0.0437244847084009,0.227722579803335,0.525089983932437,0.699933297933317,0.822361503735807,0.876210784196595,0.874106298644808,0.83278658551767,0.851151064868763,0.880228278978937,0.919731159531511,0.961912077608717,0.988024185877568,1.00428417967687,1.02169186208243,1.03087366326258,1.03929043614867,1.05602868225562,1.07066302747132,1.07974982131653,1.09524478682177,1.11485254677457,1.12307784333945,1.12345991899109,1.12393787896846,1.12479879158827,1.12671180081885,1.13608566298073,1.15119826050407,1.16583231338951,1.17444027026655,1.1790310246915,1.18792575755496,1.19835113166709,1.20963741839903,1.2243673556102,1.2420623986627,1.24789731068014,1.24971472791524,1.24856733163926,1.25124566149417,1.25401958334454,1.26291490086853,1.27343645163666,1.28596631130057,1.29065295005126,1.29199182264844,1.29199153031818,1.29466927551256,1.2986861856344,1.30595526991424,1.31580709205352,1.32776310741431,1.33321506678933,1.33493659969868,1.33799729753549,1.34373603289694,1.34794471167024,1.35626618489111,1.36535297873631,1.37118759842349,1.36975284150056,1.36774394794426,1.3643958894605,1.36745629496704,1.37319473799822,1.38208976319195,1.3927066136253,1.40361082470559,1.40341993304491,1.40122073248843,1.3792225879882,1.32384325093926,1.23450858470826,1.11294041453479,0.951391403831374,0.786781402960893,0.64187504636895,0.517342062684413,0.418825595273261,0.352351155483345,0.303476166750452,0.257183331216464,0.217681035324415,0.182960970178523,0.149101525322186,0.110746333375857,0.0765042282073495,0.0423580073645873,0.00878563082493511,-0.0162740885028834,-0.0376033813650515,-0.0585500139150425,-0.077966297546636,-0.0963304845674759,-0.126650394618842,-0.154961703444168,-0.183464488590698,-0.210054264506668,-0.233870410902521,-0.250321881023045,-0.26830399239224,-0.28504282315971,-0.304842351764,-0.329423818784181,-0.355439750397027,-0.37992504076121,-0.404792699107304,-0.426312883630158,-0.445537983270799,-0.462850366011138,-0.480162748751478,-0.496901287188687,-0.516126679159595,-0.534299682189469,-0.553811850146808,-0.565863457503074,-0.576289123945469,-0.58585387776805,-0.595131855604206,-0.602974784187171,-0.624399961375072,-0.648311699766397,-0.671266933542442,-0.69431775931396,-0.715838528497334,-0.730089921070606,-0.74271566506026,-0.75409783611793,-0.76595796715299,-0.780783204029379,-0.796469061195309,-0.811102529420226,-0.820571398917074,-0.829753784757751,-0.836927277042126,-0.843335741032426,-0.851753098579027,-0.871934702834962,-0.890872441828653,-0.910384317455719,-0.922818292793896,-0.932000093974046,-0.935539044118498,-0.938887102602256,-0.940800404163084,-0.956678322310752,-0.975521053969495,-0.992450776397664,-1.0015372779126,-1.01043230310633,-1.01196235969447,-1.01196235969447,-1.01397066859025,-1.03185631097318,-1.05175084691243,-1.07193245116835,-1.08723594035238,-1.10244412987119,-1.10885288619176,-1.11373100126365,-1.11679169910046,-1.12951303508558,-1.14070372982205,-1.14309469903,-1.14357295133764,-1.14529477657726,-1.14127728179491,-1.13716448734734,-1.15304211316475,-1.17245839679635,-1.19101376780813,-1.20612636533147,-1.22162133083671,-1.22592560160549,-1.22841274746944,-1.23109107732434,-1.2418032274229,-1.25241949319572,-1.25605345067512,-1.25767880692848,-1.25949563950304,-1.25643494166624,-1.2527050998611,-1.26418344757477,-1.27910515343742,-1.28360119285768,-1.28934051287964,-1.2948883565804,-1.2918276587436,-1.28561067107451,-1.29900115102797,-1.31191308634352,-1.27967958240106,-1.20325685148562,-1.09307056003956,-0.918609614020589
-0.719100320920392,-0.493763979990075,-0.274054140145787,-0.028119937974718,0.222010313724217,0.529357170484199,0.730281695591431,0.888675643258641,0.972879051819274,0.977075101347147,0.910608942364003,0.890011081123244,0.889724874230399,0.913183347134421,0.959528170609815,0.986419377509752,0.997385589882864,1.00377453214169,1.00873302284238,1.01845968540357,1.0421093515069,1.07119461694999,1.08273353456185,1.08540411883801,1.09169833885634,1.10028075675223,1.10924439523453,1.12698106190593,1.14776895053378,1.15501563911202,1.1582574713617,1.16750702528379,1.17656596891269,1.18543459370144,1.20069245220206,1.217094555368,1.21842999323261,1.2187164915785,1.21804906409925,1.21909800361795,1.22148208954821,1.23216209502847,1.24303300225498,1.25371329918829,1.25905330192842,1.26096027921958,1.26858906274337,1.27678996859981,1.2850864710559,1.29700690070722,1.31131112483574,1.31274186784695,1.31293276959319,1.31255125755374,1.3159842830027,1.31979911194418,1.32981227285127,1.34011134919817,1.35069634098488,1.35136347701108,1.34936032021418,1.34716626167103,1.3496450698418,1.35269629179825,1.36185083202681,1.3716727997346,1.381113546856,1.38111383830905,1.38016049538999,1.37701367683388,1.38025609198964,1.38569169132942,1.39522745214437,1.39789745351444,1.37787200605938,1.3142670416456,1.21080150116186,1.06938265335238,0.902311565548769,0.738387004848227,0.599255772010213,0.486348610045939,0.401954299739058,0.33958830223109,0.290096368746528,0.244800776242886,0.203701233267123,0.166892753512779,0.133994116393449,0.101762615300336,0.0722961292708355,0.0449272308256934,0.0152695515968932,-0.0138160052992491,-0.0421385381164922,-0.0655019973269565,-0.0878162255656697,-0.108222893607135,-0.127962134169338,-0.146366228319984,-0.17363923871243,-0.202914822995682,-0.230664942027222,-0.259368403977822,-0.286069583490656,-0.30838381172937,-0.32879106267692,-0.349293618771075,-0.365791318536657,-0.38648448492402,-0.406033406646067,-0.425486731768471,-0.438646128325584,-0.454284624506525,-0.466299776398336,-0.478410524889803,-0.490330663088055,-0.51417093948458,-0.537344079854895,-0.561565868290869,-0.584166303422434,-0.607052945446851,-0.623740964052582,-0.639379751686562,-0.654160501548098,-0.671230032193285,-0.687250623319767,-0.703462116192497,-0.720627243437334,-0.736361919124017,-0.749903119173633,-0.763253417477007,-0.775364165968468,-0.785949157755176,-0.798632028579295,-0.811791716589461,-0.826190954411534,-0.838778228636003,-0.852414442379177,-0.865097313203295,-0.878161696066857,-0.888651674160007,-0.90362361722083,-0.91773723105615,-0.931278431105772,-0.94186342289248,-0.953401757598237,-0.96064873762953,-0.967800412514218,-0.975905721771014,-0.987158141036972,-0.998315255156332,-1.00317873216345,-1.00813780577023,-1.01080809859333,-1.01271536733755,-1.01500414812121,-1.0330273131385,-1.0514316987422,-1.07202955998296,-1.08833606654924,-1.10359363359681,-1.11065029478795,-1.11579968723488,-1.11932801783045,-1.13048542340285,-1.14250086674771,-1.14536147841098,-1.1487942124069,-1.15232225154942,-1.15070060679197,-1.14688606930355,-1.16176241576473,-1.17549480901364,-1.17845130872961,-1.18369658922923,-1.18989521264791,-1.18503202709384,-1.18341067378943,-1.20315020580468,-1.21983822441042,-1.22689488560155,-1.2353817068978,-1.24024518390492,-1.23423746223249,-1.22946929037196,-1.24568020033861,-1.26131927942564,-1.26999671101508,-1.27886504435078,-1.28735215710007,-1.28363350766435,-1.27915183414972,-1.29221679991939,-1.3051861690894,-1.31195691484073,-1.27810376899017,-1.20229187657917,-1.08356760323567,-0.912776991637187
-0.725049230030159,-0.495666519558226,-0.263987563187339,0.00730931249185076,0.280903311504451,0.571243731538141,0.744357157077052,0.865890892224266,0.901107015483749,0.879096865327034,0.834981217139065,0.855842805629085,0.895652298120913,0.947902348415857,0.997951500686398,1.01335866429172,1.00761702587082,1.00598996996254,1.0154636294853,1.03364553323117,1.06302379276078,1.09182791769611,1.09823933106398,1.09546400596715,1.09307153475921,1.09488987137287,1.09881346565825,1.11192409088648,1.12599170459788,1.139485183715,1.14761958582197,1.15230918036329,1.16274012084738,1.17632894783904,1.18953492094182,1.20522900560521,1.22446353818694,1.23058803049674,1.23058773801859,1.22953481670458,1.23039587235693,1.23183135508169,1.23948697046895,1.25068361873082,1.26207154769807,1.26771754576628,1.26934430919642,1.27307633029829,1.27776533988332,1.28207149557947,1.29068409944989,1.30111474745582,1.308483441785,1.31164132829259,1.31489514763101,1.31508672081453,1.31700099025902,1.32044609030282,1.32628366155455,1.33307822128946,1.34111669056559,1.34513563272552,1.34695367686104,1.34905893453277,1.35422614588125,1.35968057076594,1.36810189393099,1.37814998052617,1.38704950545465,1.38647537086038,1.38618844980232,1.38312620364741,1.38312620364741,1.38341341718363,1.36925074807582,1.32350833645772,1.24408121713572,1.11958146114259,0.953932662763692,0.785029752568229,0.63296919622471,0.509138630222246,0.4165049528412,0.356312073622792,0.311048156246269,0.270569181285623,0.225975331334213,0.183678019759906,0.14300717913758,0.102623259573337,0.0673109110048804,0.0359221567218089,0.00702151399936456,-0.0201561399839697,-0.0451328959428875,-0.0728843920423675,-0.099678899658658,-0.126090553386052,-0.148387624600837,-0.170110268743194,-0.190206441933563,-0.208006076746823,-0.225805711560083,-0.251356602113275,-0.277003425497313,-0.301980181456224,-0.327626712362108,-0.347053110605517,-0.36265155491622,-0.377293010743746,-0.39116905127162,-0.404566597557919,-0.429160499627934,-0.452318918973198,-0.476242753618112,-0.500836070731852,-0.523706691584616,-0.539687112349791,-0.55547625240959,-0.570787190705947,-0.585045792644584,-0.603228281346733,-0.622080837474003,-0.641507528195547,-0.652799816810115,-0.663517970830403,-0.67146079975386,-0.679020774788414,-0.685336840281728,-0.705624586655615,-0.727634736812324,-0.748974819543926,-0.764190117487591,-0.779883909672845,-0.788017726823532,-0.794524780544089,-0.801797542042439,-0.82141551346936,-0.84045905782386,-0.861416579144707,-0.874335631189411,-0.886584908287156,-0.892135266002671,-0.897494635490956,-0.900844095182068,-0.919887639536568,-0.939122464596452,-0.957782862583915,-0.9709882507304,-0.985246560190883,-0.990892265780949,-0.995389702182467,-1.0000787117675,-1.01701699845028,-1.03204130816671,-1.04476907950604,-1.05548723352633,-1.06639696073014,-1.06878943193807,-1.0723304648127,-1.0815172032774,-1.09548859167982,-1.10936404725141,-1.11845514536341,-1.12725873746107,-1.13252188164038,-1.13548848744259,-1.13644576840391,-1.1498433146902,-1.16324115345463,-1.16726068057085,-1.17080171344548,-1.17539508267783,-1.17319389217527,-1.16965285930064,-1.18515537078051,-1.20046630907687,-1.20544223971998,-1.21214086662405,-1.21855257247006,-1.21587318020405,-1.21290686687999,-1.23128063628753,-1.24793170943409,-1.25539575163782,-1.2628595013634,-1.26955754331119,-1.26486794876987,-1.25864752362924,-1.27338461980945,-1.28668652574306,-1.29424679325575,-1.30209398182652,-1.31013245110267,-1.30754869918935,-1.30458238586529,-1.26687873600147,-1.18649492067445,-1.07510549743139,-0.912614585560084
-0.720636227965309,-0.494573210611824,-0.265779878779836,0.00349940101744873,0.277957300055367,0.563807816104654,0.735449864558876,0.855966716850156,0.892969269288243,0.871502286807029,0.825178449947826,0.844574099838788,0.884118768434451,0.934585270474151,0.98345122349093,1.00218846702367,1.00171797122136,1.00322442108382,1.01452293893472,1.03608402057639,1.06527116292577,1.09276394485679,1.09897823039254,1.09850744682521,1.09634230283952,1.09869679620621,1.1023692533494,1.11564500463009,1.12892075591077,1.14153694977318,1.14916272271587,1.15744747754681,1.17006367140921,1.18390401765268,1.1979331377471,1.21601111162657,1.23211185207626,1.23568992229397,1.23672558858909,1.23634861641721,1.23644214004764,1.23823059962646,1.24811647901036,1.25884982636846,1.27024215561481,1.27589127065776,1.27899826954312,1.27956315227092,1.28172887178665,1.28464824788112,1.29095720810737,1.29924311399839,1.30799951569171,1.31289554968594,1.31590816164583,1.31750842290373,1.32033283654269,1.32569965410425,1.33257263376324,1.33991639698957,1.34933149280614,1.35441572512129,1.35516880617,1.35676964295793,1.36289011709824,1.36816341102937,1.37635521775992,1.38652425792026,1.39706969472245,1.39923512647316,1.39942303702906,1.39801039856205,1.3964092740091,1.39471405029569,1.37569479704658,1.32626424906703,1.24152608459777,1.11733763845835,0.94842619224765,0.776878242953901,0.623219205923632,0.498371202365909,0.402710916687603,0.342452634424471,0.297259138550879,0.257903243806178,0.212709747932599,0.170246854302531,0.129196023609435,0.0897457419392532,0.0525549911802413,0.0230849758194392,-0.00487887744392392,-0.0329368298677529,-0.0585467652944714,-0.0845330973630406,-0.110990212998935,-0.137635526955761,-0.155901411391135,-0.174449881072922,-0.192433468026912,-0.210228856659976,-0.226705993751511,-0.254857757570785,-0.283103620550524,-0.309748934507344,-0.335546780489966,-0.359932563535616,-0.379045915945194,-0.397311800380574,-0.416330765864665,-0.434973334706911,-0.455875434460322,-0.474988786869899,-0.495137805574593,-0.510579276371006,-0.526208945488345,-0.540238065582777,-0.554831780639971,-0.568201631081125,-0.589574514401873,-0.610288128069343,-0.630436571244007,-0.644559502733876,-0.65670520079396,-0.664802332834015,-0.672052284664893,-0.679679208667652,-0.698981047163176,-0.721013200137196,-0.7416327146442,-0.756979510750117,-0.771196253635432,-0.778916413503605,-0.785412708755737,-0.792474462265684,-0.810552148380139,-0.828818320580535,-0.848026059915587,-0.858383298396848,-0.869775915408216,-0.874483751081511,-0.881262631580037,-0.885593495081452,-0.906024523502528,-0.924195733247407,-0.945285743556734,-0.955077523780167,-0.966752150507905,-0.969294266665488,-0.973154922129601,-0.973625993461948,-0.991327282934552,-1.00789909471658,-1.02550628502872,-1.03981770260454,-1.05488220122907,-1.06090771291385,-1.06702703599409,-1.07324045823481,-1.08387941866742,-1.09583663064156,-1.09997929582205,-1.10383966352115,-1.10657026576468,-1.10845340003399,-1.10638206744375,-1.12191734963561,-1.13754701875295,-1.14611522212535,-1.15072895863819,-1.15986204473839,-1.15769690075269,-1.15647303613665,-1.17040776930559,-1.18867336597595,-1.19347530080972,-1.20063086571512,-1.20552661194432,-1.20298449578675,-1.19808874955753,-1.21484789636544,-1.23132445792695,-1.23829182451142,-1.24516480417041,-1.25034313564603,-1.24507070500995,-1.2378213287091,-1.25345099782645,-1.26785680232773,-1.27520085331908,-1.28103816668294,-1.28979428061126,-1.28329769759412,-1.2778367808721,-1.29148921655965,-1.28452242550521,-1.22322876471197,-1.13557208744329,-1.00705249003743
-0.796739253857176,-0.656299130877793,-0.507844616241967,-0.314192156877078,-0.139830575772886,-0.00395732875553701,0.284190499032276,0.502910647077086,0.637572250690268,0.776147912521625,0.899440461569498,0.899254471173887,0.905125843325644,0.928237357369959,0.940258944854633,0.949111859826045,0.968122755607587,0.994496079775213,1.01518487666018,1.02711389618379,1.04034741189712,1.05740156339408,1.06970256370891,1.08181700397913,1.09467711477877,1.10613959177863,1.11620415015421,1.13083529966732,1.14863512169369,1.15804743197441,1.16447762978648,1.17482217064121,1.18665776773027,1.19662947332029,1.21321765194249,1.23120374918896,1.23651544120692,1.23670171642702,1.23791307500669,1.24014980177043,1.24378416233395,1.25440811601884,1.26754792447313,1.27845129098818,1.28413581827084,1.28637254503457,1.29336185333145,1.29932636309325,1.30752731479429,1.31917663666326,1.33213045472194,1.33436746631017,1.33762927643348,1.33828180935284,1.34266155562127,1.34899833099879,1.36008768790945,1.37015224628503,1.38142816324029,1.38263980664445,1.38040336470521,1.37826034520052,1.38105618244906,1.38497024066723,1.39326404515384,1.40314204348482,1.41329945464596,1.41339230743151,1.41031677252831,1.40817318337463,1.40332717940695,1.4009041774231,1.40370001467164,1.4091985515587,1.4036071618861,1.37285380662554,1.30081656485409,1.18926619046073,1.03372922991798,0.86113840270276,0.699264951606982,0.563485127024176,0.456780756598498,0.383345881027271,0.323423933999533,0.27198235150301,0.224920800099403,0.181214196429162,0.141794486241793,0.110295745276331,0.0796355276258257,0.0506529262542536,0.0225091330221449,-0.00852391989305799,-0.0400226608585266,-0.0699372079796242,-0.0970562026766519,-0.125945666438175,-0.151200484811683,-0.1741257236359,-0.196677842370906,-0.22239834879468,-0.244111944214724,-0.267223173434546,-0.290707237919071,-0.307388554151322,-0.321926566054379,-0.336930266007709,-0.349324973581574,-0.361533121110846,-0.385390305684576,-0.409247490258306,-0.433384372486684,-0.458639475684686,-0.482217247428255,-0.498246315565647,-0.514182246092983,-0.529745341355616,-0.544842178918995,-0.562734568906418,-0.583049960877683,-0.602619682319546,-0.615666068339288,-0.629271849668339,-0.640734326668197,-0.650705747433734,-0.660304617759048,-0.681459102694282,-0.700563420910373,-0.71976087673652,-0.738865194952611,-0.756385034499838,-0.767102125794782,-0.778098914744375,-0.788443455599109,-0.797856050704324,-0.810809868763005,-0.825254743056013,-0.840444718229441,-0.850136441340317,-0.861039523030873,-0.869053914687316,-0.876508911034456,-0.883311944111225,-0.900925206092994,-0.917233971885035,-0.934474683426594,-0.944726086671266,-0.954790929871346,-0.958332152824817,-0.962152788608437,-0.964761780987895,-0.979858618551268,-0.995328291379351,-1.01238244287631,-1.02375206709061,-1.03633304988458,-1.04211099960178,-1.04705014117952,-1.0511504746178,-1.0650359536015,-1.07789663405013,-1.08693639389064,-1.09495107037158,-1.10231321393317,-1.10538846401187,-1.10827715404597,-1.1205781543608,-1.13520901904942,-1.15039927904734,-1.15832053309373,-1.16456417086121,-1.16493700612591,-1.16428475803105,-1.16242115135651,-1.17481585893037,-1.19075207428221,-1.19634374877931,-1.20091033991684,-1.20612889432473,-1.20398530517104,-1.198486768284,-1.21414271633219,-1.23082374773994,-1.23641513741255,-1.23967694753585,-1.24368414336407,-1.23613572458238,-1.22746880000658,-1.24032919563071,-1.25701022703847,-1.26316101202038,-1.26819329120817,-1.27341213044057,-1.26754104311331,-1.25915381619216,-1.22364759457397,-1.16363222511169,-1.05217498832838,-0.88098207973744
-0.740417829920227,-0.583510409612682,-0.387678812994795,-0.235148352490403,-0.122752783362505,0.168340231201228,0.39238683945863,0.554136266212017,0.735347923423732,0.902126058335121,0.911065825834735,0.922240321754544,0.938815790831529,0.942540717673561,0.951853034778624,0.982396410300673,1.01564041470445,1.03631307562265,1.0451594922662,1.05186396213307,1.06061731252682,1.07607513278744,1.09898280673211,1.11909707015153,1.12906113561145,1.13250686370408,1.1379084060738,1.14498571015239,1.15429745804492,1.16873098034524,1.18446799935525,1.19154444961504,1.19713127066555,1.20960926329506,1.22292542138527,1.2359623807261,1.25384191572532,1.26920723894868,1.27088385447636,1.26743869559627,1.26371405336051,1.26138597408424,1.26157182197757,1.26957978855413,1.2807537152614,1.29295193992898,1.3004012244005,1.30477789959738,1.31008580650475,1.31641829597871,1.32209903709782,1.32992144038733,1.34044418795229,1.34649719407058,1.34901140584645,1.35087358466119,1.35497077650241,1.35850928623856,1.36353770979029,1.37014939801363,1.37741311919809,1.37955506597476,1.38067271479114,1.3819764961071,1.38337334367286,1.38616703880438,1.39231311117246,1.39911093189541,1.40693305057864,1.41456903676229,1.417734996893,1.4201558578128,1.42192468577148,1.41512658044226,1.37946086129988,1.31073783946587,1.20262531007252,1.05279519384357,0.873632132552478,0.705643851787465,0.560842159110238,0.449749802085776,0.372553197819935,0.323385757300287,0.283995680528423,0.249075629809494,0.206426526657127,0.164149973110214,0.123735882984314,0.0860224217401362,0.0519405364819226,0.026798134117044,0.0025866788564081,-0.0194831142338276,-0.0436945694944635,-0.0721896337021793,-0.10217432711918,-0.130948305470017,-0.160467098425496,-0.187006348356132,-0.209913737694538,-0.232262729534161,-0.253773555913075,-0.27435315058148,-0.296515440708969,-0.318584664586665,-0.340281054252633,-0.355272974051727,-0.369892628851646,-0.383301853191655,-0.395593713321567,-0.407234109702903,-0.43079381660869,-0.454260172658411,-0.477261197459149,-0.499982738904227,-0.518234254296365,-0.531084796531331,-0.544121755872159,-0.555947715540549,-0.569543072380158,-0.591146965008866,-0.612005758426665,-0.632026386383754,-0.6488813388164,-0.665922708354914,-0.678214853091092,-0.690227799077883,-0.701216447104371,-0.719840512101969,-0.736043146967227,-0.75299059643714,-0.770310595512507,-0.786140680772311,-0.797035693336465,-0.807558440901424,-0.817429440111542,-0.825717174650041,-0.838660783134795,-0.854211669645211,-0.870320953654408,-0.881122330756235,-0.893786171279068,-0.903004852921797,-0.908685024828361,-0.914272415091405,-0.930475619169203,-0.943885412721758,-0.959064318839253,-0.96986654975988,-0.981041045679688,-0.985604137982423,-0.991377660745054,-0.99445055462597,-1.00832539482123,-1.02154848666166,-1.03514384350126,-1.04641112106461,-1.05767868323421,-1.06354527224664,-1.06829449704897,-1.07388188731201,-1.08375288652213,-1.09557913079679,-1.09697597836255,-1.09986273974386,-1.10135265355942,-1.10023528934932,-1.09809391178518,-1.11597316217814,-1.13264169750492,-1.14819286862161,-1.16039137789545,-1.17156530460273,-1.17231011920737,-1.17286880131242,-1.17631396019252,-1.18674335690143,-1.19950083288659,-1.20443590558224,-1.20881201156658,-1.21160542209183,-1.21039470702566,-1.20583161472293,-1.21700582603647,-1.23060146748235,-1.23451252682396,-1.23805103656013,-1.24317281096792,-1.24056581754853,-1.23497899649802,-1.2485746379439,-1.26384661031119,-1.26924758346838,-1.27334477530958,-1.26524317327069,-1.22973360810096,-1.16576066488808,-1.10123941188748,-0.985979249044303
