-0.524468589235107,-0.817161063019285,-0.751370673039797,-0.703011800114278,-0.614479872399037,-0.180100159518682,0.142260668791239,0.391327584833927,0.626982730196407,0.863393334101082,0.878883553961184,0.911847180607182,0.942449746719538,0.952178332248891,0.947078048900247,0.951516981266791,0.967101020013479,0.984384768311715,0.999779725917729,1.01706376288946,1.02679177107182,1.03075843359694,1.03264751296266,1.03954247944343,1.04568198738202,1.05352178221915,1.06447838480562,1.07855179514142,1.08384115963074,1.08431342947217,1.08327420488222,1.08402966342442,1.08591845411664,1.09252994322316,1.10329717599546,1.11519802959128,1.12209299607207,1.12511569626131,1.13267172505069,1.14136137466359,1.15033450165075,1.16119641933015,1.17489166738461,1.17857542988246,1.17753649396601,1.17470258624394,1.17262442573754,1.17139640868043,1.17422973905551,1.179707896012,1.18613088132484,1.19057067971188,1.18896565506741,1.18849396257298,1.18622729827291,1.18584971333856,1.18783290026437,1.19416062332313,1.20039395014832,1.20842224877913,1.21238891130424,1.21371132459494,1.21390040573561,1.21909537399135,1.22561246686427,1.23326318056073,1.24299147741659,1.25404218756315,1.25394750265607,1.2503581363918,1.24818529097832,1.24421833977971,1.24110153203038,1.22806763495801,1.18282614712883,1.09829330959489,0.973051735484891,0.799923269617309,0.612249412245995,0.442426546594929,0.299049637369932,0.187124860359567,0.111374913978126,0.0568762444405263,0.00983920745871981,-0.0333249858845721,-0.0734664790386026,-0.110113290835462,-0.144871023266597,-0.176322866807733,-0.205696838515966,-0.233370811999155,-0.2593444985838,-0.283523790709812,-0.308553226285083,-0.332354933476756,-0.356062244434825,-0.379864240299987,-0.399604600059448,-0.419439356052505,-0.437574113820512,-0.455047520606414,-0.472331846251641,-0.497266885593335,-0.519368305886456,-0.544208660321066,-0.568954907195594,-0.588695266955055,-0.603807324533814,-0.620147399169687,-0.634409601972662,-0.647538183952114,-0.670395351460917,-0.692780537801785,-0.714882246768402,-0.737550621810039,-0.755024028595947,-0.766169134976084,-0.777408348916316,-0.788553166622964,-0.79884784088034,-0.819721244116341,-0.842861600325907,-0.866191037676142,-0.889803663727126,-0.909260546112342,-0.92380593761608,-0.936084376146259,-0.94741827499357,-0.958185796439374,-0.976981616515985,-0.994927581816807,-1.01344021319266,-1.0272304348277,-1.03865930725561,-1.04593214734422,-1.05329909499293,-1.05934391802443,-1.07473916430395,-1.09268426358428,-1.10921284201384,-1.12593050158405,-1.1404756044143,-1.15048737864441,-1.15898823579014,-1.16833923638515,-1.17646221992304,-1.19053563025885,-1.20451435568757,-1.21868187358347,-1.22680427977436,-1.23492697463875,-1.23908300697804,-1.24182222979303,-1.24512840735653,-1.26005224981511,-1.2756368659088,-1.29178785940399,-1.30264977708338,-1.31190580409781,-1.31558927792215,-1.31804531203639,-1.31974588760843,-1.3334414243364,-1.34817589698081,-1.35913221089378,-1.36801036430036,-1.3758495817905,-1.37783305738981,-1.37887199330625,-1.38605014848779,-1.39842298325155,-1.41249581624036,-1.414290210699,-1.41693474860691,-1.41551793908262,-1.41098461048249,-1.4055067421995,-1.42298014898541,-1.43950901608845,-1.45320426414291,-1.46349893840029,-1.47322694658264,-1.4715266596841,-1.4688818331027,-1.47445438629277,-1.48682750973003,-1.50127850500018,-1.5085510564153,-1.5173351022618,-1.51979113637603,-1.51865809289949,-1.51488051151505,-1.52498725932575,-1.53518811469653,-1.51506988132922,-1.4391311424806,-1.33391282815734,-1.18184684666643,-0.968576887644814
-0.808177914942673,-0.631863059090078,-0.417550670760991,-0.196449571317817,0.00607723643804554,0.322501833661902,0.55406898281016,0.71841008301706,0.843622294951822,0.921880071496092,0.899534209596499,0.897459673077684,0.90226807929424,0.912450857795268,0.934136522005654,0.955351028109602,0.969116913580351,0.981185477187524,0.984108098297935,0.986087826855271,0.996364836977591,1.0141849875245,1.02163389632779,1.02427439891453,1.02974329099039,1.03577757279398,1.04171733480619,1.05482273441763,1.07169970424136,1.07697984490455,1.07801725724901,1.08433481025665,1.09150102419608,1.09932685948453,1.11262101050864,1.1278009466389,1.13072385591941,1.12921499729842,1.12506650060098,1.12450082270315,1.12421812783928,1.1300636582302,1.13892661769301,1.14920362781533,1.15184355406188,1.15137181961524,1.14958026613039,1.14995748078563,1.15118335637267,1.15608657055071,1.16447837190708,1.17428451209305,1.17805608230534,1.1797534041689,1.18013061882416,1.18041360185812,1.18003667537296,1.18456267489575,1.18974858393766,1.1968199899156,1.20134570126829,1.20483400027653,1.20558785324683,1.20954759853161,1.2140733098843,1.21878748447957,1.2251989809384,1.23161047739724,1.23217586712497,1.2297241159509,1.22793256246604,1.22849795219377,1.23151509309557,1.22585831411732,1.19219831792105,1.12176637666522,1.00306018098069,0.838247922667342,0.649204017348266,0.471757517529926,0.319485845440488,0.202194276755652,0.119128382164913,0.0626510777925068,0.0165453033338,-0.0255064942188438,-0.0652955801801774,-0.101407327550526,-0.129316313147262,-0.156376925982328,-0.181645985332521,-0.204463293508652,-0.226903387029531,-0.26028040019185,-0.291488645214069,-0.322225443959738,-0.352396852977684,-0.377759855779068,-0.396522898879049,-0.415286230149117,-0.432635222589585,-0.450455373136484,-0.475346929661336,-0.498447220871423,-0.522018670187953,-0.545213193019338,-0.56727636005507,-0.584908047359393,-0.603482339046697,-0.621113738180932,-0.640724865872497,-0.661184654495852,-0.681267228463954,-0.702669909640385,-0.717566862736691,-0.729918121207732,-0.740760809227874,-0.751886480281985,-0.760466456710824,-0.781398267950911,-0.804121632675845,-0.827222212056039,-0.851737130265833,-0.877289172649993,-0.895675001094715,-0.911986581190728,-0.928298161286729,-0.941215385825693,-0.953755395709411,-0.96874715676719,-0.982418810616646,-0.990055894492416,-0.999672706925535,-1.00796970032042,-1.0134380160561,-1.02201770431484,-1.04078045924472,-1.05850637817033,-1.07840077706596,-1.09084655532839,-1.10225549758655,-1.1085730505942,-1.11470214035925,-1.11885121339689,-1.13770906445834,-1.1559067178306,-1.1758956365176,-1.18739852222696,-1.19833544186839,-1.20286057688089,-1.20597137306379,-1.20502790417052,-1.22275324675594,-1.24047887751146,-1.25773335016055,-1.27046211145693,-1.28413376530638,-1.28526512110204,-1.28733936945076,-1.28790504734858,-1.29884225516011,-1.31166524807779,-1.31986858619157,-1.32769470965012,-1.33552054493857,-1.33768902490858,-1.33863191746165,-1.35183183686448,-1.36503175626731,-1.3791748563933,-1.38464374846916,-1.38964090609839,-1.38888647678789,-1.38700069168175,-1.38530336981818,-1.40208610802062,-1.41858615135921,-1.42810902034113,-1.43593456745948,-1.44234577574822,-1.43913988343375,-1.43621668598315,-1.44668244751814,-1.46073102785275,-1.47581673236174,-1.48486815506711,-1.4938256343213,-1.49542843639349,-1.49505150990834,-1.49429765693803,-1.5049521698857,-1.51636053580367,-1.52050903250111,-1.5243745461646,-1.52842852307065,-1.51343705018297,-1.45252855424925,-1.37115998152209,-1.25867681905381,-1.09631602374444
-0.891641594569388,-0.710851315866934,-0.480353209353697,-0.20728884614971,0.0719771130154395,0.374264565828969,0.618575396216808,0.76581979090352,0.83601235691558,0.853020077320136,0.839676910238923,0.851046502834393,0.88806854307472,0.926500115267331,0.960985400060542,0.971133570611796,0.968878549240718,0.974234942973778,0.987578397245683,1.00439858212359,1.02732673879468,1.04799958690399,1.05081893799924,1.04696656195853,1.05222875714222,1.05974597369697,1.06763883568645,1.0821092262625,1.10080821269538,1.10362698940922,1.10343859231047,1.10146501782472,1.10306208530365,1.10334381937969,1.11067292602639,1.11959967453343,1.13162750821174,1.13472859338302,1.1365140579607,1.13905138778922,1.14262231694459,1.14506544822373,1.15267686332786,1.16066392386671,1.16639567584379,1.16799303051342,1.16780492060536,1.16827447739875,1.17090543139524,1.17485200598533,1.18114780049587,1.18894732550807,1.19467965186654,1.19533789294939,1.19524426878141,1.19533846733079,1.19674799928305,1.19956706318761,1.20614459177418,1.21291023026881,1.21929993613804,1.22155524469981,1.22136713479176,1.21986340429011,1.22268218100395,1.22634673432731,1.23273615300583,1.2414750787955,1.25030820313456,1.25077804711866,1.24908649389965,1.24598540872837,1.2432599689918,1.24222579528354,1.22192887979964,1.16911996681756,1.07834903843627,0.94341421150391,0.760932953963849,0.577981852439702,0.414763623865992,0.284245502698495,0.186991244280012,0.126195270759081,0.0818432622999505,0.0430351831005397,-0.00291418002822481,-0.0468899686712399,-0.0875765622349219,-0.127699400455836,-0.16490926341352,-0.195541884975328,-0.223637751090032,-0.251357971770011,-0.27738692642168,-0.304261657682859,-0.328881080382263,-0.353594414440342,-0.377179950622175,-0.400483178346582,-0.421907317325321,-0.44380101309745,-0.465600510320212,-0.487870138717758,-0.509670210321908,-0.531281884827307,-0.553833534491589,-0.57497593939429,-0.594990546420759,-0.615663107339374,-0.637087820699522,-0.656257225497875,-0.676648339531156,-0.697979141532609,-0.718463879733868,-0.738102554134919,-0.758398895237425,-0.777661349822374,-0.79589020508045,-0.813461393637082,-0.829811160149498,-0.847006703271417,-0.863356469783832,-0.879048569594792,-0.89511688922188,-0.913534428769411,-0.929790858304553,-0.946987262998578,-0.964371490409946,-0.981849341989299,-0.996602041022784,-1.01238833938313,-1.02535528664823,-1.03691270196105,-1.04715449668029,-1.05767831266625,-1.0669804194173,-1.07928969998095,-1.09451195580783,-1.10982841018408,-1.11593638197726,-1.12213855231983,-1.1270251020688,-1.12815318713573,-1.12993893890413,-1.14892023379443,-1.16808935140209,-1.17729812117585,-1.18894973503806,-1.19731244101162,-1.19787590916369,-1.19580813612858,-1.21347323604389,-1.22860129332138,-1.2444812158497,-1.25509923038505,-1.26947628398382,-1.27107392584415,-1.27455123083155,-1.28131744370758,-1.29738605052535,-1.3110112388733,-1.32256922856753,-1.33224755513469,-1.34042243839089,-1.34277165831135,-1.34530870094916,-1.35761826870352,-1.37152519112749,-1.3788542977742,-1.3861834044209,-1.39341888689962,-1.39388844369302,-1.39323077699157,-1.40243954676533,-1.41023849739613,-1.41352683090337,-1.41747340549346,-1.42010407229925,-1.41954002976578,-1.42207735959429,-1.43401156910463,-1.43589123223169,-1.4384288492509,-1.43861724634966,-1.4375836470228,-1.4302539659947,-1.44340873597716,-1.45769101664515,-1.4618248395712,-1.46454941773566,-1.4691536590272,-1.46135442120571,-1.45374329329227,-1.46840236815777,-1.48606832964518,-1.4635166799809,-1.407795366117,-1.30321171386111,-1.1533363651779
-0.92196690870431,-0.640150412959017,-0.329575072602733,-0.00660722788443379,0.341997409647152,0.588716700019357,0.741780797373805,0.834394824571633,0.865045462562182,0.845936123109204,0.853125978828164,0.890399194742955,0.923131586108507,0.954634008188317,0.977527512665208,0.982446811543333,0.979324759745641,0.980081419270981,0.989068522070361,0.998528645497738,1.00893452104867,1.02113793281245,1.03457102472956,1.0407197146286,1.04667931192939,1.05784213613808,1.06824830082143,1.07827628030833,1.09265599174623,1.10769810554277,1.11006378694755,1.10996952978085,1.10760471577331,1.10826711813194,1.10921287025551,1.11876725084959,1.12926796183205,1.14033623974162,1.14459313626112,1.14601219814509,1.14733671372993,1.15112058962144,1.15509355811117,1.16114770171109,1.16985087648071,1.17476988622643,1.17448595819667,1.17325627804334,1.17249990765042,1.17287867111171,1.17675767156715,1.18460992964474,1.19388096047388,1.20305715587149,1.20816525821543,1.21119218544918,1.21204339127363,1.21478696874245,1.21819265943749,1.22424738130224,1.23105905182473,1.23919494879967,1.24089764958098,1.24137067020897,1.23957313399613,1.24137009194415,1.2432618853237,1.24903239002627,1.25641104921104,1.26558724460866,1.2663441932664,1.26634419326641,1.26454665705356,1.23654476110032,1.17704073219967,1.08225040532771,0.94413271894103,0.762309487843167,0.582378339257267,0.41540755109289,0.276911968642161,0.171243034723691,0.100860398776526,0.0457083909593084,0.000962258693037658,-0.0398109050835013,-0.0763271723405545,-0.109343202603449,-0.141602573341016,-0.172253500463964,-0.201390819403833,-0.225514004034048,-0.24935354976692,-0.270733156928309,-0.291072176534611,-0.310276062286702,-0.338183411940829,-0.365050174039864,-0.392484792198418,-0.420486977284076,-0.443758956089839,-0.461733450821024,-0.479329471223329,-0.49597945036966,-0.511115821332906,-0.535428387693763,-0.55964611862309,-0.583863849552416,-0.608176126780868,-0.631637198184862,-0.649138383155644,-0.665788073169557,-0.681680814525725,-0.69672206092503,-0.714317213930088,-0.733331717951543,-0.752535603703633,-0.765968984753153,-0.779780840131539,-0.790849696305936,-0.80087767579282,-0.810432634651727,-0.831907366377064,-0.853098170072641,-0.87476170526379,-0.896898261082936,-0.917804847616341,-0.931805506460546,-0.944765866882076,-0.958009866200948,-0.969740257336736,-0.983930587044014,-0.99849910194774,-1.01514850282924,-1.02432469822686,-1.03387936795334,-1.04210923296256,-1.04996091277532,-1.05459628362369,-1.07275958182068,-1.09167982867544,-1.11050581836348,-1.12166922083699,-1.13472470582246,-1.139644293833,-1.1433339125578,-1.14645567522308,-1.16452413798855,-1.1819304875278,-1.20103982698078,-1.21267567181745,-1.22402787775678,-1.22733931128512,-1.23027198135217,-1.23150166150549,-1.2475837845923,-1.26376045397823,-1.28031530856061,-1.29223508142705,-1.30510118468187,-1.30983139096177,-1.31361555598569,-1.31721062841137,-1.32941432930756,-1.34095562784512,-1.34388829791218,-1.346631875381,-1.34871305049119,-1.34625311191971,-1.34303622469049,-1.35855049171778,-1.37557807779574,-1.39317351993322,-1.40707992161073,-1.42174327194598,-1.42571652956813,-1.42836556073783,-1.43016309695067,-1.43981231297628,-1.44984000333076,-1.45267812709869,-1.45457049874306,-1.45674650928478,-1.4541923135466,-1.45069207655245,-1.46280094201711,-1.47812582731376,-1.48408542461456,-1.48947745498827,-1.49534250598995,-1.49250438222201,-1.4859772179941,-1.4976133519632,-1.51170942450376,-1.51606144558719,-1.48493807610108,-1.41900114013923,-1.30907473143643,-1.16414566365967,-0.9881874835635
-0.856389532698076,-0.70044007918413,-0.494092473755866,-0.250944713828485,0.00751256370683344,0.335671348510799,0.595745110222036,0.743041054865391,0.820350093559624,0.851159491439124,0.835469539133918,0.84431312003814,0.887294393820542,0.929419762191569,0.952051703174623,0.957947714407459,0.960610466658414,0.965079775118931,0.974398536107228,0.997410330527525,1.02203860912375,1.03012103000338,1.03088160876793,1.03744287211847,1.04476500486358,1.05455923656597,1.07158027436664,1.08869634818412,1.09145384582187,1.09002714304955,1.09440141549326,1.09915641326426,1.10619343795893,1.11912589262638,1.13462606352798,1.1366229824012,1.13529160627571,1.13319965138568,1.13319994201571,1.13319994201571,1.13985653201309,1.14889018495094,1.15450079750331,1.15697318709061,1.15735362178789,1.16077666217337,1.16600654939843,1.1728526301694,1.18045958033493,1.19091935478506,1.19282123764145,1.1905392107178,1.18920812522234,1.19206094950694,1.19263174686787,1.19881286615115,1.20594463623261,1.21288633428043,1.21212575551588,1.21022387265949,1.20661017898033,1.20642010694669,1.20623003491307,1.2117453208186,1.21878205488324,1.22667469435926,1.22952722801383,1.23095334952611,1.22867103197243,1.23076298686245,1.2323797616684,1.23656425270849,1.24246055457135,1.24911743519875,1.22439412058571,1.16515238776719,1.06559184278717,0.928374947266646,0.747891669913253,0.571307194289465,0.415452776792337,0.288411128931524,0.182670045928284,0.111732198550962,0.0548678193029211,0.00836817848819539,-0.0345183499074263,-0.0687516600624763,-0.100417253983377,-0.129895566367422,-0.165174272707439,-0.198170370863763,-0.230500926272357,-0.261119961488207,-0.288696391015852,-0.311328041368887,-0.331963063478723,-0.351551817513541,-0.370855463497909,-0.392631208439563,-0.414787388078491,-0.439320630657888,-0.456722103155843,-0.474598755737867,-0.490763888127154,-0.50626347776871,-0.520812416612092,-0.547818339408825,-0.574349082121484,-0.600974860850956,-0.628076110294527,-0.654986997074448,-0.675051512453378,-0.694260122420927,-0.712327718926645,-0.72944437400417,-0.746085558367595,-0.762916814764652,-0.780413613909445,-0.793821539290996,-0.806088160580691,-0.818164709836761,-0.829575425715088,-0.838799150686566,-0.856961201949064,-0.875979158622944,-0.894236245902249,-0.906692939225588,-0.919624812633001,-0.92742183483216,-0.935028784997694,-0.943301568540978,-0.96403133603762,-0.985712335592474,-1.00805916852509,-1.02279876066214,-1.03611194065689,-1.04286356667109,-1.04818878054298,-1.05275312502033,-1.07196144435785,-1.09212041449355,-1.11161413251155,-1.12549723797717,-1.13852472866145,-1.1436595798697,-1.14774874426295,-1.15155250997574,-1.16838405700281,-1.18607121881126,-1.20375838061969,-1.21944862355492,-1.23504353984331,-1.24265078063887,-1.24911671734258,-1.25634352344085,-1.26708840594141,-1.27840408580292,-1.28144669149112,-1.28553556525435,-1.2877225561612,-1.28876882423623,-1.28914925893351,-1.3075969995065,-1.32499876263446,-1.33878683208328,-1.35133827079341,-1.36331949340265,-1.36541115766265,-1.36759785793946,-1.37824799505325,-1.39032483493934,-1.40373246969087,-1.4136220280401,-1.42237057292751,-1.42664980935438,-1.42940759762217,-1.43007372162993,-1.43815672376961,-1.44671519662338,-1.45080407038661,-1.45574855893121,-1.46097844615627,-1.46192938758447,-1.46449681318859,-1.47505220491557,-1.47971216666977,-1.48266002697117,-1.48551256062574,-1.48665328345755,-1.48437067527385,-1.49273820420393,-1.50738217906412,-1.51080551007963,-1.51270768356605,-1.51441949438881,-1.46868072296865,-1.37511093460827,-1.25919489457533,-1.02412955552758
-0.759289026185401,-0.439539464289913,-0.105511338686426,0.240492547206539,0.439011714340043,0.628503520425915,0.714175747326169,0.752958797246334,0.762263204212035,0.811916083155249,0.836788274620439,0.884506336948881,0.920156571899232,0.942080927224053,0.960873312231243,0.96409734963749,0.96640043460676,0.980126314232289,0.996247345915716,1.00730187221749,1.02240988437531,1.04064958530002,1.04470307115608,1.04396653444708,1.04516453280212,1.04636224960644,1.04617839697992,1.05539045530627,1.06755006822227,1.07676156344714,1.0799856008534,1.08238047136056,1.08624954148864,1.09232962949737,1.10062101693746,1.11407097684784,1.12669205140988,1.13157498571575,1.13166761590584,1.12945687957592,1.12770676023985,1.12752234451188,1.13194381717171,1.1407870440421,1.15110418898268,1.15663102980747,1.16049981838482,1.16731644310254,1.17127729876852,1.17551463725109,1.18334456304515,1.19310902390325,1.19412204342885,1.1953191971317,1.19531891558098,1.1957792510241,1.19476594994777,1.19992480396879,1.20554455653438,1.21153257745449,1.21457304378494,1.21632344467173,1.21577104213998,1.21402092280393,1.21512685407034,1.21623250378602,1.22047040537007,1.22553719230246,1.23244644721027,1.23235409857091,1.23520958607193,1.23419600344487,1.23723562512313,1.22194319723733,1.17754095785303,1.09103984560443,0.963913497010974,0.782988998080344,0.588891303606673,0.411743807715512,0.261956003986783,0.143857861093153,0.0663846729936465,0.0113888058521601,-0.0353162369506787,-0.0753885076623195,-0.111315506980004,-0.144478804334563,-0.176628519062061,-0.201777193343857,-0.22711028335363,-0.249863805577527,-0.272801743529408,-0.292700059803021,-0.321718085763623,-0.347972409761107,-0.376253617461982,-0.401126090477906,-0.425169115044013,-0.443869432962582,-0.463214502052262,-0.480164419084031,-0.498404120008751,-0.520421105523656,-0.542529876576448,-0.564270379274748,-0.584905232257347,-0.60701428486088,-0.625530468602199,-0.643494249811775,-0.660720931210884,-0.681264280206336,-0.699320128504522,-0.718020727973831,-0.736168361809923,-0.750631059695185,-0.763343356693654,-0.774673802710558,-0.785635980372962,-0.79678257376335,-0.816772957125585,-0.835197073778282,-0.856753442299332,-0.878033328003776,-0.89820784554326,-0.912762892067878,-0.92777883713708,-0.940123147331778,-0.952098907621255,-0.964627351993196,-0.977708480447627,-0.991434078522429,-1.00304100735594,-1.01427966783495,-1.02505742976938,-1.03509837344407,-1.0438500963273,-1.05812894158605,-1.07296018937654,-1.08769965162913,-1.09672757577823,-1.10612376828182,-1.11183502483459,-1.11662532895038,-1.12169183433204,-1.1379049331041,-1.15411775032541,-1.17005436628086,-1.18009530995557,-1.18976770372503,-1.19382062647964,-1.19630784562616,-1.19971629876038,-1.21574498180446,-1.23140539649403,-1.24752670972819,-1.26134493799307,-1.2749790320807,-1.28152001863401,-1.28815307227594,-1.29285130930311,-1.30482706959258,-1.31615779716021,-1.31873736494609,-1.3205798329215,-1.32288291789077,-1.32002714883903,-1.31744786260389,-1.33264737874888,-1.34932081296405,-1.36636279708445,-1.37962805971613,-1.39316952361368,-1.39740714364699,-1.39952609443901,-1.40210566222489,-1.41380493969776,-1.42366203074593,-1.42485946599952,-1.42679400106356,-1.42716255096879,-1.42283314539758,-1.41924055808611,-1.43351968489557,-1.44798266433156,-1.45277296844735,-1.45756327256314,-1.46198502677371,-1.45645762284746,-1.45028574930083,-1.46539347990794,-1.48031679478705,-1.48584391716256,-1.49137103953808,-1.49652961200836,-1.46419548155289,-1.38893331133403,-1.30740691892919,-1.18092560305757,-0.993091849219131
-0.913966054449526,-0.804575075839405,-0.641088857348417,-0.492003546546763,-0.374397262304074,0.00334626005081936,0.283330523189587,0.500818875892843,0.708060526557355,0.885854829207453,0.886870245272142,0.90579439562586,0.921764839177345,0.925457466422325,0.937919519097335,0.963859040512057,0.981028854358343,0.990075057548721,0.999675380536554,1.00521403926563,1.0099220825753,1.02570744334311,1.04897003571593,1.05570862901659,1.05690856358817,1.05884713646411,1.06115531063061,1.06235580947897,1.07444938941698,1.08746584402784,1.09457403861905,1.09688164850878,1.09660458861005,1.10075822998386,1.10712750413234,1.11608173020767,1.12752864895638,1.14211407515261,1.144606767826,1.1452534290153,1.14488439200151,1.1475616031818,1.14857701924649,1.15642328786528,1.16445407499096,1.17396213872535,1.1767313270207,1.17885470054192,1.18042451854245,1.18393262728054,1.18660983846082,1.19242555708863,1.19953346954146,1.20562568379122,1.20756397452875,1.20876362696195,1.21107123685167,1.21356336524828,1.21716345110141,1.22288691047577,1.2298105865601,1.23433411136288,1.23655002627593,1.23710414607339,1.23793504363118,1.24015067640584,1.244212622803,1.2498438229239,1.25639817985606,1.2623064398757,1.26276801828132,1.2616600608248,1.26027504346955,1.25196663216835,1.21070248197627,1.13269798853328,1.01213743321157,0.845143670259276,0.643994233844515,0.458168579791948,0.299482946002461,0.172460575140438,0.0858711747743022,0.0315911342481406,-0.0133650789121364,-0.0527826333433403,-0.0854613123354879,-0.123309330904541,-0.158572679685141,-0.191251358677295,-0.222268242553855,-0.254023482596368,-0.278855610831344,-0.30285655937013,-0.325657291198932,-0.347904185368673,-0.370151361676803,-0.393690731809965,-0.416584287169005,-0.435877756674903,-0.454709929913565,-0.471880308036627,-0.48886588551442,-0.505112824687853,-0.528929536858134,-0.55182281007878,-0.576377878415026,-0.599363975165891,-0.616995931694576,-0.628996688102357,-0.642197661220115,-0.652167585498522,-0.662044968385079,-0.683461529273806,-0.707278241444086,-0.729710218397491,-0.753988226835007,-0.77688178219404,-0.793405499127816,-0.807806124678762,-0.821929972469373,-0.835408005485855,-0.851839745304575,-0.8689178641742,-0.88534960399292,-0.895688565285107,-0.906119503692342,-0.915442766781451,-0.921904300183376,-0.930212147207789,-0.950889787653774,-0.971659969491596,-0.990307059946584,-1.01227745849438,-1.03064777118903,-1.04338716590116,-1.05344963157139,-1.06581998926974,-1.07477477962185,-1.08825281263832,-1.09969973138704,-1.11428487544488,-1.12213086192528,-1.13283857809286,-1.13819215403827,-1.14539232574455,-1.14982330915549,-1.1654244335548,-1.1770558708104,-1.1936724112744,-1.20354979416096,-1.21582732832908,-1.21933515492878,-1.22699746931746,-1.22985919900463,-1.2445371665927,-1.25598436747981,-1.27140097337222,-1.28017068094065,-1.2927252750075,-1.29623338374558,-1.30204910237339,-1.30481829066873,-1.31681904707651,-1.32549677752988,-1.32826624796361,-1.32845104860889,-1.33195915734697,-1.32780495169638,-1.32558903678333,-1.34082027775368,-1.35992838233752,-1.37451352639535,-1.38956053099721,-1.40229992570934,-1.40654639061338,-1.40608537648453,-1.40950122596918,-1.41734805886475,-1.4290717553738,-1.4305490319825,-1.43470295549471,-1.43617966782663,-1.43544074738389,-1.42980954726298,-1.44190228078582,-1.45344145878798,-1.45759594657697,-1.46045824054092,-1.46572040364805,-1.46202805854146,-1.45842769054993,-1.47052014193438,-1.4841815649042,-1.4880578642409,-1.47485660898476,-1.4104221256733,-1.30500111634528,-1.16477861878067,-0.993262459579163
-0.81079282516038,-0.644313937925401,-0.447414097148188,-0.216569008757862,0.0357934639021271,0.353634446085037,0.60942823698904,0.792601670938676,0.899630737325963,0.938954976677882,0.908626715499604,0.900000939856051,0.912984957383257,0.940993641759326,0.967611373750147,0.98170883349648,0.993673235020073,0.99858933186483,1.00369081343753,1.02010728306029,1.0459834761394,1.05479435304799,1.05729818072658,1.06212073481872,1.06620118307336,1.07120940535632,1.08586330274932,1.10329967183858,1.10571137407898,1.10515521989519,1.10673184047124,1.11146170219942,1.11646964101949,1.12908260562795,1.14290142135661,1.14818800419434,1.14670435944514,1.14373678648384,1.14522099815882,1.14689059456173,1.15236256212739,1.16191526141058,1.17239573472209,1.17350889347832,1.17323081638643,1.17638434100143,1.17953758215355,1.18343236221738,1.19279939330976,1.20318689079441,1.20717493014798,1.20801001181232,1.20689770344475,1.20977315096786,1.21394657504936,1.22099516319108,1.23036219428346,1.24093479303315,1.24102720193423,1.23731752313544,1.23342245960872,1.23416456544621,1.23574146948516,1.24288303345373,1.25187929509025,1.2618027638293,1.26124632618263,1.25698020973717,1.25271409329171,1.25364158385713,1.25503310316813,1.26180361421796,1.27209813587576,1.28118708987625,1.25317783857441,1.18612214154967,1.07770155585137,0.925597921991719,0.727863283013046,0.541257963893626,0.378210394902661,0.246047524736634,0.144026964095186,0.0804958446041914,0.0281873042621939,-0.0169799555741213,-0.057695430774167,-0.0929389384085473,-0.12577074380252,-0.15554200040835,-0.184292790621906,-0.214342124319626,-0.242814837441285,-0.271380526389796,-0.292804934832626,-0.31246733797147,-0.329718322332799,-0.346505277948532,-0.362272050634882,-0.388148243713987,-0.415786725559968,-0.443425207405955,-0.47097128035086,-0.496291602709062,-0.51697418877729,-0.534595942594484,-0.551660975302113,-0.568447647454955,-0.587738147286395,-0.606565185298009,-0.627803642087133,-0.643848775328258,-0.660635730943991,-0.67630981126638,-0.691705814496871,-0.704226937130034,-0.726764220866207,-0.747168446379654,-0.768222085366618,-0.784174526243788,-0.801981664788904,-0.813760398121677,-0.825168361998603,-0.834814037108648,-0.853363281491257,-0.870057544743015,-0.886937476185607,-0.904559230002794,-0.921346185618527,-0.933124918951312,-0.945645758121583,-0.957888236737073,-0.970408792444452,-0.985804512212053,-1.00157100143552,-1.01789392830566,-1.03338234043723,-1.04822162255816,-1.06000035589095,-1.07140831976787,-1.08105399487792,-1.09255436765592,-1.10359099515121,-1.11499867556524,-1.12418060539258,-1.13364089577469,-1.14143187321679,-1.14875938883906,-1.15738516448262,-1.16953495073414,-1.18242684282316,-1.18678593509548,-1.19299972503574,-1.19763689439995,-1.20060475082414,-1.2021810879373,-1.2205446641291,-1.2366822062713,-1.25365454661497,-1.26571164050253,-1.27851112369046,-1.28268511469774,-1.2868593891679,-1.29001319724578,-1.30309047406273,-1.31357038044846,-1.31588853993623,-1.31885554597176,-1.3220082201981,-1.31857605156543,-1.31894682102129,-1.33619752191973,-1.35298476099835,-1.36003363260295,-1.36634039837007,-1.37125592828907,-1.36680414365278,-1.36207399846172,-1.37700625640951,-1.3948139618804,-1.40139937166518,-1.40687162269374,-1.4125295419131,-1.40668652142869,-1.39973034218805,-1.41317810499796,-1.42968670005892,-1.43386012414041,-1.43877593752229,-1.44285695270271,-1.43664344622534,-1.42931678099172,-1.44554729896078,-1.4640962598805,-1.47290685332621,-1.48218090859174,-1.44434003052615,-1.36012632496692,-1.24020536649062,-1.09153333433787
-0.938745175722902,-0.77614188149786,-0.576350719782392,-0.341417256288042,-0.0832415176850796,0.261581929438897,0.54355828967403,0.735354156488631,0.853146519338106,0.910322908226501,0.884384657639203,0.882060344884604,0.910322908226507,0.946952713339168,0.971496660419517,0.983768349813879,0.990833919612896,0.993530179237405,1.00003797080448,1.02030523924552,1.04419849241291,1.05265893401051,1.05219407145958,1.05442546853317,1.05832991615677,1.06511645476691,1.0801773194668,1.09830639066108,1.1010955659666,1.09979446228649,1.1024910060568,1.10732546292806,1.11262478235024,1.12517578707929,1.13977207337407,1.14265416436063,1.14107402949163,1.13828513833192,1.13930777911478,1.13995847302775,1.14693112714574,1.1567858722503,1.16738422694883,1.17100992752936,1.17333395613815,1.17872619124135,1.18430425770658,1.18941774576671,1.19843596559626,1.20838419467345,1.20977878232621,1.20764030093365,1.20475792580129,1.20531541988742,1.20624457669764,1.21321723081564,1.22232865047201,1.23255591073809,1.23376523532044,1.23255733146716,1.22948969326438,1.23125622778704,1.23348734071481,1.24073874187588,1.24947764637073,1.25821655086557,1.2584020980818,1.25579875413832,1.25291637900596,1.2500340038736,1.24836038503196,1.25059178210554,1.25440359819394,1.25765763605037,1.23673967369638,1.17696050915612,1.07497290474634,0.927987969307311,0.738423215420473,0.548579430344762,0.38318639252257,0.24865954613157,0.150669873318031,0.0826160985422173,0.0303673663519133,-0.0158381526764318,-0.054885186224717,-0.0930024946711764,-0.123310339578799,-0.150829293326724,-0.177046575102894,-0.208284429258186,-0.237291170485702,-0.266948605626177,-0.296234093896755,-0.320592493760878,-0.341138793390793,-0.360569536556826,-0.379349301664076,-0.397292257350512,-0.422765645386887,-0.447588339510303,-0.473154643227696,-0.497698590308051,-0.521963790345331,-0.541580364873408,-0.561383054909339,-0.580348935524443,-0.599407731820579,-0.618931390667624,-0.638641165022543,-0.65751412995663,-0.670623197063442,-0.683639064343418,-0.694702565738686,-0.705487035945081,-0.716178306324634,-0.737839878272618,-0.759501734366414,-0.782744009475026,-0.805428506351685,-0.828299118736211,-0.845405549147633,-0.862140032689163,-0.877479928577926,-0.893563718206491,-0.909275560965165,-0.925545466101578,-0.940420783585237,-0.954087344778172,-0.965522508897526,-0.976771841654831,-0.986812418121431,-0.99778243554405,-1.01219260633098,-1.02836902749475,-1.04305794532473,-1.05328406900755,-1.06248783605332,-1.06908825915561,-1.07457340993983,-1.08108120150691,-1.09651429722251,-1.11241225548902,-1.12831049790136,-1.14021080871745,-1.15211111953354,-1.15917725762419,-1.16587144884493,-1.17256535591988,-1.18706872653363,-1.20110723459647,-1.21495934300564,-1.22825367318286,-1.2408043937661,-1.24889260434798,-1.25660886805997,-1.26302374394603,-1.27074000765802,-1.27873501841307,-1.27752597797654,-1.27687499991776,-1.27733986246868,-1.27594555896173,-1.27473737096264,-1.29277409476754,-1.30950886245488,-1.32373320187975,-1.33842240385555,-1.35162410249757,-1.35497077188923,-1.35887550365864,-1.3679866391692,-1.37774846859272,-1.39011335781392,-1.3969930962509,-1.40377991900686,-1.40647617863136,-1.40796368196515,-1.40712687254433,-1.41595897686601,-1.42506982823076,-1.42990371681038,-1.43566761463766,-1.44143179661076,-1.44208277466954,-1.44254792136627,-1.45398393792307,-1.46495480778312,-1.47109093662612,-1.47806359074413,-1.4834555417015,-1.483175942221,-1.48224564882753,-1.49182107859738,-1.49832858601865,-1.46718364754439,-1.40164030103105,-1.3036506282175,-1.15015818535721
-1.01755524927694,-0.869747732260321,-0.682555541618177,-0.462095004779336,-0.229402096311704,0.151284127310687,0.461448911579906,0.679685535338352,0.826381095814765,0.908115566096728,0.875125067420648,0.865023709803179,0.885873886232941,0.918493355090472,0.945459858949067,0.962140339967523,0.97483635725507,0.981601562023075,0.989200875810657,1.00931040874765,1.03238506471555,1.03868634059591,1.03942755054642,1.03794456418767,1.0388710058186,1.04387509347835,1.0587024080061,1.07445644739363,1.08483565253171,1.08761611033996,1.08631892211935,1.0916937563688,1.09929250369865,1.10939329485838,1.12310836961706,1.13802829998501,1.13876979316439,1.13580467013348,1.13311739462318,1.1351557927943,1.13932577143448,1.15063141820348,1.16369761562299,1.17555952389096,1.17639419936828,1.17287309806728,1.16805452531679,1.16861078681575,1.17166880891574,1.18037951278579,1.1912217971249,1.20345388552481,1.20410247963511,1.20095155846606,1.19687391243722,1.19752222331865,1.19780007083927,1.20419396255985,1.21281233381856,1.22189406750716,1.22133837246594,1.21976333672471,1.21744709103298,1.21336972823301,1.21235038753301,1.21800306930308,1.22402649766283,1.23060562106382,1.23959417245448,1.24302265791529,1.24181780230602,1.24107630912663,1.24302265791528,1.24339397096271,1.22245117869274,1.16833265606628,1.07288339425449,0.927021659568797,0.736029670418432,0.544389087157754,0.373784478464991,0.238672412278201,0.140720823407672,0.079095602833825,0.0336875008485326,-0.00412185380690654,-0.0494376231808519,-0.0913246238651369,-0.130616964879332,-0.167778008653333,-0.199471319108814,-0.22439942479629,-0.247103334174496,-0.268602387943432,-0.288989201943305,-0.316604299912199,-0.342366231390391,-0.368962271888159,-0.395836159906552,-0.419188663395064,-0.438834267444417,-0.458665386403061,-0.477106701300885,-0.49388036461729,-0.516492224613023,-0.538270258818059,-0.560048009794215,-0.581176600202331,-0.59906137037231,-0.613609987692837,-0.628714583283468,-0.642521990653481,-0.65809051513173,-0.680053497788302,-0.702665357784041,-0.72370189880969,-0.74603562805595,-0.765774414403259,-0.782269663741298,-0.797096695040178,-0.812479421380282,-0.826657575339983,-0.843059925608947,-0.858813398538745,-0.875864342918027,-0.888189613615887,-0.901441609173543,-0.913025386692028,-0.924794679119796,-0.934988369348594,-0.953429401017551,-0.970016982966931,-0.987346058095693,-1.00309981425436,-1.01384948275326,-1.02154084592331,-1.02886146250368,-1.03506983931497,-1.04359502827573,-1.06287016896427,-1.07936541830232,-1.09734337077025,-1.1078154749774,-1.1172679552557,-1.12023336151548,-1.12431100754432,-1.12699856628348,-1.14432764141224,-1.16017429663998,-1.17722552424812,-1.18973574339752,-1.20067092680571,-1.20447044208507,-1.20864042072525,-1.21169844282523,-1.22318932127464,-1.23820130102505,-1.25321356400434,-1.26099782624347,-1.26729966858158,-1.26998751054961,-1.27035882359704,-1.26980312855581,-1.28398156574438,-1.30168110423396,-1.31632262062356,-1.32243838159465,-1.32911040406471,-1.32772031677502,-1.32345743906577,-1.322993793407,-1.34050810021617,-1.35709568216556,-1.37145935103454,-1.38452583168291,-1.39462718930038,-1.39573942906944,-1.39685166883851,-1.40352397453744,-1.41427392626521,-1.42724779107338,-1.4330862709816,-1.43938811331971,-1.44189044037846,-1.44124156303928,-1.43873923598053,-1.44874741130006,-1.4590334341402,-1.4623693037608,-1.46561284077005,-1.46996833431952,-1.46755890632983,-1.46357444259893,-1.47488037259681,-1.48794685324518,-1.49211711511423,-1.45523476854745,-1.38814181465507,-1.26841247480839,-1.07325022378897
-0.98395642055348,-0.850530887360319,-0.683288444363128,-0.524339280400469,-0.424270482536256,-0.0439900691592288,0.236313637573519,0.461238415936582,0.669853754763914,0.870084004961307,0.879390850664055,0.905007135902528,0.923804728123335,0.929241207968581,0.93790257025828,0.958542550126595,0.976049457145859,0.988027793099945,0.995399033437143,0.999268836045592,1.001295969382,1.01180056419279,1.02930831608563,1.04469656179761,1.05096270749573,1.05160790928424,1.05741331725823,1.06321844360769,1.07197246036637,1.08643923063007,1.10348624479876,1.10689587293212,1.10606677032828,1.10422410105624,1.10459274756046,1.10606677032828,1.11352982026089,1.12338893165864,1.1339850544403,1.13785485704875,1.13767067460891,1.13850034046179,1.142094151035,1.14495066859976,1.15204591690172,1.16208949236386,1.16909236782137,1.16955310554551,1.17038248977386,1.16835535643745,1.16807908277768,1.17065932668268,1.17720174604058,1.18337580051879,1.19185326199318,1.19480215240239,1.19590809191505,1.19489452524685,1.19719793224302,1.20042281468748,1.20622765941242,1.21304578918103,1.22207551635043,1.22391818562246,1.22290461895426,1.22225941716575,1.22585322773895,1.2309213427045,1.23893778483021,1.24842824972376,1.25764244095752,1.25736560404871,1.25294240924714,1.23829145654361,1.19074506948431,1.10523541472825,0.982683686099149,0.815625988790853,0.623689017627998,0.447601029901255,0.29454880188346,0.172549338949371,0.087039120944252,0.034240436479563,-0.00879122780729567,-0.0442669060680429,-0.0756883176559841,-0.103700382735083,-0.139821262784342,-0.176218416493381,-0.210219790361793,-0.243575962441687,-0.273614879232677,-0.297295840730131,-0.318673113606885,-0.339589648759503,-0.359308716428594,-0.383174423614948,-0.408145788689439,-0.432656416039781,-0.455969294282072,-0.480203366348124,-0.500751536621038,-0.519641220061777,-0.537978074558441,-0.559263537839799,-0.577508019492019,-0.59722680553658,-0.617129774020987,-0.632794293392729,-0.647352873251817,-0.662188290019725,-0.67656296906349,-0.690200355098823,-0.713236396432294,-0.733600384265368,-0.755346303646344,-0.77607865635911,-0.796073997687967,-0.809803474943226,-0.825007256590826,-0.839289562790142,-0.853479777769543,-0.868223103317531,-0.884072086753644,-0.898078119293193,-0.908214067599763,-0.918073460622044,-0.928209127304103,-0.936870489593808,-0.94820418700843,-0.966909688009316,-0.986260390798709,-1.0046893365153,-1.0174976199468,-1.02763356825337,-1.03371496826261,-1.03878280160363,-1.04458820957762,-1.06274088163444,-1.08255232214798,-1.10273240916574,-1.11471130836888,-1.12457070139116,-1.12825632155976,-1.1298224355475,-1.13083543896665,-1.14742115216215,-1.16557326096992,-1.18335672327347,-1.19542743207201,-1.20537919793874,-1.20841989794335,-1.2109077690039,-1.21275100152499,-1.22823133845689,-1.24647582010911,-1.26398329037741,-1.27817378698134,-1.29153461773238,-1.29761629936613,-1.3014863835991,-1.30489573010794,-1.31374127483748,-1.32479841696782,-1.32608797567127,-1.3295891317755,-1.33189253877168,-1.33161626511191,-1.32958941340002,-1.34580732496488,-1.35981392075348,-1.3703187971888,-1.37953327004709,-1.38773389461266,-1.38708869282414,-1.38708841119962,-1.39676362178206,-1.40855833854535,-1.42026096408872,-1.42892288962748,-1.43675543093787,-1.43905911955858,-1.43988850378694,-1.44311366785593,-1.45278887843837,-1.46154261357252,-1.46651835569362,-1.47158618903464,-1.47508762676339,-1.47388959603082,-1.47564017408293,-1.48577584076498,-1.49176514955429,-1.49416092939492,-1.47693001441091,-1.40994139659135,-1.31005734441604,-1.17340749202746,-0.948759268948703
-0.702632426062099,-0.417793997981721,-0.0896265949435327,0.254777759999199,0.497493521185159,0.696880307413295,0.80153759865847,0.840598557005529,0.826310016643922,0.836052074358516,0.854237437805976,0.899422096818059,0.93542134661776,0.966688658793135,0.988863289244783,0.987285787656473,0.983388681000334,0.985429536461606,0.993501365099247,0.99730546069643,1.00825382647443,1.02087213775908,1.03460374604818,1.04026352569964,1.04480972477635,1.05520087491152,1.06466446658987,1.07245811276155,1.08721000699613,1.10613719035281,1.11003401343864,1.11105458295444,1.11374538154718,1.12014783181877,1.12682874812661,1.14046819606766,1.15735480753337,1.16988039132937,1.17099340476351,1.16626089999858,1.16134294025635,1.16050725857727,1.16477470804742,1.17303199166236,1.1850933708745,1.19891770665225,1.20068094678816,1.19641349731801,1.19455838040434,1.19622917662192,1.19743576825562,1.20615725645443,1.21803318068925,1.22870308043099,1.23092967443987,1.23055848091496,1.22694012386538,1.22267239082493,1.22072397928201,1.22360023285206,1.22851762545368,1.23556888457554,1.24187775664756,1.24206321162487,1.23937241303212,1.23658888695072,1.23074365232196,1.22777467126325,1.22935188928126,1.23361990589202,1.23733127400055,1.24614548968803,1.25115560977831,1.23779519501412,1.18787888194802,1.10242752366608,0.970214571924368,0.793374176813392,0.602059786363483,0.431528263324537,0.279181536592438,0.159864795031037,0.0779384991694292,0.0189289372389936,-0.0277404958727506,-0.063925484220051,-0.0953785349430384,-0.124418969539235,-0.150211673470167,-0.185468252649737,-0.219333068788603,-0.252733963913906,-0.284000992518982,-0.310443639581381,-0.329370822938071,-0.348112551317449,-0.364720413176591,-0.382813049135401,-0.409070241220494,-0.43458532982607,-0.460657066933858,-0.4880278395937,-0.508532524538688,-0.525418852434099,-0.543882398347514,-0.560211794170401,-0.575613064395851,-0.600756392335909,-0.624137047280656,-0.64556929068248,-0.667929659681741,-0.686115023129201,-0.700867484504377,-0.714970286318385,-0.730093657648179,-0.743082878887451,-0.764422394800619,-0.782514463618816,-0.801348919486844,-0.81971945434131,-0.834007711132617,-0.843471586381262,-0.854234497181962,-0.865368317937261,-0.875017931733512,-0.895151706723894,-0.91370798012596,-0.933192095555161,-0.952119562482145,-0.965015772662461,-0.971881293236709,-0.980973407819829,-0.988024383371377,-0.994425982932063,-1.01455947435214,-1.03589899026531,-1.05593975419673,-1.07690836015528,-1.09574309959362,-1.10641328290565,-1.11532079322238,-1.12385711001419,-1.13174376724482,-1.143526963991,-1.15642317417132,-1.17126779589455,-1.17887570351862,-1.18601969012913,-1.19038043422853,-1.19399907484842,-1.19362816489381,-1.20810187666243,-1.22341070296953,-1.23983282628107,-1.24734800641649,-1.2574606905154,-1.25903790853341,-1.25931637456967,-1.25894546461505,-1.27564605396286,-1.29151209591278,-1.30886234482176,-1.3169341734594,-1.32435634253587,-1.32417088755857,-1.32342850050873,-1.32083071297494,-1.33799550690661,-1.35571723291081,-1.37213963979264,-1.3805829455255,-1.38902596768806,-1.38679909010887,-1.38420101900478,-1.38104629939847,-1.39487035160592,-1.41073582641523,-1.42418925223837,-1.43374585497567,-1.44413757225144,-1.44525143639649,-1.44358177446013,-1.44720041508001,-1.45805576979906,-1.46900413557705,-1.47104527460862,-1.47438516562195,-1.47410641601538,-1.46983839940463,-1.46427106367152,-1.47679608032692,-1.48987802905485,-1.49247581658864,-1.49525905909974,-1.4985065061947,-1.46417776904226,-1.34597489162591,-1.165608866954,-0.883554532095627,-0.49517267691511
-0.04714691595271,0.321408691255668,0.62687099687201,0.825972746043804,0.911394702366167,0.927701014174085,0.932889154432901,0.936316860896886,0.950306603800883,0.974395125997026,0.989033315642248,0.995240848158015,1.00339400406197,1.01089843006019,1.02099692618781,1.03795168473694,1.05953873160035,1.06463456022701,1.06556135768728,1.06750726423998,1.07251021490546,1.0768644356652,1.09057582785015,1.10391684084841,1.10901210314605,1.10715907455453,1.10502854473751,1.10577043576896,1.11095914235681,1.11920545938647,1.13115755043464,1.1431093583183,1.14625928039226,1.14412818424621,1.14273812963805,1.14384955036265,1.14514616068057,1.15172378921852,1.16108124380825,1.1692343997122,1.17006831921129,1.17034638676582,1.16923496604124,1.17025407513367,1.17266267250522,1.18090814004133,1.18878322839075,1.19656543877898,1.19758454787141,1.19795521022262,1.19489788294532,1.19647284398231,1.19971564401746,1.20666421807112,1.21398345447599,1.22334119223024,1.22334147539475,1.22139585200657,1.21972829617292,1.21963570137624,1.22028386495295,1.22695408828756,1.23519955582367,1.24270398182189,1.24613197145038,1.22954815841697,1.17831406991191,1.08492499677248,0.952437983111452,0.776035551021201,0.588422635749706,0.418320047807371,0.278606109373626,0.164463342540841,0.0876577992702954,0.0318834509186102,-0.0162009986769992,-0.0608577418086239,-0.0978248693486932,-0.13229023839151,-0.164531916491608,-0.193808862111087,-0.221232495974539,-0.248655846673464,-0.275894007779063,-0.295813215644292,-0.315639828712857,-0.334725400243522,-0.351865631550518,-0.368357416116282,-0.394947696809678,-0.420982125558518,-0.447201743900703,-0.474625660928675,-0.494452557161748,-0.509647165080555,-0.52447111064815,-0.538461419881188,-0.550691295319382,-0.575706331811279,-0.60035070595197,-0.624995080092662,-0.649268791882144,-0.671411690690103,-0.686791488202255,-0.701800623363202,-0.71523479748717,-0.729502607945696,-0.748217800289671,-0.767210777023673,-0.78648153814767,-0.804084460273524,-0.819278785027804,-0.832804987619413,-0.844478161619497,-0.855317982449536,-0.871068159148378,-0.888485891680874,-0.904143756747567,-0.922210785514824,-0.934255188195153,-0.944817507799698,-0.953804866367246,-0.964644687197286,-0.973260533920087,-0.993550404136533,-1.01096785350452,-1.03060871065069,-1.03941003013136,-1.05071310810928,-1.05423369253444,-1.05942211595779,-1.06229425364172,-1.08369611091178,-1.10102153181212,-1.12131140202856,-1.13344811634104,-1.14549251902137,-1.14688229046501,-1.15114391642807,-1.15281175542624,-1.16837702569625,-1.18440526994963,-1.20228625963,-1.20979068562822,-1.21683157131404,-1.21803530367078,-1.21877606204416,-1.21766407499054,-1.23424817118847,-1.25361209343818,-1.27047482351968,-1.27955477688391,-1.28909798739601,-1.29039516404298,-1.28780081074905,-1.28817118993574,-1.30364329908004,-1.32069036926133,-1.33560690962561,-1.35144996428564,-1.36386474615265,-1.369053169576,-1.37155492807325,-1.37535329688844,-1.38257965533211,-1.39258555666307,-1.39527222158915,-1.39879252284981,-1.40277636442285,-1.40268376962618,-1.40138687614373,-1.41380165801075,-1.42723554897019,-1.42927376715506,-1.43279435158023,-1.43501804252295,-1.42973759063197,-1.42269698811067,-1.43715055449157,-1.45058472861554,-1.45345658313497,-1.45614296489653,-1.45947779339933,-1.45113916473751,-1.4440054010905,-1.46068237524962,-1.45049128432532,-1.39091856715845,-1.30308801346452,-1.1716198257314,-0.920542663352148,-0.656401989200128,-0.370303888998014,-0.0452933210321618,0.293707273002202,0.464736375240291,0.554512835486919,0.495866915780319,0.340032704625556
-0.0948668243827713,-0.358176558988866,-0.50713636372809,-0.540454330673459,-0.527072364742596,-0.112957484423874,0.183115937853251,0.410154652219765,0.624088117178635,0.835806439571899,0.848265735016057,0.884997667385039,0.916653642735281,0.921637078836979,0.916099363460936,0.922836747922874,0.938526659412351,0.955508760904764,0.974890482644931,0.993441490663513,0.997963732559838,0.998701925364395,1.00802340775624,1.02039046435931,1.0315578518765,1.04641733172034,1.06404566925222,1.06690704785727,1.06460023060253,1.06764608688973,1.07244504530929,1.07493662232214,1.08610372776336,1.09967017137637,1.10040836418094,1.09708607344647,1.09440973667549,1.09533268923816,1.0982863066843,1.10862298047988,1.12228194500993,1.1361256692981,1.13935600326746,1.14055567235335,1.13861752838693,1.13806409534048,1.13621847229111,1.14184814443225,1.14609366980536,1.15532291335613,1.1583682054914,1.16298240415283,1.16473578836113,1.17147289074711,1.17497994123969,1.18236356174107,1.18910122827898,1.19546993945258,1.19593197988584,1.19611702171993,1.19445587635269,1.19427139867055,1.19657849800126,1.20063898154028,1.20654537020465,1.21457466259355,1.21909662241391,1.22020377058277,1.22278786851268,1.2242642541218,1.22749430601518,1.23183207022936,1.23884645329048,1.23220130766962,1.19233128017236,1.10816094004661,0.981351714735587,0.813564749606505,0.622612577797416,0.447073036802656,0.300605373228241,0.187731828970484,0.0999616353591564,0.038863698920401,-0.0130975148846141,-0.0594287744725277,-0.102806416614301,-0.137693008009873,-0.169995219399566,-0.198974575902869,-0.227861693565096,-0.256472094704091,-0.284067304439351,-0.311108799052197,-0.334089528050049,-0.353101730273991,-0.371652456216595,-0.38900351307331,-0.404693142486822,-0.427950870083864,-0.455084603537787,-0.480280193025293,-0.504829546473342,-0.526425846627187,-0.54340738396767,-0.557805105454209,-0.572295065781826,-0.588354214711563,-0.610504512063788,-0.633577761978688,-0.657112206098955,-0.679908457414666,-0.702150993607961,-0.720148004428156,-0.738052776407274,-0.753650449055673,-0.770263313107832,-0.785952942521337,-0.8034884770602,-0.816317009944619,-0.827576354226918,-0.838650938751091,-0.848433615348298,-0.855909192614799,-0.869937676661072,-0.890334589804992,-0.90999331014435,-0.931682413291201,-0.94801827874417,-0.960385617423216,-0.969614860973986,-0.978474867084488,-0.98548925014561,-1.00477845096874,-1.02462108483831,-1.04354076614522,-1.05738449043338,-1.07178164776799,-1.07907246527637,-1.08571761089723,-1.09107056651515,-1.10694467361081,-1.12161911162057,-1.13703202451086,-1.14626098598566,-1.15696689722152,-1.16047394771409,-1.16573466449094,-1.1693339538246,-1.1853005818373,-1.19997473777109,-1.21732551255184,-1.22295490261702,-1.2311683906121,-1.23218329993988,-1.23476739786979,-1.23375220646604,-1.25285692960702,-1.26910083829488,-1.28709813119104,-1.29761984682071,-1.3118330906251,-1.31450970947205,-1.31847823624596,-1.31958566649078,-1.3324141993752,-1.34265863432972,-1.34570449061692,-1.34782739434146,-1.3517036822743,-1.34921182318547,-1.34699696269582,-1.362225115828,-1.37773026755936,-1.38677503342798,-1.39508132441607,-1.4028336182058,-1.40200290448419,-1.4008951921634,-1.41160110339925,-1.42470663488286,-1.43836588148888,-1.44851779552635,-1.45765480023603,-1.46070037444728,-1.46236151981451,-1.46476114006227,-1.47269847568607,-1.4798048155123,-1.48405005880943,-1.48838782302361,-1.49078744327137,-1.4898644907087,-1.49374077864153,-1.50500068707576,-1.48700367625557,-1.43273592727176,-1.34542749201773,-1.22184831860009,-1.04243220759652
-0.895089444380471,-0.731445815079103,-0.530294606154739,-0.296544478300915,-0.0536257806636049,0.298574162228222,0.563349165526513,0.742736343232627,0.856925683079812,0.904527690468563,0.869891091436873,0.866834995859194,0.887672886044732,0.908139980156663,0.938979457564328,0.965466185338437,0.980283875760912,0.991582400089364,1.00899368167405,1.01732923401888,1.01973771019471,1.02788786450274,1.03520443527123,1.0383530883421,1.05085514313237,1.06983990210117,1.07650772126606,1.07521078415975,1.07409924509024,1.07317310405753,1.07196929054526,1.07678482764475,1.08771283895003,1.09799266475258,1.10271592740931,1.105494067457,1.11318086819823,1.11947874044083,1.12799912472159,1.13809383553778,1.14892957240031,1.15004111146982,1.15059673947937,1.14559580434308,1.14541040630628,1.14476222080355,1.14911497043711,1.15318976454068,1.16208037879417,1.1641180588964,1.16578494292501,1.1725453195831,1.17958393482161,1.18578896652059,1.19449446578771,1.20421866358073,1.20301513311891,1.20245950510937,1.19921801149489,1.20144052353304,1.20449690216117,1.21236881788876,1.21940743312726,1.22913191397072,1.22857628596118,1.22616809283578,1.22468575769266,1.22588900510405,1.22607355398954,1.23218546209446,1.23755662720347,1.24274296037657,1.242743243427,1.24255841149107,1.2153312237715,1.15318948149025,1.05261401855329,0.91064129687612,0.723844707857888,0.540474727440511,0.379516963744095,0.242452902760465,0.140210555794879,0.0738086213732483,0.0254658709885935,-0.0177836698170388,-0.0523279944059841,-0.0842792939336005,-0.113174214833102,-0.14799649495203,-0.17939188341968,-0.211713129869594,-0.243107952236365,-0.273484359127667,-0.299137503362244,-0.324605532610454,-0.348128722300064,-0.370448098477409,-0.392952589641126,-0.413419400702615,-0.434349282280461,-0.450741299238378,-0.468059457229001,-0.484636589173279,-0.502232702693892,-0.518346764121826,-0.543258882310063,-0.565855930966954,-0.588730935153842,-0.609475701745314,-0.630128193894049,-0.645594635920131,-0.662079493421671,-0.677360254360515,-0.695141765917931,-0.71403453349442,-0.733482646030016,-0.752930758565619,-0.770063801569875,-0.785900190518256,-0.799421226884854,-0.812294360799172,-0.825352892750293,-0.843319802344518,-0.861101313901941,-0.881013063054759,-0.895090010481343,-0.907407233335688,-0.916575520068725,-0.925188178792225,-0.931948272399877,-0.949543819819611,-0.968528578788415,-0.987883850780388,-1.00038618862109,-1.01270369452587,-1.01974259281482,-1.02529972206152,-1.02993071027551,-1.04798989431248,-1.06632675082899,-1.08466360734551,-1.09605468916715,-1.10735321349559,-1.11152084814279,-1.11513257173001,-1.11754019875453,-1.13495091423834,-1.15301009827531,-1.17106956536272,-1.1840358228711,-1.19737259340266,-1.20218897965345,-1.2058009862911,-1.20922731184151,-1.22330369316721,-1.23793570250245,-1.24710342313462,-1.25636426736084,-1.26451413861843,-1.26747795975336,-1.26896001184605,-1.28164831382444,-1.29526219073466,-1.31045039418031,-1.31748844331795,-1.32434137746921,-1.32554490793104,-1.32461876689833,-1.32276648483291,-1.33489887575132,-1.34842019516835,-1.35212504234964,-1.35694114554999,-1.36166440820672,-1.36027519665766,-1.35694142860043,-1.37296293253518,-1.39000313499581,-1.39676379470433,-1.40157961485425,-1.40750669102325,-1.40306166694693,-1.39648640527522,-1.41019283967863,-1.4251030875943,-1.42991862469377,-1.43454876375644,-1.43945685834911,-1.43371461411605,-1.42825032541297,-1.44279006030547,-1.45825593623067,-1.46649836498144,-1.47557437727174,-1.48344657604977,-1.43704866522371,-1.36138560352542,-1.25654994844808,-1.03854365204945
-0.770217636113766,-0.458898221344127,-0.0977969420140068,0.278747907288329,0.51748368154207,0.708526608736572,0.801822452412254,0.815085658955823,0.784471446204872,0.802367473857615,0.815267240221866,0.851241154440622,0.88667004721401,0.91592156752795,0.924097722149989,0.927459196749591,0.938814967057976,0.957347084436313,0.974970740189976,0.99541029380349,1.00885508161311,1.0138513429016,1.0188478818373,1.02965863070032,1.03919747775937,1.05037111150731,1.06463329266138,1.07471660587139,1.07735036717078,1.0797117565711,1.08461694957937,1.08879553987622,1.09451840387614,1.10469306301357,1.11604883332196,1.12068248737274,1.12504376952442,1.13530977458928,1.14621131408534,1.15756680674653,1.17264638124504,1.18500057086954,1.18509108385538,1.18091221591133,1.17482563408491,1.17055625315503,1.16892118881894,1.17528042019163,1.18336550653346,1.1925409134132,1.19635634117794,1.199263307318,1.2012615341862,1.20453138521119,1.20643854379916,1.21252484797839,1.21833878025852,1.22088258386648,1.22088313916088,1.2227006177046,1.22524442131256,1.22860561826497,1.23423769163186,1.24250408159253,1.24904433893689,1.25140600598441,1.25186023679674,1.25231474525626,1.24922647549734,1.24750062052822,1.24768247944148,1.24968098395687,1.25195186037136,1.23959683780527,1.18963311433154,1.09815419390519,0.9619804608399,0.779385782519331,0.581892833319107,0.406383711435458,0.260943503210193,0.148842892609887,0.0719895935169254,0.0183012329114816,-0.0293005458675455,-0.0680906355933351,-0.103337947100667,-0.134497181296974,-0.163021821252302,-0.187731033442893,-0.220888494507408,-0.252410891235827,-0.282389291908385,-0.311459230956276,-0.341346840995809,-0.364602847763552,-0.385950863001734,-0.406662788514324,-0.427374991674114,-0.447451105108323,-0.467164056010414,-0.488512626542991,-0.505954978677792,-0.524032865243786,-0.540021456661363,-0.556464001244078,-0.571270926196313,-0.59534377101411,-0.616146487159736,-0.638584545288648,-0.659024376549358,-0.681735361871739,-0.696815769311843,-0.713440450455001,-0.729247460606523,-0.748778830242559,-0.763313938590089,-0.779665692539785,-0.795745074590393,-0.810370973570961,-0.81990954298281,-0.832718518714042,-0.845527494445268,-0.859153863520936,-0.875505339823432,-0.894945641179236,-0.914658592081327,-0.929011841515613,-0.942638210591288,-0.95326682289386,-0.963168832485016,-0.970890201000329,-0.988059348294468,-1.00341184998646,-1.02112629637315,-1.0313004002162,-1.04183822188575,-1.04674369254122,-1.05301185563369,-1.05682728339843,-1.07463279806535,-1.09198380427273,-1.10978904129245,-1.11869152097872,-1.12877511183593,-1.12986515472666,-1.13186393688925,-1.13313583869322,-1.15148637480551,-1.16801998766845,-1.18755163495168,-1.20081484149525,-1.21644027038071,-1.22125522805034,-1.22897687421285,-1.23270123369736,-1.24778108584307,-1.25859100176451,-1.26731162253752,-1.27012779804457,-1.27757707230799,-1.27675967896354,-1.27839529859402,-1.28747991484073,-1.30392273707065,-1.31709515298117,-1.32754246166489,-1.33635442836533,-1.34126017666799,-1.34171440748032,-1.34253180082477,-1.35415911009066,-1.36524139791118,-1.36723962477938,-1.37069161236481,-1.37314462533974,-1.368693940791,-1.36796761572677,-1.38550048084741,-1.40076191425917,-1.40639370997887,-1.412842899043,-1.41565879690285,-1.40902719363107,-1.40312274836509,-1.41802157453914,-1.43146691764315,-1.43591843513348,-1.43918884145286,-1.44218659822595,-1.43500997350881,-1.43001343457312,-1.4450024960858,-1.46099080985618,-1.46880296900452,-1.44918025344106,-1.3914035378774,-1.29074893292413,-1.15875351250848,-0.997052618613761
-0.86341524753533,-0.717001816695307,-0.531702876156023,-0.313086650794896,-0.0715589334724018,0.273662918415122,0.544308945028137,0.725591644005452,0.846903286100081,0.900941208132941,0.873922526099672,0.870636662448882,0.897473168479096,0.916368139895349,0.936814815643887,0.952606099412404,0.959360560683355,0.959451509193301,0.968944469156397,0.987291796630847,0.999797216748574,1.00691714595827,1.01348943122616,1.01768840675749,1.02133973834703,1.03192826517687,1.04744614544923,1.05511399758388,1.05995212353327,1.06716328023608,1.07355311051776,1.07930379038138,1.09053118864614,1.10404066915435,1.10796596220636,1.11061323340541,1.1188284504987,1.12740885654758,1.1350761507159,1.1484938457647,1.1626416397415,1.16328023219324,1.16081513699725,1.15615974501723,1.15351275280134,1.15104849455483,1.15588634152107,1.16218494430964,1.17094780534473,1.17332111508129,1.17423394797868,1.17259129513645,1.17295648409204,1.17277402910582,1.17633385421909,1.18117142220216,1.19002495276404,1.19440610429842,1.19805715690479,1.20106933807626,1.2042642532171,1.20490368261833,1.20809887674232,1.21165925982191,1.2151284154084,1.2173195491419,1.21951040389225,1.22060569177585,1.22325240500858,1.22617280072062,1.22881951395335,1.23274424903904,1.23822096744017,1.24013813971121,1.21640560031188,1.15725614883346,1.05684815690238,0.912716808305817,0.724222952625695,0.538650050623937,0.374710618730583,0.238337512812295,0.134734047774047,0.0681904266403007,0.0209984723546578,-0.0192560077075123,-0.0528466960255198,-0.0835164306651691,-0.11126493264329,-0.147228930697872,-0.18155027591021,-0.215780672612603,-0.247455304592214,-0.277487283729588,-0.301494621540876,-0.32385846956044,-0.345674394655051,-0.367490319749668,-0.389944837296014,-0.411760483407473,-0.43421527993699,-0.450919396602887,-0.467805968254997,-0.483779985992891,-0.498932398326497,-0.513719900687683,-0.5377269595158,-0.561095146909024,-0.585193433230251,-0.609656908507061,-0.634120104800714,-0.65274111475448,-0.671088163245772,-0.687883507404779,-0.704039980128886,-0.719375126431863,-0.736261977067137,-0.751505895877009,-0.763463951036098,-0.774965589746494,-0.78619326699441,-0.79623442886563,-0.808466166504035,-0.827817554368981,-0.847899041161923,-0.867706566492397,-0.880394441596344,-0.892078256309789,-0.899837056954386,-0.906317835746015,-0.912707666027697,-0.933245569269339,-0.95341856253856,-0.973408821838405,-0.985914241956133,-0.998419383090703,-1.00334845755004,-1.00763838159132,-1.01201981210886,-1.03201035039187,-1.05227485013735,-1.07281331134532,-1.08595816086426,-1.09901150390694,-1.10394057836629,-1.10713521452397,-1.10941673880112,-1.12758105332303,-1.14382875354024,-1.15916389984322,-1.16820072234079,-1.17696386235904,-1.17669017987971,-1.17742027880773,-1.17924566561934,-1.19622374374771,-1.21393219978726,-1.23282717120351,-1.24907515040387,-1.26459275169307,-1.2717124019196,-1.27773648527937,-1.28156999287197,-1.29170210325313,-1.30283855300793,-1.30356920990226,-1.30621703906763,-1.30950373966789,-1.30767835285628,-1.30375333878743,-1.31990981151154,-1.33378392300902,-1.34209008861226,-1.35057898818487,-1.35961553169927,-1.35851996483252,-1.35660307154464,-1.36700886440512,-1.37978796700217,-1.39183697067121,-1.40178662606615,-1.41264911435849,-1.4166656349036,-1.41821761821905,-1.42205140479479,-1.43035784938119,-1.43720353814525,-1.44085459075162,-1.4445968708511,-1.4456921587347,-1.4439579994162,-1.4471531935402,-1.45619001603776,-1.45591605457528,-1.45591605457529,-1.45600700308523,-1.41374384427576,-1.33524272594924,-1.24551448834112,-1.10704259211507
-0.959826371491242,-0.766181162048624,-0.543170274151864,-0.279989479549295,-0.0072968095898176,0.32726651434026,0.572071286967465,0.752512143891744,0.87366818157393,0.925196343334744,0.894907475031561,0.893153103860162,0.897216437475775,0.903495878304684,0.928059614817017,0.95114585244223,0.965274523748601,0.978941176778333,0.994269910218038,0.998332397129418,1.00461127348884,1.01282938477728,1.02197125038424,1.02705006461033,1.03923950098768,1.05244470021027,1.06020163992629,1.06121740277151,1.06241802937434,1.06620449070567,1.07082185112461,1.07968712668203,1.09261545362031,1.10618981588861,1.10932911295095,1.10914424919335,1.11145264716807,1.11579285306798,1.11911757835741,1.12909118975622,1.1414654898912,1.14636000482917,1.14617542330631,1.14552910574156,1.15051562920621,1.15522528038658,1.1656600633578,1.17803408125802,1.19123899824586,1.19077726220396,1.18883802727496,1.18311261324937,1.18412809385984,1.18542072898936,1.19539349368394,1.20592056741658,1.21866431283201,1.21875716806293,1.21681849760341,1.21183253860823,1.21026303119443,1.21090934875919,1.2165421897886,1.22494544706939,1.23399502191491,1.23630341988965,1.23316384059256,1.23187120546306,1.22762329032457,1.22568405539557,1.22771586332075,1.23288696830827,1.23842751857625,1.24433779635945,1.22282163061752,1.16224361177643,1.06066506937665,0.917993148187289,0.73145743195696,0.54538373400327,0.384981826168556,0.253576151507503,0.147103376404502,0.0753519662660166,0.0201301984047938,-0.0300127552303402,-0.0720296061037323,-0.105458053703983,-0.135284903730521,-0.161603011414254,-0.186812783256593,-0.217563387601658,-0.248406847177649,-0.278696279950311,-0.308985430488224,-0.333364585477697,-0.352941516290613,-0.370763511462643,-0.386923143989963,-0.403175067278705,-0.42764566632537,-0.453686337255324,-0.479819581181448,-0.505768243584711,-0.525714901912844,-0.540767327537749,-0.554896281078868,-0.567547735732862,-0.580938080947793,-0.604393481618726,-0.628864645134883,-0.652320045805816,-0.677714399171015,-0.695905839623513,-0.709295620368959,-0.721300475223461,-0.732381857994172,-0.741339424313021,-0.762394136247799,-0.782433085337359,-0.803487515037394,-0.82518826230219,-0.843472557985601,-0.85575428512439,-0.867112540179394,-0.876531560305389,-0.886874052515176,-0.903865148599597,-0.920671663161158,-0.939879148693618,-0.958625180418924,-0.975709131734264,-0.989745512279208,-1.00193523089132,-1.01172397853252,-1.02335938810656,-1.0345330616387,-1.04589159892845,-1.06048200627672,-1.06851610051177,-1.07507269585972,-1.0817215819691,-1.08735470523325,-1.08966338544273,-1.10591587320096,-1.12216836095919,-1.13989834760454,-1.14894820468482,-1.15836722481082,-1.16002930522079,-1.16104506806601,-1.15947499618272,-1.17508060190671,-1.19216398875256,-1.21007855692077,-1.2215291027372,-1.23344166683028,-1.23639694683925,-1.23759785567681,-1.23769071090773,-1.25172737368741,-1.2670566715966,-1.28293999630912,-1.29060436302897,-1.29734497543029,-1.2973444109608,-1.29605121136181,-1.29438884871709,-1.31036446419103,-1.3281873060673,-1.34545612114024,-1.35404452441337,-1.36198632788699,-1.36013938371942,-1.35699952218759,-1.35404452441337,-1.3683577772426,-1.38359450215561,-1.39476817568776,-1.40446435033278,-1.41259045309453,-1.41222100781407,-1.41046635440791,-1.41822329412394,-1.43050502126274,-1.44398737500435,-1.44925105298805,-1.45414528569128,-1.45322181360749,-1.44869674394998,-1.44306362068582,-1.45294437685372,-1.46457978642775,-1.46614957607629,-1.46781193872101,-1.47002804593431,-1.41379023299312,-1.33151146688724,-1.23104097809411,-1.06676088263614
-1.01048359175253,-0.946246797246128,-0.837823913025001,-0.714430246301893,-0.634314777728666,-0.219584420297292,0.106229965597515,0.371436072907124,0.606519258742596,0.829444351184916,0.838517443460506,0.859839030060864,0.875444560208517,0.885424989442003,0.897673761070259,0.908651928193283,0.923713111626883,0.940498290741193,0.95274678506598,0.95873487622399,0.969985632659245,0.986589455303369,0.995571869343853,1.00237689652815,1.01380928673706,1.02279197808103,1.03104896624074,1.04556635756724,1.06062809560777,1.06171706633934,1.05963035771825,1.05346063278657,1.04955925024966,1.04701887314961,1.05228153842685,1.06026593727433,1.07124438170083,1.07550847717813,1.07859292368875,1.08485277224859,1.09229226977508,1.09882443034367,1.10934892898774,1.11996438317038,1.12377508747219,1.12241408203533,1.11987370493528,1.12214204733004,1.12477310266519,1.13048888181445,1.14019699903917,1.15081217591834,1.15126556709383,1.15017659636226,1.14890654646396,1.14600317912006,1.14418878250771,1.14700174892,1.1514480327779,1.15652906428147,1.16297110122191,1.16669140459211,1.17013939595354,1.17322411976764,1.17812351749755,1.18365821748008,1.1914609825539,1.19971741610668,1.20752045848398,1.21006139019098,1.20960799901548,1.20770292416806,1.21033425680668,1.20362018516095,1.16841623218324,1.09719222211194,0.984867123443475,0.817922114651314,0.623485794327099,0.443113196850432,0.288870905468946,0.16828965055118,0.0882651375165281,0.0367302285104022,-0.00536915258323681,-0.0447465228031507,-0.0856659776266502,-0.124498446525578,-0.161244484106872,-0.195540545519733,-0.227023917823788,-0.254515506659306,-0.279466995698243,-0.30332951400561,-0.327101354077871,-0.350510203906289,-0.373737419961039,-0.397599383661461,-0.417015618110927,-0.436431575256912,-0.454305170495854,-0.47081776029794,-0.486876958924534,-0.509922263902147,-0.53178847452004,-0.554925012339691,-0.577880193689149,-0.595391353291176,-0.609636155305435,-0.623971358251319,-0.637398946935825,-0.650644901846668,-0.673689929520811,-0.696009254010713,-0.718328855804092,-0.73937840769917,-0.7588855976872,-0.772586052987412,-0.785288493094617,-0.798172289672021,-0.811237720023086,-0.828114131979441,-0.845988281825322,-0.864860446864205,-0.876292559769653,-0.888722410564627,-0.898702285191173,-0.907684421928194,-0.916394523959916,-0.937262719384808,-0.957314533390361,-0.97682200068186,-0.996147834199697,-1.01329600355787,-1.02318575455626,-1.03234980237041,-1.04214887513371,-1.05067789799872,-1.06292666962698,-1.07717147164124,-1.09105300610816,-1.09840182539957,-1.10756531860679,-1.1135534097648,-1.11818021818247,-1.12380531909663,-1.14022778527055,-1.15574263718311,-1.17107613262547,-1.18078480445714,-1.1898581740362,-1.19285221961521,-1.19557423048892,-1.19938493479073,-1.21526249964367,-1.23086802979131,-1.24883258056882,-1.26271439233922,-1.27659620410963,-1.28285688457988,-1.28830090632731,-1.29120455097469,-1.30209231716609,-1.31225410286977,-1.31588317339793,-1.32014754617869,-1.32468423096822,-1.32386784954888,-1.3222350867102,-1.33539119529637,-1.3491820515282,-1.36315426423023,-1.37249911390763,-1.38311401348333,-1.38610778175886,-1.38746878719572,-1.38810408944834,-1.40071585132045,-1.41069655785741,-1.41124118187493,-1.41142253834513,-1.41187592952061,-1.40625055130298,-1.4022582132275,-1.41750103043476,-1.43455879886131,-1.44290646525612,-1.44962081420532,-1.45687978717203,-1.45379506335793,-1.44943973503859,-1.46350262597572,-1.4791078788199,-1.48872476320259,-1.49707159768699,-1.48645586620088,-1.42339788875074,-1.32069078367886,-1.18858673762055,-0.993062001171715
-0.95531554504508,-0.875665532189789,-0.778173905326339,-0.68068255667733,-0.625064429184527,-0.213614480665109,0.0986139035849621,0.362142240679154,0.611379258270921,0.842410479148785,0.85433530659998,0.878913326913866,0.897301075873426,0.903854973504614,0.913777213395879,0.926794588964308,0.942542917504151,0.962933810452535,0.978773393329654,0.990425292412376,1.0039888029322,1.02301366296598,1.03056885437713,1.03147861560539,1.03666703675086,1.04194615580471,1.04622425929306,1.05778462582407,1.07489815263518,1.07844816892647,1.0762636291209,1.07043781868676,1.06597748473833,1.06069753104114,1.06351918192094,1.06934471414064,1.07999504122895,1.08627601049166,1.0931033929202,1.1037542764374,1.11567966031749,1.12551092408593,1.13798216470296,1.14881500046581,1.14872402434299,1.14535596029735,1.1418062222205,1.13916652358634,1.13807397546912,1.14444592085465,1.15354881921161,1.16128596286841,1.16656536013671,1.16956924147661,1.17211796398793,1.17393832108778,1.17666927405918,1.17994664019645,1.18477143506506,1.1853178482309,1.18550007869099,1.18458976103386,1.1875933641593,1.18995985621053,1.19651375384172,1.20270346876716,1.2096215491041,1.21053186676123,1.2109870255898,1.20980350134975,1.20670864388702,1.20452410408144,1.20470633454154,1.19451116628179,1.15190985792853,1.074353408756,0.954377325261418,0.788795773859241,0.598727456480453,0.426227824741346,0.278214958978862,0.161698193867189,0.0814110699376774,0.0286148715391238,-0.018537746885397,-0.0597735787529399,-0.0981874815262397,-0.128227129568521,-0.155627078976657,-0.179112829387745,-0.201506309896051,-0.222716544378737,-0.254030692783903,-0.285800000017634,-0.31756902903693,-0.349246803718951,-0.380105236866657,-0.403863359217342,-0.42616502895949,-0.447283452676023,-0.466126360464148,-0.483694767889394,-0.50080829470051,-0.51946925024299,-0.534125030665599,-0.550236985482315,-0.567168281833339,-0.584463482675665,-0.599665119835232,-0.621693861208908,-0.643449952428551,-0.66438698032831,-0.680863674279645,-0.69788650318238,-0.71172349849957,-0.724649897945177,-0.737120860347777,-0.758421514524402,-0.779267009872456,-0.799930274760424,-0.820502563525564,-0.838708360239467,-0.853273164539254,-0.867018905519174,-0.880036281087603,-0.893417839361781,-0.910531366172903,-0.926188162161048,-0.941935656057574,-0.956044745099895,-0.968879333779355,-0.980166493727439,-0.990634590355663,-1.00101171086105,-1.01493912587218,-1.0301410412462,-1.04516100437456,-1.05899772147731,-1.07228858184309,-1.08312141760594,-1.09240654642299,-1.10123651641147,-1.11297911340258,-1.12544951937629,-1.14001376724719,-1.15430508674961,-1.16814096920903,-1.18052067727436,-1.19199034589699,-1.19954553730814,-1.20901234015639,-1.21866137346474,-1.21948043678461,-1.22093661117871,-1.22412272297869,-1.22557945380167,-1.22639907355043,-1.24442319623313,-1.26099086630729,-1.27564664672991,-1.2881176091325,-1.30031564316662,-1.30341077884378,-1.30705204947234,-1.31306009036657,-1.32334623474915,-1.33490660128016,-1.33991307017998,-1.34410047575993,-1.34719561143709,-1.34719616786599,-1.34573999347189,-1.35775579704592,-1.37095484664556,-1.37650745049678,-1.38306106991352,-1.38979719800479,-1.38943329351349,-1.38825004748787,-1.40308778015615,-1.41783453670159,-1.42484359316134,-1.43121526033244,-1.43694981642931,-1.4334904980464,-1.42975825129502,-1.44159182440895,-1.45533700895998,-1.46380251802827,-1.47217705097374,-1.47936805967914,-1.47882192472774,-1.47590929772512,-1.48519442654217,-1.4912024674364,-1.47618306073692,-1.413282391987,-1.31615466961485,-1.18052206834658,-1.00429074628497
-0.861288978458909,-0.730063521387477,-0.565848460257574,-0.360854318483534,-0.137532556660103,0.213532195966023,0.505765282632082,0.714516365256122,0.839877028723934,0.893760310090446,0.862237184509002,0.854540133037415,0.874059196830355,0.907690455241539,0.947827881532957,0.963131239818641,0.964505573257663,0.967437970059473,0.974219172673181,0.987506543167132,1.01188240666783,1.03653302482588,1.04157327438132,1.04047369559967,1.04322320270601,1.04954648089078,1.05623637869481,1.07080677781809,1.08629358595145,1.09014211168724,1.08684281519007,1.08345193380711,1.08620116083735,1.08913355763917,1.09848053743544,1.11222611243443,1.12578823758574,1.1283534546161,1.1289945488166,1.12945275332165,1.13247673500925,1.13715036494543,1.14622287016044,1.1572194982053,1.16537503425803,1.16510027960067,1.16170995836992,1.16235161272263,1.16372650631385,1.16656759830599,1.17463154947292,1.18498624308896,1.18791835981467,1.18718484050007,1.18580994690884,1.18562677713727,1.18617684660419,1.1922250900555,1.20028960137464,1.21018693071395,1.21641834393683,1.21825116195699,1.21660179378451,1.21577696966021,1.21531876515518,1.21696841340376,1.22209996776889,1.22979729931657,1.23547864307251,1.23593628742535,1.23547780284421,1.23382843467172,1.23566153276799,1.23905241415095,1.22338299639822,1.1710580584706,1.07978685791901,0.935457200125192,0.745491942055578,0.552685591993838,0.383888485813534,0.243773973374762,0.144529846389809,0.0792835974352903,0.0324568334920552,-0.0097878854007858,-0.0494668271110616,-0.0901537627172104,-0.125617559072438,-0.158607443207006,-0.187840386491567,-0.214690442289035,-0.238882855942053,-0.261425901422588,-0.287450853019669,-0.312559395606661,-0.338401177432161,-0.361402427417737,-0.381929205030437,-0.396866223772972,-0.415285428708154,-0.428573079278199,-0.445526085812473,-0.46788596152144,-0.494186227928083,-0.514988040274243,-0.542204435614867,-0.560532055664253,-0.578309606246711,-0.59242180086496,-0.610658116104663,-0.624220801408181,-0.649421208957072,-0.67113971038941,-0.693865925641519,-0.714759042797369,-0.736018779572475,-0.750772628543435,-0.765159577819042,-0.780554801066617,-0.793567416903203,-0.80822940091227,-0.822799519959459,-0.839935696265301,-0.848457851937276,-0.860829093497252,-0.870451388103094,-0.882364705234129,-0.890887421058308,-0.914347155625033,-0.934782628428044,-0.957600428565944,-0.976661007777736,-0.996088206608779,-1.00625973045324,-1.01743924819357,-1.02559478424629,-1.03576630809075,-1.0474953351458,-1.06133221495447,-1.0740695159815,-1.08451607455942,-1.0937714694699,-1.10266052483723,-1.10962517729862,-1.11658982976,-1.13015223498742,-1.14481421899648,-1.15901827857662,-1.16992360181179,-1.18092050993275,-1.18907660613768,-1.19622470844675,-1.2019063322788,-1.2155600423159,-1.22958037197226,-1.24268457269463,-1.25313113127256,-1.2649523033656,-1.27182537094119,-1.27824023401176,-1.28492985173968,-1.29620151451799,-1.30646490332434,-1.30866406088766,-1.30921385027848,-1.31049659883171,-1.3082971611923,-1.30628145347667,-1.32149350695267,-1.33936292249702,-1.35448339108723,-1.3676794567715,-1.37959221375033,-1.38243302566636,-1.38234144078057,-1.38408267391494,-1.39269669454881,-1.40387677244134,-1.40506821618488,-1.40836723260596,-1.4102913554358,-1.40818322260607,-1.40286765824106,-1.41780411683139,-1.43081645259188,-1.43539849764228,-1.43842303948209,-1.44337226430394,-1.43677507169012,-1.43292682603043,-1.44758909011561,-1.46555009054574,-1.47168935873063,-1.47874475584949,-1.48222610181382,-1.43961392307342,-1.36611999302818,-1.27209956544635,-1.06536475069015
-0.804577587660317,-0.477792878383285,-0.109943847950397,0.272895543669054,0.512011060740568,0.691438911866848,0.765118173940608,0.781561839634742,0.767389205191551,0.803092904103763,0.834072113868786,0.878497028157089,0.901572749289405,0.911021172251526,0.911475711701067,0.911748657503687,0.923286795735973,0.946635185004784,0.964714304185667,0.971618750094219,0.972345402348004,0.975616031655365,0.981066895390215,0.992604478290244,1.00832121406446,1.0221303835477,1.02603686828539,1.02403822750481,1.028217380379,1.03448624852335,1.04429785877931,1.05810675059641,1.07691252203107,1.08254525707897,1.08363537429271,1.08136434304177,1.08236394109818,1.08145569519748,1.08572564489513,1.09417474746696,1.10344129911604,1.10580340485658,1.10789284246061,1.11007335455423,1.11243546029476,1.11616035138553,1.123791727214,1.13042378265217,1.13878208840055,1.14205271770791,1.14432402662499,1.14468749158495,1.14850317949918,1.15186432796387,1.15840530891246,1.1636745790004,1.17012476312554,1.17121488033928,1.1689435714222,1.16703572746508,1.16930675871603,1.17212284857385,1.17811877091558,1.18720372891774,1.19483510474621,1.19528936652962,1.19574390597917,1.19419952698201,1.19574390597916,1.19892346079694,1.20628216848891,1.21264127812446,1.22154436481359,1.2061908163332,1.15440663902068,1.06346626217555,0.929645072373148,0.752125342870113,0.563976276367748,0.396177637963328,0.255724948055009,0.148795722631408,0.0714831992887185,0.0163378735115069,-0.0313579477502759,-0.070968409066305,-0.107035850604604,-0.136834423998556,-0.164452762965015,-0.189617921701358,-0.2218693976593,-0.254756729047567,-0.285463826008346,-0.314172282188552,-0.341336637037719,-0.362232123742546,-0.380311242923423,-0.399571553807632,-0.418013860282345,-0.439635721574827,-0.461984512787226,-0.485241827566457,-0.503774653198494,-0.523761338670358,-0.540840859794823,-0.557466396802003,-0.573546875202306,-0.596077815393876,-0.61760943519516,-0.639050258172977,-0.662035182481832,-0.680568563446125,-0.696376651376052,-0.711185418915693,-0.726902432356041,-0.739439890978608,-0.759517650940064,-0.778777406492023,-0.798854611121217,-0.811664182548034,-0.824836941268682,-0.832831504390981,-0.840917142002854,-0.84773106875407,-0.866355246541829,-0.885252092466077,-0.906419969641268,-0.926588526426185,-0.946211746938094,-0.959657173795242,-0.971830889791722,-0.983005285397934,-0.993816216044166,-1.00680793645015,-1.02079925491255,-1.0356080224522,-1.0478730906044,-1.06077401418692,-1.07267533971304,-1.0829412117524,-1.09311628696832,-1.10719784692192,-1.12155207501202,-1.13508857635875,-1.14644456561186,-1.15761868355194,-1.16597643396806,-1.17215367229058,-1.17787664882968,-1.18750638777258,-1.19777225981196,-1.20340499485985,-1.21130903882481,-1.22003108719928,-1.22702688526354,-1.23311415976097,-1.24946730629777,-1.26536619105116,-1.28044707139505,-1.28798737273394,-1.29452835368253,-1.29580006454319,-1.29570926771973,-1.29498261546594,-1.30897365626222,-1.3241456110957,-1.33123192831728,-1.33904462012654,-1.34631225332892,-1.34531265527251,-1.34267788139548,-1.35485159739197,-1.36693479423113,-1.37992651463711,-1.39028346116606,-1.40227586118176,-1.40618262358558,-1.40927165924603,-1.41354160894367,-1.42498867268637,-1.43489107976578,-1.44134126389092,-1.44788224483951,-1.45260645632058,-1.45215219453716,-1.45315151492745,-1.46241806657653,-1.46932251248509,-1.47295605142015,-1.47731652027512,-1.47940568021302,-1.47704329680637,-1.4788600662739,-1.48867195419598,-1.49058007581923,-1.46559706606205,-1.40345677521896,-1.30588517593403,-1.17188267015084,-1.00471988717676
-0.883478793167714,-0.750994660302861,-0.581572420509469,-0.377406552345523,-0.155411558884618,0.211959465288405,0.493385062702303,0.687585377022466,0.818789653552723,0.887180369626352,0.857099274649429,0.85892768076238,0.888459667071728,0.910768848429021,0.932163966452157,0.950724677750001,0.959685069315269,0.962702512263084,0.976051302055115,0.998725996968234,1.01097768720358,1.01609795087581,1.02679564960969,1.03438480645141,1.04261389146042,1.05824909708863,1.0800100081122,1.08549578534027,1.08814715584303,1.08604405567399,1.08695783956354,1.08613431628449,1.0928085714582,1.09975724124338,1.10734611864048,1.10871791225326,1.10935839930979,1.11457004137099,1.12179312576765,1.13029634594354,1.14126790039967,1.15214807646683,1.15324545546814,1.15196559913353,1.14821684962946,1.14858292207451,1.15178340124486,1.16019524303178,1.16924701298601,1.18076739666509,1.18341848772325,1.18076627888664,1.17527994276934,1.17482249193533,1.17427366271238,1.17939392638462,1.18780604761616,1.20124649524176,1.20453807335644,1.20636703835862,1.20563573180237,1.21048158086313,1.21185337447591,1.21980804487345,1.22776243582637,1.23781992694832,1.23589986300181,1.23562544839033,1.23151118533044,1.22767133688202,1.22401424521152,1.2266658951589,1.22730610277081,1.23087181605237,1.21029938297444,1.15196587857815,1.05248834635986,0.910678028929301,0.727540926898826,0.546415546648439,0.38759934775535,0.257218315059536,0.161307055012021,0.0919108972152647,0.035132222654286,-0.014514745898989,-0.0576699366118491,-0.0974424502656804,-0.128712023188254,-0.156049810384223,-0.181741948245164,-0.208714501329933,-0.237698217305551,-0.26732186144847,-0.296397235257659,-0.324466887899113,-0.349427439759182,-0.37109669294918,-0.390662845970138,-0.410045962768574,-0.428971908177619,-0.449818196977793,-0.470755864166931,-0.49215098219006,-0.506780466650532,-0.522598429056648,-0.536496327516248,-0.549479883197072,-0.562371781044324,-0.58714929668187,-0.609640955372466,-0.632223992452014,-0.656269922088688,-0.675653038887124,-0.688544936734376,-0.702259798971453,-0.715883282819578,-0.728501045499962,-0.747884721187624,-0.768182460209455,-0.788754613842766,-0.806858153751225,-0.824230387103418,-0.838859592119277,-0.851111841243842,-0.86126126964398,-0.876439303882795,-0.891068508898654,-0.905971849081368,-0.922794973765993,-0.936783412280712,-0.94684034451344,-0.959000376915214,-0.969971931371344,-0.979480593270342,-0.996852547177923,-1.0153216006422,-1.03123038254804,-1.03891035888948,-1.04677337145345,-1.05107039129125,-1.05417893318341,-1.05792768268748,-1.07795128654244,-1.09852344017575,-1.11781573747446,-1.12951915737607,-1.1415880908335,-1.1446052543367,-1.14597648906026,-1.14807930978468,-1.16563402047018,-1.1822746678215,-1.20083537911934,-1.21217328546513,-1.222870984199,-1.22597980553578,-1.22881421226107,-1.22835704087168,-1.24472299416691,-1.26063177607276,-1.27663221581217,-1.28806094165768,-1.30067842489345,-1.30259848883997,-1.3048840663423,-1.30588950806543,-1.31686134196616,-1.32957020359089,-1.33423329587374,-1.33798232482243,-1.3421882457159,-1.34072507371416,-1.33578756681983,-1.35105614111375,-1.36687326518603,-1.37939909058823,-1.38918216709871,-1.40134247894509,-1.40161689355657,-1.40170855139014,-1.40884053684247,-1.42063533513303,-1.43316171942447,-1.44065921843261,-1.4469679600505,-1.4476078882178,-1.44669382488363,-1.44312811160208,-1.45117443983319,-1.46123221039977,-1.46735847468436,-1.47275287352346,-1.47796423614005,-1.47741512747248,-1.47467181969152,-1.42977848347622,-1.35745598167598,-1.24682413822365,-1.0706362648676
-1.00252220428395,-0.892911853448012,-0.742060793838908,-0.583289198691122,-0.466304508173391,-0.0768401506406041,0.224953789582595,0.464567936460558,0.666583051271968,0.852484414445765,0.858310874579959,0.88052432340295,0.897093562874358,0.913662802345765,0.929685845960272,0.938698773212751,0.945708889574784,0.954448579776084,0.956906600254851,0.959000397413871,0.966647695901374,0.982306516196127,0.996144776383045,1.00424756270434,1.00716107101691,1.0145354106987,1.02245566799191,1.03092212114202,1.04548827147751,1.05941723968753,1.06132906430941,1.05650428786591,1.05359133604428,1.05167978966788,1.05340964175261,1.06078398143439,1.07289238953658,1.08363489062832,1.08836868080325,1.08927909997991,1.09182810672724,1.09637964611957,1.10165991039686,1.11076382391792,1.12150632500965,1.1298817918912,1.13106544811903,1.1298817918912,1.12605814264745,1.12560293305912,1.1258761701103,1.13161164397593,1.13898598365771,1.15009270806921,1.15400734358153,1.15728451872292,1.15719325420888,1.1630194360976,1.16666083455874,1.17558249729718,1.18577880253202,1.19724975026327,1.1966125681378,1.19643059560066,1.19333511475095,1.18878301886769,1.18687091600035,1.19069428699863,1.19433568545976,1.20007143757086,1.20699056766432,1.20917590758285,1.21190744335827,1.20262155730008,1.1653864703078,1.08900502819231,0.974204842856706,0.814795787337977,0.632445114602217,0.455010482824004,0.303248447547309,0.181074200775392,0.0938587148086513,0.0362307391012142,-0.00765024093334093,-0.0457957471022702,-0.0792981711193707,-0.110069337606514,-0.146120490125487,-0.179804608434262,-0.21221408424663,-0.243440182076626,-0.271298118496669,-0.29342085929656,-0.314906417970981,-0.335299306686137,-0.355600930887251,-0.379999163137831,-0.404306130874368,-0.42833986155972,-0.451645702096514,-0.47258478666856,-0.49061036292805,-0.508909176238718,-0.526206862349638,-0.544869898980066,-0.566537151946161,-0.588659892746053,-0.6100544651519,-0.631903968900606,-0.651750383513399,-0.669503000967172,-0.68634519924429,-0.702732187933087,-0.718390729982367,-0.735324192773533,-0.752712586907547,-0.769827743990382,-0.786214454433712,-0.802146233534182,-0.815983937230164,-0.828638262943769,-0.841110616120237,-0.854948598061693,-0.868968552540286,-0.884809345372188,-0.900923375255268,-0.910573484633223,-0.920041343228549,-0.929782438875072,-0.937338472848527,-0.945258730141741,-0.966106828445224,-0.985862813280385,-1.0049813377446,-1.02619393761331,-1.04467500170659,-1.0560546849238,-1.06661465698746,-1.07699265651398,-1.08545883141862,-1.09729372422416,-1.11067649657728,-1.12442377049563,-1.13161613764027,-1.13817104441397,-1.14381553201103,-1.14718397166645,-1.15082509188212,-1.16639236941737,-1.18368977728282,-1.20107817141684,-1.21027307120645,-1.21837585752775,-1.21992401532081,-1.22047048942318,-1.21874091558392,-1.2332163578963,-1.24914841524224,-1.26608159978793,-1.27409284334971,-1.28401618977885,-1.28629223772047,-1.28738462943427,-1.28774885275402,-1.30504653886494,-1.32134254128517,-1.33854868463657,-1.35001935412235,-1.36158128812217,-1.3644942399438,-1.36585959046331,-1.36467621248094,-1.37487279596125,-1.38525107373325,-1.38497811492753,-1.38588853410418,-1.38789106674916,-1.38261052422639,-1.37651082704101,-1.39198711830769,-1.40828284248243,-1.42466983117123,-1.43787035274174,-1.4517990427063,-1.45443903572222,-1.45644184661266,-1.45771621086359,-1.46864096273795,-1.47810937782423,-1.48147809572511,-1.48284400273556,-1.4852115934367,-1.48084202658153,-1.47783781024586,-1.46855192418766,-1.41656871432276,-1.33035463380124,-1.21464402928898,-1.05013668203009
-0.913428703862505,-0.770908588094372,-0.590959793214351,-0.36893779519687,-0.133528868908379,0.210067657832175,0.496747264121881,0.697732382238742,0.818395930729546,0.871305707152321,0.848538994638362,0.848447980114696,0.874220120232675,0.910829668631592,0.95144580439482,0.966562843611061,0.967382530987781,0.971754011442374,0.97985875735841,0.994793767527325,1.01974649860046,1.04442562943885,1.04743050037911,1.04442535110697,1.03868809613368,1.03777711590142,1.03905215422833,1.04943421155908,1.06109102888487,1.0737495626347,1.07894073046601,1.08167283616716,1.09105262041011,1.10207150107462,1.11263503078894,1.12656804620193,1.14168508541817,1.14368851826626,1.1415940708945,1.13776951257752,1.14077494018154,1.14341575302715,1.15361522464682,1.16590942197012,1.18057138856805,1.18029834499706,1.18011687261349,1.17620157810472,1.17529115453621,1.17346975073544,1.18002641475358,1.18603615663411,1.19441366778925,1.19596119302339,1.19586962183598,1.19404793970333,1.19195349233158,1.19286419423197,1.1982373911106,1.20461258274516,1.2123538272303,1.22127881718682,1.2247398740729,1.22546882525783,1.22665284906109,1.23284545498457,1.23994848447656,1.24814424491626,1.25870777463058,1.26763220792334,1.26435345841645,1.25806983796931,1.2530609775172,1.24832516063607,1.22264375670988,1.16745694720427,1.07156298741176,0.931865991868445,0.742810734648354,0.549384275305532,0.377540504673435,0.236568470803201,0.128562621066602,0.0603529413846296,0.0107210794731047,-0.0321718110410825,-0.0712398649064045,-0.106392067599208,-0.139813602683029,-0.171687055868946,-0.202103163348753,-0.231335525357183,-0.258290854282784,-0.284427052495415,-0.309106183333806,-0.331873174179646,-0.3530918047957,-0.375859073973415,-0.396986690065808,-0.418478364252854,-0.441609134861471,-0.463556159998709,-0.48495654133022,-0.506448215517259,-0.526665129709273,-0.544605567482214,-0.564731467150555,-0.582580612067948,-0.600338742461676,-0.617823829284411,-0.635308637775266,-0.651063335320901,-0.667911042146123,-0.683939061594619,-0.70133285556182,-0.719728644284942,-0.738670798481923,-0.757066308873163,-0.773822722842845,-0.789850742291347,-0.804239386986409,-0.817352993354551,-0.830648907101901,-0.847405321071582,-0.862795682190684,-0.879005730686512,-0.895580393940736,-0.904596398420909,-0.911517677197454,-0.919258365018838,-0.926361394510827,-0.932917501865208,-0.952769522966938,-0.97362353882459,-0.992838458260688,-1.01287306507349,-1.03236158474433,-1.04483781111496,-1.05567466273214,-1.06796886005545,-1.07844193190986,-1.09019004209119,-1.10357724869407,-1.11687344077329,-1.12397674859716,-1.1322638018924,-1.13945784590805,-1.14473974993115,-1.15075004847543,-1.16723314054225,-1.18207685785562,-1.19682956064533,-1.20493430656137,-1.2116732779587,-1.21221964343256,-1.21367698913868,-1.21504332032113,-1.22988759429826,-1.24546026279656,-1.26203492605079,-1.27287205599985,-1.28416425856724,-1.28817084593155,-1.2918133752012,-1.29427188066761,-1.30693013608556,-1.31858695341135,-1.32669225599113,-1.3336132564358,-1.34199132425471,-1.34463185876844,-1.34727239328217,-1.35792693752016,-1.37058547126999,-1.38251533216676,-1.38697782714502,-1.39116700022041,-1.39062063474655,-1.38861692356658,-1.3857027888181,-1.39872565899446,-1.412476923692,-1.4148449712985,-1.41630231700462,-1.41775938437886,-1.4115665001235,-1.4040988558731,-1.41957995318399,-1.43779315619604,-1.44680860401245,-1.45409394088364,-1.46156158513404,-1.45737269039053,-1.45036067542221,-1.46256413655372,-1.476589001486,-1.45327592349819,-1.40309797444468,-1.31285025510181,-1.09392442088013
-0.847489586262993,-0.54005481473354,-0.19034670507739,0.164803954768484,0.363651948195325,0.57066432142027,0.675168493738699,0.720254047177385,0.734405786697706,0.803621827689224,0.829657069180078,0.866215036465662,0.894245972111679,0.910393405787144,0.917559938507667,0.927085371738344,0.94831325827558,0.96527721310789,0.976162868000847,0.982512879564539,0.98650426787484,0.991312177341986,1.00274264176744,1.01907195587717,1.03032109438189,1.03358690175248,1.0319538594388,1.03286048904249,1.03594413872207,1.0421122698515,1.05345151680307,1.06615181718721,1.07086934095074,1.0715048134436,1.07867162342088,1.08438699426199,1.09128126084465,1.10171332367902,1.11386909178742,1.11350616268919,1.11287096745308,1.11169179445478,1.11740716529588,1.12357585093884,1.13663880316445,1.14933882629183,1.15940796002796,1.1565954674592,1.15187822095244,1.1475239035439,1.14852202787824,1.15115319452624,1.16031569865868,1.17047577261194,1.17700738735312,1.17464876409974,1.17192693449135,1.16802593188466,1.16938670806047,1.17464820958622,1.18381043646189,1.19324520673221,1.20385942725759,1.20340611245574,1.20086616328161,1.19723770406954,1.19614891677484,1.19351775012682,1.19769046435787,1.2014095865303,1.20676147375966,1.20721506581826,1.20812224993547,1.18997884484809,1.13954112692329,1.05209157239753,0.923910504584881,0.751460404490375,0.566945476504593,0.398577427680767,0.252434835214977,0.138224181001909,0.0595739242535947,0.00342111274444399,-0.0441134496512333,-0.0843910936227735,-0.119770165166809,-0.15188342934025,-0.184178296691194,-0.212572438692195,-0.240603374338206,-0.267908451787744,-0.289680038830435,-0.309364991500839,-0.329231547348745,-0.347556278356857,-0.365064488208143,-0.392188239736944,-0.417951492346694,-0.444802977737634,-0.469658491716659,-0.492155659699064,-0.508575082255639,-0.525448096870819,-0.541232878704815,-0.558197110793883,-0.580059915310449,-0.60319283304247,-0.625690555538385,-0.647643745758577,-0.670685446016711,-0.689644817747413,-0.706699158283318,-0.723844161779608,-0.739991595455073,-0.755050519092604,-0.771107289807703,-0.787980304422883,-0.798412644514,-0.809661228505202,-0.819367433143095,-0.828529660018769,-0.837238572092602,-0.857287008374767,-0.876972515558693,-0.89729321797872,-0.916797121985151,-0.933851462521068,-0.945462698353739,-0.956620342127818,-0.967324393843287,-0.979389498991321,-0.99481107447032,-1.01023264994932,-1.02592649156619,-1.03844518877283,-1.04951216958653,-1.05930931444156,-1.06819955243613,-1.07654553541173,-1.09187672518712,-1.10711725200215,-1.12308335975688,-1.13369702576874,-1.14421975156346,-1.14975324197031,-1.156103253534,-1.16036690798216,-1.17506290252146,-1.18957784839677,-1.20563461911187,-1.21588563328225,-1.22613664745264,-1.23121682305764,-1.23566152616979,-1.23938092559899,-1.25226255190387,-1.26596042210882,-1.27766259815862,-1.28854880756511,-1.29843689263725,-1.30306347618366,-1.30705514175071,-1.31413101151088,-1.32410948228664,-1.3339063498849,-1.33608309270403,-1.33807850960242,-1.33816917256279,-1.33562894613191,-1.33463109905432,-1.35105052161091,-1.36665342301064,-1.37554310649169,-1.38280030217259,-1.38887832485517,-1.38452400744663,-1.38116781437243,-1.39178203489781,-1.40656896965423,-1.41954125891947,-1.42997387626735,-1.4403155533981,-1.44303682849296,-1.44321787715694,-1.44739059138799,-1.45909249018103,-1.4702501339551,-1.47678174869629,-1.48422082481144,-1.48830343059564,-1.48785011579379,-1.48739680099194,-1.49728460880733,-1.50426953835036,-1.48276994018878,-1.42507502658309,-1.3398931550936,-1.19511133880362,-0.934394885769765
-0.680106172546261,-0.379418568462867,-0.0370443726984654,0.286933180920047,0.454948090568332,0.643443875005512,0.727632748086286,0.751647539724621,0.75500031529186,0.813633587937891,0.831395681647221,0.866738727783705,0.893019724270537,0.905616798667373,0.908154438464736,0.917217042063259,0.934163446053841,0.948300498323771,0.960534182258466,0.970230226395793,0.975576386990495,0.980197982456421,0.992341372724439,1.00720354407203,1.01508817538741,1.01943833590447,1.02569131080791,1.03040375388936,1.03701956530606,1.04834754282978,1.06157888868873,1.06638245636016,1.06837639533649,1.07526364170204,1.08314771906854,1.09257205128258,1.10589313685931,1.12148015031012,1.12401751313304,1.12356438295312,1.12048359628361,1.1212995629768,1.12220582333665,1.12900277603554,1.1377025431208,1.14739886423257,1.14848598890018,1.14866713018237,1.14703575074486,1.14821400000245,1.1490296897212,1.15564522416346,1.16217018796462,1.1715947971531,1.17404131236048,1.17594440372129,1.17721322361996,1.17938802690406,1.18120054762377,1.18709123996281,1.19425047522609,1.19968776041076,1.20276882405471,1.20421878523558,1.20584988769865,1.20802469098275,1.2109246133445,1.21491221432274,1.21998721694302,1.22252485674039,1.22143773207278,1.22007861850745,1.21808523347998,1.20005142784734,1.14975563972218,1.06212286648418,0.931988088820875,0.75771965032029,0.567320497547876,0.394592867843692,0.249233636268402,0.141845107319175,0.0705244666096491,0.0220406452553136,-0.0179245502959746,-0.0527244495603019,-0.0949552960112148,-0.135101632844692,-0.172800900521901,-0.208687647479407,-0.242217895921751,-0.26858863212637,-0.292331157892531,-0.315167700273279,-0.336735422755346,-0.360025095316016,-0.382680773389005,-0.407511531720524,-0.425092207173229,-0.442310600061549,-0.45744476030687,-0.472488072936655,-0.485447152923439,-0.510096769972769,-0.535380658484222,-0.560936258918958,-0.587035837149165,-0.610598052556445,-0.628541564522418,-0.64594137566737,-0.662888333606824,-0.678113341467682,-0.697869097178917,-0.716809440145834,-0.735024941009534,-0.746896619354269,-0.7591305802634,-0.768193183861924,-0.776983521588279,-0.785864152981287,-0.806525615103506,-0.82718735420016,-0.848573935400031,-0.868239120470172,-0.887814011873654,-0.900229944988294,-0.913008160667313,-0.925332969191981,-0.942279373182564,-0.958500658095499,-0.976534463728125,-0.992484036717764,-1.00680278421877,-1.01767763156255,-1.02791793046978,-1.03707055076052,-1.04712943141111,-1.06045051698785,-1.07313760807691,-1.08718436668018,-1.09950945217928,-1.11147197813955,-1.12089714127691,-1.13068458697865,-1.139474924705,-1.15062120699765,-1.16267374965014,-1.16974213729789,-1.17517942248257,-1.18079812592387,-1.18514828644093,-1.18795791513603,-1.20064528319951,-1.21605115536813,-1.22982564809923,-1.2354440745661,-1.2415156312129,-1.24242161459831,-1.24169649552066,-1.24287446780381,-1.26045542023095,-1.27830808458139,-1.29516419490531,-1.31102347422828,-1.32497993916489,-1.33014551242628,-1.33449567294334,-1.34029551766684,-1.34944841493203,-1.36041355594247,-1.36548855856276,-1.36992901274648,-1.37355405418589,-1.37473230344347,-1.37437002087908,-1.3856074277617,-1.3982042251841,-1.40318838018884,-1.40636001447389,-1.41070962104208,-1.40889682334794,-1.40563434144736,-1.41841255712639,-1.43418126580826,-1.43844085568423,-1.44487524884429,-1.45139993567102,-1.44859003000149,-1.44369589168896,-1.45928290513977,-1.47160771366443,-1.47523275510384,-1.48058002359629,-1.48638042226867,-1.48139626726392,-1.45049367531116,-1.40155727772578,-1.31881836582587,-1.1936677431673,-1.02021527135992
-0.877460279988778,-0.71606013778366,-0.518985644608803,-0.312057566202204,-0.094272028134552,0.241393185941357,0.510089379129677,0.698039490304094,0.832250251299246,0.898944879842825,0.867102540652978,0.854967650780621,0.870295697900222,0.892193266597667,0.9204774286436,0.948578941314201,0.962629837076511,0.962812486451843,0.963816082027149,0.972483701162259,0.983979736501955,0.996935572574293,1.01007377916795,1.01828491429172,1.01947060153434,1.01910530278368,1.0241230018062,1.02987074062204,1.03716974428519,1.04793601868558,1.06089185475791,1.06627513138511,1.07229698369096,1.08196847725538,1.09273475165577,1.10277126511685,1.11663951150382,1.12831819621885,1.13032538736946,1.12631072621423,1.12402942157361,1.12284317662297,1.12375530808361,1.12950332575346,1.13953956036053,1.14510548636307,1.14638291657437,1.14610936079239,1.15112733866891,1.15724037623542,1.16563388188053,1.17731228774155,1.18899069360258,1.19154555402518,1.18908215771725,1.186162835106,1.18625429922067,1.18807911984995,1.19273207782983,1.20167325274693,1.21061442766402,1.21034059302802,1.20742099156277,1.20450166895152,1.20477550358752,1.20450194780553,1.21034115073604,1.21691011460588,1.22475622983299,1.22256638930704,1.22147132961706,1.2175481325765,1.21645335174053,1.21563240554055,1.19702001591304,1.14236881312715,1.05067464389955,0.911080606277208,0.723768791927426,0.535726937784323,0.368578220201347,0.231355835918252,0.12871274291493,0.0653933632859137,0.0176758654124899,-0.0221949595257983,-0.0642556249900305,-0.100477087523752,-0.138523091832747,-0.16872270206062,-0.199013497549158,-0.22209647463521,-0.247825497404535,-0.266620536407377,-0.296364220331933,-0.322093521955265,-0.351472185983175,-0.377475043388492,-0.403660550169141,-0.422090569275326,-0.44380520974342,-0.460775706970995,-0.477928574719883,-0.499643215187984,-0.521814339667414,-0.542799219196201,-0.561685443459696,-0.580024277305222,-0.594622284631502,-0.609585033000433,-0.62135462412212,-0.641974204900243,-0.661772560624379,-0.682392141402508,-0.701369550926676,-0.722171502226124,-0.735674728716438,-0.751185425211371,-0.765327506234341,-0.781567963668588,-0.799085851314139,-0.819066856413607,-0.835945610672497,-0.84789757231551,-0.85747760176526,-0.866236685015041,-0.872532650810895,-0.881109642393351,-0.899996424364872,-0.920616562851002,-0.939776621750508,-0.955925615070083,-0.970705992917689,-0.981380803203416,-0.98867980686655,-0.997438611262326,-1.01422645911456,-1.03174406790609,-1.048075431747,-1.06340320001258,-1.07626785082425,-1.08566523089867,-1.09360281024045,-1.10099299916426,-1.11504333721855,-1.13128295809078,-1.14642807698103,-1.15400063642616,-1.16193821576795,-1.16595287692318,-1.16768706999983,-1.16841738864716,-1.18493168071739,-1.20053356247299,-1.21567896021726,-1.224984597323,-1.23419904916807,-1.23520236588937,-1.236388331986,-1.23784841157264,-1.25262962598227,-1.26841443596721,-1.27799474427097,-1.28711856856339,-1.29441729337253,-1.29469057030051,-1.29532886712515,-1.30810205382215,-1.32197030020912,-1.3381195723827,-1.34998062761906,-1.36047306738346,-1.3642138939027,-1.36649491968931,-1.36749879411862,-1.37689673190105,-1.38738945051945,-1.39149529693535,-1.3956923286119,-1.39961524679846,-1.39934113330846,-1.39724247804317,-1.41001594359418,-1.42288059440585,-1.42935893072302,-1.43501604198622,-1.44204148986737,-1.43930425892344,-1.43802682871213,-1.44988760509449,-1.46348201684547,-1.46950386915132,-1.47744172734711,-1.48227761355633,-1.48127429683502,-1.4775337491698,-1.43684169917754,-1.36932556672596,-1.26485793194736,-1.08876831830128
-1.03516861985026,-0.947907207333856,-0.818829447935584,-0.68140638393862,-0.602852898385367,-0.200743786220822,0.11074799315068,0.363733093677175,0.583246597452018,0.811830927788708,0.835324033130448,0.873511938493902,0.902266117696829,0.92249395835306,0.923400791498447,0.924398557469162,0.939093080256647,0.956146034584266,0.970296346590827,0.986805367371745,1.00394925452469,1.00676151848885,1.00639889612439,1.01193221399314,1.01909816420465,1.02299884973065,1.03597008458425,1.05393042652569,1.06064282154741,1.06037057753983,1.06091451108652,1.06173068864079,1.06136751180788,1.06690055244241,1.07705980056608,1.08767260387956,1.09202656736114,1.0926617109674,1.10019083801182,1.10590574429702,1.11261841655295,1.12150793193255,1.13456982237728,1.13311794674831,1.13284542550651,1.13066802791439,1.1361104129578,1.13937595487754,1.15098707863019,1.16042108202494,1.16967377423745,1.16631785396082,1.16332483328288,1.15842665902039,1.16132930134144,1.16332483328287,1.17266762661807,1.18001461077758,1.18736187217132,1.18355239670489,1.18182910877102,1.17475409138484,1.17575213458979,1.17693121174274,1.18400595189469,1.1887222605065,1.20033255255648,1.20060451932983,1.20178387371701,1.20060479656405,1.20631970284927,1.21040169955749,1.21965383730156,1.21629736255648,1.18219117666703,1.09937466045754,0.971476255446446,0.798223994860386,0.600027307772052,0.419155541784689,0.268670864577232,0.151113296106258,0.0695665126408404,0.0174994303415047,-0.0300321000598058,-0.0720303125923634,-0.11040036084072,-0.139517716876555,-0.168634795678167,-0.192672111800831,-0.214985862755402,-0.235303804534303,-0.266869970467162,-0.295261250071404,-0.323834118092099,-0.351953708157218,-0.377896455098662,-0.397852328981549,-0.417354924908853,-0.436313310055234,-0.454454963178916,-0.476950579784157,-0.497269076031507,-0.519855070993651,-0.536907748087043,-0.553416491633732,-0.566206138070887,-0.581172904865938,-0.593690861763963,-0.616368066785676,-0.639680138179407,-0.664262219551438,-0.686939424573145,-0.70879989757214,-0.724855363163248,-0.740638584746795,-0.755061140760935,-0.770572118336897,-0.788169560679655,-0.806401592160221,-0.824271001276324,-0.835609603787175,-0.84513398553882,-0.853660601319731,-0.862096838743758,-0.869172410598371,-0.888765384882573,-0.909809957561516,-0.930128731043088,-0.944732598239454,-0.962057519340418,-0.972670322653891,-0.98237573835354,-0.992081154053189,-1.01076674072356,-1.02627771829953,-1.04314908421069,-1.05947623934093,-1.07353589575638,-1.08405804347874,-1.09557795717182,-1.10510233892346,-1.11444540949286,-1.12850506590831,-1.14084115715566,-1.14836972973163,-1.15480988074577,-1.16097806498656,-1.1632461181698,-1.16524220457969,-1.17630911755142,-1.19036960566953,-1.20542758252415,-1.21232156596231,-1.2202133153712,-1.22347885729093,-1.22483924562611,-1.22456700161855,-1.24243641073465,-1.26003357584318,-1.2771771857619,-1.29096459816978,-1.30556846536615,-1.30974084043126,-1.31273386110921,-1.31481977140755,-1.32461584269831,-1.3336861147917,-1.33459294793709,-1.33540940272558,-1.33776811149993,-1.33486602364732,-1.33160131343026,-1.34611507950395,-1.36253344469375,-1.36752255178159,-1.37160427125559,-1.37686506788255,-1.37350859313747,-1.36761265290425,-1.38248876410819,-1.4002677948674,-1.40915731024701,-1.41623288210163,-1.42403369868517,-1.42085881235655,-1.41650457164075,-1.42820579651606,-1.44253741970486,-1.44661941641309,-1.44915943636967,-1.45070169035554,-1.44344536178714,-1.43491930047466,-1.44752791296381,-1.44516948142368,-1.40607418844639,-1.33568441907537,-1.22565486871193,-1.05630246194919
-0.91196417839682,-0.749709959135456,-0.553489337086438,-0.340742346886817,-0.110464067028477,0.235501022422941,0.512437408836599,0.712583950290249,0.854567554837729,0.916930734348335,0.878946878067006,0.867259816740099,0.881138952059297,0.903053273433213,0.937567764485758,0.974182237306852,0.984956190282044,0.981485987851225,0.986233202451199,0.996276557118075,1.00741580924742,1.02531211899296,1.045948032861,1.04649640019325,1.04394042238354,1.04777564490116,1.05517204580397,1.06128976013355,1.07535140549614,1.08986932596726,1.09142177760559,1.0894127717914,1.08722125593381,1.08758627602062,1.08904691450256,1.09680777735748,1.10730824433491,1.11735215713647,1.12136961063016,1.1231958273336,1.12986135086074,1.13625283025543,1.14428801631016,1.15588410168271,1.16875859456114,1.1699457470453,1.16903291776093,1.16501546426724,1.16455946822608,1.16465128138246,1.17168238313111,1.18026537838339,1.19167895371254,1.19386991143545,1.19368684325736,1.19195132344093,1.19204229939529,1.19067235780036,1.19542040960237,1.20099003566704,1.20783834830494,1.20792988239398,1.20719956315301,1.20546488053862,1.20793044052867,1.21039572145137,1.218247839328,1.22710432057805,1.2354127135632,1.23705586208854,1.23732962715365,1.23504713534169,1.23778673946419,1.24153070696012,1.22199096962189,1.16738893203356,1.07379839572313,0.926244886043627,0.730937651413681,0.53791318766304,0.368446193811647,0.228471316011017,0.127576191954179,0.0652127333762305,0.0187368577969745,-0.0256390360137317,-0.0665450064609747,-0.104437886787946,-0.140321761300718,-0.16954011228635,-0.194558220667557,-0.21802387741042,-0.239480807406446,-0.260024908118099,-0.28915228314938,-0.31700152974212,-0.344485756248055,-0.370874085291519,-0.395984006829112,-0.415889043321492,-0.435793800746529,-0.45469419479815,-0.475877359729064,-0.496969269638278,-0.518152434569192,-0.539427133589155,-0.555223461566147,-0.570106960258761,-0.584898924862332,-0.598504016049075,-0.61119599888409,-0.634388169629196,-0.655845099625222,-0.677576073753703,-0.698028919443643,-0.71848176513359,-0.733639028891316,-0.748979081759797,-0.763954114541453,-0.7823985125519,-0.800386356386485,-0.818191411110321,-0.836179254944913,-0.8496015570209,-0.8612891764825,-0.872976516876756,-0.883202939721729,-0.89352033852106,-0.910777025912643,-0.927212139041554,-0.943830320348568,-0.954696086480152,-0.964649023327356,-0.97113231587844,-0.977706584383887,-0.983184955426851,-1.00108126517239,-1.01998193829135,-1.03952195469692,-1.05084455407171,-1.06326277184162,-1.06965453030366,-1.0739460279298,-1.07650228480686,-1.09476333557187,-1.11192876794175,-1.12918545533333,-1.14123781581439,-1.15420356371453,-1.15822101720822,-1.16251223576701,-1.16543407086559,-1.18031729049086,-1.19556580927028,-1.21172771546878,-1.22442025643849,-1.23702126331916,-1.24359581089193,-1.24843511771564,-1.25272633627444,-1.26286094596302,-1.27500456146579,-1.27801737251871,-1.28139576179313,-1.28468289604585,-1.28468317511319,-1.28139631992782,-1.29600577448799,-1.31161959242157,-1.3219375493556,-1.33106835380544,-1.34202537495873,-1.34302973833215,-1.34266443917799,-1.35352992624223,-1.36686069422918,-1.37726934805021,-1.3862173633893,-1.3946172904635,-1.39589541890203,-1.39543886472617,-1.40009566150647,-1.40904367684556,-1.41726165201104,-1.42274030212136,-1.42858425138582,-1.43059325720001,-1.4300457270698,-1.43296756216836,-1.44337649505674,-1.44885458703236,-1.45296329554776,-1.45597638566802,-1.45643293984388,-1.45278078550435,-1.45889849983393,-1.43360606825294,-1.37535131819038,-1.28513889208703,-1.14698967285513
-0.969117268994883,-0.779086455993755,-0.555153725379762,-0.299549283490488,-0.0303841836259494,0.30435481780143,0.559512891213557,0.738658803030057,0.855710415077762,0.90433322149683,0.875784180838701,0.871680426665782,0.883725013331979,0.89639402505173,0.924408350631246,0.948943074416704,0.963931729774269,0.977849591601126,0.99596037222645,1.00247293466273,1.00711194926366,1.01701440351905,1.02406195370864,1.02843320175822,1.04181525780768,1.05939050533032,1.06510031346195,1.0666169301204,1.06965043611202,1.07125649007072,1.07259505015277,1.08044617267111,1.09204439086016,1.09677284276133,1.09748643244043,1.09605870773283,1.09846751599618,1.10060883038289,1.10747832399608,1.11684606317288,1.12755208975702,1.13031782919728,1.13121002080219,1.13424379946849,1.13986498832395,1.14548617717942,1.15422976397735,1.16422220088239,1.16752320075066,1.16564938024061,1.16252643694875,1.16618409531922,1.16966342443858,1.17715734310532,1.18723867196121,1.19830135704756,1.19723056351686,1.19562423688346,1.19259073089185,1.19321515594541,1.19446427872721,1.20186930544309,1.20891767365677,1.21721489197756,1.2171254546773,1.21435916988766,1.21070069349309,1.21186010629996,1.21328728565816,1.21926486034114,1.22747318671107,1.23666314198615,1.2378233728171,1.23693172656159,1.21088093146707,1.14923272750074,1.04547400687693,0.902192452459513,0.714391845795951,0.528018691165283,0.361005439941757,0.225128912240205,0.12199488934465,0.0561532212304646,0.00797651061385016,-0.0317243797561803,-0.0680348329576945,-0.100241531986295,-0.130663847805084,-0.163227478010584,-0.195077791211674,-0.22487650000099,-0.254050511062063,-0.281797070090228,-0.306331793875691,-0.329617122204644,-0.353437438286909,-0.375830302336255,-0.397955672508956,-0.420259644607454,-0.441850027026849,-0.462816257067388,-0.48422858291038,-0.505283704901767,-0.525714129164911,-0.546323155353851,-0.566753579616995,-0.586827072703234,-0.606454742661714,-0.626171577245748,-0.64606674108089,-0.664712782134221,-0.683091329310902,-0.701559041113131,-0.718956232059358,-0.735639560651787,-0.753215080849116,-0.770255340618444,-0.786671175334216,-0.803533105852435,-0.819860048617348,-0.83538396440292,-0.851532305242036,-0.867948139957809,-0.884274810048027,-0.901136467891552,-0.918176727660874,-0.933878700022842,-0.948867082705707,-0.964212123890783,-0.978575808845399,-0.992404233372013,-1.00694624757773,-1.02148798910875,-1.02701919531459,-1.0313015514133,-1.03513781170957,-1.03763605727318,-1.03933154853213,-1.05619375172505,-1.07537532588108,-1.09446746273686,-1.10999083317304,-1.12587113478611,-1.13318645152705,-1.13773630150242,-1.14166172642424,-1.15325994461329,-1.16378736927164,-1.1678022314937,-1.17181709371577,-1.17672442021743,-1.17654636364103,-1.17672551091622,-1.19126834314602,-1.20688169623183,-1.21223484586126,-1.21910433947444,-1.22561662923602,-1.22436696110482,-1.22347422415053,-1.24006784276801,-1.25585897975553,-1.26272874604341,-1.27040181198534,-1.27646882396856,-1.27388195912879,-1.27058095926053,-1.28619349432225,-1.30100272972993,-1.30822860917062,-1.31634668021622,-1.32437585931095,-1.32169928449624,-1.31830939267713,-1.33178143137622,-1.34462904502178,-1.35114215280745,-1.35712000016512,-1.36425726032965,-1.36211594594295,-1.35917160457688,-1.36969902923524,-1.38129697474959,-1.38745287868366,-1.39378738454354,-1.40092491738277,-1.40083575275722,-1.40226320479013,-1.41118484816446,-1.40940046495466,-1.40458257575324,-1.40083548008252,-1.39485817807424,-1.38656123242816,-1.40065769618082,-1.38263635285573,-1.3193820949307,-1.22169038629012,-1.07368065264622
-0.925280545542489,-0.697418468092542,-0.466589311976188,-0.220383344875703,0.0387712987130337,0.329128638606911,0.549436977899604,0.720828094903348,0.845370095116916,0.890151381239635,0.861736573596209,0.851216306435142,0.854543963761253,0.863896197916377,0.892851323886788,0.926661894355087,0.941768546175738,0.944555885174864,0.949141445340542,0.957773621501414,0.969193411492707,0.98843654914217,1.00920829845729,1.01325491445247,1.01028756095478,1.01523369978019,1.02251782843655,1.03016171125875,1.04454940441031,1.06163484155867,1.06325332305796,1.06091505839571,1.05803702506907,1.05992511606928,1.06136358307,1.06945626539777,1.0806963157218,1.09211638054438,1.09454424020898,1.0965224758741,1.09814123220469,1.10002959803619,1.103356980531,1.111540082355,1.1189138060137,1.12610751517384,1.12880525917064,1.12853510000714,1.12799505651145,1.13213099267767,1.13617733384156,1.14274167933497,1.15173415932426,1.15982766614592,1.15982821580851,1.1603679844729,1.16189659613857,1.16378496197006,1.16675231546775,1.17538476645991,1.18311796945315,1.19022180877965,1.19282940811151,1.19363851144551,1.19309874278111,1.19705521411137,1.20056206144216,1.20757603093503,1.21629862659212,1.22268323241826,1.22133463525116,1.21908706491643,1.2165696102495,1.21531088291604,1.18842441210698,1.12745721166612,1.02548518193424,0.877832892911998,0.679195001270772,0.486132337290386,0.317258949784858,0.178779430081776,0.0804049420082035,0.0215959917310389,-0.0226455257272837,-0.0614019601896962,-0.0948530513234599,-0.13378922545314,-0.170207395253298,-0.204917213720523,-0.237558651857698,-0.267412476164446,-0.292680190642916,-0.315070696288629,-0.33773108626654,-0.358952734412416,-0.383860969556351,-0.407690491865386,-0.432418987342054,-0.455888205822666,-0.479357699134578,-0.499949983613721,-0.519552875429007,-0.53852640357756,-0.556241204392657,-0.574495224209558,-0.592839113860089,-0.61271161517628,-0.625750161498162,-0.63959808598534,-0.652816646805784,-0.665585583626768,-0.675746921115887,-0.699396154095067,-0.723225126741515,-0.745795372054495,-0.768096007866571,-0.786799651682932,-0.79848987566901,-0.80874135782306,-0.819172304813083,-0.829423237304552,-0.847947141453644,-0.865931276938334,-0.884724790588338,-0.90252946123706,-0.919345014053219,-0.932293965372765,-0.944523408360647,-0.954774615683409,-0.96700405867129,-0.980941852992104,-0.994160138981255,-1.00692907580223,-1.01870861995936,-1.02886968261719,-1.03768214810791,-1.04622500409774,-1.05638634158686,-1.0720330369032,-1.0883989657199,-1.10575401236916,-1.11600494486063,-1.12319837918946,-1.12742446002062,-1.12931255102082,-1.12877250752512,-1.14199079351428,-1.15880634633044,-1.17310416964838,-1.18110753180511,-1.18965066262624,-1.19171931778759,-1.19037072062048,-1.19162972278524,-1.20844500077011,-1.22633926642118,-1.24468288124041,-1.26149760956269,-1.27633410221984,-1.28307791254922,-1.2895521133777,-1.29323897520705,-1.30358032719473,-1.31419128868332,-1.31554016068172,-1.31607965451481,-1.3182379046785,-1.31545029084809,-1.31383180934879,-1.32983798399966,-1.34629378264999,-1.35402698564322,-1.36122069480337,-1.36760502579821,-1.36508729629998,-1.36113055013844,-1.37434883612759,-1.39035501077846,-1.40240471409907,-1.41238603708963,-1.42245750474512,-1.42344689740898,-1.42209802541058,-1.42767325307143,-1.43801433022782,-1.44493842988705,-1.44907491571587,-1.45348101104559,-1.45402023004739,-1.45096273188477,-1.45680756904652,-1.4679580243682,-1.46975679519736,-1.47083633252615,-1.47164598552273,-1.42497660839982,-1.34278775981309,-1.23883804407867,-1.06609805507653
-0.996991277710377,-0.897059818595095,-0.769101310360592,-0.63147158317293,-0.54568788747901,-0.147573191036467,0.150609772613185,0.399095894945097,0.621972088702101,0.832401425308433,0.839206692456813,0.86768202548132,0.883710501355169,0.891142763880245,0.902604381678617,0.920692281476356,0.934034064372022,0.948540071768968,0.962329591214728,0.970119824037804,0.977372827736284,0.991431372260739,1.00737035556008,1.01345968211246,1.01596711626405,1.02196667656434,1.02796623686461,1.03566697711319,1.05017298451015,1.06763416260879,1.07112656243507,1.07049984073598,1.06808217283649,1.06852990938659,1.06924612366019,1.07631986853207,1.08581128130344,1.0966461774027,1.0997800595758,1.10103350297399,1.10918197977267,1.11733073024894,1.12467322652192,1.13631410314688,1.14894021912414,1.14831349742504,1.14625379982355,1.14320941022496,1.14482137127635,1.14786576087494,1.1587904232263,1.17052106610337,1.18260967927843,1.18359464495312,1.18117697705363,1.17580413845245,1.17643058647395,1.17866899554684,1.18610098439432,1.19514493429319,1.20589006414036,1.20400962536547,1.19854729418978,1.1938014509653,1.19138350938821,1.18923459288982,1.1935329732418,1.20007003634428,1.20633834804565,1.20777132394805,1.20768183137355,1.20678608459575,1.20472611331666,1.1931744555886,1.15046159289065,1.06951323299569,0.946927016007185,0.779748044901008,0.584004521873422,0.40536365929129,0.253675661256768,0.13977542386913,0.0624984489494798,0.0151292356015249,-0.0238227495466575,-0.0578496326437482,-0.100383236515115,-0.140677883958392,-0.179271351453369,-0.215178399647754,-0.248041058243551,-0.273292742842869,-0.297917979420689,-0.32075199612052,-0.344033749370438,-0.369375200221855,-0.394089655696582,-0.417639886670003,-0.438414479445937,-0.458741335671772,-0.476739742895014,-0.494558891291665,-0.512019795712708,-0.534763772482837,-0.556164539602673,-0.578371287248205,-0.600667801145836,-0.617860227843376,-0.632366508917931,-0.646604038591386,-0.659319373465548,-0.671407712963008,-0.692540276036942,-0.712687599758578,-0.73328293370791,-0.75396776023175,-0.773309650782888,-0.787815931857437,-0.802322212931992,-0.815574776930751,-0.829454062628604,-0.84449729915016,-0.859809287072809,-0.873509587621662,-0.883449010620734,-0.892493234197208,-0.900641984673484,-0.907716003222957,-0.917476167395433,-0.935474300941079,-0.953293175660128,-0.971738772078271,-0.983289608773532,-0.993318524347101,-0.999049606923883,-1.00460170435166,-1.00961684633244,-1.02842178143658,-1.04794293081432,-1.06755329908895,-1.07892542431281,-1.09074501240919,-1.09513261165807,-1.09790824985556,-1.10014665892846,-1.1188612804253,-1.13578495572175,-1.15396207441639,-1.16372223858886,-1.17312443246333,-1.17339318386443,-1.17428893064222,-1.17437869689432,-1.19130264586836,-1.20876382396701,-1.22694121633926,-1.23831306788552,-1.24905819773269,-1.25201282107918,-1.25389271249888,-1.25550412619508,-1.27001013359204,-1.28568036549029,-1.29624678386605,-1.30645523194381,-1.31621594347148,-1.31881314387517,-1.31935064667737,-1.32893209937844,-1.33940902517971,-1.35051267268007,-1.35660172555484,-1.36349675895532,-1.36439250573312,-1.36528797883331,-1.36457176455971,-1.37576490463458,-1.38651030815935,-1.38973368290694,-1.39233033595543,-1.39582218842652,-1.39241900749714,-1.39009028481695,-1.4048647699374,-1.41981851388446,-1.42429587938545,-1.42993746938773,-1.43334037663951,-1.42778882656693,-1.42152078854315,-1.4356688256421,-1.44883189706636,-1.45402575051854,-1.45948808169422,-1.4646819351464,-1.44095271902398,-1.37701807435518,-1.3076210985107,-1.19022846129677,-0.995917093138786
-0.915936535672667,-0.792674994576386,-0.615357670889903,-0.452383438607638,-0.366324342213171,-0.014827091968561,0.237433500770255,0.430707958868841,0.608563662204028,0.801748527353439,0.821291571608881,0.850336948167682,0.874272512793565,0.886016038749014,0.890408559119455,0.904213818844091,0.930837993898806,0.946166881728484,0.953248560496874,0.960689159031053,0.967770837799437,0.974494144771143,0.991705854456208,1.01375859722669,1.02012325841715,1.01761355990211,1.01250429593828,1.01098066783324,1.01008419037241,1.0193174698437,1.03213611118922,1.0459405489602,1.04970509673277,1.05104953893946,1.04979441569739,1.0521254762832,1.05553247421274,1.06360077136024,1.07408944805817,1.08565378811528,1.09094278594656,1.0928253338174,1.09354262537988,1.09506652746948,1.09802501268405,1.10376224924574,1.11102338789703,1.11989802158708,1.12348393143042,1.12348365744587,1.12312528564918,1.12617336381292,1.12913184902749,1.13621352779588,1.14544708125173,1.15468036072303,1.15584561703138,1.15575575009764,1.15342523748095,1.1555765641993,1.15853477542932,1.16669239154144,1.17485028163811,1.1832769505823,1.18193278236016,1.1789748451147,1.17431354589674,1.17090709593631,1.17063804310423,1.17673337747806,1.18336681751603,1.1918830794094,1.19815814765067,1.18955229280814,1.14428182494338,1.06082229399768,0.933884702139777,0.765979569838385,0.573063483536483,0.399421114673391,0.251507265357859,0.13595537562783,0.0510618095262658,-0.0038005835910438,-0.0515810239554109,-0.0917419538717942,-0.130737353495287,-0.163547003842102,-0.195280990829749,-0.222891510279034,-0.253012002227899,-0.278471194958822,-0.304109847572636,-0.328941889659349,-0.352697994402321,-0.374033719594871,-0.395459037736596,-0.415450046737897,-0.434723764176707,-0.457224745677601,-0.478291418038084,-0.50025456785939,-0.523741619770296,-0.543194523107451,-0.561213117304189,-0.579052251618024,-0.596084501420191,-0.610696097687384,-0.631941407977101,-0.651214577446806,-0.672191108889002,-0.691822924139944,-0.706883307106659,-0.719164938726261,-0.731805216127093,-0.742025113977508,-0.753231356222482,-0.774746541297929,-0.795096196080472,-0.815086931097221,-0.83606373652397,-0.850675606775715,-0.859012134801619,-0.867617715659602,-0.876133977552968,-0.884202000715916,-0.904640974463077,-0.926873177116463,-0.947670796644866,-0.969364893634106,-0.988100779393323,-0.998678775055875,-1.00701557706634,-1.01660750231888,-1.02431660571603,-1.03740429989362,-1.0519265771962,-1.0671658720767,-1.07469578957551,-1.08410852892971,-1.08948739369471,-1.09423883383094,-1.09809379650635,-1.11611266468764,-1.13108345470518,-1.14721950103107,-1.16317608747406,-1.17841565633912,-1.18531842319372,-1.19311766750915,-1.20002043436375,-1.20719225405042,-1.21669486033834,-1.22709367010254,-1.23794071859716,-1.24744305090053,-1.25461459660265,-1.26017264726599,-1.26510327330057,-1.27030295216723,-1.27899894792805,-1.29029450913764,-1.298810771031,-1.30714757304147,-1.31333277434902,-1.31629071159448,-1.31799352559787,-1.32552344309667,-1.33332241342755,-1.34399000203926,-1.34488620551555,-1.34694821326928,-1.34390040909009,-1.34094219786008,-1.33457726268507,-1.35044453016345,-1.36442897578643,-1.38217851715109,-1.39401163605572,-1.40961012468657,-1.41220969013535,-1.41561614009578,-1.41489884853329,-1.42583521599253,-1.43390296517092,-1.43435120390134,-1.43408215106927,-1.43596469894011,-1.43085516099174,-1.42619386177378,-1.43946156380339,-1.45201224825505,-1.45299886663416,-1.45389561807955,-1.45452331669287,-1.42673333736069,-1.36747787590384,-1.30445704472075,-1.19517967526289,-0.997333236910958
-0.740457195019913,-0.455464196667098,-0.116912666620724,0.214598683771387,0.455300759255927,0.655455343827003,0.751611483745139,0.788772890108073,0.800803676842394,0.825667103023129,0.843757542997473,0.886889538117805,0.918347276802772,0.935813993030282,0.948557840362513,0.959875838867358,0.963440869488481,0.969946934615441,0.984027566292422,0.994632231830916,1.0037219840594,1.01771300651686,1.03482292007696,1.03767434536327,1.03954578897224,1.04382333545437,1.04988326106285,1.0548738681429,1.06895422745144,1.08419296977102,1.08766839117262,1.08686626609208,1.08445989085045,1.08490548563204,1.08561854622995,1.09355018781583,1.10406606124015,1.11618618482554,1.11984000756084,1.12180051565243,1.12839482815667,1.13276143912143,1.13605845918933,1.14550474171677,1.15512942557791,1.15361478463636,1.15236733714268,1.15290254114379,1.15584357564962,1.16029952346546,1.17134978378554,1.18382589293299,1.19246977801145,1.1914892515972,1.18943913428609,1.18738928934343,1.18774581964238,1.19041938833188,1.20031153800937,1.20957996394,1.21483803683638,1.21385778279059,1.21207540366425,1.20717386106683,1.20735199003208,1.21198606681317,1.22018462947849,1.22847252899489,1.23800787600496,1.23925559586708,1.23809694048759,1.23488898490232,1.23613670476444,1.22089823481331,1.1733996287282,1.08579885414279,0.956135130597019,0.77166515549557,0.571332441959227,0.390605081707243,0.238840565152875,0.122989735099308,0.049468775085534,-0.0012386036901656,-0.0421431696394832,-0.0782355298424331,-0.116555863953322,-0.153539413719442,-0.18660194730239,-0.22002073881584,-0.249518514146117,-0.275095000924763,-0.298176047979162,-0.320276568619309,-0.339703792938414,-0.362160843877521,-0.383281110471879,-0.4043123125836,-0.424006730350584,-0.443790212600186,-0.461434785424497,-0.478455634501968,-0.496367673142611,-0.516418621208544,-0.536647698239736,-0.557768237202535,-0.580047431544841,-0.593860597405497,-0.606871910554059,-0.619259499955794,-0.631468688023809,-0.640647777103376,-0.664620286089387,-0.688057863442736,-0.712832225140841,-0.733952764103651,-0.756410087411206,-0.769331791340238,-0.783501215131402,-0.793125626624101,-0.807562516231597,-0.823514319149103,-0.842674350020317,-0.85773496337464,-0.872439318798473,-0.884202639716456,-0.895341964519166,-0.901936277023404,-0.913075601826107,-0.931343898397258,-0.949968725267364,-0.966276786115372,-0.987931984342385,-1.00334885562722,-1.0155577713268,-1.02580617893478,-1.03846068941594,-1.046481123116,-1.06136360750508,-1.07383998902098,-1.08907900370902,-1.0964759860307,-1.10636813570817,-1.11118088619142,-1.11768667894992,-1.12223169124839,-1.1390744113606,-1.15342196411703,-1.17008628289555,-1.17917576275558,-1.18942389799512,-1.19245372461513,-1.19753312380936,-1.20074107939462,-1.21722726920788,-1.23166388644693,-1.24859567104178,-1.25964593136185,-1.2717657825788,-1.27631106724572,-1.28201473492368,-1.28477791283271,-1.2955615244418,-1.30572113993561,-1.30812724280878,-1.30794911384353,-1.30839443625666,-1.30447287533658,-1.30064037889914,-1.31302742356396,-1.3296029502283,-1.3470696664558,-1.36070470335121,-1.37487467187927,-1.38022180925828,-1.38253884764882,-1.38378656751095,-1.39483682783103,-1.40383724320844,-1.40446096695528,-1.40615400923053,-1.40775798702317,-1.40339110368996,-1.40018287573624,-1.41506508775687,-1.42825425750224,-1.43021476559383,-1.43342299354754,-1.43502697134018,-1.42771932586958,-1.42139193444478,-1.43868052170703,-1.45267208890139,-1.45846509343043,-1.46167386612104,-1.43779123872299,-1.35509173436656,-1.2405774162893,-1.11331952324826,-0.941236048074729
-0.840875310246754,-0.739046161190251,-0.603064649401615,-0.416573042692569,-0.214173644438832,0.154404930261562,0.465822639063507,0.69365631937447,0.838175441140326,0.909535807458724,0.876281677879485,0.863968467080643,0.87852808482887,0.908546377545338,0.947822240206536,0.964988656921454,0.968134670468925,0.971819898597189,0.977751808363861,0.989615353208174,1.0126233069964,1.03733872784226,1.04533739792774,1.04794364751636,1.05504353507085,1.06421073232222,1.07436653541986,1.09108328618024,1.10681143109436,1.10780003694064,1.10474412139749,1.10204777380454,1.10195767580021,1.10312592827706,1.11220330221314,1.12244920331511,1.13017867814375,1.13233581115591,1.13602076459513,1.14375023942377,1.15345692594496,1.16460160957792,1.17844291549285,1.18877891459915,1.18931840386897,1.18608311638428,1.1815894784184,1.1797916386674,1.18069042119838,1.18635258633015,1.19471082436582,1.203518453667,1.20621480125994,1.20648427120581,1.20603460525129,1.20702321109756,1.20945008874463,1.2157415664615,1.22445964713642,1.23389686371174,1.23857069768626,1.24162633854037,1.24477180270977,1.24944508730622,1.25420819521797,1.26166737603363,1.26921665485362,1.27442942871989,1.27308152961245,1.27011598676267,1.26580227011641,1.26643185739056,1.2702967321494,1.27739689439294,1.25978108641253,1.20549648942664,1.09845484119292,0.941981801889374,0.737964759893296,0.536015027594081,0.357342719028971,0.216148433374054,0.112881561894823,0.0488902783877597,0.0013462756952171,-0.0393673093887047,-0.0772049002491023,-0.112436241520887,-0.139488991387567,-0.165104018831524,-0.189640342424885,-0.211659965055878,-0.231882022624907,-0.262888921187648,-0.293805721746059,-0.323464171823281,-0.353392366535425,-0.381522996185594,-0.403092952862059,-0.423044991107141,-0.442367991456144,-0.460882307278503,-0.482002872689469,-0.502583948830626,-0.524153905507084,-0.541499968852583,-0.559384972089833,-0.574933470373368,-0.590122675395734,-0.603784059991054,-0.625893505937335,-0.645666446929914,-0.666517817084047,-0.686021013441709,-0.701659335040532,-0.712624097353867,-0.725655894675034,-0.736620382299327,-0.751449469993417,-0.773468817935374,-0.795398342562038,-0.815080910861245,-0.830270115883618,-0.842673149997754,-0.850941839407175,-0.858850960866393,-0.867209473591102,-0.886891767201279,-0.905855199600083,-0.927065588326355,-0.948006507106734,-0.969396817152618,-0.984406375544409,-0.999326110620912,-1.01136957678484,-1.02278373036366,-1.03527631310405,-1.04722940657462,-1.06008100788713,-1.07158471009221,-1.08263929572083,-1.09117745507613,-1.09953596780083,-1.1067262280487,-1.11760116704674,-1.12973418183693,-1.14294590047771,-1.1534615462146,-1.16388736863618,-1.17269582200446,-1.18024592489156,-1.18608801134294,-1.19858059408333,-1.21143247008487,-1.22050929464287,-1.2289570813048,-1.23893296308282,-1.24387599231419,-1.24828008165381,-1.25915529534089,-1.27137868282444,-1.28216407319623,-1.28557955668957,-1.28863547223272,-1.28692773048605,-1.28477059747388,-1.28495024410446,-1.30130742691465,-1.31793407967071,-1.32997727114561,-1.34148124803972,-1.34885088022912,-1.34813174432872,-1.34660364921263,-1.35639988436006,-1.36700480403416,-1.3807554625667,-1.39055169771413,-1.4005278541812,-1.40565080473218,-1.40843725032945,-1.41104377460711,-1.420660637813,-1.43216488939615,-1.43692854668598,-1.44268080982207,-1.44708517385074,-1.44708544853977,-1.44546807948646,-1.45373676889588,-1.46182553698569,-1.46524047110096,-1.47009367701703,-1.47386817908251,-1.47305921986682,-1.47449721697858,-1.44591719606292,-1.39244155829273,-1.29987025387,-1.13818471538923
-1.02707058082097,-0.886665586232489,-0.698845331184161,-0.513128373266676,-0.380786196258218,-0.00532113950092679,0.261290522572084,0.462870605309816,0.65182983379171,0.838860682746734,0.85332152019052,0.885661722584946,0.911866951190818,0.916775090942281,0.916074081187894,0.926240999501852,0.941490975171243,0.95866906249981,0.973480538754632,0.986889995500679,0.990220394536317,0.996092857985052,1.00582154475213,1.01817962080047,1.02589233530485,1.03938965265444,1.0513089614205,1.05691784305865,1.06051102030179,1.07190450478514,1.08198302676018,1.0932889185077,1.10643559704625,1.12186075818731,1.12466533294023,1.12352609163898,1.12037087807502,1.12151011937628,1.12142252664044,1.12860914899441,1.1378117436111,1.14762775524632,1.15069510820675,1.15174648890447,1.15271054473405,1.15726777780678,1.15989716708803,1.16655823302698,1.17523527122865,1.18137051288489,1.18049431765884,1.18137078075259,1.17979330790445,1.18023153945133,1.18145837348842,1.18654169871155,1.19162502393468,1.19907442449617,1.20082708281598,1.20240455566411,1.20170301017434,1.20363085396582,1.2045949097954,1.20932759620749,1.21484915297749,1.22422720093353,1.2273824144975,1.22966116496771,1.23018725711812,1.23588426722749,1.23877670258394,1.24640209222018,1.25402748185641,1.25218696293307,1.20591121164219,1.11993291439583,0.986977588236524,0.81002526125653,0.607744168764423,0.426848293597947,0.274699443582753,0.158659694412186,0.0771513053704253,0.0207091715009704,-0.0249531627713677,-0.0669344591970371,-0.100852670174987,-0.13021338021251,-0.154315847422923,-0.177629176407731,-0.197699699092746,-0.227673826148823,-0.257297314393864,-0.287446359053916,-0.315667559922484,-0.345028002092327,-0.36746460011569,-0.391128300043843,-0.412688702841152,-0.435738985750762,-0.456510518190165,-0.478246106459141,-0.496914073900009,-0.516896735981492,-0.535126471875472,-0.555372180032153,-0.574741425095089,-0.595688143006164,-0.615144980804938,-0.636004105980174,-0.655548536514782,-0.674917781577723,-0.693060192603567,-0.711991206119633,-0.729782710466742,-0.746697751720099,-0.763524932369938,-0.779913881472888,-0.796828922726251,-0.812692583281876,-0.82890688264855,-0.844157394053324,-0.860459554023529,-0.874658148995193,-0.89034635621146,-0.90568392461669,-0.922248327059016,-0.937761080935918,-0.954062437303035,-0.968786320822024,-0.979128156739957,-0.986227186358091,-0.993939632994785,-1.00042524559437,-1.00656048725062,-1.02137223137314,-1.03977742060649,-1.05827020257568,-1.06887508456881,-1.08026856905217,-1.08631595010489,-1.09043521949843,-1.09131195045987,-1.10875335173134,-1.1247048728905,-1.14091917225717,-1.15222533187238,-1.16484591826052,-1.16843909550367,-1.17185681940744,-1.1747487190285,-1.18605434290833,-1.19893770750398,-1.20270633808649,-1.20857853366753,-1.21331148794732,-1.21471404319147,-1.21357480189021,-1.23145389897316,-1.24652842130319,-1.25985001744572,-1.27001640002428,-1.28053342141389,-1.28053342141389,-1.28176052331868,-1.29052488638848,-1.30332092611598,-1.31725620714476,-1.32751045032686,-1.33776442564126,-1.34205888050648,-1.34389939942981,-1.34416244550502,-1.35327744738585,-1.36186689285168,-1.36633680105626,-1.37071911652501,-1.37729258972812,-1.37808172795373,-1.37895819104748,-1.39096562828477,-1.40402444621979,-1.4092826890469,-1.41559231257173,-1.42102574087052,-1.41997328870202,-1.41751881702475,-1.42628318009455,-1.43259387509016,-1.43539871771077,-1.43732736510533,-1.43951905857509,-1.4368023444257,-1.43785426085882,-1.44696953060735,-1.42760055341211,-1.37413791189955,-1.28745860489882,-1.15336403743825,-0.922598698002361
-0.69837791939112,-0.400701669607156,-0.0731063160465742,0.251728618091748,0.477724044611137,0.674868829017304,0.767653266959999,0.806031343080408,0.814134070819645,0.835593657952107,0.847970776645315,0.885725628820441,0.913151564665735,0.928734884799722,0.942002751079354,0.958120029894844,0.967559015088824,0.978155182909578,0.98803886152127,0.996230854524298,0.998367777851088,1.00682675019486,1.01982736498355,1.03282770762205,1.03986224584809,1.04484885386092,1.05384260133679,1.06185660811264,1.07263130646095,1.08732360685832,1.10317336203266,1.10522129224587,1.10406383746889,1.10094744559229,1.10121496923343,1.10281820602891,1.11127772267308,1.12231940036214,1.1339840298463,1.13745639417724,1.13692189119534,1.13638738821345,1.13585288523156,1.13522966128628,1.13861357680402,1.14573738029384,1.15286118378367,1.15686832324669,1.16016297350065,1.16256714831838,1.16799872189914,1.17298505776178,1.18180027471009,1.19017025394028,1.20032118404292,1.20058789123348,1.20174507386026,1.19827216522894,1.20129956399196,1.20254601188252,1.21136177313121,1.21830759039386,1.22872604413765,1.22694563756558,1.22578845493879,1.21991164363993,1.214302083832,1.20967199257389,1.21163092967351,1.21385711826408,1.21848748167239,1.22480953068937,1.22632323007088,1.2102059512554,1.15749127504177,1.06898068375266,0.935057478117095,0.760173763166039,0.570687013081391,0.403283346224693,0.255736574005357,0.14371846537057,0.0647358523890095,0.0102402253029365,-0.0337479549257704,-0.0678521843925869,-0.100887952196011,-0.127601670982448,-0.154493103845866,-0.187528871649291,-0.221633101116107,-0.251819184233481,-0.28467642150934,-0.308629448723318,-0.328130098756158,-0.344157840157669,-0.362857007867872,-0.376925812169767,-0.403727979769393,-0.429194434214692,-0.456531104796219,-0.480840104464527,-0.503457418524166,-0.517704481203422,-0.532486046864561,-0.544774172444189,-0.557953045610246,-0.579323911779319,-0.601407267157455,-0.623579615649172,-0.648601648826934,-0.66890405333261,-0.683863877371115,-0.699803169959438,-0.71405050478888,-0.724913924100588,-0.74352437084739,-0.762134817594198,-0.778697061977604,-0.797040257233465,-0.814670963280263,-0.828383522977625,-0.840671104256867,-0.855273867240259,-0.86782842786025,-0.883677910884401,-0.899171421454216,-0.916802399651213,-0.927488104885952,-0.938797306216154,-0.947524074351265,-0.957319304149761,-0.965244317812035,-0.984032478635812,-1.00228640862789,-1.0224995478698,-1.04057549163471,-1.0556240366366,-1.06328207095813,-1.07138534299776,-1.07735114741021,-1.08394044791815,-1.09729703516116,-1.11270155261739,-1.12757156709174,-1.13469509843136,-1.14199661599816,-1.14502428691137,-1.14671651682043,-1.14831975361592,-1.16586173869933,-1.18278049983746,-1.20076745048879,-1.21100737370502,-1.22106931069408,-1.22231575858464,-1.2235622064752,-1.2240964373069,-1.24003545774503,-1.25606374344692,-1.2717360566945,-1.27814764312545,-1.28464822266999,-1.28366875412018,-1.28144229337941,-1.28099678351111,-1.29880547578508,-1.31563469950924,-1.33201895766547,-1.34457433473605,-1.35606097799303,-1.35704017439265,-1.35766339833793,-1.35864286688774,-1.36932829997227,-1.37983574682965,-1.38224019379758,-1.38428812401079,-1.38553457190135,-1.3806369570021,-1.37520483912096,-1.38847243325039,-1.40441145368852,-1.41874750948135,-1.43130288655194,-1.44376954265912,-1.44661895519497,-1.44661922734516,-1.45116086979008,-1.46042159660669,-1.47066151982292,-1.47484664551311,-1.4800999607165,-1.48099016400254,-1.48027767479348,-1.45026985005346,-1.39167863469116,-1.30112065748923,-1.17850665318388,-0.9923145533532
-0.852887568023587,-0.679304714263486,-0.472758289954906,-0.24183161637347,-0.0285281568612028,0.289874382260341,0.547646400602597,0.734104236276102,0.863036014230209,0.935811169940895,0.919192636473617,0.902573823928413,0.902117252410435,0.914626642215915,0.940011013934792,0.964299725641714,0.989501859462522,1.00940765204364,1.01369931268143,1.01680405481926,1.03013560825063,1.04337562411606,1.0535111769216,1.06802964885294,1.08364378079626,1.08364350171831,1.0825475626284,1.08108658958646,1.08008218806251,1.08035596352652,1.08912180177814,1.09925735458367,1.11012297529327,1.11815818748494,1.1209888750808,1.13039408090435,1.14052963370989,1.15176140468328,1.16399729810269,1.18034205610594,1.18180302914788,1.18171204973783,1.17860730759999,1.18143799519586,1.1839036488397,1.19294382071122,1.20225748896881,1.21294115085828,1.21221080387628,1.20819319778044,1.20654942868455,1.20828445626845,1.21138919840628,1.22106817969384,1.23266442646338,1.24024306713707,1.2406993595771,1.23832468534332,1.23339337805564,1.2333018404897,1.23805007264547,1.2462680808911,1.25585608276861,1.2688228813259,1.27147161010164,1.26882399763768,1.2668154736677,1.26590260970969,1.26234157513183,1.26489820818574,1.26973769882952,1.27329901248532,1.2737555840033,1.27521627796729,1.24690940200865,1.17924723332782,1.0733257110147,0.923392201389577,0.724333438344639,0.53267079899738,0.368310355006861,0.226868908169325,0.122499896464105,0.0573036605050579,0.00406954250140261,-0.0443250848584727,-0.0828582139547692,-0.119930370009136,-0.153350232997624,-0.182752489890285,-0.212063488294949,-0.240187289121686,-0.266484803876518,-0.287029964029559,-0.307940437212574,-0.325928964311723,-0.34428280444084,-0.362180073051979,-0.389664785384726,-0.415688524675543,-0.441620726400407,-0.468192016619262,-0.488280326176387,-0.503072573571749,-0.517225732473127,-0.533113918958394,-0.546719247853791,-0.571555789566687,-0.596940161285571,-0.623054879986447,-0.646795761687382,-0.668528119418343,-0.684781898011534,-0.699026873556801,-0.713271849102069,-0.727607804057403,-0.745961086030627,-0.76449688497987,-0.784037364531009,-0.797916747968365,-0.811339559887743,-0.823210419355132,-0.833255271828553,-0.843208586736027,-0.863114658395078,-0.883568839138064,-0.903566169285124,-0.923471961866237,-0.939086093809545,-0.948491020555146,-0.95743937578277,-0.965383329486434,-0.97515356926201,-0.992137415759245,-1.00994314680443,-1.02820517028965,-1.03879729461317,-1.04856753438874,-1.05331548746657,-1.05687624296648,-1.05870224996045,-1.07696399436772,-1.09403882027502,-1.11321398679618,-1.12590617265562,-1.13878115456902,-1.14215995124881,-1.14572126490462,-1.14763908854248,-1.16334503712969,-1.18078573422284,-1.19859174434599,-1.2076319162175,-1.21658055052307,-1.21831529902902,-1.21794998599906,-1.21758439389114,-1.23411138979246,-1.25136901175371,-1.26954005582887,-1.27967560863441,-1.29090710052987,-1.29300744114373,-1.29355555022766,-1.29337303325164,-1.30935247822493,-1.32387095015627,-1.33921130663556,-1.35372977856691,-1.36660448140236,-1.37208306054013,-1.37737912270189,-1.38249238880969,-1.39180605706729,-1.40276349442078,-1.40577697807059,-1.40787703960652,-1.40942927113646,-1.40687235900461,-1.40294573231884,-1.41317226453444,-1.4253166203879,-1.42759947797778,-1.4306129616276,-1.43453958831338,-1.43097855373552,-1.42595626703778,-1.44230074596309,-1.45855368732244,-1.46357541586429,-1.46814085196611,-1.47288908412189,-1.46439730041224,-1.45672740125054,-1.47005895468191,-1.48485148115522,-1.45745830638842,-1.40559362386075,-1.31346078465288,-1.14499175515646
-1.08751021496185,-0.986936144201167,-0.842106089683323,-0.695099379602408,-0.597064786527812,-0.17191625323562,0.139326921556525,0.388176609716067,0.619795434545154,0.850507619829252,0.869098858239747,0.907641987315822,0.93965514970267,0.94663802040183,0.943735720592719,0.952260238845915,0.968039536509262,0.983184103338608,1.00141224245105,1.01773618906148,1.02109167005556,1.02490088658471,1.03478633426801,1.04421832359131,1.05183620229951,1.06335365659882,1.07514274243407,1.07840703284109,1.08212478160812,1.09200967494135,1.10334585676667,1.11395694869602,1.12955608258552,1.14497394400103,1.14778588474818,1.1473327035632,1.14579105600917,1.14533759764915,1.14642578684317,1.15395275213935,1.16320291463858,1.17281589926083,1.17725956944894,1.17780366404595,1.18224761140909,1.18732656678127,1.19322152546146,1.20174632088969,1.21299158930297,1.215439876402,1.21516713616589,1.2127182947168,1.21571095358787,1.21670850654489,1.22287537393606,1.23031225734531,1.23974396949357,1.23820232193954,1.23702349650853,1.23457493223445,1.23520938589343,1.23384873363835,1.23901777089746,1.24563781947359,1.2532556981818,1.25443507796289,1.25779083613202,1.25887930250107,1.2590608521501,1.25969558298411,1.26441088470817,1.26812891065024,1.2727535761373,1.26658643157109,1.22332772359593,1.13744559282967,1.00640028441121,0.833729106158667,0.634214079953426,0.453925022992685,0.30329120038173,0.186756559483702,0.0974285886613929,0.0359417415737914,-0.0171109463225768,-0.06544777814482,-0.106167008433891,-0.137998898346754,-0.16574966301948,-0.19050776882115,-0.213633590831784,-0.242109999750556,-0.270586408669328,-0.298699995465083,-0.327811135217854,-0.35338552150255,-0.375785699267157,-0.396916138188711,-0.417502205338222,-0.435367799502682,-0.458130522215259,-0.479623783259829,-0.501751775138406,-0.520071104837917,-0.540294627039446,-0.557253304483876,-0.574393254402297,-0.590173106415714,-0.612663920417307,-0.632343625196864,-0.652658060810414,-0.672700310537953,-0.687029151234337,-0.698184060585656,-0.710336245718963,-0.721128055772229,-0.731466684640516,-0.7535040402821,-0.774090107431605,-0.794948360467135,-0.817530087880755,-0.838297704679292,-0.852717181612675,-0.867046022309053,-0.880921681820458,-0.892348499882766,-0.906949526465168,-0.921641189284563,-0.936876946700972,-0.945310828717177,-0.954470077804373,-0.961634498152566,-0.968526732614733,-0.974784236242901,-0.994191477961386,-1.01387090556591,-1.03373132846938,-1.04742516115672,-1.06193527432709,-1.06792086924426,-1.07354364203843,-1.07889450612159,-1.09621600568904,-1.11163303557944,-1.12986117469188,-1.14155990146517,-1.15135415856142,-1.15489118920453,-1.1580651205496,-1.15906295068166,-1.17221296594703,-1.18781154548645,-1.20304730290286,-1.21229801975217,-1.22263664862046,-1.22544803501753,-1.22744314093158,-1.2293473334336,-1.24621482029096,-1.26117783747127,-1.27822687397766,-1.28793021766187,-1.29645473591507,-1.29654537215206,-1.2979057472321,-1.29699883051208,-1.30906037940839,-1.32311731139378,-1.33118892563704,-1.33780952856326,-1.3454276844465,-1.34678833670158,-1.34687897293857,-1.35830551382584,-1.37190871027618,-1.38614663756053,-1.39439924710274,-1.40283340629398,-1.40564506986609,-1.40682417247214,-1.4064619046992,-1.41861464418258,-1.43113020578898,-1.43539288067814,-1.43938336968126,-1.44418958481735,-1.44146855748223,-1.43684306047006,-1.44890433219134,-1.46196343404467,-1.46459354796776,-1.46867467320788,-1.47266516221101,-1.46713330282889,-1.46024106836672,-1.45362101979057,-1.40854875555039,-1.33871838550854,-1.22227410367247,-1.01051570174685
-0.756764575484846,-0.450188932746307,-0.0975218765643315,0.25131182992213,0.491351434524019,0.692419022489995,0.790442812066033,0.825855409249569,0.831240286452458,0.865284069274476,0.884085670411674,0.920137345178701,0.94715322724181,0.962942990461501,0.96860179790752,0.980466994334448,0.999542525714777,1.01441956005921,1.0245502368815,1.02856602077153,1.02792694318802,1.02801816028528,1.03678030169744,1.05074516506936,1.06726522296979,1.07885676810496,1.08515465313449,1.09492046156778,1.1053250686332,1.11545602440687,1.12823367075767,1.14247134856724,1.14393138002601,1.14146656574064,1.13772415419101,1.1358986964405,1.13498624651662,1.14028018557363,1.14858624149953,1.15853476307869,1.16355449294121,1.16592725327524,1.17359367371489,1.18272040456469,1.19148226702548,1.20407747918179,1.21795056755372,1.22187513434648,1.22059753708222,1.21858992408858,1.21722138867843,1.21795196231056,1.22361132765931,1.23228225197421,1.239857734268,1.24305200638002,1.24159141701852,1.23940053297627,1.23620598191288,1.23501960174588,1.23675412135049,1.241865626213,1.24624683639476,1.25190564384078,1.25610386192531,1.25829390911346,1.25874999459971,1.26459123624024,1.26897216747063,1.27362702894414,1.28038099945993,1.28759133441333,1.2854919464197,1.26669006633113,1.21174529437829,1.11545546650413,0.975538481569175,0.793180998691788,0.595216465740586,0.417970208774343,0.268196198308842,0.150732008963475,0.0707798047952551,0.0154704434047684,-0.0272437058294166,-0.0632951016450776,-0.0948746280844592,-0.122985673217327,-0.149180043502441,-0.184136276248343,-0.219822803674997,-0.253775090448388,-0.286814927297896,-0.315473832917013,-0.336374822047841,-0.354081260115285,-0.371696202134109,-0.388581128423559,-0.412037312082918,-0.43750138768728,-0.46323939353476,-0.488430096798742,-0.513255373770973,-0.532878486686178,-0.550037343218752,-0.568565014112826,-0.586088460083035,-0.604889782268873,-0.626520229226355,-0.648789753767327,-0.669964394189919,-0.691686895098754,-0.710945418576318,-0.727283600184984,-0.743895433085414,-0.758042730651835,-0.772190028218256,-0.788436155875574,-0.80431713619252,-0.814082944625812,-0.825400280566491,-0.835348244242921,-0.843835897509218,-0.853053566504895,-0.872402191274243,-0.892298676529828,-0.913746968244172,-0.933644011402502,-0.953267403269079,-0.967962282370383,-0.981379285256058,-0.993701125071961,-1.00693541481177,-1.02071700713508,-1.03449859945839,-1.04809747863583,-1.05521603858925,-1.06260824983442,-1.06917950720433,-1.07465560150448,-1.08086226943674,-1.09847776935831,-1.11572840089087,-1.13297875347205,-1.14247118956496,-1.15077668758812,-1.15305823082488,-1.15442704518641,-1.15497434776992,-1.17158506486487,-1.18846971220294,-1.2055370726869,-1.21575924555781,-1.22625534867186,-1.22826324061687,-1.22935868263799,-1.23164050482612,-1.24852543111557,-1.2651364271619,-1.28266043103483,-1.29562051158015,-1.30648148308319,-1.31004090253559,-1.31305301940447,-1.31442211271735,-1.32665273543602,-1.33970486993268,-1.34399514196857,-1.34846756924757,-1.35275728338071,-1.35120547692197,-1.34883215868521,-1.36297861939753,-1.37776415769334,-1.39364513801029,-1.40322851224908,-1.41299432068238,-1.41390704955763,-1.41381583246037,-1.41290310358512,-1.42321677250466,-1.43426073610494,-1.43982832645372,-1.44466590107311,-1.44904711125487,-1.44795194818511,-1.44621770753186,-1.45634866330552,-1.46839601497558,-1.4761536525125,-1.48318099536866,-1.48883952386332,-1.4883831594257,-1.48664919772381,-1.49449861026071,-1.46949117804534,-1.40998359857033,-1.32373350937259,-1.18409045468075,-0.945876028878005
-0.701994701462484,-0.406392610365904,-0.0660908811605266,0.260190962048737,0.482597879191301,0.680515419191731,0.773920854112393,0.805420035130526,0.810518023723232,0.844202255741184,0.863138436925828,0.899827148849023,0.930143235909286,0.947896044891939,0.95363176898593,0.962553388145217,0.981125069545101,0.991776532339405,1.00124434468762,1.01298791561567,1.02445880731541,1.0331074690023,1.05040479237606,1.0727093967625,1.07962877130258,1.0787186348171,1.07516823996704,1.0755324615077,1.07444007512985,1.08418112319458,1.09792777347417,1.11194765947027,1.11558904014447,1.11813803444082,1.11877521345388,1.12168842929088,1.12569430974985,1.13552662188283,1.14554090566407,1.15610138263425,1.16065345628214,1.1634754080509,1.16948381137318,1.17676657272159,1.1835941267052,1.19342588234996,1.20444156668491,1.20571620295515,1.20471508064554,1.20216664283741,1.20426126450131,1.20453477846193,1.21172711047442,1.22028506458128,1.23011709847014,1.2302987918743,1.23111794253563,1.22884190571169,1.22683882636015,1.22838642010279,1.23393989430439,1.24113194807277,1.25005356723206,1.25615295637848,1.25506029175652,1.25469579197176,1.25360312734979,1.25478649955178,1.25815492275357,1.26489204740127,1.27253958677855,1.27781982526364,1.27636321734514,1.25651689967502,1.20052806327064,1.10420941251296,0.964465759916729,0.78147879888609,0.584653645263512,0.408494238216485,0.257552373148799,0.141387126476899,0.062456784917129,0.0069237123657554,-0.0363193178245333,-0.0735539446925422,-0.106782969345698,-0.135915405959868,-0.162589834101814,-0.196820259308683,-0.227773247137899,-0.258908484859483,-0.289224571919747,-0.317173914576041,-0.338750632369391,-0.361237764892322,-0.381903789711995,-0.401477149909694,-0.424054433524437,-0.44772410351702,-0.470028151415244,-0.492150227665191,-0.513817096550347,-0.533390456748047,-0.551780444743768,-0.570989583400822,-0.589106335680025,-0.610500525336886,-0.631075007844202,-0.651558504527374,-0.665760640415855,-0.680691219385646,-0.692617318450188,-0.703724266853391,-0.715104172729004,-0.735860905128695,-0.756526373460138,-0.777647327400486,-0.799223488705631,-0.815428425701533,-0.826808331577152,-0.83837020910103,-0.848384214638169,-0.859945813917951,-0.880520296425262,-0.900821821460168,-0.920031238361331,-0.938239254708775,-0.95526389885424,-0.967190276162891,-0.979025389403294,-0.991406417588518,-1.00688291150312,-1.02181293398468,-1.03656070657388,-1.05212790806851,-1.06368950734827,-1.07333929134477,-1.08226091050405,-1.09072760054266,-1.09700923958145,-1.10929956018665,-1.12231804562905,-1.13661116734166,-1.14580602221747,-1.15700395644481,-1.16428699603733,-1.17084187079265,-1.17466550135923,-1.18923185878837,-1.20152217939356,-1.21572459352615,-1.22391832609235,-1.23420584559012,-1.23839369769735,-1.24349196453417,-1.24686038773596,-1.26088055197618,-1.27362635819027,-1.28637216440436,-1.29720615533516,-1.30749367483292,-1.31231870595322,-1.31750768037006,-1.32378904116475,-1.33389375428191,-1.3435435382784,-1.34345199596604,-1.34417988255912,-1.34345116123371,-1.3398095023154,-1.33880782351757,-1.35710654744505,-1.37331148444096,-1.38614799823508,-1.39807409729961,-1.40699599470302,-1.40608585821755,-1.40581290074514,-1.41309621858177,-1.42402091709259,-1.43776784561629,-1.44623425741079,-1.45524686239421,-1.45961640790561,-1.46089076593173,-1.4596161296615,-1.46908422025382,-1.47782414600895,-1.48101059756247,-1.48346888427879,-1.48683730748059,-1.48465225648078,-1.48210298394032,-1.49257247508635,-1.47727767457591,-1.42101560245501,-1.337897408788,-1.21563277296968,-1.01234373041592
-0.938409722575693,-0.82285240757085,-0.662618444511374,-0.500473395150347,-0.402658703259496,-0.0187695205318238,0.252200658562205,0.462115913023629,0.654742677655469,0.852828775114122,0.87548510367954,0.917613543966244,0.946730634603509,0.952008369736066,0.949460996260767,0.957013569278472,0.974483934899852,0.994774765781766,1.01588459392183,1.03335495954322,1.03717657595124,1.03781341932006,1.04764027402784,1.06037853189205,1.07175160892762,1.08721939415646,1.10268745748284,1.10505323326388,1.10305176526152,1.0995037968338,1.10268912606809,1.10705720414413,1.11870420725757,1.13353570531265,1.15000491978653,1.15255284945692,1.15255284945691,1.14809438968006,1.14800345178416,1.14991425998818,1.15801218228373,1.16920393972259,1.18503631082765,1.18967692449384,1.19004095417497,1.19022282996676,1.19195176237899,1.19249766785191,1.19932190340981,1.2076929174906,1.21806595576884,1.21897561282535,1.21833849135899,1.21642768315498,1.21342506400511,1.20942129370774,1.21251512885105,1.21651889914842,1.2215232643982,1.22934837300606,1.23517201361154,1.23835678665075,1.24154155968996,1.2480932596577,1.25346221078371,1.26065075412028,1.26929485998629,1.27666500101712,1.27566384986963,1.27293348821237,1.2680195046634,1.26183211247432,1.26028533395144,1.25200525776656,1.21224287135843,1.13453741265523,1.01497604925548,0.841366150670358,0.640276877866752,0.45274486018551,0.292782876521112,0.166942348743762,0.0828667877670638,0.0299103416250895,-0.0116719150911438,-0.0484316823493969,-0.086192322657594,-0.122679276228145,-0.15798348095695,-0.191377155579276,-0.221313243474709,-0.245789720445777,-0.268355389212833,-0.29064796619466,-0.312576513495357,-0.338599490891774,-0.366169524908612,-0.393011777660736,-0.420036184302187,-0.442147163589758,-0.460800556150423,-0.478362137765237,-0.495650627594821,-0.509208438912271,-0.530227329156439,-0.551246219400613,-0.572719799124279,-0.59428431674384,-0.613028091005327,-0.628496432429249,-0.643964773853164,-0.658432520324669,-0.672172485531459,-0.694738432396054,-0.716667257794284,-0.737594932045025,-0.758977295775251,-0.776174013416311,-0.789094425169849,-0.8006499341923,-0.813297810355688,-0.823762064627367,-0.842779208771628,-0.860795479865934,-0.880085715795431,-0.89764674121516,-0.914479707272629,-0.925580526815595,-0.936590130365115,-0.94705382844171,-0.958063710088781,-0.972076488983255,-0.987909138185852,-1.00419675496547,-1.01548000649531,-1.02512526350883,-1.03386030727076,-1.04095735651635,-1.04668950303085,-1.06161138278677,-1.07926306800485,-1.09573200438118,-1.11311087591158,-1.12630437945036,-1.13485754742048,-1.14104493960956,-1.14723260989618,-1.1520553774517,-1.16615909424208,-1.17980784345543,-1.19482149539986,-1.20200948254136,-1.20901559389105,-1.21110827788687,-1.21229102672862,-1.21219981073518,-1.2274862763673,-1.24359173925759,-1.25987907793967,-1.26870533769503,-1.27689475408156,-1.27625818881028,-1.27462047239149,-1.27270994228502,-1.28681365907539,-1.30273724617389,-1.32084445516409,-1.33249145827752,-1.34304637234756,-1.34568496181629,-1.34650368097691,-1.34513850014829,-1.35705803885187,-1.37052463417588,-1.37698511815019,-1.38217163728931,-1.38735843452597,-1.38608474778832,-1.38317306653435,-1.39327301302735,-1.40655773255956,-1.42111613882943,-1.42684856344148,-1.43321783142235,-1.43276286384532,-1.42966902870201,-1.42566525840464,-1.43749385921233,-1.44959555180525,-1.45141514401583,-1.45332595221984,-1.45387213579031,-1.44641105686358,-1.43831313456803,-1.45205309977481,-1.44823176146432,-1.41065271885037,-1.34122705823452,-1.22494112767233,-1.01065835132995
-0.755248370327705,-0.448730886764315,-0.110360144716391,0.227100480390272,0.475190792811318,0.67295319603847,0.764235254976307,0.800001849416362,0.80255028811311,0.825120465058104,0.844141408454691,0.884822411855023,0.918040567598324,0.938517364317204,0.948163991957668,0.958447590195752,0.976285270307486,0.990209614463675,1.00422491468338,1.01924128790785,1.03043528124029,1.03971780647363,1.05591716482986,1.0741189473487,1.07885172233507,1.08003526377304,1.0759402938436,1.07503045505545,1.07575865986968,1.08576966807037,1.09823760259808,1.11361780007657,1.11880507722736,1.12117104749089,1.12089762299418,1.12271757872359,1.1248106807966,1.13227352845364,1.14119250758605,1.15275088147871,1.15802994915231,1.16039647572205,1.16112440238319,1.16349065079982,1.16594757712686,1.17222660519283,1.18059901348491,1.19079193381259,1.19570634277288,1.19661673786723,1.19579785514259,1.1995295571242,1.20371603942334,1.21136079920737,1.2221906901327,1.23484081494052,1.23647858038981,1.23484025863432,1.23156361512334,1.22573881106871,1.22064221182831,1.22137041664255,1.22437391380992,1.22846971819865,1.23575093188178,1.23920976567287,1.24175848252272,1.24294174580759,1.24967638865038,1.25595569486943,1.26441905922502,1.27388349658536,1.28434928510357,1.2656924441141,1.2082660678234,1.10988581994184,0.966456174233815,0.780252423052427,0.58531160486564,0.413123153903949,0.270057610603035,0.161666354520818,0.0818517134121324,0.0255173661897077,-0.0240826163430463,-0.0694963947297488,-0.107083223052307,-0.137480350061445,-0.164964935966723,-0.189992317391858,-0.213290420997993,-0.244233284388175,-0.273446869959356,-0.302387587340018,-0.330782012033453,-0.353260676608743,-0.371189034630862,-0.388298509928352,-0.404680058564695,-0.42069778294701,-0.446453647339488,-0.471299394790717,-0.497146215246697,-0.523083713613081,-0.543833656675571,-0.559123176243655,-0.573684769150592,-0.587609113306794,-0.600896765018454,-0.623103117709427,-0.645400426463908,-0.668243471599415,-0.691359663078539,-0.709652123507784,-0.724304394325125,-0.737955313984618,-0.751697467860705,-0.762982417256656,-0.78273128731439,-0.801388128303864,-0.820500305917063,-0.838611410525499,-0.854902281251431,-0.867006669678226,-0.878382853290777,-0.888848919962074,-0.900042913294517,-0.916879242248383,-0.933806805418856,-0.951098470996447,-0.969027107171683,-0.984953597337393,-0.997968102705443,-1.01034535932275,-1.02190345506231,-1.03400756533601,-1.0477497192121,-1.06103681461756,-1.07323188095477,-1.07960242139043,-1.08469874247772,-1.08824825417922,-1.09179748772763,-1.09725791122204,-1.11464053286314,-1.13202343265734,-1.15067999549371,-1.16014498916025,-1.16897273407606,-1.17124774827609,-1.17324961613251,-1.17406877701026,-1.19272561799972,-1.21019947385743,-1.228856593,-1.23777585028551,-1.24660387335441,-1.24605785882028,-1.24514774187903,-1.2429634055894,-1.25979973454328,-1.27672701956065,-1.29383649485813,-1.30148125464216,-1.30949011683332,-1.30685100022617,-1.30457626417924,-1.30157332331807,-1.31831925251463,-1.33470107930407,-1.35244808150539,-1.36218594336245,-1.37137779068538,-1.37019452740051,-1.36846524958151,-1.36564394269425,-1.37747518477742,-1.39149048499713,-1.39695090849154,-1.40177408323522,-1.40723422857653,-1.40477674594329,-1.40040835151714,-1.41387763720271,-1.42889428858028,-1.44381998389434,-1.4537400360315,-1.46311379548144,-1.46320475154495,-1.46302256126483,-1.46156615163636,-1.47093963293319,-1.48258840658317,-1.48513656712681,-1.48586477194105,-1.45947249325713,-1.38957818243872,-1.28491862833811,-1.15495826831565,-0.97767321811358
-0.884472168423962,-0.760840202013444,-0.602304706178904,-0.425215305744633,-0.234807305541501,0.138384952396487,0.446087193563141,0.674797502512905,0.848029413340185,0.950260046500683,0.916642534097954,0.897996831295659,0.911315150336094,0.936482455718966,0.970467441660419,1.00720777732114,1.03366081899686,1.03430368714329,1.02851675091169,1.02897574192453,1.03522166916896,1.04266153450368,1.05662272169053,1.07058418960582,1.07894287915156,1.08243317594828,1.08629094628371,1.09657852099716,1.1076007620596,1.12082728289746,1.13680943418305,1.15233231372734,1.15426119889505,1.15251591013248,1.14865813979704,1.14737212277575,1.1470964474396,1.15508710198972,1.16528231704371,1.17768181187311,1.18135542434652,1.18273295884194,1.18153902075165,1.1831007131091,1.18401953732012,1.19256210399944,1.20284967871289,1.21460658612432,1.21938261921387,1.22314831061829,1.22388297696728,1.22875080825941,1.23444566555999,1.24409037212701,1.25382715762506,1.26273719784309,1.261176347671,1.25722705986145,1.25153248328931,1.25070573800931,1.25245102677189,1.26025864637377,1.26962767760465,1.28083351507222,1.28138458501607,1.27945541911991,1.27679130614631,1.27431107030629,1.27522961378887,1.28368010153716,1.29304913276805,1.30269355860663,1.30994982753621,1.3088476876485,1.2780773231676,1.20836206252213,1.09446660088121,0.937033525662826,0.735970757935959,0.538857839475547,0.366912226398008,0.227940976848333,0.123322186778828,0.0571893018610644,0.00639541935403047,-0.0376017466931657,-0.0776490634739076,-0.113746811716661,-0.147181008442713,-0.177675697587452,-0.20798650959861,-0.237562655260772,-0.265944582104211,-0.29304049192635,-0.320412077084647,-0.346865118760374,-0.370930003527094,-0.394168423742249,-0.416488300474838,-0.436420301026874,-0.454331337480168,-0.473711987359898,-0.493092637239628,-0.513116155265776,-0.535343672338902,-0.557938943679192,-0.579064601593058,-0.599455312429464,-0.618744164106636,-0.635737218534258,-0.65355673751344,-0.672019405367486,-0.687634644571244,-0.703157804843996,-0.718680684388289,-0.732917827639734,-0.745593278533745,-0.763596113189615,-0.781323272509333,-0.800244369919322,-0.818614116657011,-0.831380804296693,-0.840749274070667,-0.849750551034376,-0.857098618166526,-0.864446966027123,-0.884930317251458,-0.906240133027347,-0.928192816949665,-0.949778308061713,-0.9671385552996,-0.976599384733045,-0.985141670683918,-0.992765413152214,-1.00066455022821,-1.01784035887562,-1.03529184285919,-1.05292692324789,-1.0637650064483,-1.0753377559977,-1.08094053436726,-1.0859004445904,-1.09058496020584,-1.107485654974,-1.1235598851906,-1.14018518535105,-1.15846369534308,-1.17426225022352,-1.18390695679056,-1.19272491807758,-1.20016506414074,-1.20595200037233,-1.21550490873679,-1.22588428165281,-1.23754939086167,-1.24737741310539,-1.25637840934065,-1.26363411681333,-1.26960408799317,-1.27364545473374,-1.28430022225746,-1.29624128753092,-1.30698813398566,-1.31571401634167,-1.32554203858538,-1.32995059813622,-1.3329813424632,-1.33711450740633,-1.34648353863721,-1.35566897346295,-1.35640420126884,-1.35603700845857,-1.35539414031214,-1.3514442910457,-1.34648381936566,-1.36173074284536,-1.38101931379408,-1.40076715648407,-1.41390187911936,-1.42722047888824,-1.4285982941121,-1.42722047888823,-1.42446512916896,-1.43484450208498,-1.44513207679844,-1.44586730460432,-1.44605146246635,-1.44605174319481,-1.43897935139881,-1.43209055600795,-1.44697028667738,-1.46276856082938,-1.46873853200921,-1.47360636330134,-1.47893346633475,-1.4725954601593,-1.42446484844051,-1.37174180003731,-1.2818191442321,-1.09829993941981
-0.907916098869308,-0.675163038299264,-0.386130064799857,-0.0949818059429324,0.0917906396835907,0.363719482113039,0.535686616619024,0.646499912686105,0.737173870856775,0.854240553041273,0.882012737662958,0.912635751328147,0.93194735664711,0.938476185184175,0.940039180383918,0.948683294278525,0.972592820559984,0.996962448107756,1.01038886074783,1.01599861100705,1.01967717262801,1.02519529612314,1.03494342820596,1.0496573936261,1.06207253909683,1.06749875476418,1.06823457951386,1.07136141310441,1.07687925553585,1.08441991336964,1.09527093938587,1.10796152727627,1.1135709964718,1.11596172424899,1.12478993486286,1.13426206239862,1.14318218084027,1.15614877327772,1.16948327809001,1.16975928263706,1.16681654576577,1.1631382652085,1.16019552833721,1.15863197101009,1.16414925131414,1.17196563263129,1.18097737783704,1.18539120208028,1.18796602657674,1.19035703541762,1.1939434081471,1.19670204829912,1.20249533315022,1.20930044729805,1.21371455260498,1.21445037735466,1.21445065841835,1.21619831246474,1.21831331675857,1.22291151878477,1.22916490490218,1.23698184834673,1.2405685021399,1.24213234053071,1.24204043270293,1.24038524861172,1.23854568673754,1.23937313825131,1.24167195820071,1.24479879179126,1.25096027008089,1.25509893296817,1.25794976201167,1.24976518725599,1.20911831802464,1.12736475935931,1.00321695847995,0.833640832814851,0.637028066214043,0.454025246845184,0.297231616898268,0.172624557943674,0.0899513588731118,0.0362459893765281,-0.0067916076320211,-0.0431162793842113,-0.0745670256268608,-0.114385881217061,-0.151813727966379,-0.187862395171524,-0.223635057829632,-0.257108900538325,-0.284145822537734,-0.309527560445921,-0.332518008449527,-0.353485359987084,-0.376475526926998,-0.397074403962338,-0.418132820136608,-0.433765863834607,-0.449490815360387,-0.463836587342009,-0.479469912103693,-0.494367974243101,-0.520852887148403,-0.547337800053711,-0.573087169273039,-0.598009086978598,-0.621826986495973,-0.639943227926328,-0.657507741326292,-0.674796250179199,-0.691440842110222,-0.709465175712801,-0.726386334318253,-0.743399400751499,-0.754618620206251,-0.766573383346984,-0.776872681332808,-0.78717169825494,-0.79756290406854,-0.81954152277543,-0.840876786687826,-0.863407695552515,-0.882352231687714,-0.900836666556606,-0.912607895105454,-0.924010930215783,-0.93394259689046,-0.951047009024105,-0.967415877471775,-0.984888201980247,-1.00162498280275,-1.01799385125041,-1.02994889545485,-1.04153602728443,-1.05146797502281,-1.06277938336904,-1.0751023399483,-1.08779292783869,-1.10149506396212,-1.11446137533588,-1.1265080463044,-1.13726716449284,-1.14756646247866,-1.15611866854548,-1.1669699756254,-1.17717736578344,-1.18159147109038,-1.18563794508617,-1.18996014256532,-1.19253524812547,-1.19465081454669,-1.20991650799724,-1.22509001255631,-1.240723337318,-1.24964317469596,-1.25902283227654,-1.26058610853998,-1.26242538935045,-1.2644487668802,-1.27934682901961,-1.29562407070318,-1.30573983409713,-1.31456832577469,-1.32247717704702,-1.32422483109341,-1.32312193715998,-1.33489344677253,-1.3483201404763,-1.36202255766341,-1.37213832105735,-1.38335725944842,-1.38786299151944,-1.39089707409113,-1.3934713364602,-1.40321862535193,-1.41342601550996,-1.41774821298911,-1.42243860390679,-1.42666917462184,-1.4263015433107,-1.42483045593875,-1.43522222387974,-1.44634953550671,-1.45223529031299,-1.45812104511927,-1.46400651886185,-1.46382242214258,-1.46207476809619,-1.4719139648157,-1.48110952567702,-1.48616698577845,-1.49085653350505,-1.49545445446756,-1.47356774358845,-1.41572427333198,-1.32164832021478,-1.19354707742219,-1.01615457043994
-0.920220272184527,-0.774499572713732,-0.614570929352145,-0.426413803428591,-0.216851916095087,0.161612353561215,0.466888885705173,0.707296358065432,0.883208724045143,0.966491489370835,0.921625365672893,0.900781391528365,0.90517455839917,0.918447475942709,0.952657784561893,0.985839935581387,0.999580223459207,0.99901943619381,0.995093639657285,0.999767057321452,1.00911417832847,1.02416287459933,1.03967894120449,1.05547554428168,1.06024266455566,1.06454212881666,1.07697372262274,1.09015322323515,1.10165036205136,1.11847540840695,1.13492678703805,1.13520732351009,1.1341791659104,1.13212256503234,1.13530045476252,1.13903913175812,1.15091022397749,1.16371577118674,1.17605394806171,1.17530604125537,1.17194103198426,1.17035151576178,1.17278149868564,1.17810912054633,1.18923202028068,1.20203728181124,1.21147810542807,1.21073076997911,1.20596450674121,1.20129166043442,1.20325541573874,1.20662071068855,1.21662232157078,1.22849284243277,1.24083073362904,1.24017595807514,1.23821305980689,1.23438068020148,1.2296138456062,1.22624883633508,1.22839856846558,1.23204354285137,1.23690350869908,1.24251138135313,1.2450350668868,1.24727850162711,1.24868061262995,1.25307406517945,1.25840197271882,1.26466433524808,1.27204827230815,1.27989986538119,1.27924537550598,1.27700222644436,1.24877431523976,1.18362529034139,1.07893776360577,0.934525186849328,0.741974608376282,0.55232138316136,0.383325298228747,0.238445065459337,0.128429345505648,0.0566434333174711,-0.000560581576742774,-0.0472021983233281,-0.0857122568822076,-0.122259131494125,-0.153758349360031,-0.18310812077413,-0.216570808265672,-0.248163728741381,-0.277700619696405,-0.307705166664401,-0.334157584820357,-0.355001558964885,-0.375658699247182,-0.395567932723144,-0.414075055196246,-0.43641455727475,-0.459782502631638,-0.482870197195164,-0.505583938355525,-0.528577930309242,-0.54764612572644,-0.566807452396067,-0.585314289190489,-0.603166921788379,-0.620645886661792,-0.640555120137747,-0.659436481692706,-0.679719954250519,-0.700564214073747,-0.721034234815099,-0.739635059898017,-0.758796672246337,-0.775434599060992,-0.791137785207068,-0.806841257031836,-0.822824693971279,-0.83254548270277,-0.842639939158745,-0.853388599811239,-0.863576473198336,-0.873577798401869,-0.894515189477526,-0.916107070428383,-0.936297126055086,-0.957421636671663,-0.972096379539362,-0.981256381005457,-0.98882743760644,-0.997332949197317,-1.00471717193607,-1.02359853349103,-1.04173227391834,-1.0610810058076,-1.0791213293038,-1.09482451544987,-1.10632136858739,-1.11716373184969,-1.12688452058118,-1.13735293044032,-1.15221479284895,-1.16371164598646,-1.17735851693316,-1.18736012781539,-1.19736202437631,-1.20343783872202,-1.21063551327723,-1.2154026335512,-1.2268060697576,-1.2370876457545,-1.24998660989486,-1.25727713002381,-1.26494188923461,-1.27008296291175,-1.27531745352001,-1.2780282585946,-1.29251645327875,-1.30709777921534,-1.32149227128968,-1.33130676263098,-1.34224282850309,-1.3466359953739,-1.34981417078278,-1.35224443938533,-1.36402182899488,-1.37449052453271,-1.37916394219687,-1.38355710906768,-1.38795027593849,-1.38636104539471,-1.38598709199154,-1.39654920446048,-1.41084999392502,-1.42515078338955,-1.43253500612831,-1.43823658139217,-1.43945185853278,-1.4369284586778,-1.43384427155742,-1.44674352137648,-1.46244699320125,-1.46609225326573,-1.46842881925847,-1.47067168264139,-1.46412849796141,-1.45459425741346,-1.46609139622966,-1.48198141623798,-1.4951609168504,-1.50525565898506,-1.51553752066064,-1.51656539258165,-1.51450907738227,-1.41870158699806,-1.2343768406799,-0.940503744742333,-0.543719186475162
-0.0230697880399754,0.360457942021795,0.650133702007614,0.820395294431811,0.892375651414826,0.874380209610379,0.879362851099295,0.897634416871683,0.926795533490085,0.952449960329719,0.97312118158652,0.98151912964112,0.98216529921267,0.985580041684449,0.994623877263652,1.0048672585381,1.01437224088706,1.02424642269875,1.03504318009691,1.04113370202103,1.0453787907253,1.05451485565845,1.06346617983675,1.07094127025794,1.0822000205667,1.09475054592467,1.09798054764159,1.0999187743093,1.10711689462169,1.11348438665462,1.12077473632097,1.13387863780263,1.14799762627164,1.149104660566,1.14772009206893,1.14467454905992,1.14532071863147,1.14652054637369,1.15593386346259,1.1669159257095,1.17799021731037,1.17882084558982,1.17706764172391,1.17346844054424,1.17254530086388,1.17328313569548,1.18038874460697,1.18933978673831,1.19875253973331,1.20124442457167,1.20124498866558,1.19967652555453,1.19995377771029,1.2005077179279,1.20632155179018,1.21287322048405,1.22007077670253,1.22182369852149,1.22237679259823,1.22025382517567,1.22302211602893,1.22671354656255,1.23400417827584,1.24184875020674,1.25098509718684,1.25089314987984,1.24794011827173,1.2435102888126,1.21739386906236,1.15630249883143,1.05959000854828,0.921350617043603,0.738262093246547,0.551943849779528,0.386112086814471,0.248703323589253,0.144331566223956,0.0805638524467717,0.0331300418681659,-0.00747456581384527,-0.0433726559748824,-0.0753948568944069,-0.112584440057692,-0.14691322096682,-0.180042456180693,-0.212341345162051,-0.243532917802121,-0.269649337552363,-0.29511958773105,-0.319113322105678,-0.3419072287381,-0.364516394615658,-0.38740224855508,-0.410196155187502,-0.433451490636622,-0.455507280390487,-0.477101923374607,-0.498142908188077,-0.518353264722091,-0.537640763622692,-0.559696553376563,-0.58165983172953,-0.602331052986338,-0.623648161767749,-0.645241958611006,-0.663144606967589,-0.681047255324186,-0.700057502069035,-0.718698549351127,-0.736047821584025,-0.754965838974928,-0.773145457440316,-0.790586676980209,-0.806459151362083,-0.823715912194076,-0.840142044746607,-0.856937658808848,-0.872810415237681,-0.889421570592023,-0.904279240033501,-0.920059767108387,-0.934824925148961,-0.950512940822948,-0.966385415204823,-0.982627089049461,-0.997115276981223,-1.01215740513061,-1.02701479252514,-1.04048789346956,-1.04528635829753,-1.05073099269706,-1.05479105859952,-1.05682123257423,-1.06005123429115,-1.08016907942426,-1.09927183757001,-1.11911299464127,-1.13683146633691,-1.15270394071879,-1.15907115070478,-1.16497693187405,-1.17032905487267,-1.18315598624554,-1.19653685783601,-1.20087417589423,-1.20631881029376,-1.21139424523053,-1.21028692888923,-1.20917961254792,-1.22662083208782,-1.2427702765785,-1.25015313764574,-1.25873554440823,-1.26584143536667,-1.26335011462221,-1.260581541722,-1.27543864706957,-1.29121861005055,-1.3026612549733,-1.31133560904279,-1.32074864408475,-1.32167178376511,-1.32065726087166,-1.33062451817817,-1.3456669283745,-1.35581808029501,-1.36200111362004,-1.36827609425208,-1.36873724102182,-1.36633786758436,-1.37298232972609,-1.38608651325472,-1.39180811776304,-1.39549926624971,-1.39845229785783,-1.39734498151652,-1.39190034711699,-1.40251292785421,-1.41829345492909,-1.42484540566992,-1.42973609985184,-1.43518073425137,-1.4316740444726,-1.42318414911101,-1.43628861468658,-1.45031593789556,-1.45437628584498,-1.45917475067295,-1.46544973130498,-1.45908195722509,-1.41395557277696,-1.35655591512661,-1.26796468483619,-1.12188128549454,-0.990655273547392,-0.831928837446872,-0.687321671862308,-0.578520367084835,-0.532471407050246,-0.361102498284754
-0.342368698617654,-0.226827842864061,-0.0351582520489377,0.192949254600366,0.293431866559177,0.526187189759729,0.655485412047226,0.724364007842973,0.781530446845199,0.868255976366483,0.8818272597805,0.906274036189547,0.923563572844572,0.927839507252461,0.928025306275959,0.943734130749371,0.97124801152806,0.987235534536731,0.995879734671505,1.00350175608065,1.0092646508693,1.0160502925763,1.03510577224372,1.05694994184188,1.06345688501363,1.06392195076513,1.06922034799501,1.07489062736827,1.08167626907528,1.09701321140531,1.11476696152273,1.11634682141525,1.1129072667095,1.10760858538325,1.10593554188261,1.1045414810136,1.11253595275885,1.12266824965986,1.13391619299099,1.13735574769674,1.13884327627024,1.14005153811574,1.14339790921337,1.14627949865588,1.15287934133939,1.1608732448919,1.16580004407478,1.16598584309828,1.16542787783504,1.16933164600318,1.17286381612432,1.17881250993646,1.18717829563235,1.1964736446385,1.19628756151862,1.19526481460025,1.19368467061138,1.19489321655325,1.19665944366199,1.20381725160874,1.21153274072238,1.21924794573963,1.22045620758515,1.22027040856164,1.21803968389413,1.21673852253687,1.21655300760974,1.22045734397062,1.22417559721162,1.22956660985689,1.23337747851327,1.23384169197566,1.23291184456905,1.22287244717979,1.18253076317747,1.10463580100719,0.986957120097843,0.82540430096866,0.635686736285792,0.456286699334714,0.302077203079421,0.179378823475436,0.0941408225276458,0.0380903140519066,-0.00643383665382019,-0.0454740752025283,-0.0811679426536003,-0.119092818868551,-0.15460117139249,-0.188436480415797,-0.220970059889107,-0.248577124275909,-0.271443756696072,-0.293566624829492,-0.314016449462279,-0.3323284489393,-0.357054492076334,-0.382802713939007,-0.407993254634804,-0.433369594354086,-0.459117816216764,-0.480775902695051,-0.501411810447706,-0.521396853425366,-0.541010014259654,-0.56164563791595,-0.582281261572234,-0.603195299667406,-0.617695862295325,-0.631452944732846,-0.643908865813112,-0.656085804261755,-0.666961865449514,-0.690479362644678,-0.714926139053719,-0.738628867079658,-0.762517678225452,-0.785662440988145,-0.802114745651943,-0.816429225159974,-0.831301669931258,-0.845058468272414,-0.860024096651812,-0.874989440934845,-0.891813911838378,-0.902131723666527,-0.912263736471172,-0.922302565667684,-0.931412115650327,-0.939127320667589,-0.958926564621751,-0.979004791207524,-0.998339253506554,-1.0113528557537,-1.02473834014422,-1.03031543590936,-1.0358925316745,-1.04054034822575,-1.05857336507116,-1.07549101958282,-1.09454678334659,-1.10774618461724,-1.12122428442314,-1.12745196086691,-1.13386543633418,-1.13925644897944,-1.15459367540585,-1.17058148251088,-1.18619769156892,-1.1937268134663,-1.20134883487545,-1.20339376051946,-1.20441650743783,-1.20497447270107,-1.22217139394071,-1.2377878870951,-1.25479872521487,-1.26511682113938,-1.27543463296753,-1.27645681169317,-1.2781298551938,-1.27905913440768,-1.29281564865248,-1.30824549049427,-1.31884200085766,-1.32925271219757,-1.33910545827422,-1.34245182937185,-1.34375327482547,-1.35500064996387,-1.36736338743602,-1.3799124921244,-1.38772088074978,-1.39590115151854,-1.39906172359267,-1.40017737002279,-1.40045606855804,-1.41105257892144,-1.4219277878201,-1.42490227677435,-1.42824836377561,-1.43205951652837,-1.42964270874099,-1.42611053861986,-1.43884515823538,-1.45269542428102,-1.45715715771241,-1.46217685640704,-1.46812611841191,-1.46422206614741,-1.45957424959616,-1.47351713105719,-1.4873668289101,-1.49247885892375,-1.49870653536752,-1.48253264514261,-1.41625694025411,-1.31568171287991,-1.19874679625731,-1.03161716545934
-0.923988453207697,-0.778085902118049,-0.602275687260526,-0.390222551672678,-0.169411452980884,0.199538672357155,0.475599316935318,0.680664819000987,0.827126916114152,0.904271369760393,0.865979058327153,0.857407610564373,0.867283526690368,0.878650141764517,0.901289971864105,0.925141155034441,0.93995502922344,0.947688439354051,0.958030501454866,0.971726707378059,0.983745699011947,0.992224031482255,1.00219277814447,1.00852803510691,1.01421120026586,1.02371437046576,1.03871475999593,1.04467784054477,1.04942956802284,1.05893273822274,1.06815656254525,1.07710075623413,1.09200774571559,1.10738088117185,1.10868563429133,1.10822005782901,1.10430722225185,1.10346889986343,1.10197791615904,1.10896526492496,1.11595261369088,1.12536238384208,1.12675968274152,1.12862312761575,1.12862312761576,1.13179075609697,1.13561047638168,1.1433433169998,1.15144890354402,1.16067244311029,1.1642128175176,1.16477207878487,1.1684058532409,1.17138725113718,1.17408930315609,1.17958652248636,1.18731964786073,1.18731964786072,1.18722681732451,1.18638877969234,1.18964980822227,1.19235157548493,1.20008470085929,1.20791065676987,1.21610907385031,1.21592255850914,1.21527046670565,1.21331390653895,1.21499112082827,1.21666833511759,1.22225866974033,1.22775588907059,1.23446417671538,1.23353245427825,1.20735196501511,1.14548753153267,1.04365328757143,0.897563936384357,0.709827845185413,0.524234544738105,0.360256521417031,0.224229316940883,0.121370235250063,0.0544747284121585,0.0027658416893564,-0.040091681880778,-0.0771726402432623,-0.11071322419843,-0.141272410257303,-0.170247782075569,-0.201925490668995,-0.233416968677475,-0.263883608956377,-0.287921876980379,-0.310935307274795,-0.33096705491668,-0.349880564780262,-0.367955467499193,-0.395626370954238,-0.423296989653032,-0.450781377766907,-0.477707074126003,-0.502489979733471,-0.522521442619104,-0.541062491312842,-0.559230794080476,-0.576653320239667,-0.597429705465005,-0.617740514228024,-0.638703414794532,-0.654821472590509,-0.670846699850263,-0.684170159847366,-0.697027473869656,-0.709325811380923,-0.731127603848341,-0.752183904463559,-0.773240205078784,-0.788892686412436,-0.803985906478828,-0.81330256133755,-0.82383056926704,-0.834917553707546,-0.855694223689128,-0.877030154937983,-0.898366086186838,-0.917838572561449,-0.935913760036624,-0.949050989448801,-0.961908588227335,-0.974113810446137,-0.988741169293966,-1.00429996582268,-1.01929978584035,-1.03234333044757,-1.04370994552171,-1.05321340047786,-1.06243750955662,-1.07184784922031,-1.08414618673157,-1.09970555277277,-1.11573078003253,-1.12644530330318,-1.13632121942918,-1.14358848358499,-1.14955127937757,-1.15402337622201,-1.16706692082923,-1.18150804909213,-1.197253360962,-1.2047999709952,-1.21243969632085,-1.2165390472392,-1.21868212274708,-1.21924138401435,-1.234893865348,-1.25157118441125,-1.26731678103737,-1.2815713939591,-1.29619875280693,-1.30318610157285,-1.30858963609817,-1.31445903184204,-1.32461429384543,-1.3357943935784,-1.33980062920428,-1.34362034948899,-1.34688109326267,-1.34688080850642,-1.34566945543567,-1.35824742358057,-1.37091879177418,-1.3730621520383,-1.37716207246914,-1.38042338575531,-1.3761375194958,-1.37408755928038,-1.39225529253552,-1.40828023503904,-1.41498823792758,-1.42337345510542,-1.42877755914323,-1.42449197763996,-1.42132463391499,-1.43837498366058,-1.45365528858063,-1.46092255273644,-1.46679223323656,-1.47210265246941,-1.46669854843161,-1.4609216984677,-1.47415175841609,-1.48887251731262,-1.49660535793075,-1.50405885267148,-1.51169857799713,-1.46995843793655,-1.39374570672743,-1.29768831273008,-1.15243756868768
-1.01866551808937,-0.853095645929643,-0.655567398249628,-0.422353413256642,-0.178144721910671,0.202750133755672,0.486371354666202,0.693310699643558,0.843041348770869,0.921120878587337,0.882360188822877,0.874440150150829,0.891024902495906,0.902205279250657,0.923821642529731,0.945997295178567,0.959973549241029,0.965284520089344,0.976745395840645,0.99416908224036,1.00367272996804,1.00916994075925,1.01774210400195,1.02398455933525,1.02892276552725,1.04112860105009,1.05920441202046,1.06432885815535,1.06554027209577,1.07094436291553,1.07858475690269,1.08566614629065,1.09954928038167,1.11632055744018,1.11939522512111,1.11632027266963,1.11017065253721,1.10839994922703,1.10737477522949,1.11454899981833,1.12470505688721,1.13812202157991,1.14212874328694,1.14315391728447,1.14231555277093,1.14371292188367,1.14287427259958,1.14818495867736,1.15517265855275,1.16262624305593,1.16476914148131,1.16607339062262,1.16784352439169,1.17166343661472,1.17650852283528,1.18452168147877,1.19411873394844,1.19970934948164,1.20008239890852,1.19877786499667,1.19598227245951,1.19514362317541,1.19719340162937,1.2025043724777,1.20865427738068,1.21582935628117,1.21760005959135,1.21732098444758,1.21564397064995,1.21657573990548,1.21825275370311,1.22347031980944,1.2303648997134,1.23781876898712,1.21554999636684,1.15535946803675,1.05352039174526,0.911057371948789,0.722752842541017,0.537616385556167,0.375493945733684,0.243559747662431,0.138739408432006,0.0718405401408423,0.0197562904256799,-0.0262717438990745,-0.0646593842366515,-0.0982019383536822,-0.129880669189079,-0.159229976885645,-0.186343266185372,-0.220631064844496,-0.250353706738491,-0.280821877945138,-0.309519915382716,-0.335888244910898,-0.357411488218533,-0.380704865295225,-0.401016694662439,-0.421048879344775,-0.444715021077797,-0.466703864242641,-0.488506182694041,-0.505743059609765,-0.523073341267489,-0.537422075215721,-0.552702863190044,-0.566958761937391,-0.590625188440972,-0.614384450145439,-0.638050591878466,-0.660319079728182,-0.679326659954095,-0.694793403100743,-0.708303772535437,-0.722093786655022,-0.737281169887346,-0.759363417794183,-0.779768936673949,-0.802037709294223,-0.821510889377346,-0.840238824918369,-0.853842029553955,-0.867351829447537,-0.878998375600616,-0.894558523489269,-0.909186902122379,-0.925306339380801,-0.94105301198288,-0.955401745931119,-0.968818710623814,-0.981583550745868,-0.99332321687038,-1.00506288299489,-1.02146139539708,-1.03580984457476,-1.05258083686272,-1.0605934259651,-1.06748800586905,-1.07121479812063,-1.07615300431264,-1.07792313808171,-1.09665107362273,-1.11705630773194,-1.1373684218697,-1.15004042679086,-1.163737320939,-1.16848957195867,-1.17156452441016,-1.17426642743477,-1.18982629055286,-1.20594544304073,-1.22150559092937,-1.23110264339904,-1.23902296684164,-1.24125955477959,-1.24181884414935,-1.24396202734531,-1.25849728600698,-1.27638657226391,-1.29315784932242,-1.30191625250801,-1.30881111718252,-1.3098360064095,-1.30862487723964,-1.30797275266899,-1.32455778978461,-1.34216771612722,-1.36061629175392,-1.37394013647517,-1.38791610576708,-1.39182913796155,-1.39555593021313,-1.39574217015602,-1.40748212105108,-1.41512251503825,-1.41540215972312,-1.4136317411835,-1.41502911029625,-1.40794743613775,-1.40496531888714,-1.42071142194813,-1.43906659283282,-1.44810435593273,-1.45863317765794,-1.46608733170222,-1.46310578399273,-1.45732921328719,-1.46720591044174,-1.47950486593602,-1.49366735994137,-1.50345093712449,-1.51491124333468,-1.51807903098704,-1.5174269064164,-1.5180793157576,-1.48612065546676,-1.42127185040011,-1.32278737124499,-1.1622488252487
-1.00925381178687,-0.827491586223825,-0.614755753009115,-0.37725939999271,-0.156270343608301,0.193898845463586,0.470435531796436,0.679089960648231,0.829321070060881,0.921314507246732,0.896646952766638,0.879213120658093,0.877266234090811,0.89024935142776,0.91816275609981,0.944221389233603,0.96740518316926,0.98372626572719,0.982427868964236,0.978996654990804,0.986971832488283,0.999583655400554,1.00978461543012,1.02610626484976,1.04530275346754,1.04891961465332,1.04891989808418,1.04854888709036,1.04947598942863,1.04901201311321,1.05661617961686,1.06672417432483,1.07859454211118,1.0829534252846,1.08573586602284,1.09371132695118,1.10242852643631,1.11049638582454,1.12468465117198,1.13970733696696,1.14183987074658,1.13998509920832,1.13618287424106,1.13627555613181,1.1372032253318,1.14554998068482,1.15630759892055,1.16910535247602,1.1695696122223,1.16715874933959,1.16317116059085,1.16382050068775,1.16511918088156,1.17392906225743,1.18403734039626,1.19516568619496,1.195814742861,1.19266129112894,1.18820972606478,1.18440721766666,1.18171745881915,1.18524107125247,1.19154712442403,1.19757484849251,1.20295351589494,1.20490096932395,1.20490096932395,1.20397330012396,1.20823893454493,1.21278289806898,1.22057271178497,1.22993896793615,1.23986188229349,1.2404182570688,1.21612114672081,1.15324626221751,1.04882608247,0.901191199721542,0.712289350831972,0.524871545917695,0.360359205835992,0.225800405746087,0.123327962858456,0.0579495335817085,0.00703798218633348,-0.0370111412621579,-0.0783710727248603,-0.114908994991295,-0.149592145719472,-0.181864433564944,-0.212652960865979,-0.239824910412099,-0.267274622199584,-0.293518902545709,-0.312808073054231,-0.331726515999782,-0.351201333720644,-0.369099992437188,-0.385978300062993,-0.414262999159721,-0.441156336171901,-0.467678378759397,-0.494942159903678,-0.515621842204173,-0.530088153223845,-0.546131190109548,-0.561340089978589,-0.57497254741245,-0.601588122183254,-0.627832685960242,-0.651851467205151,-0.676240976013018,-0.696364566969065,-0.708698344209109,-0.7206613938862,-0.732531478241685,-0.744215915384823,-0.764431904800751,-0.785296950882728,-0.806718088309152,-0.828974213044827,-0.849190485891613,-0.865048442426696,-0.880535387967952,-0.894909867389456,-0.908449642932579,-0.924956656133705,-0.940814329237926,-0.957135695226718,-0.966408986056295,-0.975960322558098,-0.982266092298808,-0.98894287303334,-0.993579518448125,-1.012126666969,-1.03002475882382,-1.04922096401074,-1.06832448730692,-1.08705699960927,-1.09855578954006,-1.10847813703569,-1.11923547184056,-1.128509046101,-1.14075042488116,-1.15299208709219,-1.16755221372603,-1.17413659600068,-1.18201937503828,-1.18730536054997,-1.19194200596476,-1.1952802546166,-1.20993249627947,-1.22458445451149,-1.23951445841572,-1.25277533799403,-1.26501614991248,-1.27326937308219,-1.27901876804759,-1.28541750310989,-1.29506208836415,-1.30656144515667,-1.3075817962474,-1.30869511265973,-1.3080466228554,-1.30656342917268,-1.30368887340541,-1.31852647884976,-1.33688798015829,-1.35654759479892,-1.36925209960193,-1.38130783116975,-1.38455396479256,-1.3841832372296,-1.38353418056356,-1.39429151536843,-1.40439951007639,-1.40384285187022,-1.40532661241466,-1.40495588485169,-1.39892816078321,-1.39531158302829,-1.41302402767077,-1.42962343933179,-1.43796906096138,-1.44436751259282,-1.44937488557058,-1.44353252528358,-1.43694842643979,-1.45076653108599,-1.46820121348711,-1.47534253739877,-1.47988706778454,-1.48535870050858,-1.47886728355553,-1.47070645884571,-1.48276162355182,-1.45772249121618,-1.39874251357087,-1.29441473228326,-1.13388941408858
-0.95459696199893,-0.749569782479404,-0.520394049925676,-0.300169265525278,-0.0856317570232636,0.240789896254272,0.482739060121,0.667534207297143,0.821468231489072,0.915078034342188,0.883191047381917,0.869484934737349,0.869857380353097,0.874798340208898,0.8944707067609,0.925331829745109,0.947988605580785,0.953955999337076,0.95610062497147,0.961508637898595,0.972137728539427,0.988174262182938,1.00840657948853,1.01894248748487,1.02071409757908,1.0221126921331,1.02686785662435,1.0314363708644,1.04122596281815,1.0546516726426,1.06500064542552,1.06807709750483,1.07059445371719,1.07721412598493,1.08299486949002,1.08942817646877,1.0997774342139,1.11115198601067,1.11264376320918,1.11199091477331,1.11460145363016,1.11814467381858,1.12066231499316,1.12756182015658,1.13688578385008,1.14024263874953,1.13986962320934,1.13921705973568,1.14378585893794,1.14872738871817,1.15618627471076,1.16578978633774,1.17669870987426,1.17697854276996,1.17343560754375,1.16998585496204,1.17166399744953,1.17278247414566,1.1793089637689,1.18975140415854,1.20047367744385,1.20047396240607,1.19879610488079,1.19646539891962,1.19599948569717,1.19562675511919,1.2010344830841,1.20784080560303,1.21557952449132,1.21502014366214,1.21324853356794,1.21045134445988,1.209984861313,1.21026412428426,1.19096363342358,1.13679288616782,1.0433697335659,0.901836695071222,0.712286953328255,0.524695471930705,0.35826841924589,0.221210712346758,0.120142308463267,0.0565549847939421,0.00676638648923909,-0.0362156043343209,-0.0770532544856946,-0.116958793229935,-0.153041563852278,-0.180733052112684,-0.206187017056415,-0.229775904299231,-0.249355373168953,-0.269587690474549,-0.300262163207553,-0.33019088982242,-0.358907957096662,-0.387438659081927,-0.412799156418955,-0.431913281990641,-0.451306955495813,-0.469674765024916,-0.489254518856857,-0.512377207914996,-0.53661837366926,-0.560113508343153,-0.579319676710466,-0.597780098959642,-0.613443617062972,-0.626496596309457,-0.63973622580714,-0.662672549576302,-0.684209993829219,-0.706586366844775,-0.730454517058856,-0.752178326600745,-0.767282463874915,-0.783505932731844,-0.798331091996963,-0.812037489603756,-0.828820624252065,-0.847375368994592,-0.864904249761062,-0.876652102060226,-0.888026938819202,-0.896977602010311,-0.904622568329671,-0.91180133646436,-0.930728241860421,-0.950121345441158,-0.970633210680233,-0.983220276704256,-0.99618035826846,-1.00289349814289,-1.00932709008385,-1.01380270664163,-1.03403502394722,-1.05333494488346,-1.07338061193786,-1.08643330622213,-1.10051157952024,-1.10582583987844,-1.11132646552562,-1.11561514686998,-1.13333010796321,-1.15104535401865,-1.16857423478513,-1.17845786427002,-1.18843467639941,-1.19067248467829,-1.1920707942701,-1.19365518418868,-1.21015734609245,-1.22665979295842,-1.24437475405165,-1.25696210503789,-1.26954974098634,-1.27430547540202,-1.2786879093153,-1.28195129660803,-1.29584320461715,-1.30992147791526,-1.31663404786526,-1.32260087169713,-1.32838104527779,-1.32744836394622,-1.32632931732567,-1.34040816054821,-1.35560576542908,-1.37108348816786,-1.38413732230099,-1.39597892716907,-1.399428964713,-1.40157387530962,-1.40334548540382,-1.41220268098822,-1.42208574054869,-1.42572185841938,-1.43010372240823,-1.43383302292342,-1.43346029234545,-1.43224834804262,-1.44483541406664,-1.4582614088533,-1.46534756426793,-1.47187405389117,-1.47914628963256,-1.47802752797422,-1.47485789325042,-1.48567334918023,-1.49788739966407,-1.50357496052467,-1.51000826750342,-1.51653475712665,-1.51541599546832,-1.51299182190046,-1.48847053828828,-1.4365375993114,-1.34246159827362,-1.16120938632367
-0.851767529279027,-0.520204281456434,-0.144420423589662,0.236821595971093,0.524811443245873,0.716218633019526,0.796889097936091,0.816779267979871,0.804012643611511,0.81539154224458,0.843885442198559,0.890234011469249,0.916785151943363,0.925851739846345,0.926962372830906,0.925759846842282,0.935751019740055,0.957675842267774,0.981913258273273,0.993199132911454,0.996066760133813,1.00022993733969,1.0060587812747,1.01595806116841,1.03048281076539,1.04667266159609,1.0511132143004,1.05213054054237,1.05795853623427,1.06582174990552,1.07423999732135,1.08820914767834,1.10402859901572,1.10624901674173,1.10569426574485,1.10412190575831,1.10708255697556,1.11032058369124,1.12049695633568,1.13196831346823,1.14288435410849,1.1432541881064,1.14094131188091,1.13622281818276,1.13538984344434,1.13538984344434,1.141865614128,1.14945173504852,1.16018342418524,1.16268178290509,1.16360721614298,1.16258988990101,1.16592037511618,1.16804833434271,1.17461656352585,1.18285017669042,1.19182374059852,1.19228631584362,1.191916199098,1.18969606411969,1.191916199098,1.1950614845665,1.20236966449317,1.21051053641056,1.21985393431657,1.21874386682742,1.21578378110559,1.2117136278946,1.20690324119237,1.20422081371667,1.20662643118935,1.21023429190294,1.21541479535079,1.20560853945197,1.15898231193513,1.07516599605465,0.949442229103193,0.784493438556464,0.605297556658894,0.445714186558968,0.311201772698366,0.207310369775157,0.128027347846167,0.0689121542071104,0.0165503894978512,-0.0310931642609571,-0.0700402468623885,-0.102511841527868,-0.130913000234661,-0.156446248971374,-0.180592054720506,-0.212139064391213,-0.241280456589228,-0.270791965532874,-0.298730831742271,-0.322876637491403,-0.341841657044992,-0.360714218099099,-0.378291511917391,-0.398551515959085,-0.423529448203533,-0.449709906436599,-0.475150413926146,-0.501886188651495,-0.525199019662214,-0.545921598948994,-0.56562656924612,-0.584868964298135,-0.601706024625199,-0.620948702424917,-0.639728804979548,-0.658509190281877,-0.675161616357674,-0.693386685167732,-0.709020936758456,-0.724655471096878,-0.738717079953349,-0.757311982761314,-0.77405658458889,-0.792374394646133,-0.810876838954622,-0.823828380321939,-0.835022079208348,-0.846308519341936,-0.857224559982197,-0.867215732879983,-0.889973812893824,-0.911621825418512,-0.933732130440595,-0.954454992475091,-0.97295743678358,-0.985169027407366,-0.996547926040441,-1.00755699067559,-1.01976858129938,-1.03623580762852,-1.05150050796903,-1.0678755585464,-1.07897736442873,-1.08933893681983,-1.09692505774035,-1.10451089591316,-1.11070872560298,-1.12699018669005,-1.14234678003463,-1.15751845638025,-1.16454926080849,-1.17185800623057,-1.17296863921513,-1.17407898945198,-1.17648432417695,-1.19452419324034,-1.21274869655498,-1.2324533841044,-1.24605241771577,-1.25659862435813,-1.25955899282766,-1.26224198579877,-1.26298221929,-1.27732176914033,-1.29434431196175,-1.31127411353599,-1.32348570415978,-1.33708502051885,-1.34134065622421,-1.34430102469375,-1.34679881791819,-1.35790034105282,-1.3683540891957,-1.37094434091962,-1.37307201739845,-1.37436700188655,-1.37131389216983,-1.36752083170957,-1.38352520004591,-1.40147232786211,-1.41951219692551,-1.43357408852968,-1.44809855537896,-1.45078154835006,-1.45142932334182,-1.45300224882377,-1.4623462122252,-1.47150497587997,-1.47779582956467,-1.48390176625042,-1.48889735269931,-1.48991496168898,-1.48991524443668,-1.49944440758478,-1.50758556224987,-1.51147136395731,-1.51507950741861,-1.51924240187678,-1.51720690114973,-1.48741801670764,-1.42756258957735,-1.34069372947555,-1.21423001178057,-1.0094084226468
-0.829530478353963,-0.631636013960056,-0.390598903268581,-0.151008634447573,0.0163155594818002,0.311167779392948,0.492058949279505,0.617235649898257,0.725770075398806,0.84235418283813,0.856825365856504,0.890561328545041,0.90376617938753,0.901776426276428,0.899605610607983,0.910097287404146,0.927553100089173,0.952696746029671,0.972504160509103,0.978383303210816,0.978654758831143,0.985347991962446,0.993216887775261,1.004613048064,1.01863198933609,1.03246986805082,1.0350019795398,1.03925266495095,1.04775431220463,1.05842649869537,1.06864671987121,1.08465569068579,1.09758963877072,1.09749952213913,1.09442505227227,1.0906268850388,1.08800438048683,1.0884568986645,1.09614473191997,1.10600282798111,1.11703686315516,1.12318663218304,1.12517583243138,1.13033100133509,1.13584829535349,1.14073228506828,1.14832972526077,1.15882167848832,1.16171591509199,1.16117300385134,1.15999706473845,1.16289130134212,1.1641573570866,1.1701268928513,1.17853869990477,1.18740274870452,1.18649881807472,1.18622791531717,1.18342434820785,1.18071089773014,1.17799744725243,1.18125297967664,1.18487036078416,1.19083934368607,1.19499963603424,1.19780320314355,1.19906953531942,1.20015508136935,1.20096917179895,1.20404447095996,1.20856688842282,1.21489799643943,1.21978170972282,1.21272690433959,1.17284034332902,1.09623291353186,0.982543042696213,0.829057556775733,0.651965659848188,0.490882457303837,0.352953424020265,0.235736288708688,0.148908637735697,0.0888528135623843,0.0353995530260088,-0.0100946950659588,-0.0477200473451118,-0.0803710168464976,-0.111484474983075,-0.138527757403075,-0.167922365186103,-0.195236826795046,-0.223998130274444,-0.251221645957637,-0.279621100753725,-0.30566923018679,-0.33207920830316,-0.355776012373209,-0.379473092874642,-0.401722778642847,-0.424515099220316,-0.445136604129346,-0.466119957721667,-0.487103034882605,-0.508629023284209,-0.528346044700658,-0.549329398292992,-0.570222358822342,-0.591205988846053,-0.611013956188259,-0.631093379150786,-0.651715436922582,-0.67233721826299,-0.691963846616462,-0.710685715045977,-0.730402183599659,-0.747948112916286,-0.765584711727273,-0.781774468667799,-0.800316103834127,-0.81677759282637,-0.835409621055675,-0.851690047490581,-0.870683647971806,-0.887144584101282,-0.904962521900996,-0.920247795348954,-0.938427028969205,-0.953078998113533,-0.959590892256109,-0.965198026474722,-0.971438464996971,-0.97424230853767,-0.978402877317224,-0.998843596100287,-1.01874168007408,-1.03764488749233,-1.04913144084404,-1.06016547601809,-1.06333089181071,-1.06559182411075,-1.0685764537774,-1.08919795868642,-1.10972934696386,-1.13080309361916,-1.14780694098929,-1.16399669792983,-1.16933320582227,-1.17494089290366,-1.17801646849607,-1.19049817483472,-1.20307027423635,-1.20759241526782,-1.21003441012521,-1.21319982591783,-1.21102901024937,-1.20804410415134,-1.22441464721783,-1.24322718514171,-1.26339644830445,-1.27859132868943,-1.29487147869295,-1.29993653096507,-1.30364485799833,-1.30518236936315,-1.31703077139817,-1.32806535943499,-1.33141183778495,-1.33539134400715,-1.34063718240523,-1.33991348503862,-1.33946124329234,-1.35682693934577,-1.37211248922512,-1.37573069962679,-1.37862521266184,-1.38088642139327,-1.37292713251748,-1.36695759675278,-1.3825137729583,-1.39951706746565,-1.40548605036757,-1.41082200539726,-1.41534414642872,-1.40847040360284,-1.40114469546207,-1.41643024534141,-1.43370554833187,-1.43913217285591,-1.44455879737995,-1.44926172453738,-1.44148322178754,-1.4328909050395,-1.44718157836329,-1.46255752130562,-1.44736291735203,-1.397256411597,-1.31874989818311,-1.18425745988109,-0.96709793938562
-0.710796334146181,-0.425567487597532,-0.0901993561296569,0.251985452623491,0.51380414179041,0.717769620109926,0.820649196707891,0.844866685972727,0.828273205876281,0.831591627759107,0.851055316621611,0.892763534625808,0.930525009974319,0.955280629115732,0.959047812388246,0.96111041513475,0.971783370042977,0.99025989350276,1.0124139576117,1.03519579422058,1.04057736712283,1.03528543684393,1.03743823048671,1.04389661141504,1.05170072823952,1.06676973546604,1.08461958297174,1.08686256751081,1.08336486038127,1.08022572374515,1.07941866599851,1.07798328747901,1.08381307349803,1.09251306828311,1.10112342044484,1.10390371245109,1.10695320646386,1.11376988374914,1.11986914591114,1.12587849131333,1.13718004113087,1.14803337783165,1.15000688622773,1.15126270536406,1.15233951339015,1.15225014490326,1.15260898953312,1.15781127718867,1.165166358487,1.17054793138925,1.17243124888905,1.17323830663568,1.17835095166787,1.18140044568065,1.18687166120625,1.19467495562134,1.20310602253636,1.20158072725705,1.20005543197774,1.19664654506217,1.19808137530874,1.20184855858126,1.21036981639257,1.21898099096368,1.22902726991782,1.22884825880758,1.22454294565849,1.22023763250939,1.22050656037944,1.22185202213913,1.22875834204777,1.23718968309925,1.24553110739092,1.22965504241775,1.17888771086215,1.09026953547113,0.960660831335672,0.788716410832554,0.607712876778014,0.444109880566563,0.306607965256202,0.200588977885638,0.128115795337848,0.0754651462824413,0.0315150402850403,-0.00642544617371441,-0.0420338537429935,-0.0753104565592276,-0.106254980485998,-0.136661100399712,-0.170296273709369,-0.201958486895878,-0.233351223939409,-0.257478796444428,-0.279454123579586,-0.297482982195531,-0.315960053928231,-0.331118703778117,-0.357399344062373,-0.384755969963329,-0.412471440494157,-0.438751806641952,-0.465659945289674,-0.48700722578845,-0.507278520670515,-0.526114711169554,-0.545220103675121,-0.566478015687003,-0.58674931056908,-0.60702033131469,-0.623075407398091,-0.638950924098331,-0.652853480675411,-0.665948705369403,-0.67877500219334,-0.700929888711671,-0.722277717483364,-0.744163401995173,-0.763537448234328,-0.783718552220121,-0.798607451790556,-0.81421376648428,-0.828295608308071,-0.849015116306909,-0.867223260169559,-0.886776865791887,-0.903639547894854,-0.919784266601617,-0.931892600029331,-0.945705239846605,-0.957185800774392,-0.971805772474767,-0.988130324701151,-1.00508264942748,-1.02006173989419,-1.03432341523762,-1.04589444119815,-1.05692706314564,-1.06562788034011,-1.07531504052792,-1.08796205210514,-1.10168504929907,-1.11325552698667,-1.12500501578452,-1.13666513609548,-1.14536513088056,-1.15352726992552,-1.16438005835338,-1.17810332968376,-1.19048113925447,-1.19604254567635,-1.2010655480852,-1.20590926524733,-1.20734464376683,-1.20985628203947,-1.22734673664237,-1.24663141439465,-1.26358401325743,-1.27901159097737,-1.29228637505452,-1.2991030523398,-1.30206262959276,-1.30582953872882,-1.31479900965688,-1.32636976148095,-1.32762558061727,-1.33049578938333,-1.33282786827282,-1.33202053638972,-1.3299573853703,-1.34538496309023,-1.36170951531662,-1.36879539460842,-1.37677824840668,-1.38386412769849,-1.38224946393229,-1.38045551491939,-1.39722828026254,-1.41104092007981,-1.41705026548199,-1.42261112363095,-1.4268267941567,-1.4215348638778,-1.41983083162471,-1.43552761135116,-1.45122439107762,-1.45866884086283,-1.46754866916755,-1.47257167157639,-1.46907341617393,-1.46530595876495,-1.48091282173159,-1.49346991654901,-1.50243911334061,-1.50943535000906,-1.48871611614668,-1.41785759736509,-1.31479846138395,-1.18931578515089,-1.0122584454791
-0.968150828694539,-0.827109871048437,-0.649110083821283,-0.433965097975655,-0.211931286535218,0.178979049818888,0.479958500971033,0.694824075526988,0.840240010759561,0.917695836303553,0.876361175537383,0.864631022963272,0.880643395404464,0.905686272439775,0.93119464526927,0.948417136055624,0.959309054760739,0.963963728169746,0.968804486083282,0.9851893120664,1.0082771636727,1.01879719790165,1.02010064303195,1.02335911359127,1.02689671090738,1.03229629140024,1.04728463000079,1.06646243074905,1.0740964479606,1.07400369024122,1.07009420844895,1.07204980294373,1.07437785098043,1.08331559785518,1.096535564597,1.11226881028141,1.11329284412205,1.11347864409369,1.11049901575826,1.11273288341118,1.1154322468583,1.12576562751696,1.13637841946528,1.15071517776713,1.15285628770066,1.15155312710325,1.14969114392648,1.1522980341871,1.15313626805609,1.16160823460376,1.17129003496371,1.18050662406235,1.17948230568883,1.17799220698824,1.17343029129861,1.16905474464638,1.16719247693673,1.17184715034575,1.17734005762376,1.18422916775146,1.19167710045848,1.1946567287939,1.19475034011193,1.19372659080417,1.19754388394282,1.2013608925486,1.20806363363888,1.21662835790594,1.22640320051816,1.22640291598528,1.22444760602337,1.22146854675372,1.21690663106408,1.21523073239185,1.19540106681199,1.14345332956462,1.05305666403558,0.923746143496474,0.742395127990614,0.561323523774415,0.399243635801954,0.265837264433171,0.165572714039671,0.105432421534292,0.059163391536561,0.0200625984233194,-0.0177344650267417,-0.0580448074193863,-0.0973311159713914,-0.134196903300192,-0.169480118741903,-0.197781466336542,-0.222545216615064,-0.244795118885232,-0.265555491520588,-0.286408621875303,-0.314057535572589,-0.341054868971154,-0.368238855940002,-0.395516169693994,-0.416928691693817,-0.434431447368479,-0.451003211454772,-0.467295279718505,-0.482563029608731,-0.507233453102116,-0.531531423053568,-0.556201846546947,-0.580686185535808,-0.600794977872445,-0.615690558753612,-0.63021368609286,-0.643340326049531,-0.655442932165574,-0.676483000623465,-0.696684835212359,-0.717072754305777,-0.738019211445649,-0.755241986764884,-0.768088930899013,-0.781494697612471,-0.794807422073677,-0.80774769299295,-0.828880234637333,-0.848709615684308,-0.868632038983529,-0.888182293273716,-0.905870564387141,-0.91871779305415,-0.93268209781407,-0.94580845323786,-0.957538036746205,-0.972712459851281,-0.988538747787956,-1.00278246383753,-1.01106834588068,-1.02112345338119,-1.02875775512563,-1.03527469624428,-1.04262958669904,-1.06162101840989,-1.07930872045755,-1.09755524508454,-1.11598813874894,-1.12911449417274,-1.13637605784236,-1.14233446091456,-1.14671000756679,-1.15080614292935,-1.16328091805443,-1.17566265092726,-1.18878900635106,-1.19549203197422,-1.2006124857103,-1.20266055339158,-1.20321909143803,-1.20461586335348,-1.22118705837401,-1.23962023657129,-1.25805369930145,-1.26848069127814,-1.27853494518001,-1.27927956773099,-1.27983782124455,-1.27788251128265,-1.29315026117287,-1.30823192655857,-1.32405849902812,-1.33597530517251,-1.35031234800724,-1.35999443290007,-1.37023505583935,-1.38419964513214,-1.40719416995329,-1.43056114831637,-1.4435944614879,-1.45411421118397,-1.46035117194718,-1.4603508874143,-1.45895440003174,-1.46900865393362,-1.48353149673998,-1.49879953116308,-1.50680628644943,-1.51276468952163,-1.51406841918482,-1.51099660219579,-1.50671409779582,-1.51825759679964,-1.53091845642925,-1.53073180285896,-1.52886953514932,-1.52905561965385,-1.51946686154616,-1.51183284433461,-1.52765941680416,-1.51155400211071,-1.45997900293814,-1.37665810110709,-1.23040450107129
-1.0451923294657,-0.846263832935549,-0.61522624328084,-0.352448698606494,-0.0977905002394388,0.255132036051708,0.523537738325435,0.719052341885461,0.84647379609523,0.911430258554121,0.877107182800417,0.859761357871201,0.861699262421903,0.878953155324995,0.906725369217114,0.930899262086689,0.949813853461703,0.960977954634244,0.961716230844045,0.964576839656951,0.975372366724751,0.986906170002352,0.995303004388509,1.00646766956121,1.01818590089122,1.02307634628095,1.02870478588041,1.04125322544634,1.05269453269764,1.06487383415868,1.07935989627523,1.09310768218199,1.0933843242606,1.0914464197099,1.08480277982195,1.08184967498277,1.08037312256316,1.08720062650336,1.09476640665335,1.10703820414067,1.1110981592944,1.11275885776632,1.11414291415963,1.1196788577328,1.12152370225706,1.13010440069547,1.13914673326505,1.14579009115292,1.14477517286451,1.14606729723169,1.14496016491707,1.14680557344149,1.14911233409701,1.15630954014226,1.16212240779412,1.16728949526247,1.16738170928868,1.1685810556295,1.166735365105,1.16885741570804,1.17097946631106,1.17614627177934,1.1809439391427,1.1889710714238,1.1896168516073,1.19053955586951,1.19035540981719,1.19395429483989,1.19616912346929,1.20290469538336,1.21028576548086,1.21683606334228,1.21545144294881,1.21388239450293,1.18804723916127,1.12954970653783,1.03543697379351,0.905247688797198,0.731969637556209,0.559245434472606,0.403314054161081,0.273494471269826,0.173108082742695,0.106491203811961,0.0593424824135543,0.0200361832437556,-0.0152101607723094,-0.0469503977920324,-0.076014736051344,-0.11190686025093,-0.146045789952303,-0.180461925732444,-0.212017452699685,-0.238867244329678,-0.261749576832223,-0.283155638915258,-0.302346872368895,-0.322830230189712,-0.34903424163619,-0.373208134505765,-0.398581373716156,-0.422939976638225,-0.446191165245596,-0.465659322777917,-0.48614268059874,-0.505057553973839,-0.524987345637355,-0.544824923274664,-0.565677419200385,-0.585238072758998,-0.598893926639632,-0.611719290284257,-0.624452439902674,-0.635894029154074,-0.647520046457877,-0.670863731091528,-0.694207415725178,-0.717735528411239,-0.739971798730191,-0.757594829738187,-0.769128069015626,-0.781768440607684,-0.793670535989935,-0.807971606053914,-0.83076144253018,-0.853828203085135,-0.875049555115675,-0.892488158071262,-0.908911842738437,-0.919891515858568,-0.929948766716574,-0.940282941653262,-0.95642998424182,-0.971008260384573,-0.986601454815739,-1.00311707150904,-1.01631129125849,-1.02636826011641,-1.03697907713172,-1.04648276183241,-1.05404882398249,-1.06705833367944,-1.08062169153378,-1.09529218170275,-1.10248910574792,-1.1109778721602,-1.11596053157614,-1.12020491478227,-1.1221425373329,-1.1399499963933,-1.15665032313909,-1.17353535993736,-1.18589937145088,-1.19743317472848,-1.20103205975119,-1.20361574448541,-1.20684520940313,-1.21902451086416,-1.23535569950505,-1.25094861193614,-1.26598824021,-1.28075094440517,-1.29394488215453,-1.30612390161548,-1.32051746770575,-1.34146161365752,-1.36369760197638,-1.38261247535149,-1.39082431768507,-1.39571448107472,-1.39506898289129,-1.39285500026214,-1.39036381155421,-1.40614171603787,-1.42450330525574,-1.44406424081443,-1.45356792551513,-1.46362545837322,-1.4629796781897,-1.46058070350797,-1.45569054011832,-1.46999217418246,-1.48373996008922,-1.49315143076371,-1.49924122249426,-1.50643814653944,-1.50320868162171,-1.49961036059916,-1.50736085080164,-1.52073949860349,-1.53485614061507,-1.54242163876498,-1.54980242686241,-1.55063207109817,-1.54869388454739,-1.54574106170828,-1.51926040818318,-1.44922963628231,-1.34275345602462,-1.18137806416605
-0.996968432713334,-0.784427053502722,-0.561499914152624,-0.315432855709974,-0.0573405905942872,0.287298469116501,0.545937309222911,0.744266346481781,0.881101659924931,0.933212281034466,0.887206148002625,0.868803583414457,0.871627786232005,0.885657472455821,0.919638398814627,0.953710096160166,0.967192928954658,0.968468177786801,0.969834476044293,0.974207354408651,0.98267996286132,0.998076504219851,1.01192437003158,1.01420227629702,1.013837800157,1.01884858137604,1.02668328697404,1.03643114425883,1.05082502818406,1.06567471611326,1.0683165416415,1.06731444108542,1.07077626831904,1.07496732627131,1.07915838422358,1.08981757107773,1.10339173173618,1.105304883423,1.10603327882582,1.10484852254181,1.10630587022466,1.10657929693932,1.11359427927053,1.12060954004035,1.12962900192235,1.13126928377172,1.13117823434637,1.1319069081878,1.13491320985605,1.13773741267361,1.14502526484227,1.15377102157099,1.1594194272061,1.15878152435142,1.15750571864206,1.15486361467521,1.15367913682981,1.1548633362366,1.16060279129706,1.1669801492122,1.17271988271128,1.17481541168742,1.17545331454209,1.17463359127532,1.17518016626603,1.17809541850894,1.18383487356941,1.18921013092846,1.19549616097964,1.19704511496506,1.19631644112363,1.19467671615149,1.19649853997434,1.1995048416426,1.18183067245723,1.13263502515199,1.04563214811432,0.913260484022261,0.735337934025135,0.558235664171999,0.406095415672877,0.280465585635989,0.187723810415061,0.129782963258328,0.0859628517507589,0.0358567101920031,-0.0107873256945061,-0.0546984866274296,-0.0965143970228204,-0.13432190519388,-0.163565755486916,-0.190440928527765,-0.214582948176397,-0.236720766712868,-0.261773837492237,-0.287191384411638,-0.312426832480324,-0.333744927750021,-0.353787495748967,-0.371097188794314,-0.386948977279599,-0.401616287919487,-0.426122783708144,-0.451813478903591,-0.477959421225792,-0.503650116421239,-0.527792136069876,-0.545283371088711,-0.562045932266131,-0.577533244611396,-0.594296084227418,-0.615340752782449,-0.636841225341451,-0.658159599049756,-0.67510481595509,-0.691685278281801,-0.704712863949531,-0.717922548467971,-0.730949855697093,-0.752905296944254,-0.774223392213945,-0.796725686890424,-0.818499029286882,-0.838905794987228,-0.854848632897861,-0.869698042388452,-0.883818778037623,-0.897939792125408,-0.913245284058583,-0.928732874842468,-0.944584941766361,-0.954515176340479,-0.964718559190661,-0.974466416475468,-0.982847975502783,-0.991138206666136,-1.00990524739433,-1.02703228471176,-1.04525247201062,-1.05755082695971,-1.06875631036597,-1.0747691921411,-1.08114682849486,-1.08479158989501,-1.10091736197218,-1.11859153115755,-1.13571884691359,-1.1483819564413,-1.16222898693719,-1.16978998738191,-1.17516468786374,-1.18126806218701,-1.19693719494437,-1.21315345956967,-1.2300983980364,-1.24777228878315,-1.2647177841271,-1.27774592667205,-1.29004483849836,-1.30106850149252,-1.31509846615495,-1.33049472907487,-1.33441208187386,-1.33869391081287,-1.34252021418651,-1.34270231303722,-1.34051573463573,-1.35837144579458,-1.37431428370522,-1.38779711649971,-1.40055127545277,-1.41330543440584,-1.41458096167659,-1.41722278720484,-1.42569539565751,-1.43635430407305,-1.44819741189538,-1.45739841575086,-1.46577941790095,-1.47078964224278,-1.47470671660316,-1.4771664432807,-1.48700562842947,-1.49775614314758,-1.50285825223058,-1.50750483574822,-1.51206009140189,-1.51306219195798,-1.51196876353793,-1.52126109525737,-1.53146447810755,-1.53611078318657,-1.53957288885881,-1.54358156952177,-1.54339947067106,-1.54121317070819,-1.51069407158301,-1.44765139378188,-1.35153856231407,-1.20185776205389
-1.05247441096925,-0.904324773796642,-0.709689733970307,-0.479275824017311,-0.23998557716069,0.156330084421411,0.478799701870142,0.698141263911663,0.84244760214517,0.924712434276286,0.891129854832857,0.882986267399509,0.910987645152587,0.947864800458539,0.973943969391322,0.982728293098101,0.988584415677496,0.989590687659954,0.993800081658827,1.01383994064464,1.04046839200476,1.04797180251541,1.04669088931929,1.04486069369583,1.0436712343458,1.04522678875559,1.05822078613662,1.07478316156772,1.08375067264207,1.08686178146165,1.08832588202533,1.09418228428011,1.10049651511611,1.11056231136975,1.12401385765664,1.13664203965327,1.13664231932864,1.13380585172273,1.13032892751874,1.129048293998,1.12840783739993,1.13508788362033,1.14378075348101,1.15430353928977,1.15741408875862,1.15906081733914,1.15951808656963,1.16107364097941,1.16144001571455,1.16665624104662,1.17233001528456,1.17946761041082,1.18212144999991,1.18404309946947,1.18404309946947,1.18697102092148,1.18898412423713,1.19511516770557,1.20033083368689,1.20701087990729,1.20884135520612,1.20893308872759,1.20655389035217,1.21030601512055,1.21433250142723,1.22073790643396,1.22915669443171,1.23885667530096,1.23885667530096,1.23666038461773,1.23400682470402,1.22897378673951,1.22503875427893,1.225679210877,1.20518152330995,1.15192434091435,1.06480965818628,0.933039768427944,0.757346582083489,0.581836583106614,0.43057583711442,0.303015621030329,0.209129717911145,0.150748603055684,0.106642678452746,0.0569547131333385,0.0127567753335554,-0.0287873228771424,-0.0681354100799829,-0.104372388463247,-0.130817932131156,-0.157080288431498,-0.18151244910839,-0.20612751747748,-0.232847422683695,-0.260574159223104,-0.286470700139051,-0.314288890524556,-0.338355515492429,-0.360866306375132,-0.382370265924633,-0.405521233730037,-0.424829182271687,-0.448163337444651,-0.470124845900024,-0.492909998321027,-0.508832476504795,-0.527499968448389,-0.542689976837262,-0.558612175345674,-0.571148623820836,-0.594574232839908,-0.614614091825711,-0.636575879956459,-0.657256475215706,-0.676381516065171,-0.686630220011005,-0.699623937716664,-0.710970367491059,-0.723781177504514,-0.744827588148156,-0.769991938944582,-0.794058563912442,-0.81446507730877,-0.832492112654301,-0.846675849060721,-0.858755028305387,-0.869461281157086,-0.887396582981146,-0.906246982616943,-0.923541548167571,-0.941201929102595,-0.958954043559094,-0.972496484341346,-0.986130658645056,-0.999490471410472,-1.0124844687915,-1.02675937936864,-1.04222430864656,-1.05750605055691,-1.07114078421137,-1.08450087665216,-1.09639714820462,-1.10682903951804,-1.11634583301971,-1.12915692270854,-1.14215119976494,-1.15313209383031,-1.16356398514371,-1.17481952042276,-1.1837870314971,-1.19247962168241,-1.20638815752443,-1.22221862251136,-1.23786590013074,-1.24655904966678,-1.25479492997234,-1.25964506024465,-1.26275616906423,-1.26385445424352,-1.27986810659803,-1.29588175895254,-1.31070567228165,-1.32388257735487,-1.33852330331642,-1.34410506435751,-1.34968682539861,-1.35746487712293,-1.3685372250344,-1.37942666525368,-1.38546597520064,-1.39013291810538,-1.39278675769447,-1.39388504287376,-1.39415968408743,-1.40660495839186,-1.42042259973851,-1.42737728717258,-1.43341687679491,-1.43954819993871,-1.43881628949456,-1.43863338180236,-1.45327438743928,-1.46901339858011,-1.47688262447516,-1.48520967895145,-1.49051707845426,-1.48914471141203,-1.48639997732758,-1.49902843899958,-1.51129052593645,-1.51925148535297,-1.5244671513343,-1.5293164425805,-1.52803469035826,-1.52528911724772,-1.48996751635155,-1.42993911356483,-1.32836689224279,-1.15185062128344
-1.05009358368896,-0.923464689882076,-0.746489137089818,-0.572026336637278,-0.456076845990211,-0.0604847081543329,0.233337531322893,0.451954116366519,0.648493809114593,0.849341194854201,0.861546462140837,0.886315765414071,0.911533529562262,0.92777659045146,0.928673512201372,0.931724417591027,0.947429325430288,0.964660097396366,0.975250082669187,0.985840067942001,0.998942805554533,1.003699507997,1.00405882527295,1.0028025862471,1.00495684417485,1.00459807547489,1.01105975210617,1.02227785689191,1.03645772346833,1.04265004928664,1.0474067517291,1.05386842836038,1.06077884015461,1.0689454909747,1.08141983478632,1.0941632551229,1.09658631528762,1.09595792148669,1.0923677658951,1.09308557758302,1.09541894557276,1.10367528856783,1.11282910188882,1.12252161683574,1.1237781301496,1.12234195819776,1.11982893157004,1.12090578624592,1.12332884641065,1.12925182141599,1.13661096837317,1.1444188504933,1.14522662864421,1.14406008179334,1.14217544896655,1.1434319622804,1.1462140654331,1.15294481858934,1.16012403262055,1.1677522561027,1.16847006779062,1.16676481931381,1.16353398099817,1.1658676232759,1.16918842805454,1.1757400711488,1.18354822755692,1.1927025894539,1.19162573477802,1.18956144331325,1.1874071853855,1.18399641414388,1.1821112327411,1.17636736779774,1.14163647305261,1.07271338518829,0.967892855727972,0.81864891657561,0.644096972524073,0.482467833159109,0.349017945444992,0.241862676554954,0.167105208708302,0.117924822285793,0.0779884899352401,0.0312319865414596,-0.0124727885986736,-0.0516904863972969,-0.0888438927311701,-0.12160018818651,-0.14807446564856,-0.172305341583862,-0.196625909694145,-0.220408324754497,-0.251011185146084,-0.279101293197946,-0.307909487225736,-0.336089287452586,-0.362294488389667,-0.383384218184311,-0.405640769117834,-0.426281763749532,-0.445756485818362,-0.466756797726013,-0.488385503434599,-0.509654891867225,-0.528321835785146,-0.549321873404802,-0.568347586022679,-0.58692428918961,-0.603167898654798,-0.625424175300325,-0.64400087846725,-0.664462488748967,-0.683039740491895,-0.698386153919188,-0.707988976691113,-0.718938004951884,-0.72755339093493,-0.738591562794698,-0.758873240150444,-0.781757636308897,-0.804731998930333,-0.82914225921561,-0.850501339823224,-0.866924607926395,-0.882540097878652,-0.897437227566998,-0.911257502579461,-0.928577966720533,-0.945719046511624,-0.962590775489739,-0.973988538913461,-0.984130063311332,-0.991938219719453,-0.999117982326652,-1.00566989970891,-1.02325998895095,-1.04300378754474,-1.06220888451261,-1.07468322832422,-1.08733668219781,-1.09406716106606,-1.09882304064454,-1.103668886686,-1.12233555631592,-1.14055376507089,-1.15949005980177,-1.17223430300234,-1.18524762272789,-1.19018370952033,-1.19547856501275,-1.19906817202835,-1.21629894399443,-1.23326063943554,-1.25165823254048,-1.26090201232445,-1.27104326243432,-1.27364570694903,-1.27508133032487,-1.27418358571098,-1.28979880137524,-1.30478589752656,-1.32013231095385,-1.33090195486465,-1.34310777072728,-1.34624919115592,-1.34948002947156,-1.35226185833626,-1.36617182552371,-1.37972247543521,-1.38654264647845,-1.39264528012177,-1.39838914506513,-1.3967741373393,-1.39515940390147,-1.40880111742795,-1.42298098400436,-1.43572467862894,-1.44801936380257,-1.45896784348735,-1.46246748403996,-1.46560835589262,-1.47171098953594,-1.48203189828378,-1.49450651638339,-1.50034007350174,-1.50509650165621,-1.50841703214684,-1.50796802269589,-1.50581403905613,-1.51541631325207,-1.52717257108776,-1.53264681093015,-1.53839040158551,-1.52421053500909,-1.46722308933045,-1.37900466374728,-1.25650380429395,-1.02954090979226
-0.755151619878872,-0.430491575809106,-0.062975692676292,0.310122329835968,0.556003379380408,0.73327936909716,0.804856286624645,0.812689608211671,0.790181363371868,0.806567306178094,0.837448484915056,0.881564336608418,0.907763463608156,0.9203677174914,0.925769344032783,0.924958687293564,0.938283341496995,0.962772274459306,0.982129524621297,0.988162120579869,0.987982433257834,0.986632439380501,0.988253477686931,0.99617650534898,1.00896099689827,1.02354621407603,1.02903782186444,1.03146841622205,1.03840082465084,1.0494751221627,1.05973903810735,1.07513518719634,1.0889105731509,1.09188188050667,1.08837041049676,1.08557934080704,1.08323817735243,1.08422824624167,1.08890974763487,1.09881346341942,1.10655625341542,1.11042764841342,1.10961754201822,1.11366944985428,1.11493028800062,1.11844203318254,1.12393474165898,1.13338882638043,1.13609018999514,1.13879127843784,1.13987160374612,1.139511128414,1.13942059682298,1.14284126006984,1.14662239864881,1.15040353722777,1.15742592690358,1.15922637736003,1.16030670266831,1.15922610218803,1.16138702797659,1.16147728439562,1.16660951753995,1.17120158803014,1.17993527243142,1.18254637962709,1.18533744931682,1.18533744931682,1.19082933227723,1.19398005178303,1.20181254785404,1.20982500641909,1.21900804671144,1.20370215404148,1.15697491998044,1.07297398623577,0.948728320623725,0.78405741030624,0.610293165771402,0.454175427017127,0.320926133262748,0.218468312170314,0.145541675937515,0.0928723775089297,0.0451547993866221,0.00923136875234851,-0.0253417928325909,-0.0562237970855695,-0.0838642750697085,-0.108443464451052,-0.143556238346107,-0.17641783003357,-0.206848277019393,-0.238539562151553,-0.265729308384558,-0.286707046508971,-0.306244534337018,-0.327222822805445,-0.346130166732338,-0.372060175507043,-0.397719690196666,-0.424639767860612,-0.445887724898099,-0.46812602599684,-0.486222713184508,-0.502249006174656,-0.51737466117856,-0.540333087425481,-0.562661369771247,-0.585259595858068,-0.610018472561447,-0.633246842549436,-0.651883417219232,-0.669079466420656,-0.686635990954187,-0.702211827365203,-0.719588389404691,-0.738495733331578,-0.757403077258464,-0.76964768132563,-0.782342466799914,-0.794227145878988,-0.803950899169508,-0.815655340582531,-0.838343823088385,-0.861482211829349,-0.883719962584069,-0.901095974279542,-0.915951135198364,-0.924324069095523,-0.931886896597466,-0.939179780358353,-0.957546686459096,-0.976723698955042,-0.997611180660422,-1.01057590987577,-1.02516140222553,-1.03299444864055,-1.04073751380857,-1.04650016602606,-1.06693801666835,-1.08584508542323,-1.10673284230062,-1.11996806560105,-1.13203243200216,-1.13797449636968,-1.14301619792298,-1.14634743026684,-1.16354347946826,-1.18353087353142,-1.20243821745831,-1.21891469185557,-1.23494070967371,-1.24232357468162,-1.24826563904915,-1.25294686527034,-1.26429055617925,-1.27635464740835,-1.28265663676396,-1.28841873863745,-1.29418084051094,-1.29652172879354,-1.29706216661969,-1.31353864101695,-1.33046502164932,-1.34514077041812,-1.35702544949719,-1.37044036011965,-1.37440146119266,-1.37782239961154,-1.38781582147111,-1.40087053193347,-1.41401549881486,-1.42310910820422,-1.43220299276558,-1.43697502574982,-1.44102665841387,-1.44354750919052,-1.45480176919643,-1.46488517230302,-1.47136739932469,-1.47676902586606,-1.48226090882648,-1.48271081506159,-1.4850517033442,-1.49522536286982,-1.49999739585406,-1.5032389221229,-1.50666041088579,-1.50819119277319,-1.50459029186027,-1.51278353843539,-1.52592823014478,-1.52835909967441,-1.53151009435222,-1.50792097386012,-1.43859496336822,-1.32956465883509,-1.20612882444624,-1.03029363536987
-0.978150874425689,-0.808428683026675,-0.604592235244942,-0.359008645148877,-0.10569769772067,0.254573596579383,0.524470899320377,0.714360430553048,0.835267981996517,0.887005186894827,0.857886105815387,0.861184828224913,0.877205507224732,0.895770577542611,0.926586399538359,0.949203659289546,0.961454698989982,0.974930698649181,0.993212930810579,1.00065773800882,1.00555815388899,1.01168352972793,1.01582990253919,1.01865684399117,1.03119043382552,1.04815294660507,1.05701108051801,1.06106326995131,1.05833022385474,1.05974355056945,1.06191092035305,1.07124025917842,1.08273696778739,1.09903990889857,1.10318628170984,1.10337464846578,1.10045352363583,1.10450628911426,1.11025521946387,1.12118711582757,1.13475787490987,1.1481396911911,1.14898734159285,1.14493486413699,1.1405998365472,1.14012834361222,1.14220153001786,1.15011783015107,1.16038986682385,1.17160402529891,1.17264061850172,1.17122700376446,1.16849395766789,1.1695305508707,1.17179239205485,1.17961422078752,1.18800143781062,1.19940425106418,1.20213700913818,1.20138296606928,1.19902665348461,1.19789558888125,1.19742438396882,1.20185388295914,1.20675458686187,1.21457699163969,1.21891259527459,1.2159917584672,1.21071460907514,1.20722780793223,1.20091377731479,1.19855746473012,1.20063007509063,1.20656650812849,1.1891322143914,1.13918564576481,1.04768030157983,0.91725504455506,0.740182229335779,0.565088129121604,0.409407325672182,0.283599934393672,0.185592480857864,0.122924243663544,0.0699626548515871,0.0241630350813923,-0.0200343151730306,-0.0599908212156399,-0.0936335846633737,-0.122470115608901,-0.14970466506121,-0.174960499508426,-0.198896902596332,-0.228676131389262,-0.257230400223431,-0.286915445638398,-0.31490432618218,-0.337144852421473,-0.355427084582878,-0.373709316744283,-0.389729995744102,-0.404713793518536,-0.429215584896848,-0.45400021443164,-0.478690660588456,-0.503663656879192,-0.52731722181063,-0.54578782072798,-0.563693031354929,-0.580467177378518,-0.597241323402121,-0.619010356706422,-0.641156123522618,-0.663207706960845,-0.68601333346797,-0.702976134270077,-0.717111705597637,-0.728608702229175,-0.738409245966966,-0.747550218036382,-0.766869043400598,-0.783831844202699,-0.803998607991228,-0.826050191429455,-0.840751151047415,-0.849609284960357,-0.860823443435415,-0.869681865370917,-0.877409510725627,-0.898801522495486,-0.920759210578298,-0.941209100545875,-0.963072605250719,-0.979941510697411,-0.989930997236268,-0.998694947771234,-1.00868385826497,-1.01631645617402,-1.0327132926406,-1.04854502883935,-1.06673307762278,-1.07446101100005,-1.0823778871784,-1.08558271423251,-1.08972966308891,-1.08954158435553,-1.10688140669209,-1.12591710587727,-1.14580074348676,-1.16229176333132,-1.18095015295948,-1.18971381547189,-1.19800656109443,-1.2040377535554,-1.21478099514059,-1.22618380839416,-1.24013101296577,-1.25125098806286,-1.26359621114127,-1.27198342816435,-1.28037093320999,-1.28621404693757,-1.29563814518603,-1.30534479356841,-1.3192922861626,-1.32730248165123,-1.33842245674831,-1.34794045035218,-1.36160510478988,-1.37187685344009,-1.39430545841277,-1.41456640557927,-1.43576976257062,-1.44038705227176,-1.4459470398203,-1.44349683188021,-1.44151811687511,-1.43718337730789,-1.45593681438171,-1.4740303917646,-1.49099319256671,-1.50286692271014,-1.51653128912528,-1.51803908724052,-1.51860447553092,-1.5232220532546,-1.53556727633302,-1.54725263972049,-1.55007986919504,-1.55479220634182,-1.55432128945197,-1.5509289597096,-1.54555791496212,-1.56007079584671,-1.57119077094379,-1.57590282006802,-1.48025139109433,-1.29139845306447,-0.97683230713408,-0.546918885331321
-0.0454598889587684,0.36107161623129,0.671887734492123,0.855492025931106,0.911789667763645,0.8843481268274,0.8803871860102,0.887836394797316,0.9085821213506,0.937626714955505,0.961296095998318,0.964691270474528,0.961296960643765,0.967332474116286,0.979968979187174,0.994303071496161,1.01259752819204,1.03013772583834,1.03598474660225,1.03881386652233,1.04682912986558,1.0577677594832,1.06823458089899,1.08096475589389,1.09341219182585,1.09426098544491,1.09020608648856,1.09096063375331,1.09473250543159,1.09963619800699,1.11048058127032,1.1240598380994,1.12754897071478,1.12604045261558,1.12283434727829,1.12528648178115,1.12953016166125,1.13933754681206,1.1520680100221,1.16649577225509,1.16866430304957,1.16564640220574,1.16244000865329,1.16215726959037,1.16196906509691,1.16838214041696,1.17818981378292,1.18648839261939,1.1875253907319,1.18601600798725,1.18469511795122,1.1876179077953,1.19195554581457,1.20072564463771,1.21091059163604,1.21920945868765,1.21722970881694,1.21355237170811,1.20912048733454,1.20968625367552,1.21308085172143,1.22269916773333,1.23363779735096,1.24429368790567,1.24448218061428,1.24137060984644,1.23618446642327,1.23043226844396,1.20053888122,1.14226120130159,1.04635703344859,0.910374819588454,0.732051782572397,0.555520579148754,0.398320830533495,0.268374130145883,0.17350753683571,0.111363162454404,0.0637407966603983,0.0239454897161783,-0.010945836437481,-0.0502693351798713,-0.0865752212935726,-0.120900492891106,-0.154659998147643,-0.186533999887769,-0.213221569989582,-0.238117306498974,-0.261504236694022,-0.284796920534774,-0.308183562514673,-0.331664162633725,-0.354956270044172,-0.372778918538231,-0.388715487085561,-0.404746301987199,-0.419551626067718,-0.43416816922447,-0.460383642909304,-0.488107922908476,-0.514512177517058,-0.540067350291444,-0.562887937715211,-0.57816478178241,-0.592215846813328,-0.606266911844252,-0.622110098682733,-0.642290923540487,-0.664357540129808,-0.685480828530612,-0.704529544276089,-0.723200698174051,-0.738571500380404,-0.752433496272406,-0.766390026733878,-0.784684195214618,-0.800621051977103,-0.818443988686304,-0.835701159054529,-0.849752224085447,-0.860125663792396,-0.872007909813684,-0.881626802255883,-0.892471473734358,-0.910294122228417,-0.929437084328196,-0.948108526441307,-0.960084730601742,-0.96979786939825,-0.975550355592708,-0.980642540876725,-0.984980178895985,-1.00421709913493,-1.0254343456749,-1.04580308681096,-1.05777900275625,-1.07003794597961,-1.07390435222736,-1.07682771850174,-1.07993957748473,-1.09936556686258,-1.11841428260806,-1.13774602563161,-1.14727038350435,-1.15754928864184,-1.15896413681703,-1.15981321865123,-1.16075625862459,-1.18008800164814,-1.19847670469833,-1.21714814681143,-1.23053891093192,-1.2430811696485,-1.2463820977704,-1.24892847862756,-1.25109758585234,-1.26486533539005,-1.27938734397734,-1.28947689176077,-1.30050947951756,-1.31342814722105,-1.32163219148806,-1.33125079571511,-1.35180860599009,-1.37387522257941,-1.39499879919537,-1.40886079508738,-1.41998820562877,-1.42357158459843,-1.42526917183654,-1.42526946005169,-1.43715199428813,-1.44988332214363,-1.45280697663315,-1.4543157829475,-1.45582458926184,-1.45082636211698,-1.44563935404836,-1.46185894987377,-1.47958764022867,-1.49109232440243,-1.49986242322557,-1.50731220844298,-1.50316306313232,-1.49844815148068,-1.5075012775819,-1.52155234261282,-1.5340946013294,-1.54352471284783,-1.55248301616444,-1.51278195557452,-1.43526620255656,-1.32766856960604,-1.17273188635473,-0.983469931505889,-0.755733271533717,-0.555815426130169,-0.395692599455685,-0.286869475684039,-0.178611830038221
-0.366154617886616,-0.467907246289711,-0.490290646743332,-0.485254068084388,-0.499150909036383,-0.101932206704423,0.186724837034492,0.412147719800612,0.632347885141355,0.851429222521458,0.859636716399274,0.880062381710569,0.899368934009522,0.905244989953581,0.908602614042308,0.930053895405157,0.960645074788296,0.973981789130701,0.977339413219427,0.975007975285677,0.972303119612198,0.973701868351766,0.987318788524826,1.00457268346213,1.01399221720964,1.01604401941617,1.01427185293688,1.0189347288044,1.02658238112432,1.03833392290901,1.05353630069149,1.06771306242243,1.0688327455382,1.06491613504672,1.06127916028247,1.06006712041276,1.06183928689206,1.06976714504263,1.08021286494512,1.09168448595087,1.09550816958497,1.09681399146718,1.09634736181837,1.09858558784306,1.10063710499787,1.10707214734468,1.11397324923686,1.12292643838728,1.12516466441197,1.12432518712686,1.12516437936025,1.13029388487656,1.13523696657472,1.14447007650408,1.15631483019785,1.16442911216658,1.16358991993317,1.16172482659651,1.15780793105333,1.15799463992319,1.15986030336327,1.16750852578662,1.17487682743103,1.1832710301787,1.18261854681516,1.18131300998467,1.17776896207779,1.17636992828651,1.17926120777814,1.18578974708574,1.19381053209368,1.20267050933502,1.2083595713575,1.1949290750026,1.15249285687399,1.07312334387281,0.954209462338075,0.79724317291842,0.621437245900327,0.45906153018542,0.320095401079111,0.21134731866792,0.13067198378453,0.0748984812100929,0.0266797040982181,-0.0165957062637861,-0.0571665460040253,-0.0921412505791528,-0.124411099480795,-0.153976377760672,-0.181862986522033,-0.208723694180139,-0.235864037565471,-0.262071691756615,-0.288092637077898,-0.314020370490107,-0.338828705838267,-0.362051868628698,-0.384808686822049,-0.406353180093971,-0.425845586107668,-0.446177469406467,-0.466322643835405,-0.485628626030949,-0.505307740914507,-0.524987140849779,-0.544106984278871,-0.562760483110875,-0.582719518773368,-0.601839077150758,-0.62170461585247,-0.639984696944739,-0.653694543975171,-0.666658410681269,-0.678596376284112,-0.689974785380787,-0.701912465931921,-0.723083826515836,-0.742949365217547,-0.764213937710535,-0.786224775579557,-0.800121901583266,-0.808049759733843,-0.817003518987675,-0.825211012865485,-0.831086783757823,-0.852537780068977,-0.875387810171394,-0.89749185994949,-0.919595909727587,-0.93890189192313,-0.94953403564377,-0.959233775221936,-0.968280461333146,-0.976487955210956,-0.992063465681453,-1.00885158612509,-1.02601255420503,-1.03533944614689,-1.0447592649461,-1.05044832696859,-1.05399208982375,-1.05706950808183,-1.07674805286197,-1.09680001538184,-1.11619920948646,-1.12925657315334,-1.14184759222314,-1.14501879249371,-1.1476301512064,-1.14968195341293,-1.16693584835024,-1.18409653137847,-1.20209669169181,-1.20983784097252,-1.21832525562927,-1.2182323287719,-1.21739313653851,-1.21571446702,-1.2339013362032,-1.25208792033469,-1.27036800142697,-1.28286580858769,-1.29825489524004,-1.30524977914472,-1.31392361761963,-1.3256748743526,-1.3529081445953,-1.37790290376161,-1.4013124903702,-1.4186598822683,-1.43218359053228,-1.43591463236073,-1.43806021657975,-1.44029901270785,-1.44934626892248,-1.45997898274653,-1.46109809575887,-1.46277676527738,-1.46380238132893,-1.46091053173388,-1.45661964834755,-1.47163531726018,-1.48814351692487,-1.49318009558382,-1.49775061469738,-1.50213442494107,-1.49588552136071,-1.48833051084644,-1.50353260357723,-1.52097292233268,-1.52815423005552,-1.5351491139602,-1.54046561339809,-1.53309759680539,-1.50530419995311,-1.45484719681654,-1.38079418325325,-1.258429180669,-1.07049857917819
-0.98254352219442,-0.864812237070149,-0.698934432239717,-0.553756577717938,-0.459404741177362,-0.0717403422737906,0.208172751641342,0.424321864364221,0.633816997972325,0.840909705910818,0.85052025590608,0.877873620451614,0.899035640874949,0.904580482251109,0.906983190359664,0.923894222215721,0.941729676740081,0.952819359492427,0.960397478836554,0.964279037263236,0.967698808014193,0.977956708072313,0.994683024858076,1.00752778321715,1.01103906418641,1.00900550377951,1.01011407664022,1.01381035511872,1.02194261967374,1.03626651078989,1.05188397227601,1.0555802507545,1.05456347055105,1.05659618364112,1.06047717718992,1.06472816575719,1.07563285100029,1.0885705317724,1.09263680526938,1.0909735223199,1.08857081421135,1.09162030750488,1.09559394102777,1.10428035079366,1.11592389631794,1.12812186949205,1.12747480186812,1.12507209375957,1.12156081279031,1.12230052038832,1.12488850844506,1.13422255071277,1.14355631054153,1.15418335830129,1.15510721609171,1.15131801520016,1.14826795702875,1.15057802516321,1.15168716290182,1.15861821462202,1.16758226187125,1.17571480886522,1.17358973824,1.170909957526,1.16730603658265,1.16555039609802,1.1647186134038,1.16943110720787,1.17571480886522,1.18144408287274,1.18551007393077,1.1860645015806,1.18495592871988,1.17275767310683,1.13551583864377,1.06352751780028,0.95614592539139,0.809859215569952,0.640932199884939,0.478104453225919,0.33782465489533,0.224251718364242,0.141266637181451,0.0822157146711373,0.0351783327035655,-0.00760777825777946,-0.0458661104853531,-0.0808899519101581,-0.113049015111732,-0.144191862987749,-0.172839645220073,-0.201025074898758,-0.2293028621126,-0.256656509097071,-0.282808378368853,-0.309607315264561,-0.335297396860604,-0.359786265621858,-0.384090136873855,-0.407932220450119,-0.430018381102818,-0.452474254335049,-0.47419070240821,-0.495445362805638,-0.516422950597616,-0.537585535898838,-0.558101336015083,-0.578247423551797,-0.598393228649567,-0.618816106352769,-0.638129846317381,-0.657628018913338,-0.677588261623982,-0.696347291499825,-0.714736608796123,-0.734142423856935,-0.752254950986739,-0.76916626528174,-0.787556147455938,-0.804467461750946,-0.820639633325827,-0.837181235041296,-0.854554619450973,-0.870172363376035,-0.888192815409632,-0.906028552372947,-0.923309861686431,-0.938557893031954,-0.945303947242923,-0.948261083001304,-0.950571151135752,-0.952234151646299,-0.956669572844914,-0.978108665873693,-1.00121132429089,-1.02486841035792,-1.04196443972322,-1.05545654814517,-1.06007696685302,-1.06432767298136,-1.06737716627488,-1.08317934283129,-1.10203101268122,-1.12060589236465,-1.13492978348081,-1.14934603213211,-1.15766329419636,-1.16311577803739,-1.16847562190432,-1.18150566021158,-1.19444334098369,-1.19675369155709,-1.1992487572008,-1.20118911275572,-1.19813933702325,-1.19481220624639,-1.21172323810245,-1.22974340769711,-1.24831828738054,-1.2651372441404,-1.28343476877944,-1.29286060370441,-1.30358029143826,-1.31587118702541,-1.33509285189382,-1.3535753740421,-1.36143056599167,-1.36688276739375,-1.36946990813365,-1.36762134523598,-1.36373950437035,-1.37843254318815,-1.39441943481485,-1.40024106635751,-1.40476912753023,-1.41059132395079,-1.40606326277807,-1.39876306335622,-1.41382666207039,-1.43138504398932,-1.43776138562075,-1.44349094206721,-1.44949757111912,-1.44339801965418,-1.43480368498448,-1.44792608082689,-1.46400561242767,-1.4720452370086,-1.47722036580524,-1.48211813955748,-1.47546444288166,-1.46566889537716,-1.47509501274108,-1.49071247422718,-1.49690410078832,-1.48350463234047,-1.42861234086228,-1.33666321243026,-1.19998733504303,-1.01858442626163
-1.01681522391508,-0.900443397079173,-0.736765749749332,-0.57621020849775,-0.453309921077524,-0.0455345869960466,0.236218642751175,0.448526771864619,0.650900664216126,0.849584531962215,0.862356915538831,0.898781775616092,0.930003414727132,0.929246671964619,0.918177465641037,0.924705926225346,0.941547428699192,0.958672312108168,0.979108125830764,0.999922166352498,1.0015302085773,1.00048892822277,1.00588155175278,1.01430201382549,1.01997888578328,1.03303551778771,1.04779532704515,1.0549862628564,1.0581089472631,1.05820408229134,1.06132647753382,1.06473254287565,1.07012516640566,1.0778828640872,1.09008703997245,1.09188419559683,1.09093747194208,1.09254551416689,1.09699228153481,1.10002012007751,1.11042771866681,1.12093016312012,1.12774258296802,1.12868872829432,1.12745891286866,1.12774258296802,1.13190539107236,1.13796048982931,1.14638095190202,1.15640945619952,1.16019374834049,1.15830116852368,1.15480025731784,1.15224549143829,1.15262400740166,1.15584095934392,1.16189634726509,1.17060076860136,1.17722378588547,1.17731834258526,1.1776965693844,1.1774123209566,1.17703351582902,1.17826304209046,1.18365566562047,1.1890485783147,1.19453633687293,1.19586128732681,1.19595642235503,1.19444322599424,1.19737650783715,1.20144504840593,1.20920332441591,1.20712192036373,1.1757108786889,1.09812956441022,0.979013858295199,0.815336210965358,0.627153920179929,0.452595601597617,0.307745147437127,0.192129485035288,0.110195381760036,0.0549421718565469,0.00669020603631335,-0.0373041058155675,-0.0772298770986743,-0.109491929071577,-0.139672866156537,-0.165407035873566,-0.189627430901363,-0.210725719850902,-0.240055357473559,-0.268438560605702,-0.297010877137417,-0.324164264843895,-0.348290103171909,-0.365982326779596,-0.383296323588144,-0.400137247733541,-0.417072439414516,-0.443185125094907,-0.469676326738667,-0.496167528382427,-0.522564173326404,-0.547352776045578,-0.564761618718127,-0.58358939021592,-0.599862684998389,-0.617082125107148,-0.63590960744071,-0.658426825215486,-0.677632823512417,-0.698447153198369,-0.714720158816613,-0.731939309761161,-0.744617136637994,-0.759471213431001,-0.773663104161297,-0.792680278222873,-0.809143264733349,-0.827876768695571,-0.838757150783811,-0.850583389034123,-0.859949707268908,-0.86836959101317,-0.877262836584803,-0.897509826072044,-0.918986920149163,-0.93942302303597,-0.960994673812871,-0.97830867062142,-0.993446417513788,-1.00309669501215,-1.01634244041614,-1.02920966985677,-1.04756436869141,-1.06043159813204,-1.0757587475882,-1.08569298435013,-1.0979922952636,-1.10423650742012,-1.11492748694457,-1.12817294318433,-1.14444594880258,-1.15684010558006,-1.16526056765276,-1.17074803704677,-1.17349191632588,-1.17500598017934,-1.17775014862268,-1.19591573405774,-1.21427043289239,-1.2335709878891,-1.24662704156508,-1.25930429011348,-1.26166907510079,-1.26545307807755,-1.26649349093941,-1.28153639196778,-1.29544432343449,-1.30367567210762,-1.30887947140228,-1.31739477933898,-1.31531366445103,-1.31597585051375,-1.33026200877961,-1.34710293292502,-1.360348678329,-1.37775723183733,-1.3941253724838,-1.40680377768907,-1.41957645042992,-1.43840393276348,-1.45742081766085,-1.47709988862093,-1.48674987695507,-1.49535945242735,-1.49857640436961,-1.50009017905884,-1.4978196616071,-1.5093628080865,-1.5206217061381,-1.52781206362092,-1.53301557375135,-1.54096267399669,-1.54011050704173,-1.53840732978871,-1.54569253313553,-1.55307258234636,-1.55610042088906,-1.55950706455933,-1.56310253246496,-1.56319737832897,-1.56688711377016,-1.56026438565028,-1.42440231208964,-1.18484623856994,-0.850489410662782,-0.429563466205538
0.0700652445862707,0.382763095721783,0.603160133947928,0.74634350196349,0.825338279265009,0.84717209180483,0.900022485280827,0.930852048540464,0.94153439512112,0.944064432111221,0.945938332046266,0.954840430728969,0.979110341824121,1.00862791737132,1.02090320777572,1.01949756802619,1.02240221316469,1.02568175284928,1.0323347706532,1.04582868313059,1.06597589980957,1.06775672050284,1.06625771511388,1.06850679599266,1.07647180150902,1.08068843435996,1.09549404815211,1.11114310307351,1.11479782370184,1.11001899223063,1.10758260727763,1.10570813454726,1.10552054407539,1.1101120714724,1.11957608237772,1.12838452902332,1.13222684012352,1.13232049216062,1.14009790720511,1.14693851548091,1.15471593052539,1.16427359346782,1.17636157979801,1.17467498393717,1.17280108400212,1.16661661278138,1.165960762124,1.16511760739241,1.17261406632559,1.17907949365764,1.19032403885858,1.19219822519129,1.19322868399708,1.19182304424755,1.19547776487587,1.19735223760625,1.20419284588204,1.21056519397233,1.21806165290551,1.21656207472121,1.21468760199083,1.21000213615905,1.21028309227035,1.20990848412194,1.21562498155484,1.22077899396981,1.22958744061542,1.22893158995803,1.21262668437924,1.16146317316176,1.07956432351707,0.955872607920772,0.794604659223812,0.619561555540493,0.46363435053736,0.321200771613946,0.207815935256898,0.127790412751915,0.0708170384620879,0.0199344833559005,-0.019328632003266,-0.0545621321880424,-0.0868907008366504,-0.120437605160592,-0.151360820457327,-0.182190383716964,-0.211708245661839,-0.236728232246804,-0.258093784601118,-0.279271746483563,-0.299137720653568,-0.317785359148247,-0.341961618206293,-0.368011777199379,-0.392937252554236,-0.41402070320658,-0.435385396367898,-0.454782251159387,-0.472492510090048,-0.490765254038653,-0.51625321441146,-0.54099138569212,-0.564980054278284,-0.588500176281288,-0.609115366748117,-0.625701514835874,-0.64163181226626,-0.656062531512344,-0.671617647998984,-0.69120209326235,-0.710130401470666,-0.729433604225063,-0.744051627545345,-0.755483763218148,-0.764479800335635,-0.772726334758632,-0.781347763727704,-0.800557887240332,-0.822110743668844,-0.843944556208672,-0.862029996083066,-0.878428553698959,-0.890141931880738,-0.900262079841116,-0.910100985292512,-0.928841989426624,-0.949082285347379,-0.966698892240935,-0.981598158070198,-0.994810828038614,-1.00352562264713,-1.00971038026554,-1.01795662829087,-1.03229369549985,-1.04841101060677,-1.06246683530676,-1.07211843668396,-1.07886510652499,-1.0833629818849,-1.08626791342106,-1.09170288194733,-1.10866392458116,-1.12937305348276,-1.14783310150558,-1.15964013172446,-1.17022911266568,-1.17510188257166,-1.17697635530204,-1.17978792119877,-1.19759240496186,-1.21474075166991,-1.23132689975767,-1.24669471217011,-1.26253107116572,-1.26843458627516,-1.27480664796778,-1.28061622464245,-1.29036147805675,-1.29870109172151,-1.30554141359964,-1.31256932594965,-1.32287735077956,-1.33168608382284,-1.34471144971705,-1.36720111291426,-1.39044027880595,-1.40140358149791,-1.41283543077305,-1.41958210061408,-1.42014429923436,-1.42005064719725,-1.43757388845138,-1.45341024744699,-1.46015720368568,-1.46624802286933,-1.46990217070232,-1.46568496505605,-1.46043701420633,-1.47580454022109,-1.49089111012455,-1.49876275000147,-1.50494779401756,-1.51216386963476,-1.50729167252411,-1.50316897810794,-1.51713115077084,-1.53268626725748,-1.54289978085729,-1.55311329445711,-1.56276460943664,-1.53380923250971,-1.46549708818652,-1.37900613834947,-1.23966479503644,-0.975975312674394,-0.696918017899916,-0.458529478234142,-0.241318614053147,-0.0995411721847878,-0.153984509484521
-0.251272410518282,-0.325350958399285,-0.329862319958598,-0.248294619570346,-0.0353525075948759,0.330077982290051,0.593639231111156,0.770489623294776,0.885893500581441,0.930015989978318,0.887066360824228,0.879486754952373,0.900149281768978,0.914676147277867,0.93506786554559,0.955550312950364,0.966739228687622,0.970438991917631,0.983522740179747,1.00463698227444,1.01528428091393,1.02060779234745,1.02322432138191,1.02448735921684,1.02557004186748,1.03549536822491,1.04957134577307,1.0605796305536,1.06382795427798,1.06256464067059,1.06716617982204,1.07285040162414,1.08106097486856,1.09360283026045,1.10840022854576,1.10957281301609,1.10731671857776,1.10424847426522,1.10451873126919,1.1052404277788,1.11354145438781,1.12409829966271,1.13537711721966,1.13916678226937,1.14142260093524,1.14070090442564,1.14250555935834,1.14503191080065,1.15125774970053,1.15874662643533,1.16885230797705,1.17255179543461,1.17390556240659,1.17543968456285,1.17995159766707,1.18383171608138,1.1917720323218,1.20115574158145,1.20918623541403,1.20954694578261,1.20882497350055,1.20683996338355,1.20918623541403,1.21441956925541,1.22335239055434,1.23300718413533,1.24293251049275,1.24284205712816,1.23896221448631,1.23517254943662,1.23066091210485,1.2276831211569,1.23011929500708,1.23481101175067,1.21676501396853,1.16623633048749,1.07483375710642,0.94138415781006,0.763361181156099,0.590120374610346,0.435466907172056,0.309145474241918,0.214945740869634,0.155664867046415,0.101256340923532,0.0542465139433064,0.0104850106874724,-0.0306599635339067,-0.063684266330569,-0.090843716368397,-0.116018156289219,-0.139027230908763,-0.160502183372034,-0.191631653643844,-0.219873786332304,-0.249017970714668,-0.278252332689181,-0.303697029613988,-0.322735532454629,-0.342495731804886,-0.360180743446006,-0.376331632930853,-0.398618183723422,-0.422258225715525,-0.44526674879016,-0.470891800899251,-0.495163637581278,-0.51636778149566,-0.535766994704887,-0.555707549239432,-0.572400055822049,-0.591889446623423,-0.611108028875903,-0.630958405818307,-0.64972610011006,-0.668403616809671,-0.685547562897924,-0.70187963488442,-0.716948669035982,-0.732288511736433,-0.748620583722929,-0.764320861019507,-0.780111040135769,-0.790487254453923,-0.799239169023655,-0.807810728409098,-0.816833451527713,-0.825134478136731,-0.846067813502219,-0.868805528027966,-0.891453064961572,-0.913829793346295,-0.935575002813552,-0.950282223506724,-0.963816859729561,-0.976539621850641,-0.988270154685676,-1.00234668377874,-1.01588159577403,-1.02932605440473,-1.03916092739756,-1.05287536725978,-1.06658953134954,-1.08292077601868,-1.10186854972228,-1.12965924290511,-1.1535700934461,-1.17495486831723,-1.18614323250958,-1.19381301597358,-1.19651999837264,-1.19868591521883,-1.20247585604098,-1.22133455524224,-1.24127566132169,-1.26040461752694,-1.27285629532668,-1.28368367337801,-1.28629992664002,-1.2876531420671,-1.28837483857671,-1.30317251263448,-1.31833117283328,-1.33421180531414,-1.34738545539595,-1.36046865211315,-1.36633322909955,-1.37165646476061,-1.37580656440643,-1.38708483041848,-1.39998739617895,-1.40269410280555,-1.40576179557319,-1.40837832460765,-1.40621268353391,-1.40134033583357,-1.41631864084808,-1.43129694586259,-1.44627552664956,-1.45827659226103,-1.47099935438212,-1.4733456264126,-1.47460894001998,-1.47803761892865,-1.48787249192149,-1.49960192166671,-1.50555667624524,-1.51151170659622,-1.51530109587347,-1.51548145105776,-1.5128649220233,-1.52270007078858,-1.53379825738879,-1.53867060508913,-1.54282098050742,-1.54787368339204,-1.49066799727797,-1.40106980305714,-1.27998142819592,-1.08012251293767
-1.02983000109088,-0.885605201072106,-0.702969933738573,-0.511655554493604,-0.397347234164082,-0.0277372846421257,0.244830288431881,0.456180985209353,0.631244782128841,0.821082117909511,0.840841595618076,0.876667377971144,0.900582275055284,0.917479945776558,0.917757350003803,0.91628030653951,0.930407321408192,0.94998195703248,0.96623253935796,0.982206281859503,0.997902902335453,1.00030359181783,1.00021102967487,1.00602777019571,1.01267531239001,1.01775324897705,1.02892504811051,1.04277494095362,1.04702235806885,1.04803828402824,1.04693064253085,1.04766972866631,1.04822369051583,1.05394815109536,1.06216558109858,1.07269142064288,1.0758306318574,1.0772159597837,1.0847877123994,1.09300598900758,1.10159338538101,1.11479731863493,1.12929345326886,1.13040109476626,1.1286460826714,1.1255060248519,1.1266136663493,1.12790643213263,1.13621642427882,1.14600402429262,1.15496082263296,1.15468398280902,1.15209845124237,1.1480358762114,1.1468353903694,1.14711223019333,1.1520058890994,1.15856171575569,1.16650258813664,1.16871899993805,1.16881184428267,1.16992005018338,1.17425974723993,1.1777680782197,1.18450790035531,1.19383268965427,1.19992626999906,1.19891034403966,1.19752529831502,1.19466292692443,1.19438636930215,1.19687933872584,1.20288120353262,1.19872634856035,1.16604062402678,1.08857288320311,0.969647743791455,0.808341277572088,0.625521450355932,0.455535872225129,0.314173725798604,0.20328173870921,0.125260318237678,0.0690290985868537,0.0212001510235411,-0.0225662215088179,-0.0610698153698554,-0.094956307947096,-0.124041139357929,-0.151002121110323,-0.174731329505219,-0.201138349408077,-0.23022346302057,-0.259955100625549,-0.288855936557072,-0.314063599424542,-0.337239692574875,-0.357645694275925,-0.376112688402819,-0.394394840445424,-0.42015561855745,-0.444346791062214,-0.46862996130664,-0.492082047675938,-0.511840960981188,-0.52744530151583,-0.543141921991781,-0.558192582878547,-0.575366811222105,-0.598542622170785,-0.621256469009602,-0.645447641514366,-0.66409863112057,-0.681364857203783,-0.694753068138671,-0.707218197458777,-0.717005797472575,-0.737319519232316,-0.756340475208721,-0.77563827100907,-0.796320830332405,-0.816911109714424,-0.831499806491322,-0.847288706908593,-0.862985609586185,-0.877112906656534,-0.893363771183662,-0.910722277208196,-0.925957215775931,-0.936113653353322,-0.946916614923197,-0.955595726834634,-0.962797795281771,-0.972492833152607,-0.991513506927364,-1.00951825474273,-1.0283540864332,-1.04091121349297,-1.05189873494547,-1.05743863564238,-1.06344021824751,-1.06861099917917,-1.08606206734666,-1.10360541545547,-1.12151816553118,-1.13361417508604,-1.14607930440615,-1.15171176724602,-1.15706739026196,-1.16223817119362,-1.17867331340173,-1.19381597202815,-1.20895863065457,-1.22243912153076,-1.23545821270041,-1.24146007750718,-1.24838502392873,-1.25752609995003,-1.26888330557109,-1.28153299477383,-1.28771941946323,-1.29492177011202,-1.30138531682701,-1.30803342342463,-1.31394272608843,-1.3359180511951,-1.35660061051843,-1.37165070700189,-1.38494635579381,-1.39768832493785,-1.40119693811928,-1.40396674736691,-1.41504683096238,-1.4279736421907,-1.44006908734226,-1.44874791705204,-1.45724246908085,-1.46139704185146,-1.46278180537445,-1.46555189682373,-1.47570889880443,-1.48568077649919,-1.49159036136466,-1.49833074790358,-1.50387064860049,-1.50442461045001,-1.50580993837631,-1.51541269630583,-1.52372297065367,-1.52880147164402,-1.53461849436652,-1.53978899309652,-1.53960415101225,-1.54246624020118,-1.55151475407952,-1.52935486909024,-1.46352117371156,-1.37091077426146,-1.23268755684781,-1.00434719160941
-0.882486062038909,-0.729613235942462,-0.527095842871929,-0.321830776318002,-0.207703085774097,0.131016327897629,0.365866685238285,0.52624991217146,0.656223686246065,0.811844465772262,0.831263224697259,0.867352229224803,0.897121444767375,0.913334258024337,0.911868738851075,0.917638993139377,0.9348587734386,0.956932823549539,0.976534107498608,0.995036602000672,0.996502401120288,0.992472573326767,0.994488187089419,1.00199914781885,1.00886875144686,1.02141706690478,1.03543062158961,1.04129213838994,1.04065078128852,1.03955143194881,1.04065078128852,1.04202531789611,1.04587290061192,1.05429984581793,1.06455875997711,1.06913840241367,1.07042027677744,1.07820558493568,1.08626608036179,1.09405194841274,1.1056848392868,1.12034031096576,1.12272181461559,1.12143910041276,1.1183241373104,1.11685805824442,1.11639978605977,1.12207849788969,1.1301389933158,1.13966528786152,1.14332950571421,1.14323824320218,1.14268898845186,1.14351371041641,1.14342244790437,1.14717820821545,1.15331547217636,1.16018535575073,1.16238349453744,1.16503934561609,1.16485542086025,1.16467149610441,1.16357186681833,1.16586154806344,1.16796842433812,1.17373951846549,1.17731219385978,1.18070150439095,1.18180085373066,1.18409053497576,1.18482287464285,1.18766209058464,1.19150883346138,1.18683736862009,1.14910031989522,1.07509146167239,0.960871948723745,0.806442060995646,0.628563586549021,0.465798296073292,0.326756219691257,0.215742652410649,0.132024694671673,0.0728543930445752,0.0225687489154241,-0.0179159732928351,-0.0533630608262495,-0.0839555986015933,-0.112258455131835,-0.138546257792139,-0.172803013420158,-0.207334676369708,-0.239027123377468,-0.269253771265618,-0.298381349760402,-0.321097316865477,-0.341614865237479,-0.363048118139706,-0.384298286125165,-0.406555701099238,-0.42908774344847,-0.4523526853575,-0.474610380277928,-0.496593447823192,-0.517843895755005,-0.539186166091557,-0.559246002171627,-0.578847566067044,-0.598265765099333,-0.617134429434946,-0.635545101532266,-0.654413765867884,-0.673190887745107,-0.691876467163939,-0.710012511886101,-0.728239819120299,-0.7463755838961,-0.764419806213524,-0.782097578751039,-0.799592266371774,-0.816446156783803,-0.832933597415923,-0.849054588268141,-0.865175579120365,-0.882029189586034,-0.899157427426873,-0.916193842862973,-0.933596708078964,-0.950724945919796,-0.966845376879312,-0.982782442975693,-0.997987169404972,-1.01282572600071,-1.02693138303663,-1.04067115018537,-1.05450273973885,-1.06870049912588,-1.07529547537873,-1.08152428179803,-1.08711145116956,-1.09068356667114,-1.09333969769614,-1.10964377346513,-1.12622219666294,-1.13510685416089,-1.14399123171248,-1.15250915948417,-1.15314967674652,-1.15278294702027,-1.16862875060461,-1.18612371817171,-1.20325251590525,-1.21854962463199,-1.23421318313863,-1.24089998179623,-1.24630406625098,-1.25335675479577,-1.26672951227188,-1.28156778892127,-1.29265086515228,-1.30410039116321,-1.31527528979897,-1.32205335096859,-1.3273656130186,-1.34220388966797,-1.35804969325232,-1.36638453610724,-1.37453657399174,-1.3818644498044,-1.38296379914411,-1.38131547500043,-1.3920323813979,-1.40357344986721,-1.41035151103684,-1.41749602198637,-1.42555623746612,-1.42647222194271,-1.42674684931786,-1.43718856844746,-1.44680584555886,-1.4531259144902,-1.46027014549337,-1.46732311398451,-1.46906354047929,-1.47226948614733,-1.48261966281853,-1.48142905096679,-1.47877263999543,-1.47565823678578,-1.47107831440287,-1.46182720712502,-1.47519996460113,-1.49150404037013,-1.49828238148611,-1.50561025729877,-1.49434437609733,-1.43828847767988,-1.35228055874945,-1.24227451840381,-1.03233770706223
-0.733023261972358,-0.42598417877451,-0.0753645042365528,0.292741343687732,0.547680115381737,0.736530349443162,0.811137785031411,0.825844072886609,0.800915271926227,0.810600335014002,0.833556658781482,0.886015453009838,0.915518197540086,0.930673136939646,0.934170536058525,0.932556815659502,0.935336701190643,0.954526489726498,0.977482539424612,0.988332671367054,0.991560386234467,0.995415994008493,0.999181981101399,1.00734184819383,1.02115138109903,1.03747193749198,1.04374922214199,1.04608073019813,1.04966774999815,1.05764837572832,1.06419424835236,1.07567227320142,1.08795770638871,1.09226223977647,1.09037965733406,1.09513256819682,1.10069206518973,1.10813441869442,1.11817741636799,1.13198640113446,1.13395887832737,1.13279326133397,1.12947565171606,1.13288343015382,1.13539472771093,1.14427265652984,1.15485420049825,1.16651174077892,1.16740849572893,1.16615298398505,1.1641802327228,1.16471823087892,1.16417995865344,1.1690219420586,1.1761954335199,1.18229292866894,1.18309978886845,1.18336892498121,1.18256233885105,1.18211450951477,1.18399791416526,1.18776444939689,1.19332422045916,1.19915257949546,1.20255980979449,1.20184229620675,1.20246991504401,1.20426342494401,1.20740234133839,1.21125849725114,1.21923939705068,1.22596478510633,1.22802715704973,1.21080984570677,1.16247606943456,1.07997708065854,0.958291106472594,0.794907397458313,0.621928520106754,0.464821821673134,0.323676922838584,0.211137739514922,0.133660523645053,0.0754632651308771,0.025157285735117,-0.0159122821172309,-0.0529464526945721,-0.086931601628019,-0.120109890361963,-0.151136186471378,-0.180369246750153,-0.208167827992161,-0.230676048353998,-0.249687143666316,-0.268429102865887,-0.286005445072071,-0.303043789122128,-0.329497512008487,-0.357923712087748,-0.385901534692012,-0.414506702064169,-0.44293235400471,-0.466874505264596,-0.488395801856577,-0.510006993199061,-0.531080460454759,-0.551705550235466,-0.570447235365677,-0.590982156326534,-0.604881035843492,-0.618331263816095,-0.631691871107566,-0.645859886737271,-0.657337911586331,-0.679756237197678,-0.70217483687839,-0.724324300446355,-0.742079609945436,-0.761359293231775,-0.774899690024221,-0.787722573228918,-0.800635351184118,-0.820183896513838,-0.839822062524689,-0.860177742123284,-0.881430176671884,-0.898916075988853,-0.913981120637929,-0.927163034705863,-0.940075812661057,-0.950836323922374,-0.967784499152574,-0.983118131775672,-1.00006603293652,-1.01037844079219,-1.02266387397948,-1.03100353057289,-1.03925384055453,-1.04615901811117,-1.06400394829138,-1.08157974235884,-1.09942467253905,-1.11395144496263,-1.12776070379846,-1.13583122427913,-1.14210823485978,-1.14856476087206,-1.16129857153436,-1.17618464889053,-1.1912496935396,-1.20470074372028,-1.21779276303773,-1.22819451750518,-1.23644400527874,-1.2445145257594,-1.25644092808345,-1.26827770972639,-1.27159559341366,-1.27446509962592,-1.27670671293156,-1.27697557497495,-1.27643757681882,-1.29248927116838,-1.30952761521844,-1.3274627142185,-1.3428867897308,-1.35857972728649,-1.36449798107327,-1.37023671942844,-1.37427156856473,-1.38377656808217,-1.39381983982509,-1.39821399389398,-1.40090425874399,-1.40476041465675,-1.40413306988885,-1.40251907542046,-1.4143558570634,-1.42852414676246,-1.43417353850587,-1.44179568151153,-1.44914896247381,-1.44888010043042,-1.44735600071252,-1.46233142468046,-1.47632019894791,-1.48304531293421,-1.48950129080777,-1.4944326208247,-1.49012781336758,-1.48555414386707,-1.49604551901564,-1.50859954017696,-1.51711843813263,-1.52545809472604,-1.50635792687132,-1.44322851613213,-1.34351249008253,-1.22066089890319,-1.04588878572098
-0.901341594686544,-0.717736479755029,-0.498736693728763,-0.243714800683002,0.0198197902452764,0.365972711779284,0.620278435054984,0.794296186644059,0.905678250496479,0.947345637619326,0.913563512454251,0.907469907336144,0.921806722362102,0.935247708968223,0.956126180257136,0.97395784898701,0.983993811214097,0.987846886737989,0.997703738055094,1.01329569880043,1.02503485789177,1.03238306098946,1.04116497297675,1.04743768900484,1.05281402887331,1.06428342612009,1.08014377936052,1.08758099017343,1.09017946771772,1.09761695240052,1.10460638593846,1.1115062640214,1.1239615928828,1.13919478406837,1.14107627023292,1.13946317656345,1.13551999784478,1.1366847664995,1.13829758629907,1.14707922441646,1.15792173347828,1.17073583189944,1.17073583189944,1.16831619139525,1.16598610634604,1.16840547298034,1.17100395052464,1.18148823776648,1.19501932756739,1.20639971709896,1.20810236622342,1.20657937574874,1.20245735998997,1.2008445401904,1.20263701863974,1.20801363237811,1.21598872366076,1.22629389999262,1.22683178046238,1.22477090951794,1.22253092766351,1.21867785213962,1.21473494729084,1.21724359551025,1.21957285894978,1.22459042925849,1.22987693980207,1.23337151963609,1.23480522852568,1.2369562026649,1.24098866296867,1.24726137899676,1.25487797458954,1.26312173223718,1.24797754876682,1.19062864544365,1.09161208112774,0.948060985779702,0.76087146168928,0.574488758303489,0.413285652875367,0.281205324123587,0.184161170776691,0.121884252599808,0.0735859276289005,0.0309326088914414,-0.00912250617161441,-0.0460412632206223,-0.0800923286205738,-0.111455361021234,-0.141922017262272,-0.169700092764243,-0.198194885776057,-0.226062516733019,-0.254108984730077,-0.280811573162433,-0.303930026305773,-0.327227864228992,-0.348375275752788,-0.36817880771188,-0.38699640805636,-0.411101066684216,-0.432069367298017,-0.455815256366108,-0.479650700889195,-0.496945036889099,-0.512446894439646,-0.528486632459958,-0.541300457011225,-0.553845615197507,-0.577949999955471,-0.599814402859002,-0.623022685327237,-0.648202557154798,-0.666572106354413,-0.679744426595549,-0.693095857746678,-0.703848811353507,-0.713436722435741,-0.735300851469387,-0.756716929358162,-0.779297775901646,-0.803670553154692,-0.824638306028705,-0.839064676509654,-0.853132825170628,-0.865588154032028,-0.876341107638856,-0.893097837038904,-0.909048293474111,-0.925446527184278,-0.936557976480981,-0.947669425777683,-0.95528602137047,-0.963888274707972,-0.970877708245918,-0.989695308590398,-1.00994661782446,-1.02992926069354,-1.04785075874831,-1.06684747000278,-1.07822758566446,-1.08853248812643,-1.09955410809824,-1.11326403493924,-1.12697423565013,-1.14274530730545,-1.15779938758103,-1.16989649462246,-1.18011184162943,-1.18826604382207,-1.19570352850487,-1.20260340658781,-1.21317724928465,-1.22670806521566,-1.23907383862207,-1.24919935630416,-1.2598624805861,-1.2686438448336,-1.27177992897775,-1.27966519093552,-1.28907371723786,-1.29928879037495,-1.30099116562952,-1.30430663455355,-1.30493407047829,-1.30529284003805,-1.30287374727364,-1.31882392983896,-1.33611826583886,-1.35359171274875,-1.36721181026486,-1.38244472758054,-1.38576019650457,-1.38889628064872,-1.3904195449933,-1.39946984947567,-1.40869953873792,-1.41004341830262,-1.41084969126746,-1.41183507514229,-1.40807155507339,-1.40448714591448,-1.41918300437009,-1.43343081168084,-1.43844920359922,-1.44301927050285,-1.44579740669692,-1.4398834602286,-1.43334235170542,-1.44723166332629,-1.46380928181635,-1.46999216851956,-1.47527895293303,-1.48092395916648,-1.4758160117931,-1.43244570167591,-1.37814332704189,-1.2913134252224,-1.1448949120952
-0.968305243562653,-0.757680916515586,-0.504465733274024,-0.222109409052258,0.0513702346710042,0.370847970198591,0.613661945337886,0.787702816801979,0.89763295887142,0.946410990997965,0.921484156235721,0.905613503244768,0.903192291420362,0.916103776864069,0.941389340124115,0.963895237109703,0.984338650768686,0.999761235697061,1.00272012919656,1.00639620564394,1.01930796513539,1.03284756800994,1.04441430117041,1.05741594832212,1.07086593758415,1.07516985741463,1.07794952368911,1.08709531907291,1.0975861407877,1.10771850805242,1.12054092797909,1.13542555718462,1.13659163033831,1.13318466877622,1.12816356599786,1.12789472516031,1.12762588432276,1.1343507419299,1.14502079086973,1.15622879553239,1.15927730264441,1.16053244131513,1.16223592209617,1.16456724626031,1.16779525464511,1.17478895308981,1.18285856298018,1.18976264781236,1.19334911064722,1.19487309015549,1.19657684498428,1.19890844319617,1.20222633924122,1.20697860118203,1.21289666222879,1.21845572072999,1.22105588573168,1.2216831810193,1.22150367974652,1.22177252058407,1.22248970353194,1.22499998087338,1.22894517220605,1.23351820692183,1.23567030386094,1.2360293064065,1.23602985450198,1.23997559393015,1.24401067292307,1.25001834758234,1.25755000174988,1.26472265337186,1.26355630617042,1.2618522772939,1.23495229876983,1.17496598793288,1.07749981134005,0.941657084770695,0.761609086742819,0.583354457156252,0.421239595445927,0.285306981216302,0.181743516351681,0.112790911403698,0.0637440384396133,0.0233050051364809,-0.0119334241155117,-0.0439441190304552,-0.0719200090002022,-0.108145284180855,-0.142039235197364,-0.175395230491032,-0.207944155176553,-0.239147779483361,-0.264074614245606,-0.28792526351442,-0.310968842175099,-0.332398279619508,-0.355172743394886,-0.37911300627622,-0.403681386588399,-0.426456672507018,-0.449411459698413,-0.470842267381543,-0.490300479398337,-0.50850300464892,-0.529574535738755,-0.550466565555803,-0.571896277047955,-0.592877646429779,-0.609017140258284,-0.621390944026881,-0.633944249068259,-0.644883686941116,-0.656361080536814,-0.678060455009752,-0.701732151101277,-0.72450688892441,-0.74808842330793,-0.769159406302273,-0.784939897585215,-0.799465250197437,-0.813094192636759,-0.826005952128209,-0.842055832344194,-0.857030075162235,-0.87245266009061,-0.881957458019972,-0.892448553782502,-0.901146281103728,-0.909754120764693,-0.918093119588105,-0.940061060850846,-0.960684249830355,-0.982383624303287,-1.00480018172409,-1.02614055365147,-1.03941104164073,-1.05232252708443,-1.06388898619716,-1.07446942152446,-1.08630526957022,-1.09930691672193,-1.11293640725674,-1.12522087146058,-1.13750506161666,-1.14817511055647,-1.15794847527565,-1.16682515577416,-1.17830227532211,-1.19067635313846,-1.20197451950913,-1.21192738550107,-1.22161141065546,-1.22932256609578,-1.23550919393234,-1.2441170335933,-1.25496685785364,-1.26653359101411,-1.27029955512175,-1.27406551922939,-1.27657579657082,-1.27657524847533,-1.27639574720255,-1.29199728530821,-1.30795755191168,-1.32472488912328,-1.33682985205434,-1.34723106015661,-1.34965227198102,-1.35135630085755,-1.35162596383834,-1.36382108847739,-1.37789919517028,-1.38247250393379,-1.38614885442893,-1.3900940457616,-1.38704499055408,-1.38274052262811,-1.39798333223596,-1.4152886251704,-1.42551005795215,-1.43420751122564,-1.44209816793872,-1.43815270255831,-1.43277259723439,-1.44057364033497,-1.45214064754318,-1.46370738070365,-1.47357063308307,-1.48352349907501,-1.48684112107233,-1.48773753124524,-1.49123438046759,-1.5010080192345,-1.50513271183995,-1.46863886986949,-1.40569393958078,-1.29800605615847,-1.09805205209895
-0.962701815456392,-0.761317917301275,-0.514095563149006,-0.264002445256733,-0.108456728935479,0.208823939828747,0.422766161341199,0.575441113922449,0.699231319622606,0.845178305230344,0.874511034916424,0.910123200444465,0.92743578929844,0.937213548635993,0.940173689606369,0.944659000922048,0.965649764385504,0.994534511266591,1.00646500070504,1.00736206296817,1.00834877662497,1.01032220393855,1.01552500056677,1.03095436182739,1.05015127492786,1.05723812163929,1.05741769858988,1.05571322545726,1.05714819608234,1.05849351531376,1.0662076476175,1.07625408697274,1.0870182858038,1.08988850121724,1.09204095715485,1.09876864996509,1.10675228477637,1.1140184342751,1.12603912343378,1.13868792067461,1.13994413683894,1.13823993786962,1.13483126576767,1.13536917412961,1.13635561362312,1.14389044313954,1.15375757970748,1.16470108132584,1.16640555445846,1.16577744637629,1.16344486516151,1.16263745429203,1.1632655623742,1.16828878205182,1.17591353712519,1.18452528001863,1.18739604375864,1.18856233436603,1.18937001939879,1.19125434364528,1.19403545599163,1.19959713235775,1.20453070064171,1.20964357171299,1.20919476641814,1.20614469989082,1.20390204423299,1.20677253380971,1.21107826817479,1.21825421795331,1.22803170312757,1.23816806803974,1.24005184395968,1.22865953704645,1.18631995287147,1.10711198700413,0.987089058980536,0.827417185244801,0.64496069768262,0.47613889852822,0.328935696756153,0.209899208226073,0.125129565992601,0.0652975418497541,0.0199975425411071,-0.0188437181382712,-0.0526614849767419,-0.0835193850081366,-0.11078931015026,-0.145953218710008,-0.178605517430942,-0.209733194133149,-0.240681293884761,-0.270642405816287,-0.294772613037446,-0.31890254609531,-0.343390810564521,-0.365457116588578,-0.387972227907486,-0.410218385045426,-0.43264439329725,-0.449329696558911,-0.467808850183567,-0.48485248485658,-0.501985770923234,-0.517862840825572,-0.543696972852772,-0.568275437042211,-0.592943826788593,-0.617343262353994,-0.63932101363753,-0.65475037489815,-0.670359038946078,-0.685878051600352,-0.700141122253578,-0.719606715371738,-0.74014867354035,-0.75961426665851,-0.774684199854645,-0.790650921150636,-0.8025811364258,-0.813165758306263,-0.824109259924641,-0.843305624698545,-0.861336247191632,-0.881160994210977,-0.901972454887132,-0.920451608511781,-0.93363803995128,-0.946824197227491,-0.957947001633177,-0.968531897676921,-0.982973996954179,-0.998761963789427,-1.01454993062467,-1.02657061978334,-1.03787327530291,-1.04657466959001,-1.05455830440128,-1.06254221337585,-1.07922696831095,-1.0963605285409,-1.11430122547704,-1.12551395543967,-1.13600865176319,-1.14148012840909,-1.1467720281044,-1.15062868301134,-1.16614714733905,-1.18292182783108,-1.19996573666738,-1.21207607721971,-1.2248145258542,-1.2311836130898,-1.23647606111168,-1.24140962939564,-1.25396795275297,-1.26643635055337,-1.27612418433398,-1.28392824219466,-1.29101481474281,-1.29496194353326,-1.29801228422385,-1.30796989467528,-1.32106722304769,-1.33577909899576,-1.34295559710085,-1.35022147243631,-1.35371952176863,-1.35533379518102,-1.35479506432923,-1.36833982718007,-1.38296122924463,-1.38762584334763,-1.39211088050003,-1.39704444878398,-1.39408430781361,-1.38995815039913,-1.40475940357758,-1.42045799318246,-1.42871140466455,-1.43588817693292,-1.44279544669375,-1.44001460851068,-1.43570859998232,-1.446831404388,-1.46154245784623,-1.46844972760706,-1.47392175257953,-1.47921447476469,-1.476075031007,-1.47060328019781,-1.48091922206059,-1.49482313881262,-1.49939782735867,-1.48369978608037,-1.42727643403947,-1.33631728152099,-1.20086554056335,-0.991229053415978
-0.789977682496932,-0.557849097853977,-0.27929479628243,0.00504039632049157,0.194567290697258,0.456756399973539,0.607150356162516,0.699023221922978,0.760479472992705,0.850485176459727,0.876811376506186,0.925816707667515,0.950630748180069,0.957034660899679,0.958546820433584,0.962638050551286,0.974733695875674,0.998391123262792,1.02427180300076,1.0336989474903,1.03325397083076,1.03743381572611,1.04463770786479,1.05308682790655,1.06802847544556,1.08546030696625,1.08786160434581,1.08599389840344,1.08617194343214,1.08866239923829,1.09061953543173,1.10049192840527,1.11312143699131,1.12094807899377,1.12343826297545,1.12486099225829,1.13064188328965,1.13704525236033,1.1462057370435,1.15945745184438,1.17475464579186,1.17831201264791,1.17804508101708,1.17715567134695,1.17857867245426,1.18035749179452,1.18827302039909,1.19787820991734,1.20739424100899,1.20766090081534,1.20481489860072,1.20143530494891,1.20294746448282,1.20508237388049,1.2127312426787,1.22224754559482,1.23149718870458,1.23105275569399,1.23034139105258,1.22856257171231,1.23096386909187,1.23585507862863,1.24394783678851,1.25168504853989,1.26022305518377,1.25933391733811,1.25506545766512,1.25275359053662,1.25035256498153,1.25088642824319,1.25560013640019,1.26129214082944,1.2671621902874,1.2613815710805,1.21735742335594,1.1350008605116,1.00977594759472,0.844172868586959,0.653489089260286,0.48103766452232,0.335712691074347,0.223028128316912,0.135513424304976,0.0764590142637597,0.025853724264289,-0.0209275390727777,-0.0627284344464862,-0.0967032314666798,-0.128632549340263,-0.157982524805579,-0.185553680930638,-0.214103133327944,-0.241584859201942,-0.269155743502537,-0.294681148656503,-0.320562100218957,-0.344842005645372,-0.368410818254856,-0.390645244534667,-0.414480445126028,-0.435114097094289,-0.4561035672955,-0.47673694743929,-0.491589436551713,-0.505375014614242,-0.520227775551135,-0.533835308584957,-0.547887818278321,-0.571545517489909,-0.596714832586468,-0.622417739120208,-0.648832282119837,-0.668576252593496,-0.683428741705924,-0.695791046836671,-0.706552305831391,-0.715890563718811,-0.736346170658358,-0.757868960472281,-0.779747568519142,-0.80251585806061,-0.819769916377068,-0.82981981073037,-0.838713635607193,-0.846984710620243,-0.854455262565272,-0.8740214598347,-0.896433931143218,-0.918312811014554,-0.940814440749669,-0.959758431804264,-0.97247682699243,-0.982349219965964,-0.992488272745857,-1.00173791585562,-1.01872531436573,-1.03517884961417,-1.0534109323784,-1.06808564828659,-1.08187095452465,-1.090764507577,-1.09876892278369,-1.10552838191177,-1.11789068704252,-1.13229847131988,-1.14741789206313,-1.16413808711793,-1.17596652898702,-1.18557171850526,-1.19330947390559,-1.20042475126662,-1.20487179961727,-1.21821267284474,-1.2303085899936,-1.24391612302742,-1.24951896903008,-1.25601122470287,-1.25876834031537,-1.26108047926834,-1.26179211573423,-1.27655626189348,-1.29176538471227,-1.30652953087151,-1.31542389939728,-1.32378440466138,-1.32609681543883,-1.32858672759603,-1.32965363864593,-1.34450585593388,-1.36006943786325,-1.37518858678203,-1.38488266290239,-1.39600001195453,-1.39786771789691,-1.39982458226587,-1.4014256284019,-1.41174272621051,-1.42161484735956,-1.42446112139866,-1.42428362001889,-1.42348336877536,-1.41876966061835,-1.41272210978063,-1.42481775510502,-1.44224931480124,-1.46039251096335,-1.47328840753128,-1.48760703338205,-1.49187549305504,-1.49160828959975,-1.49134108614445,-1.50059018560527,-1.50903903382256,-1.50983955689057,-1.51233001269672,-1.49445374816543,-1.43219751767664,-1.33543344237941,-1.21883596635745,-1.04745253996727
-0.857117112199982,-0.643018781801565,-0.402576288296494,-0.141164507701661,0.11584208267472,0.41425837666463,0.619458271292595,0.767212428154622,0.88615579544132,0.95117779256273,0.944569334029132,0.955846610217082,0.972586817755477,0.970472143338606,0.976199240689679,0.994878281260211,1.01073766618081,1.02069384308325,1.03496742415296,1.05100291974064,1.05778695037659,1.06351377844529,1.06668538614705,1.07161890836676,1.07584771863577,1.08518670035631,1.09884308624412,1.11567134911606,1.12157455713421,1.12298425031799,1.12412977750116,1.12615612730212,1.12800636643599,1.13664090548818,1.1480067755744,1.15716991591022,1.16034206217671,1.16113509874333,1.15928485960945,1.15849182304284,1.15990151622662,1.16518752906288,1.17135490308166,1.18157524598472,1.18774288928588,1.19206029345316,1.19461578310247,1.19963816850283,1.20342670210411,1.20862465960683,1.21523231029332,1.22333797877953,1.22589292986411,1.22598125448001,1.22554124709466,1.22862533802761,1.23197332567881,1.23972650354848,1.24880131926838,1.26016665078988,1.26228078664201,1.2624568973091,1.26060665817523,1.25963724165915,1.25954891704324,1.26448297782769,1.27012175056284,1.27655355986463,1.28122345464844,1.28069512264718,1.2805190119801,1.27972624469585,1.28254563106342,1.28739136723197,1.26791982865953,1.21091490612604,1.11276417669729,0.961837873568781,0.76113149377518,0.565359174766025,0.39302330788004,0.257340002337323,0.161040319889538,0.103771769920144,0.0605118271727517,0.0230667678275971,-0.0227486645691192,-0.0661852565483376,-0.106626351492894,-0.145305262637117,-0.176935438580028,-0.200988547320368,-0.223015306259741,-0.2442490286325,-0.264160843872638,-0.293235799448595,-0.321517718457931,-0.35006407275027,-0.378081825758979,-0.400813565931432,-0.41834734860117,-0.435352260704921,-0.452092468243311,-0.467599093265002,-0.4934141165233,-0.519581091833413,-0.545748336425878,-0.571211138350003,-0.592180694722129,-0.606982607793104,-0.620727587579195,-0.634472567365281,-0.647424241302388,-0.670595988860191,-0.693856061033911,-0.717027808591714,-0.739759010199439,-0.757468364971536,-0.769274781007843,-0.780464271144617,-0.79112542928013,-0.801081606182563,-0.821698671938152,-0.841875191743657,-0.862404202165699,-0.88319710930601,-0.900906194795737,-0.91244763698432,-0.923812699223452,-0.934560835563049,-0.944692584567841,-0.960110884973623,-0.976410546561935,-0.993239078716229,-1.00724849378532,-1.0209934735714,-1.03218350227291,-1.04161107789173,-1.05015756161037,-1.06469530868072,-1.07914500041752,-1.09333025687133,-1.10883742045774,-1.11949857859326,-1.12601844322858,-1.13350718581525,-1.14090787306837,-1.14716303313834,-1.16328631477719,-1.18029095759857,-1.19526951990137,-1.2031112916693,-1.21042446215361,-1.21262719190402,-1.21377244980482,-1.21597491027286,-1.23227457186117,-1.24980754668382,-1.26522611637196,-1.27306761885753,-1.28073274139365,-1.28002749087821,-1.27861752841205,-1.27993889697993,-1.29659077990241,-1.31341904277435,-1.33200975872897,-1.34372811943174,-1.35430095295135,-1.35712033931893,-1.35826559721972,-1.35808894798791,-1.37086397269319,-1.38425592329801,-1.39262575778483,-1.39993838970442,-1.40628214367265,-1.40566548705548,-1.40346275730508,-1.41139258440655,-1.42346316644349,-1.4373839876143,-1.44390412153199,-1.45042452473204,-1.45112950596512,-1.44866287949645,-1.44496240122871,-1.4565921680332,-1.4700719046892,-1.47324351239095,-1.4764151200927,-1.47949894174328,-1.47509375152482,-1.46813361022178,-1.48214248672614,-1.49773743636373,-1.47306767100623,-1.41174561358783,-1.31615010452602,-1.14584085672335
-1.04168891631503,-0.81492707918339,-0.558164972993631,-0.275476628001339,-0.0101954517377646,0.321012510737407,0.589164129407345,0.784166585778445,0.917316286193487,0.9905577056376,0.976205493605776,0.959723726303522,0.958520138454339,0.971020698641062,0.996299156445073,1.01889225212802,1.04213341180689,1.05944860638772,1.05991159009834,1.06093009766223,1.0730599312836,1.08611573232622,1.097412138669,1.11361571954855,1.13028228413871,1.13241183940914,1.13361542725832,1.13407812797156,1.13667094994998,1.13704139351795,1.14565243773967,1.15435602210403,1.16305988946577,1.16574496858945,1.167319283004,1.17444911894857,1.18352371287567,1.19389443479459,1.20796874340109,1.22435768756332,1.22648724283373,1.22593115298572,1.22352312829521,1.22380074872317,1.225096876715,1.23343030050876,1.24306041828912,1.25417231034136,1.25667259217713,1.25611706832386,1.25472811719201,1.25556126147322,1.25556097847584,1.26213500756978,1.26907976322908,1.27750601016287,1.28083971927723,1.28287701740239,1.28148834926791,1.28463669509959,1.2865814530821,1.290562943195,1.29565548101443,1.30343309795756,1.30278446796689,1.30306152240008,1.30278333597737,1.30676454309289,1.3099126059272,1.31667199830382,1.32222780283124,1.32907973535052,1.32732034065069,1.32565348609351,1.29870873972706,1.23315239708344,1.125651315043,0.976298033748428,0.776573766123241,0.577775182921919,0.404162234384587,0.257308668931015,0.14628879749092,0.0763805211664147,0.0271205825423555,-0.0156578671304144,-0.0500103528667606,-0.0810294124861226,-0.110103997120369,-0.14454874000199,-0.177974975319718,-0.211863911350691,-0.244734339817777,-0.270938199048277,-0.29399399544446,-0.315383220280844,-0.333716922425569,-0.351124657149059,-0.377328516379559,-0.401217740054332,-0.425106963729111,-0.45186691280763,-0.475848959622437,-0.496405323174984,-0.517702290866101,-0.53751776728271,-0.555018042148838,-0.576870250695844,-0.596777701260345,-0.615573821120932,-0.633258610277604,-0.651035939576928,-0.66566520604194,-0.680479835789625,-0.695942812530598,-0.7154801025245,-0.73455469180517,-0.754462708364424,-0.775018788919595,-0.787796969534266,-0.799093375877053,-0.809648895083895,-0.818537559733557,-0.827518764525864,-0.848537262796897,-0.868537536501419,-0.88863063334597,-0.909927601037092,-0.922428444221198,-0.932151385141586,-0.940114931362135,-0.949096702149195,-0.957985649796239,-0.980207735916455,-0.99844833192377,-1.01789279877766,-1.03520771036111,-1.0504856068168,-1.06011544159978,-1.06965245324273,-1.07955962545628,-1.09020740180839,-1.10409606413484,-1.11604025147616,-1.13066980093855,-1.13909548187759,-1.14844741323524,-1.15428083819062,-1.16215156127115,-1.16696676166002,-1.18196760368253,-1.19548667143313,-1.21030186717558,-1.21613529213095,-1.22280214436492,-1.2238206519288,-1.22437645877945,-1.22484000848482,-1.24085907507383,-1.25715576209078,-1.274007972961,-1.28632288686767,-1.29863751777696,-1.30197094389395,-1.30530437001093,-1.30891541655586,-1.32298972516236,-1.33836016176069,-1.35456374264024,-1.36900821181733,-1.3828046169985,-1.39252670892676,-1.39965654487135,-1.409008476229,-1.42169355070627,-1.43419354489824,-1.43363773804759,-1.43447059933142,-1.43085926978912,-1.42595181225498,-1.42122943500614,-1.4388225330123,-1.45437889888806,-1.47095348933033,-1.48225017867049,-1.49252864344414,-1.49141759573761,-1.49150985288288,-1.49428747214921,-1.50493553149871,-1.51706479912533,-1.52299076422335,-1.52826894832284,-1.53206564114782,-1.53086233629602,-1.52827008031235,-1.49891787525017,-1.43382423331978,-1.32882286712036,-1.17058007218398
-0.994937178743793,-0.763376436656274,-0.504253199178908,-0.231210380313096,0.0537240648985659,0.374056158283384,0.627095812371684,0.816253192186433,0.958029168932719,1.01656460647409,0.992781635521068,0.982364911182429,0.984761380422811,0.992596533206121,1.02264762638579,1.05841407049544,1.07334734766649,1.07666594761739,1.0796160333705,1.08422555996841,1.09436618039739,1.11483111487688,1.13594123094117,1.14156445332169,1.14045834725095,1.14460638588557,1.1502293265274,1.15815660786017,1.17272108909474,1.19143360896393,1.19622654744469,1.19751662887564,1.19816181046046,1.20203346344673,1.2042459573269,1.21226621242515,1.22259108995303,1.22996588172778,1.23134865518555,1.23116411634797,1.23752436712408,1.24397674644962,1.25264161965533,1.26342685819176,1.27605607641057,1.27559543366332,1.27218498690166,1.26812907681648,1.26951185027425,1.27024916040852,1.27836098057886,1.28923806592605,1.30011543301193,1.30159005328046,1.30168190009122,1.29928486737348,1.30011458779588,1.30149736125365,1.30748966130932,1.31532565930868,1.3265723858084,1.32887700823802,1.33072042444302,1.33136504255048,1.33560492799586,1.33809352578568,1.34574470320879,1.35330403382113,1.36215400934178,1.36169336659454,1.36031087487545,1.3575456096986,1.3550567301701,1.35348998135212,1.32869331461649,1.26398160165924,1.15446921197279,0.99499412940123,0.7808549805359,0.569573788874234,0.384380190595203,0.237718865080039,0.130419532751119,0.0676439280256815,0.0214607595774064,-0.0179930804196136,-0.0610421877545671,-0.10114177281377,-0.139397659929283,-0.174703461291683,-0.207612511675025,-0.236188702847476,-0.261999347104409,-0.286611475002459,-0.310855088702718,-0.335467216600775,-0.358604724230291,-0.383401390965925,-0.401929935474897,-0.419813016660386,-0.435760553091405,-0.451523550684853,-0.465719517721627,-0.490147670259476,-0.515128875832675,-0.54057100589181,-0.566289803337967,-0.589058796769698,-0.606204567820917,-0.621967847153046,-0.637823255034614,-0.652111632359534,-0.672299899451993,-0.692303627706869,-0.712675870159542,-0.727701557618719,-0.744110018535668,-0.755908952854703,-0.767708168912426,-0.778493689187545,-0.798866213378888,-0.817763553824338,-0.837306357593297,-0.857309804109491,-0.87491621790794,-0.886899409325877,-0.898053162060099,-0.909114786244864,-0.918148737125738,-0.932898038936575,-0.94690974887446,-0.963133670953825,-0.97179882589822,-0.981477676625226,-0.987008488717611,-0.99465966614072,-1.00000650287289,-1.01964115345261,-1.03955247141936,-1.06093840965464,-1.07264521542423,-1.08490507422919,-1.08979070473676,-1.09338597207468,-1.09504569465816,-1.11256082512321,-1.13062872688496,-1.14851208980912,-1.15920491805741,-1.16998987485516,-1.17266272974387,-1.17404550320165,-1.17524401956052,-1.1907309132443,-1.20815363342122,-1.22539181476056,-1.23387243086739,-1.24179971220015,-1.24309007536979,-1.24272099769463,-1.24207581610981,-1.25903733006213,-1.27692097472497,-1.29434341316321,-1.30651170689608,-1.32070767393287,-1.32716061673579,-1.33462753705999,-1.34375389822899,-1.36523252849109,-1.38477533226004,-1.39694334425424,-1.40523942152347,-1.41178392939847,-1.40993966797742,-1.40772661061989,-1.41795823264358,-1.43233845677926,-1.4472717339503,-1.45704327670413,-1.46580112367534,-1.46819843813176,-1.46801418103287,-1.46543345469359,-1.47631082177946,-1.4891237336198,-1.49262630893092,-1.49557611294534,-1.5010145147496,-1.49658980872795,-1.49234964154389,-1.50460978208753,-1.51954305925858,-1.52120250010337,-1.52654905509687,-1.52820821420298,-1.49096686808612,-1.42219952678238,-1.34790109164756,-1.22151988003561
-0.931085226282122,-0.74491764303324,-0.510006287261015,-0.227135754104338,0.0676809329589166,0.405661012921425,0.675539620661666,0.857086780703002,0.974543124855369,1.03035011917428,1.01186416224007,1.00349292653768,1.01770598474162,1.03985400750585,1.05929938784359,1.07586703098371,1.08929576055526,1.09705642986389,1.10281163775263,1.11859415274086,1.14030643737597,1.14972371109472,1.1536474863087,1.15896642305532,1.16393676929865,1.17030201056814,1.18599737793055,1.20509363475201,1.21163317127313,1.21259206166367,1.21015059560817,1.21093545725356,1.211458609515,1.21939384058177,1.23020680884617,1.24250181976253,1.24572814746344,1.24712330899608,1.24694901374444,1.24782075650915,1.24921591804181,1.25593028282758,1.26386551389436,1.27310849236146,1.27895084787601,1.28200261381877,1.28444407987428,1.28889100734969,1.29194277329245,1.29726171003907,1.30432466532813,1.30973074970058,1.30973074970058,1.31034131609433,1.30990557796522,1.31138842013669,1.31365612395356,1.3194115983488,1.32560281087314,1.3318811710233,1.33353777543342,1.33554297034681,1.3363272989792,1.33903020791218,1.34365143063923,1.35019123366685,1.35742875071406,1.36423052963216,1.36545139591317,1.36292278223183,1.36048104966982,1.36222480170576,1.36614831041323,1.37338556095393,1.35638164667169,1.30031320947533,1.19009491538317,1.03043540125459,0.821770405218701,0.614587984847779,0.435221914010491,0.293525204554693,0.190631575135557,0.1274133015308,0.0809369663178254,0.036465826018247,-0.00355812029941913,-0.0407917435518001,-0.075496753122845,-0.108893748787072,-0.137407279327277,-0.165048800596268,-0.191382307958417,-0.216320920294435,-0.23890548070726,-0.263583183178815,-0.286342571856287,-0.30317245739338,-0.318955505394616,-0.335086877392634,-0.349125107331927,-0.362465623251649,-0.386967697939046,-0.411993191394384,-0.436670360852928,-0.460039782911154,-0.481665452933445,-0.496663905795786,-0.511226354022517,-0.525701121610418,-0.541483903105156,-0.562847330730481,-0.585169915252839,-0.606969347513769,-0.627809889384165,-0.647080707963759,-0.663299494094106,-0.677861409307838,-0.692336176895734,-0.708467815400257,-0.726082029569746,-0.742475377458236,-0.759479291740473,-0.770815145759797,-0.779622119591292,-0.787382522393419,-0.795404634579524,-0.802467589868573,-0.821302403812569,-0.841881236298992,-0.862460068785428,-0.883562320039785,-0.905100575929752,-0.919401314772516,-0.932655482585924,-0.945648207521852,-0.957506947296111,-0.970324577460898,-0.984450221532521,-0.999099284372066,-1.01601525150898,-1.03702982212451,-1.06135813457328,-1.08882562709712,-1.11986803782515,-1.15047471042408,-1.17776764118978,-1.20078793973172,-1.2159604213392,-1.22590111382588,-1.23340007375054,-1.23950413864907,-1.24464904665055,-1.2572929145767,-1.27124479640968,-1.28397607846815,-1.29592223237473,-1.30725781988754,-1.31458221805407,-1.32103460694938,-1.32949245726458,-1.34074089715159,-1.35373335558102,-1.35669824040446,-1.35975027285372,-1.36114570089287,-1.36027395812816,-1.357658196821,-1.37431298758695,-1.3905317737173,-1.40823260249961,-1.42166079905814,-1.43613556664605,-1.44023390361818,-1.44372194070305,-1.4463382350232,-1.45767408904253,-1.4676145150227,-1.47014312870403,-1.47267174238536,-1.47371804690822,-1.46988141932006,-1.46674250575148,-1.47947352130345,-1.49185567984564,-1.49438429352697,-1.49638975494687,-1.49769776885369,-1.4901116613032,-1.48392071528536,-1.49822145412812,-1.51330678810978,-1.51792827734333,-1.52167775730567,-1.52464264212911,-1.5181899867273,-1.47450397457961,-1.42131327458086,-1.32443629592793,-1.18988968938701
-0.944940372150931,-0.681748392943782,-0.36453774745904,-0.0285826211302407,0.331485051617124,0.605668362529393,0.780249240082347,0.880618316744813,0.918192952905313,0.907116727953994,0.911632475752948,0.944691364114489,0.978517156187922,1.01021280484427,1.02929842112553,1.0304061998659,1.02793518142036,1.03517714822094,1.04923557395616,1.06482754670643,1.08263481652871,1.09976085711151,1.1047028940026,1.1054697977145,1.11160450659217,1.12012481985174,1.12736678665232,1.13938022262541,1.15377926298037,1.16025458647779,1.16127721156323,1.16119231831702,1.16604920155319,1.17090634519808,1.18079015857155,1.19297416226324,1.20626568428657,1.20762866358301,1.2071169604272,1.20319754862154,1.20617974940544,1.20950308562655,1.21964262037356,1.23054905883247,1.24392599491946,1.24460748456769,1.24298826308023,1.24043209097975,1.24222109895961,1.24366949231973,1.25193434461448,1.26139186889581,1.27136031510675,1.27229752612852,1.27212695840991,1.2695705259007,1.26692920014528,1.26582168181362,1.26982598686551,1.2744268883194,1.28115793319036,1.28840016039968,1.29018942878828,1.29112690021877,1.29138262159232,1.29487600471456,1.29768763777986,1.30552620098246,1.31276842819179,1.32035153042959,1.31949973347148,1.31771072549161,1.3134506990662,1.29180917109318,1.2370236011037,1.14551545232054,1.01200207323288,0.832479158788813,0.640601933343188,0.464913537458589,0.318534925439739,0.204959740817611,0.132196854104701,0.0813309563296037,0.0400926297369808,0.00447756927495112,-0.0278998294383604,-0.0629185539071007,-0.0944438952535864,-0.12426486145768,-0.153574384914694,-0.175812248880994,-0.19404554738669,-0.212704874575802,-0.229745501094925,-0.246019484310879,-0.272347067392729,-0.299356140122796,-0.325428001831098,-0.352181613596358,-0.373311698822285,-0.388903931981292,-0.403133185843853,-0.417192132396529,-0.431165664885543,-0.455107903994235,-0.479135296757862,-0.503759025514778,-0.528297340208025,-0.548319907102318,-0.562889775584614,-0.576863047664904,-0.59006941603329,-0.601997698351435,-0.621509082907372,-0.641020207054581,-0.660701898920397,-0.680554158504817,-0.699980649814555,-0.714039335958508,-0.727927714792582,-0.740964036259829,-0.752977732641642,-0.767206465686734,-0.783139313465483,-0.799242468554105,-0.810915029498707,-0.823695369183683,-0.834345825860321,-0.84380361055038,-0.852324184218674,-0.869535378456405,-0.88580910126363,-0.903020035092626,-0.921593948218069,-0.942042283387043,-0.962916647239433,-0.988818201637861,-1.01829829281348,-1.05118661345642,-1.0855235878682,-1.11534507488976,-1.14030993908388,-1.15479465391125,-1.16314465986094,-1.16808643634331,-1.17217589505012,-1.17464665308694,-1.19023888624594,-1.2075352341386,-1.2247461679676,-1.23462972093234,-1.24519476354531,-1.24775067523706,-1.24877303991377,-1.24962535768932,-1.26487697622858,-1.2798728733943,-1.29512423152482,-1.30407031305907,-1.31182320178927,-1.31156695959827,-1.31182216015435,-1.3121627747741,-1.3267326432564,-1.3432623478459,-1.3607295238659,-1.37376584533314,-1.38680190639166,-1.39165826881036,-1.39464020918553,-1.3974515818421,-1.40818719217367,-1.41883790925904,-1.42164980273306,-1.42318361015685,-1.42420597483355,-1.4197751202808,-1.41500313029084,-1.42727202722873,-1.44277884632407,-1.45641150378461,-1.46740283548972,-1.4786501489771,-1.47992849543607,-1.47967277406254,-1.48299558946618,-1.49381635345269,-1.50404026062845,-1.50889662304715,-1.51324206353624,-1.51486076420622,-1.51298608175396,-1.51128222742904,-1.52227329872541,-1.50966300594159,-1.45794479039093,-1.37001543879369,-1.23164569728732,-1.00406877854219
-0.835267636586899,-0.516151349668527,-0.166329851739348,0.192406097800104,0.479557008422315,0.706198519330019,0.830550055515019,0.891149997788786,0.890249525892364,0.88304602592636,0.895021861820185,0.933110281888795,0.96687687718316,0.996861600594689,1.02018305213699,1.01721166000201,1.01730192735593,1.02630637111478,1.04269457434214,1.05710157427417,1.07781160227578,1.09167809890567,1.09401927079529,1.09293881460172,1.10176354926878,1.10842709634335,1.11806231075825,1.13102888590242,1.14714683747872,1.14624609037694,1.14669605111981,1.14327387262593,1.14525425030522,1.14516370774595,1.1549783560473,1.16452302790293,1.17712935924747,1.18100177368956,1.18451394433201,1.19135747570374,1.20018193516545,1.20630525414324,1.21774086194028,1.22935645403447,1.23016693378231,1.22584483380271,1.22449385075273,1.22539404744381,1.22665476313987,1.23457875070516,1.24547413040542,1.25285788987392,1.25285816507926,1.25222794483391,1.25051726839499,1.2515979997939,1.25565039853314,1.2628541737045,1.27122839721799,1.27789139388188,1.27807137817902,1.27464919968514,1.27203750093911,1.27176697408269,1.27347792572696,1.27798001000372,1.2865344930197,1.29445848058499,1.29481899958998,1.29418877934463,1.29445903099569,1.29661994338281,1.30031182311707,1.28950643556537,1.24412397297148,1.15615073082687,1.01424109348307,0.822626893565781,0.618226378006803,0.433005198307673,0.27974967011005,0.166383780979234,0.0921873185212999,0.0417625435538708,-0.00118820459113623,-0.0426082605943644,-0.0805166963658298,-0.114823519756969,-0.142917307227084,-0.166329026123311,-0.187579557427052,-0.207479380886171,-0.227739172939573,-0.255832685204349,-0.286897589604094,-0.316522069215988,-0.345066092634314,-0.37036874747195,-0.391439569683897,-0.410349479508721,-0.428898870328546,-0.448078481393739,-0.470679720542113,-0.493730920433347,-0.51660186082209,-0.535781196681926,-0.555230784192827,-0.57287942791089,-0.588457151390405,-0.603944882721338,-0.625105146671164,-0.645004694924937,-0.663913779133712,-0.6822826352457,-0.695969147578443,-0.7074047553755,-0.717939891276116,-0.729465491221742,-0.742972019257346,-0.764402534858237,-0.784842586414131,-0.805822866066811,-0.820230141204183,-0.833556960147988,-0.842471411758273,-0.851475855517116,-0.861380771172388,-0.882360775619723,-0.90226032387349,-0.922700375429383,-0.943680930287416,-0.961239857062254,-0.972766007418566,-0.984291882569531,-0.995547506069437,-1.00554213866793,-1.01904866670353,-1.03255519473913,-1.0474127058247,-1.05821809337641,-1.06785303258596,-1.07532650899769,-1.08243974160978,-1.08748177877797,-1.09837688327288,-1.11143317536028,-1.12530022240086,-1.13430494136507,-1.14439011652283,-1.15177387599133,-1.15798691191236,-1.16284923998874,-1.17788673537147,-1.19256426215991,-1.20787228439904,-1.22236982689033,-1.23974849416268,-1.25442547054042,-1.27063286385459,-1.28747047741411,-1.30818023021038,-1.32717930656773,-1.33375258628838,-1.33789497717619,-1.34059639286545,-1.33906570072368,-1.33564407264049,-1.35104153661751,-1.36670897704024,-1.38246668481689,-1.39327179716324,-1.40488738925743,-1.40623782189671,-1.40758825453599,-1.40794822313028,-1.42010404332125,-1.43253011516329,-1.43559177465219,-1.43838345769537,-1.44135540024104,-1.43739409447176,-1.43334252134857,-1.44946074813021,-1.46593894350613,-1.47188172777609,-1.47719401659534,-1.48160583351817,-1.47476230214645,-1.46665833028402,-1.47935437857177,-1.49403135494951,-1.49916393467697,-1.50447649870157,-1.5095188110751,-1.50456649085014,-1.47062018646399,-1.41587331151695,-1.32781007722377,-1.19481489149025,-1.0041914308233
-0.835582760905006,-0.649304201618775,-0.437307286716342,-0.235490343862684,-0.0461751785276341,0.266551575889068,0.502302304762964,0.685366308409886,0.846819535178227,0.960318895383312,0.952013671397565,0.949602072346037,0.955763167523636,0.960138762362265,0.975230361451709,1.00675336720688,1.03675834286646,1.04551007840136,1.04524206230034,1.04988540031117,1.05765404623724,1.07060206237617,1.09158701347101,1.11087571195097,1.11328703807367,1.11310881555436,1.1145378708547,1.11980676172045,1.12596840275568,1.13989896264581,1.15347198578203,1.15954410616438,1.15820457151693,1.15722230069456,1.16043685633387,1.16418771710403,1.17267116360909,1.18508342047481,1.19713841351544,1.19812068433781,1.19812013848017,1.19544079625645,1.19829836099949,1.20124544639542,1.21097917982386,1.22133846610724,1.23330503021027,1.2335733192401,1.2330378328957,1.23035903652961,1.22669769641233,1.22553693014183,1.22946601343131,1.23437736754316,1.24071750402653,1.24848642288141,1.25071870769835,1.25348702471733,1.25455854326377,1.25964866575256,1.26402453352001,1.27188297302779,1.28018792408471,1.29036816906231,1.2916184559857,1.29242223135993,1.29126146508943,1.28893965961961,1.28697511797487,1.28965418726978,1.29215448818774,1.29590507602909,1.29983415931857,1.30170945323924,1.27599109762304,1.21258836814525,1.11096550553267,0.964693125577845,0.769841599133664,0.579276419804049,0.412822318270981,0.267978447758857,0.157425627092061,0.0873257702346444,0.0308887300951505,-0.0140288033480983,-0.0499268580842623,-0.0819850772550073,-0.111989779985775,-0.138333142599256,-0.173695710991016,-0.207540522216009,-0.2402245671705,-0.271122292999567,-0.296304889342546,-0.315325844650285,-0.332917744657695,-0.349884637667814,-0.366048028232515,-0.391944879296849,-0.4174844665361,-0.444095572321777,-0.470438389077622,-0.492405338066014,-0.510264708316802,-0.526695569124881,-0.542233679763478,-0.557504320158697,-0.582151703086102,-0.60537030364198,-0.630374677465651,-0.654843019087281,-0.673774453742138,-0.688330020629548,-0.701456532216612,-0.712975493055215,-0.723869446896526,-0.74431863871815,-0.763606791340461,-0.784502494711232,-0.805398471010827,-0.823972641840601,-0.837010178632425,-0.849512229079846,-0.861300024805923,-0.872284045157764,-0.888358187998395,-0.905861113210555,-0.923185270045763,-0.939169892233513,-0.953457715948721,-0.964887974920891,-0.974264444524253,-0.984533937225915,-0.996142964575035,-1.01212785969161,-1.02811275480818,-1.0465979508427,-1.05927876966708,-1.07151280401348,-1.08178202378633,-1.09169397973409,-1.09839138004254,-1.11598328004995,-1.13357545298618,-1.15072138730207,-1.16027689821121,-1.1717074301122,-1.17590452950269,-1.17938710124301,-1.18242288850537,-1.19965725175887,-1.21564132808898,-1.23287569134248,-1.24421642966176,-1.25323563544004,-1.25466441781156,-1.25618272083596,-1.256718753038,-1.26859552355932,-1.28422260899317,-1.30074271752532,-1.30886862727647,-1.31654802547847,-1.3182445510222,-1.31717303247576,-1.31583349782831,-1.33074660146962,-1.34646348048518,-1.36334139870004,-1.37209313423494,-1.37941636032714,-1.37798812381326,-1.37638111892243,-1.37298806783498,-1.38691890065393,-1.40201049974338,-1.41656606663079,-1.42772858243075,-1.43764081130734,-1.43960535295208,-1.44031960767343,-1.44219517452292,-1.45058937330391,-1.46148387300286,-1.46148387300287,-1.46184113682795,-1.46228737544828,-1.45817925085303,-1.45299960771134,-1.46666242442927,-1.48068223204346,-1.48362904451057,-1.48604009770446,-1.48836190317428,-1.48130696611193,-1.43960398830797,-1.39272164029116,-1.30601188131989,-1.12955630318617
-0.823375635721471,-0.513580226075081,-0.143334527845667,0.231851260679581,0.509850003561633,0.725332651832539,0.830514160910284,0.863568429988887,0.870484830928763,0.903539100007367,0.92841964035754,0.969198788615591,1.00324135027908,1.0148282572597,1.01114576927814,1.01393028363605,1.0298286170182,1.05021819114724,1.07348204954397,1.09512895146156,1.10069770565166,1.09836231536843,1.09656581906969,1.0994403778631,1.10204535240142,1.1095906917613,1.11848312881952,1.12917178765076,1.13330312518129,1.13671602890775,1.14614708542472,1.15593777063231,1.16527960629093,1.1789328683511,1.19402327254512,1.19734695541323,1.20004142533563,1.20040050497481,1.20273589525803,1.20309524942293,1.2098318360175,1.21602980315331,1.22177864621444,1.22168887630465,1.22294647861891,1.2294137554841,1.23749771430274,1.24737789489439,1.25941392594969,1.27207862089926,1.27252774497395,1.27091106302051,1.26713880512915,1.26983354957727,1.2721689398605,1.280432163973,1.28968340614467,1.30082091452487,1.29956303768489,1.29498175250252,1.29147880434054,1.29192792841522,1.29210774276053,1.29839547980614,1.30818643953944,1.31636016826787,1.31582127428339,1.31330606965486,1.31034201547736,1.30513234092643,1.30279722516893,1.30495335015828,1.30890597144638,1.29624127649681,1.24971355970334,1.15818503816005,1.02129608317633,0.835723835461212,0.639372884479356,0.462154179837977,0.314127716474046,0.201581231433171,0.129005141885059,0.0716092264407541,0.0208601276812494,-0.0221643664245237,-0.0641110725613345,-0.106326813901807,-0.141626428828132,-0.172435077533292,-0.203603080403361,-0.230459931397582,-0.252736320786587,-0.275102480085383,-0.298097303278454,-0.315253788026321,-0.333218201962334,-0.351541695537522,-0.369056985398848,-0.386572275260174,-0.413518621638474,-0.440195932813107,-0.467052783807333,-0.494089174621141,-0.518341051077045,-0.538281775657106,-0.556874853487394,-0.576905073451529,-0.594869212861826,-0.617324593018979,-0.637354538457392,-0.658821900555374,-0.671486870030668,-0.68576879598512,-0.69609837517718,-0.707955140938606,-0.717386471981297,-0.741009684542926,-0.763016215151109,-0.785561914269492,-0.806310842563415,-0.826431106963069,-0.836850456064926,-0.848976257030019,-0.861191553379181,-0.876101868702191,-0.895054300697364,-0.91724037112514,-0.937809485073759,-0.95289961474206,-0.965025415707153,-0.974636012043716,-0.982270572261946,-0.990534070900162,-1.00894760891086,-1.02772050108645,-1.04613403909715,-1.06688296739107,-1.08332046928344,-1.09535650033874,-1.10658405315446,-1.11853031429996,-1.12508708654923,-1.13757224167922,-1.14826090051045,-1.16020716165595,-1.16748264223501,-1.17871046957644,-1.18643507423019,-1.19487838721371,-1.20179451362787,-1.21490860717785,-1.22559754053481,-1.23574757990728,-1.24230490120799,-1.25003032943888,-1.25335428683271,-1.25964229840403,-1.2672774076737,-1.28048127113348,-1.29350504572222,-1.30015131335556,-1.3037434823759,-1.30697657175706,-1.30661666854073,-1.30571814586564,-1.31990975285886,-1.33526919225655,-1.35143710989381,-1.36526991177357,-1.37847377523333,-1.38503109653404,-1.38952261180663,-1.39248721503556,-1.40281706875334,-1.41278784283195,-1.41215945346339,-1.41368664003275,-1.41377640994255,-1.408836045121,-1.40416499002883,-1.41754811878247,-1.4281467331782,-1.43129032717528,-1.4342546558785,-1.43712921467192,-1.43102156649734,-1.42931538915982,-1.44674118363707,-1.46470559757308,-1.47225066240724,-1.4796161874218,-1.48437673789805,-1.47889747909202,-1.47404688418027,-1.46659131473019,-1.42293733315299,-1.35054050889875,-1.23269403034571,-1.01658271818053
-0.75017621452955,-0.435450778773365,-0.0773515734664111,0.281823204696397,0.531758180326144,0.744503314069872,0.838240844221642,0.876327407658472,0.885378707930282,0.924092209555827,0.951065889607539,0.99784385957222,1.01836492416401,1.02266584612874,1.02257573574688,1.02759398017391,1.04264953513022,1.06792125192084,1.09238635754251,1.09812219832359,1.09462761363608,1.09525482571653,1.100900282224,1.10887600963995,1.12536484006219,1.14239131996648,1.1468721888032,1.14597628892759,1.14525924035703,1.14615541412437,1.1488439354264,1.15637130206694,1.16784161417041,1.17841602639827,1.18298645783337,1.18433071848438,1.19257540758724,1.19884862395864,1.20646582708931,1.2163231907466,1.22985481207164,1.22958585038474,1.22779350285006,1.22385055738714,1.22698716557284,1.22868995050914,1.23890611234345,1.25028740963201,1.26346105445524,1.264805588998,1.26453690120283,1.26184865379255,1.26471630029135,1.26606056094237,1.27421541355509,1.28237026616782,1.29195894202996,1.29079380657572,1.29016604671179,1.28595386567025,1.28846298788376,1.28935888775936,1.29706565348842,1.30289078297614,1.31203164584634,1.30979148531972,1.30898542193425,1.30423613919411,1.3065664101026,1.30782110815522,1.31543831128589,1.32126289299014,1.33031364547847,1.31176295805118,1.25691860250521,1.15950736246916,1.01988803612006,0.833490192022813,0.63768307115194,0.463293736423683,0.319104526422966,0.208072376355226,0.132168758951921,0.0795645639325629,0.032426974115653,-0.00548046412440975,-0.040788943660839,-0.0711684674768823,-0.0997553698664989,-0.124847413676873,-0.160155345429824,-0.192505794193845,-0.225841979323595,-0.256848441328342,-0.286241954886926,-0.306315754270267,-0.32818217508003,-0.347360074587769,-0.369315784104184,-0.392436355183101,-0.419230910038033,-0.443695193984483,-0.468249314421065,-0.489487975366902,-0.511264285794808,-0.529724862840238,-0.549171450143134,-0.569782899008538,-0.592096858918499,-0.612708307783897,-0.634664017300312,-0.650794597329002,-0.665849604501838,-0.679291389336762,-0.692912299368454,-0.705905997319706,-0.727771596454259,-0.749637469480548,-0.77177230419373,-0.793010965139573,-0.812636403747506,-0.828229334294134,-0.842836528475039,-0.857175034860776,-0.871513541246519,-0.887644395166945,-0.903595849998863,-0.920084954312836,-0.932630839272158,-0.945535248516751,-0.958081407367803,-0.969373142057976,-0.980126953374344,-0.998677366909901,-1.01668985707166,-1.03371633697595,-1.04536577427619,-1.05674652378126,-1.06212301860184,-1.06705170043049,-1.0713531701787,-1.0871252259221,-1.10244946867357,-1.12001414584339,-1.13040970676621,-1.13999865652009,-1.14304597599913,-1.14698919535379,-1.14922962977215,-1.16518081071232,-1.18292433918719,-1.20111595454572,-1.21330331521975,-1.22575963758068,-1.23131580538151,-1.23552798642306,-1.23929180668921,-1.25327178878967,-1.26832706985423,-1.27737809623431,-1.28633928612425,-1.29530074990594,-1.29763074692269,-1.29816839640475,-1.3107145552558,-1.32352940190201,-1.3362544120581,-1.34422986558232,-1.35086133234727,-1.35104045754404,-1.35086133234727,-1.35041351935533,-1.36188437924228,-1.37711878550362,-1.38249555421594,-1.38832040981193,-1.39333865423895,-1.39271116826677,-1.3891264731974,-1.40471940374403,-1.41995381000538,-1.42730232534089,-1.43285876703345,-1.43931138249337,-1.43689209676997,-1.43375576247602,-1.44925885653252,-1.46789828488298,-1.47685947477293,-1.48393875452981,-1.49227300623105,-1.49048120647985,-1.48573192373971,-1.50087676740267,-1.51915821925132,-1.49971163194843,-1.43716023678166,-1.34799368584846,-1.20568611208908,-0.9885502198905
-0.93570872208375,-0.831121312037014,-0.681033556468522,-0.534789315135653,-0.441375635911235,-0.0416179166607401,0.26454744421336,0.508228377787385,0.735371654253348,0.95080488923134,0.97234856790176,0.9893331960995,0.995769470506859,0.994965141113228,0.995948696078269,1.0083740005936,1.03465486246927,1.06218702482824,1.06906999711556,1.06915906348183,1.0738071803208,1.08310368720846,1.09365204099883,1.11224532798384,1.12949770169984,1.13217952823786,1.12958731448554,1.13432504411021,1.14013566827592,1.14791312916201,1.16194763888403,1.1783956832064,1.1812561888964,1.18223947065173,1.18036197350735,1.18152420762437,1.18223947065172,1.18939100808644,1.19779384600446,1.20762720997719,1.21102402633286,1.21307992941951,1.22014158085881,1.22765020338778,1.23533723185902,1.24642134989563,1.2580417785979,1.25857781605385,1.25616428145352,1.25241010679389,1.25124814588657,1.25106973994431,1.25652300580605,1.26358493045506,1.27154079728341,1.27279237097643,1.27270275819072,1.27225551389134,1.27475838806767,1.27851283593701,1.28548514780031,1.29326233547668,1.30059282527309,1.30121874872446,1.29916284563781,1.29773313921223,1.2983590626636,1.29907405248124,1.30425875319558,1.31069475439323,1.31587890868815,1.31543166438876,1.31525271202706,1.30229082363636,1.25965125701432,1.17902051381891,1.05744847557444,0.89001873350425,0.696755100648049,0.511179042682521,0.350721885685348,0.223697127998562,0.132518304222493,0.0720897800090795,0.0248911629143499,-0.0156028878353384,-0.0527894618053527,-0.0868475113573929,-0.121709890303064,-0.154248074224397,-0.186071541537805,-0.211727299591253,-0.235148202196346,-0.255976891049124,-0.276001250508271,-0.295131394578365,-0.322842782508746,-0.351090481104791,-0.379606471638519,-0.407049567631223,-0.432704779265244,-0.453711600850583,-0.473913819832568,-0.493490115363195,-0.512887731741833,-0.534520203568826,-0.55561663793987,-0.57716031661029,-0.591910089359681,-0.606749201685066,-0.620068721589449,-0.632940997194457,-0.644740378258422,-0.66869731831947,-0.692743597956499,-0.716789877593535,-0.740031827836934,-0.76193286481132,-0.778023277620001,-0.792862116735675,-0.806717674096007,-0.822092823877341,-0.840328479348671,-0.857938484578342,-0.8759957341074,-0.890924186008774,-0.904601064217129,-0.91613269976284,-0.926680780343504,-0.93785423795611,-0.955821601489747,-0.973431333509713,-0.991756055347321,-1.00436003901464,-1.01571272219865,-1.02268503406196,-1.02956827955899,-1.03511061178701,-1.05289956937838,-1.07104615848343,-1.09008696297753,-1.1021549091889,-1.11422312860998,-1.12012309235168,-1.12495043476206,-1.12897290135937,-1.14631488786107,-1.16410357224273,-1.18144555874443,-1.19315587344212,-1.20477712177353,-1.20933644545594,-1.21309143974471,-1.21613117100611,-1.23159620678286,-1.24661399826022,-1.26207848761754,-1.27512916916481,-1.2879115587744,-1.29363202373498,-1.29944210148127,-1.3046268021956,-1.31544317471395,-1.32733244177334,-1.33010360788735,-1.333589763819,-1.3361817043616,-1.3346618387309,-1.33215869134486,-1.34789174584958,-1.36210520793331,-1.37560368019939,-1.38740360768279,-1.39947155389415,-1.40206376764647,-1.40483466055077,-1.41100264302044,-1.42164033638681,-1.43227802975317,-1.43925061482619,-1.44756411316822,-1.4535531432762,-1.45784362860149,-1.46231306628848,-1.47625823643452,-1.48850486179787,-1.49628204947424,-1.50361226606093,-1.5098695881066,-1.50995892768259,-1.51058485113395,-1.52131188407632,-1.53123431441533,-1.53731295730901,-1.54357000614496,-1.53248506847921,-1.47759833007439,-1.38874315490323,-1.27530538942938,-1.10966353171787
-0.912921779778443,-0.691826617470371,-0.419764154024176,-0.106425704716675,0.207630721369211,0.512445047595786,0.737668713502733,0.857817657151561,0.914975793963994,0.925653573133802,0.916052484885292,0.934447280314482,0.975723540422073,1.00398873395325,1.02848550925988,1.04275262382905,1.04867497238875,1.05890435887992,1.07918377479082,1.0912975075174,1.09668178486274,1.10421944405068,1.10978280422119,1.11552552146315,1.13024102871096,1.15060930041871,1.15662050477528,1.15608161082206,1.15760669442199,1.15976035051087,1.16263198337813,1.17375897796543,1.18820599809864,1.19394898958689,1.19529499036165,1.19359000119769,1.19646135981867,1.1998710639003,1.2075878059134,1.21745792976909,1.22885368571729,1.23064807917069,1.23019913799948,1.23253215115981,1.23665983201982,1.23997985756572,1.2484148506035,1.25864451134096,1.26178517981541,1.26088812021185,1.25981170353684,1.26241402655064,1.26510602810017,1.27291272289528,1.28224477553661,1.29238420924577,1.29301195899586,1.29139664836763,1.28762768165051,1.28915276525045,1.29157518270022,1.29947155603106,1.3088033344261,1.31948111359591,1.31975014920309,1.31723750472501,1.31355821654364,1.31445555039347,1.31508384863614,1.3216344954385,1.32917242887271,1.33715902923186,1.33626196962831,1.33437789763918,1.305036287433,1.23845614519723,1.13042038578241,0.981467628895469,0.78603424011962,0.593292578647014,0.424868335409587,0.284799238485342,0.179007362187699,0.110992363380301,0.0627181607768532,0.0190197574657719,-0.0176798806105984,-0.0508804103159011,-0.0812995341822424,-0.118358709140381,-0.152725608302706,-0.18745149585423,-0.219664738927667,-0.250442302690625,-0.275207839358155,-0.299076316422126,-0.321150125786419,-0.344300626072004,-0.367899793282506,-0.391050567814377,-0.413842353957049,-0.432147470850514,-0.449016908433489,-0.464809380848886,-0.481139924478632,-0.497470468108396,-0.522774350236567,-0.54870625636112,-0.574638436731958,-0.599224890574319,-0.622914010566842,-0.641936829992408,-0.659613922889497,-0.676573039008202,-0.694608571801908,-0.713182450056266,-0.730859268707077,-0.74961277827918,-0.76396957138408,-0.777070590742518,-0.789543586104586,-0.802106260002378,-0.812784587664756,-0.831987038408067,-0.851817238901463,-0.872275463391235,-0.885375660010812,-0.899373190480234,-0.908884600193014,-0.917050283377324,-0.923780287251136,-0.944598048622676,-0.965146500140748,-0.98542536755906,-1.0031915904993,-1.02140648036447,-1.03145596129162,-1.04123640661158,-1.05029942364574,-1.06519511070386,-1.07892442830496,-1.09408915097026,-1.10826658700371,-1.12208476040168,-1.13348024210359,-1.14469609248775,-1.15465616912546,-1.16542390107727,-1.17762731233959,-1.18830509150939,-1.19530385674411,-1.20149469241841,-1.20687814702489,-1.21109523217435,-1.21504328171663,-1.22814402682878,-1.24250109417997,-1.25784517391673,-1.26421618940135,-1.27157421727155,-1.27292021804631,-1.27309984936405,-1.27157449151783,-1.28736723817951,-1.30253196084481,-1.31913236282061,-1.3331304417826,-1.34739755635178,-1.352960642276,-1.35744676303263,-1.36067683579652,-1.37009829272729,-1.37925098829717,-1.37987928653983,-1.38167422848581,-1.38284087218912,-1.38095680019999,-1.37961079942523,-1.39540354608691,-1.41110633996657,-1.41810537944757,-1.42375841815381,-1.42905246847084,-1.42573216867866,-1.42169416635437,-1.43802470998412,-1.45570125438864,-1.46287937669481,-1.46817315276556,-1.47337725030058,-1.46691655628023,-1.45955852841004,-1.47427430990414,-1.49060540202647,-1.49634839351471,-1.50155303954231,-1.47310876318598,-1.40006847542242,-1.29508398019261,-1.16048829065686
-0.921405835041597,-0.68700119891373,-0.401183277128496,-0.0765815271636031,0.266829994841303,0.562590459352789,0.788934077470325,0.906450119864891,0.951772609159023,0.943352970840547,0.92517037370584,0.927947354168284,0.966820974302953,1.00936703064658,1.03740265230847,1.04994231783117,1.06069025059297,1.06687001764334,1.07779671304729,1.10108431133178,1.12553646747187,1.1310000889298,1.13010435942733,1.12562625942688,1.12517866843161,1.12786613069499,1.13933130407307,1.15285676480921,1.16503835753568,1.16888983014275,1.17094984374486,1.17838396060584,1.18841547401923,1.1986262975867,1.21161410161659,1.22603501809925,1.22818509741234,1.22469224511343,1.22084104626233,1.22290105986444,1.22478203706844,1.23391782097936,1.24511361849239,1.25756349206007,1.25881756811473,1.25792183861226,1.25568278861203,1.25532471581581,1.25604140892017,1.26240075988058,1.26992439494062,1.27780637655285,1.28183688555801,1.28129950260772,1.28013494475212,1.27852279590125,1.28040377310526,1.28559883996601,1.29312247502606,1.30234832464795,1.31202176526512,1.31452964361847,1.31452964361847,1.3147984719716,1.31479847197159,1.31533612867784,1.31981477619021,1.32474128845381,1.32966780071741,1.330742566618,1.33056325646393,1.32859276106088,1.32769703155839,1.33038394630986,1.31085775492144,1.25523492386079,1.15948467036678,1.01868075593176,0.821985455838922,0.625917056895434,0.451793209494653,0.306779475900399,0.200549570485792,0.136417309151653,0.0882285949519973,0.0464890236677557,0.0102133475974132,-0.0315262236868344,-0.0695933587621279,-0.106317173339673,-0.139995726613577,-0.169554252683254,-0.19311150058876,-0.215773018991784,-0.236911632987032,-0.258677148131629,-0.285995802933205,-0.31358301233195,-0.340811875178516,-0.366159760821079,-0.387477137458479,-0.404674486891645,-0.421603281727649,-0.438174003767439,-0.457611224468718,-0.483139241533238,-0.509921060896442,-0.535986460911252,-0.562857798473514,-0.584623313618111,-0.602805910752805,-0.619913741986926,-0.636125843718577,-0.650546760201229,-0.670968954848077,-0.691480667693977,-0.711544515788646,-0.732683129783888,-0.752567393968522,-0.76851066734704,-0.78311034647185,-0.797620507397603,-0.810070380965289,-0.825028406642273,-0.841509062971092,-0.859243795354561,-0.873306091529076,-0.889428675061668,-0.903580763191206,-0.916031184270798,-0.927048492897642,-0.945320881987359,-0.961532983719004,-0.979447026256542,-0.996465065535646,-1.00784017320274,-1.01509525366562,-1.02190274313322,-1.02736663834712,-1.03435343796879,-1.05352183031694,-1.07206304775978,-1.09185806750132,-1.10457676942213,-1.11675808839264,-1.1214152247912,-1.12625167134382,-1.1297447973987,-1.14595717288631,-1.16127381887144,-1.17829267941843,-1.19235579686082,-1.20579173939792,-1.21268902082054,-1.21878009093974,-1.22388563960144,-1.23329025186549,-1.24457584133354,-1.25630902179685,-1.26365307294686,-1.26875807409665,-1.27269879114681,-1.2753854321423,-1.27717661739129,-1.28971655666995,-1.3053912754513,-1.32088695783455,-1.32778423925716,-1.33575628658037,-1.33692084443596,-1.33701063639098,-1.33611518064446,-1.35304370172451,-1.3691662852571,-1.38815509369522,-1.40141145232228,-1.41475705539244,-1.41825045520327,-1.42102716190975,-1.4209376437107,-1.43177564218347,-1.44100176556132,-1.44046438261103,-1.43921030655637,-1.43849388720797,-1.43195549984946,-1.42765616249117,-1.44404757437689,-1.46276782821784,-1.47387438128777,-1.48238326404934,-1.48963834451222,-1.48551804355204,-1.47906917439257,-1.48793667746229,-1.5012825542884,-1.47799413473604,-1.42613298432742,-1.3304719752765,-1.12266957460182
-0.836052602997061,-0.492636855366999,-0.104534845561227,0.287261983517998,0.557666940868138,0.769135457713917,0.854725517366325,0.873902121392923,0.866336923143925,0.896772738139989,0.915069392848232,0.960195495257612,0.995557198249629,1.00646475211295,1.00277020169048,1.00787218709051,1.02080311356913,1.03936404880899,1.06179536302436,1.08193929294384,1.08378629930408,1.08246677860306,1.08061923454083,1.08413768755923,1.08818416393883,1.09838840358987,1.10894430034705,1.12064388925218,1.12513047471646,1.12768187069296,1.13621493253685,1.1449238229338,1.15319287309707,1.16629962812876,1.18186932715844,1.18503558536868,1.18485921911362,1.18309958932793,1.18406718407181,1.18433092690142,1.19119227323614,1.2009564038025,1.21089636292194,1.21309529523931,1.2125675407291,1.21107219147501,1.21204005506989,1.21379968485559,1.21872611055354,1.22637922307906,1.23447217583827,1.2357916965393,1.23640736532604,1.23790244572913,1.24256432204448,1.24749021004044,1.25646257441599,1.26596269330176,1.2744075720181,1.27423201231603,1.27352842925275,1.27124158265884,1.27335313840167,1.27555233957004,1.28346919492519,1.29165006196092,1.30141392367629,1.30097354574062,1.3011491054427,1.29921337825294,1.29587021608561,1.29199956825908,1.29411085515092,1.27836532756818,1.22945702931079,1.14122819710733,1.00928069747205,0.829831796854961,0.637715712588844,0.468470782771793,0.328694342057913,0.221728746061532,0.153292186671417,0.105263568881385,0.0560030758158669,0.00964536698199862,-0.032490036919194,-0.0740979551611758,-0.107085166133745,-0.135409963088966,-0.160304221302324,-0.185902062578972,-0.207981181986216,-0.239472774853692,-0.267093988745635,-0.296826220678408,-0.322248233401986,-0.348198000635765,-0.367198507258296,-0.38848612932573,-0.40687096716152,-0.429302012525908,-0.452436640953573,-0.477770201698613,-0.500640549594676,-0.52614993889278,-0.547701303789822,-0.56881309730418,-0.587989701330783,-0.60875010659001,-0.625903875703294,-0.646135988750313,-0.665224409649375,-0.685192511015789,-0.69768305955874,-0.712460723546595,-0.724335872153803,-0.736123106484468,-0.745975151327378,-0.768318551266224,-0.788814675993854,-0.809750372104145,-0.830246227980766,-0.848191225582869,-0.859538888530867,-0.869742859330908,-0.880386939215622,-0.891470859334012,-0.910295537403472,-0.927800694771906,-0.94794489354238,-0.961051648574077,-0.974510329562905,-0.982163173237438,-0.991751206399737,-0.999052124117132,-1.01928396831315,-1.0375806230214,-1.05763690751535,-1.0761975739042,-1.09458241173999,-1.10434654230635,-1.11560575327582,-1.12501742018305,-1.13434144166475,-1.14489680071993,-1.1584431271343,-1.17058228742211,-1.18017058943541,-1.18975862259771,-1.19793948963345,-1.2033934009906,-1.2086714837947,-1.22045898697637,-1.23136707854169,-1.24218698697947,-1.25230331235398,-1.26329904934484,-1.26954472689281,-1.27790142248162,-1.28766555304799,-1.30279541184398,-1.31625409283282,-1.32337918199714,-1.32751357265327,-1.33208807239408,-1.33059299199099,-1.3311210153522,-1.3467788975094,-1.36542747817479,-1.38099690835347,-1.3944553204913,-1.40580244573729,-1.40958491043629,-1.41002475066996,-1.41248796351894,-1.42392354074347,-1.43588714132921,-1.43720666203023,-1.44063746962309,-1.44195699032411,-1.43747067371084,-1.43430360894759,-1.45057689104053,-1.4661463212192,-1.47221563251211,-1.47881269831522,-1.48206740850402,-1.47590991408357,-1.46878482491925,-1.48312318637543,-1.49737390240608,-1.50502701493161,-1.51039328086324,-1.51655104413467,-1.48576357203247,-1.41574321140973,-1.33569470854001,-1.21351053291811,-0.977499683816102
-0.705113909673852,-0.385791693220253,-0.0103105059039182,0.367198309679238,0.604441594987486,0.790110370207976,0.865929655869407,0.879154103405247,0.862756047134975,0.887882201055579,0.915212474474208,0.960175164972451,0.986182697240006,0.997643579725166,1.0054900295763,1.01060315568808,1.02629578593808,1.0488653768028,1.0691430067323,1.07478560653768,1.07707837582968,1.07699053439247,1.08316206898692,1.09180178629553,1.10705359264592,1.11807338177923,1.12539035793676,1.12644795806264,1.13332437977283,1.13826128410568,1.14690100141428,1.15712779254237,1.17096928575676,1.17343773792318,1.1760826813208,1.18287153104605,1.1905420285705,1.19653707193376,1.20817471510238,1.21990046916049,1.21998858004995,1.21716714542113,1.21328811066642,1.21293539765629,1.21355217388257,1.21963505868303,1.22748150853416,1.23717936487317,1.23806128212463,1.23735666446115,1.2368282685766,1.23912076841635,1.23956159231595,1.24661423580509,1.25401932285209,1.26195361414042,1.26318770549751,1.26627347279472,1.26539209444779,1.267772705177,1.26980033344382,1.27641242248561,1.28143743770792,1.29025337679547,1.29351509641936,1.29607165947525,1.29765819439021,1.30382919008013,1.30814877928218,1.3138789510725,1.32013832710415,1.32445845521072,1.31987426388801,1.29721710103835,1.24035324305986,1.14681369888161,1.01254321196996,0.837453671435433,0.650197552943207,0.483218794928219,0.337046601631797,0.221819383840294,0.142915139238421,0.0864921051595423,0.0394139449572785,0.00132794562149608,-0.0320857515021088,-0.0628547746803572,-0.0932708153962066,-0.126860464846489,-0.159656577387038,-0.191570772676107,-0.222338987497571,-0.252313934861555,-0.277880912681771,-0.302918686260651,-0.326634257592976,-0.3497325137945,-0.369833383040541,-0.391521326106057,-0.41312142773435,-0.430489781597828,-0.448828163602229,-0.46848901730545,-0.48665090807866,-0.504018992489873,-0.530467618109286,-0.555064567788555,-0.578955821995304,-0.60319978921218,-0.625592619393443,-0.642872054010665,-0.659975266848944,-0.677078749139482,-0.693300583630811,-0.711726537620164,-0.729976269830574,-0.748049780262059,-0.760040136440822,-0.77123695570984,-0.781992681627,-0.791514046734811,-0.801740568410635,-0.823692574692294,-0.848024922250901,-0.871299400231368,-0.895719858679447,-0.916966438940833,-0.932659069190833,-0.946235960284551,-0.959813120830524,-0.971891857351006,-0.987849898078464,-1.00257330854431,-1.01738482989963,-1.02822866670625,-1.03951305796023,-1.04921037539471,-1.05829064715066,-1.0671065862382,-1.0820940599202,-1.09743424661233,-1.11215738762591,-1.12335420689494,-1.13322855446515,-1.14045822809,-1.14707085603631,-1.15341888186196,-1.16743686630754,-1.18304165512034,-1.19820535058126,-1.2101951678555,-1.2226260784816,-1.23082524134287,-1.23743733038466,-1.24404941942645,-1.25639194971081,-1.26811716486438,-1.27278946707656,-1.27666850183126,-1.2810767408273,-1.28231110163665,-1.28354546244598,-1.29870915790691,-1.31757566634361,-1.33520781397096,-1.3482557702756,-1.36015747666037,-1.36509465044548,-1.36659361337548,-1.3683569089739,-1.38025861535867,-1.39480526514106,-1.3999186607051,-1.40582532372662,-1.41146765407973,-1.41164414531093,-1.40855891691823,-1.42275312314274,-1.43721193148793,-1.44153205959449,-1.44426511388158,-1.44787954651561,-1.44338346608237,-1.43765302483979,-1.45255238763232,-1.46903882424431,-1.47591551540678,-1.4820865110967,-1.48825750678662,-1.48305573088085,-1.47767746374388,-1.49178302017441,-1.5065940026252,-1.51205984174711,-1.4939866007679,-1.42821788445561,-1.32295285567153,-1.17545846012856,-0.982648930529476
-0.950129062056848,-0.878100910166102,-0.767097835004559,-0.649643102828209,-0.559143520612978,-0.131569507216121,0.205416596904849,0.482217128096765,0.722164206153708,0.939839899484485,0.953715351408018,0.976605295672135,0.993662412572734,1.00762592144358,1.02388701434491,1.03095696078432,1.04014810724624,1.0514601836173,1.05923728676866,1.06259587598038,1.07523393871468,1.09282128809256,1.10325009385705,1.10634370188679,1.10545989105354,1.10616704776547,1.10811132355332,1.11535819422739,1.12702384895443,1.14169451453722,1.14584831740821,1.14505310374894,1.14293217383979,1.14567193340023,1.14858861719533,1.15724953117995,1.16838495342969,1.18031585945205,1.18385083267176,1.18473437339168,1.18561818422494,1.18924175461864,1.19180486005777,1.19843344130722,1.20744820376115,1.21540223114717,1.21646269610175,1.21805339353361,1.21902553142753,1.22008599638211,1.22264910182123,1.22918935601003,1.23634816973678,1.24279982675158,1.24633507008463,1.24810269175115,1.25004696753899,1.25473100288727,1.26082935165944,1.26887197621944,1.27788673867337,1.2847803011048,1.28371983615022,1.2810681335371,1.27735596596941,1.27496924453826,1.27435041488699,1.27850421775798,1.28239330956033,1.28751952043858,1.28928768233177,1.28999510915704,1.28928822255844,1.27930132221059,1.23953118528052,1.16175826297358,1.04262423619137,0.879831520903416,0.690613888131639,0.509526936867188,0.35601396521514,0.233521889447874,0.146911128921661,0.0908790887502651,0.0483689221464263,0.0106313880648629,-0.023571172796998,-0.0573315581288875,-0.0945385896198293,-0.130861810277508,-0.166213163154606,-0.199973548486496,-0.229492074000071,-0.254768469581998,-0.278542494792706,-0.300725552458223,-0.322290050585784,-0.346152132743826,-0.370279466197176,-0.394141548355219,-0.418887441346513,-0.441246883020002,-0.462811111034229,-0.482519120207946,-0.502757631972272,-0.521140195009433,-0.543323252674938,-0.563385110317958,-0.585745092218121,-0.607044339050374,-0.628873818359921,-0.64761022986638,-0.668113992926032,-0.685170839713297,-0.701874108144581,-0.717958817037922,-0.735368972067823,-0.751277026839846,-0.764092013808797,-0.776730346656431,-0.789545333625382,-0.801122931405088,-0.812877183306131,-0.8342644870857,-0.856093696281908,-0.878188156773423,-0.900636195620914,-0.916986155809568,-0.929270640187892,-0.939610848778377,-0.948360089823653,-0.956756022626293,-0.976729553208651,-0.99352168892727,-1.01146261666113,-1.02958046862965,-1.04593042881831,-1.05609371317414,-1.06705221118923,-1.07721549554506,-1.08914640156741,-1.10337543184691,-1.1168975755278,-1.13165710839792,-1.14376493865492,-1.15366297171545,-1.16223528852607,-1.17018904579875,-1.17699401105619,-1.18927876554785,-1.20209402263013,-1.21437877712179,-1.22374684781836,-1.232054183447,-1.23726818115924,-1.24159836803821,-1.24672430880312,-1.25945096871141,-1.27403357734688,-1.28896976433833,-1.3002826510494,-1.31106503516984,-1.31831217595725,-1.32370363813081,-1.32927175442569,-1.34279362799324,-1.35613884743948,-1.36480003153744,-1.37266546174946,-1.3789401945296,-1.38106112443876,-1.38309345717392,-1.39378697400704,-1.40748550169592,-1.42224449433937,-1.42949163512678,-1.43541332977763,-1.43620881355023,-1.43479477023968,-1.43355738105044,-1.44681373320936,-1.46236793951207,-1.46740555321633,-1.47129437490534,-1.47368082622315,-1.46864348263223,-1.46139661195816,-1.47500654247304,-1.49117957842704,-1.50664572778244,-1.51884215521343,-1.53174546924304,-1.53324837984092,-1.53254149324232,-1.53466242315147,-1.52935928803857,-1.48578838636682,-1.41420132955269,-1.29807177339957,-1.06501825777405
-0.788836488482251,-0.463354436264357,-0.0927623403637599,0.280919329324087,0.513267635340775,0.723105033158079,0.818180589030644,0.852344243915665,0.854198096111303,0.89869027899821,0.923849354756914,0.970636796067376,0.995354465598163,1.00983210421921,1.01645292782983,1.02307402124865,1.03816979047373,1.06377081207678,1.07877808420969,1.08381000728472,1.08884166055154,1.09457967170631,1.10340752645654,1.12062209953729,1.1411911980653,1.14860687665603,1.14904828288395,1.14587021200455,1.14286832588483,1.14092597659705,1.14533976906807,1.15081309837101,1.15884636794934,1.16317220294461,1.16626204654006,1.17403063426656,1.18382952875657,1.19292233516683,1.20395722105667,1.21516856151439,1.21746381993794,1.21764054431403,1.21640482272242,1.21702295332644,1.21755285664651,1.2223200978697,1.22849978506061,1.23556201489915,1.23776904603876,1.23909326472252,1.24597903999318,1.25321772439961,1.25939741159051,1.26910807879658,1.27978978574244,1.27793593354681,1.2743167262477,1.27060902185644,1.27078574623253,1.27202173763236,1.28040818615466,1.28985363189249,1.30009366280221,1.30035807484583,1.29717973415824,1.29347175995877,1.29435457241461,1.29541383943833,1.30150502953709,1.30962652639936,1.3182776567735,1.31712989265761,1.31421650363005,1.29400058404601,1.239532782293,1.14428050204434,1.01080368357542,0.832923179311736,0.642418888622628,0.470629574457707,0.326559546135077,0.214622596125756,0.139673923128668,0.0868829793869877,0.041948850655746,0.00266477560354001,-0.0329995525331417,-0.0668097586659794,-0.100355013138786,-0.133194179531843,-0.165592209505178,-0.191369685676116,-0.21582321297149,-0.238158206219402,-0.258462622895601,-0.277795730023791,-0.306221103945831,-0.33464620805967,-0.362364954285549,-0.390701831115449,-0.416479037478168,-0.43740131495017,-0.457617504342418,-0.477480514790683,-0.496637167350993,-0.518530214754575,-0.540070083214174,-0.561345269821947,-0.577500575878954,-0.592508117820089,-0.605926489417412,-0.619079909354709,-0.631173792460062,-0.654213794554897,-0.677342293741885,-0.701000696248941,-0.722540294900327,-0.745315884951543,-0.760941287688481,-0.777361275597319,-0.792457044822394,-0.811172560962993,-0.828740582795921,-0.847014692708591,-0.864229265789336,-0.879236807730459,-0.891860594155893,-0.904395883489176,-0.917196124482489,-0.929908138191858,-0.948269935772067,-0.965837417988577,-0.982168908805263,-0.991791078919182,-1.00211933711285,-1.00812203011945,-1.01474231411366,-1.02365812633962,-1.04307892113535,-1.06144071871555,-1.07980251629575,-1.09348583955312,-1.10487390438693,-1.11228985278586,-1.11829308540888,-1.12553230943173,-1.14151116092085,-1.15890218856948,-1.17505695501007,-1.18935786925504,-1.20171643421223,-1.20886635171829,-1.21433914140482,-1.2191058430116,-1.22969905286531,-1.24170497849493,-1.24744325945791,-1.25221050068111,-1.2577723270762,-1.2595382217961,-1.26139207399173,-1.27666429778468,-1.29564422596891,-1.31382956898123,-1.32971938376178,-1.34437347695073,-1.35152393407321,-1.35479023223655,-1.35885111557178,-1.36926841047402,-1.37942102352443,-1.38180504884834,-1.38507161681989,-1.38772005418741,-1.38586620199178,-1.38489489244379,-1.40060798284825,-1.41702743114067,-1.42241226335148,-1.43088666934951,-1.43697758964006,-1.43459410393256,-1.43194566656504,-1.45110177950894,-1.46487306024204,-1.47272987525247,-1.480145284035,-1.48658992288593,-1.48041104511965,-1.47811632631252,-1.49171169209415,-1.5049536091236,-1.51130948107417,-1.51854789567239,-1.52428563701896,-1.4980664848119,-1.43759572024407,-1.35911633704003,-1.24788574491867,-1.08077490507658
-0.943381603214709,-0.794499391144583,-0.593973299986965,-0.358813217872446,-0.121899461687805,0.241011381530301,0.54149367890086,0.750612880194846,0.892743822269794,0.973235157443154,0.960083405863216,0.954208972903093,0.972095698068743,0.996821323336685,1.02584323569084,1.04644810206878,1.06117826750462,1.07327818981727,1.07880237033093,1.08669390364645,1.10212564590314,1.11738212794559,1.12948205025824,1.1445630041045,1.16060842509291,1.16534313069665,1.16727206498098,1.16814890201604,1.16999020619327,1.17226992888803,1.18165170998838,1.19410215272946,1.20523733991796,1.21084861457477,1.21321569939467,1.2193532906581,1.22575404022483,1.23382083375458,1.24425524806818,1.256530966559,1.25732017348695,1.25486545855995,1.25056917147375,1.25258573586519,1.25486519057797,1.26424697167832,1.27511900056351,1.28756944330459,1.28870890267901,1.28809495596527,1.28563970507431,1.28660417221648,1.28879626480414,1.29607411938791,1.30449196931006,1.31422507478479,1.31860952794207,1.31931137274488,1.3198376893515,1.31974979126241,1.32150319735055,1.32544869602633,1.3318491776111,1.33895123601669,1.34622909060048,1.34807066275968,1.34938591831227,1.34921065809805,1.35087643407908,1.3536819374165,1.36017004910837,1.36692158708553,1.37490048252619,1.37753099363136,1.35087589811512,1.2840628991103,1.17375990869088,1.02084429985588,0.822685561500133,0.628911008319671,0.460564193191952,0.323957967594619,0.21418182974578,0.14324807185095,0.0878339543018864,0.0368034859641685,-0.00598492862959378,-0.0397420825514345,-0.0713071438856281,-0.100943538917462,-0.125669432167387,-0.1561823962523,-0.186695360337218,-0.21545465035202,-0.244126042277725,-0.27078113779397,-0.293402836545338,-0.314183231119477,-0.335139153889813,-0.354341402590039,-0.378190458804903,-0.402565563644404,-0.428080663822283,-0.452806557072203,-0.47683114148327,-0.49831311287825,-0.517866149988887,-0.536191561654051,-0.554604603426323,-0.575034209590044,-0.595200657450461,-0.615630263614176,-0.63614749988501,-0.655612638906563,-0.672798055233356,-0.689632951131714,-0.706818367458501,-0.72365326335686,-0.740838679683652,-0.758813302938399,-0.777576865139111,-0.791956510146512,-0.806160626957715,-0.820627902072217,-0.835007547079618,-0.847019839285152,-0.866397348199592,-0.885686959024947,-0.904187630904332,-0.922162254159073,-0.935402171810085,-0.94390711587538,-0.953113904743499,-0.960917539969942,-0.968019598375537,-0.987747895700401,-1.00852855825652,-1.02738001854632,-1.04570569819347,-1.06411900794772,-1.07350078904807,-1.08200573311337,-1.08963384014361,-1.10129507595674,-1.11251789325235,-1.12584517302849,-1.13899692460843,-1.15013211179693,-1.15661995550682,-1.16372174593044,-1.16985933719388,-1.17599719643929,-1.18827264694813,-1.20309124643701,-1.21738379730126,-1.22729189500824,-1.23649841589437,-1.24272390524689,-1.24842307799279,-1.25298225540033,-1.26648506337267,-1.28139075700471,-1.29717328767181,-1.30813348262806,-1.32084735165443,-1.32768678772068,-1.33277254971681,-1.3354906909291,-1.34592483726071,-1.35539424846817,-1.35767343519898,-1.35960210150133,-1.36223234462453,-1.36074129289376,-1.35837367210991,-1.37284121520641,-1.38976374121187,-1.40466970282589,-1.41720857962002,-1.42992298461035,-1.43343060073256,-1.4343077057496,-1.43930556965664,-1.44895024107833,-1.45903306303557,-1.46394276087155,-1.46885245870752,-1.47095665320608,-1.47034297447432,-1.46937850733215,-1.47981265366377,-1.49147442544086,-1.49708596807966,-1.50260988061133,-1.50716959398283,-1.50480224118096,-1.46876536456436,-1.41317598680109,-1.32628443802494,-1.19099266403426
-1.00030737641343,-0.793807677894625,-0.533011230960109,-0.234337561378375,0.0775404975305355,0.419650769296051,0.680186213743012,0.843943635108508,0.941676720191736,0.974862801485827,0.953057543817462,0.955924588436603,0.984071967587927,1.00718064459649,1.03610970362915,1.05722010523451,1.06807918940139,1.07711391131802,1.09414093829865,1.10439172470459,1.11099405212632,1.11724908427467,1.12002930507547,1.12141954823401,1.12984650342224,1.14322507141864,1.15165176109061,1.15634290244374,1.15660337389877,1.15981771379129,1.16294522986546,1.17024267886645,1.18066737842535,1.19282988193242,1.19656569576752,1.19769520195476,1.20308146488717,1.20916284939883,1.21611273761019,1.22705864559542,1.23974209201254,1.2413057172915,1.24052377189389,1.2375699034564,1.23895988109867,1.2409578909856,1.24938458065757,1.25876686336383,1.26945229989403,1.27032080359371,1.26806205673549,1.26484771684298,1.26432624290039,1.26415232974744,1.27032027256118,1.27822548829057,1.28639117547498,1.28821527220896,1.28856256748234,1.28699867668712,1.28830183051105,1.29038719524885,1.29620810830549,1.30263705360679,1.31010868127699,1.3121940460148,1.31236795916775,1.31123898401303,1.31332461426709,1.31514924203361,1.32001429653969,1.3252269118354,1.33174241543878,1.33139458913289,1.30472427695844,1.24017700765304,1.14001126255865,0.995713528184946,0.809021342963838,0.624761286721373,0.463957202760837,0.323307927371363,0.215670820123026,0.145302637760988,0.0897900903722166,0.0440073864793497,0.00708575686642649,-0.0251447313933752,-0.0557247705558686,-0.0836985020705086,-0.117579439427601,-0.150070133626147,-0.182821564795997,-0.213574720562645,-0.242503514079054,-0.266046310179323,-0.289068163369531,-0.310091741156554,-0.331549703551543,-0.354223995952124,-0.377245849142332,-0.399659404571622,-0.423202466188158,-0.44492116555444,-0.465858185039386,-0.486186906763395,-0.50582050690814,-0.524585072320667,-0.545260823801784,-0.565328277521976,-0.585830115850145,-0.601553989006841,-0.617191303861461,-0.631004256465836,-0.644643295917259,-0.657761392458627,-0.681391543409765,-0.704326572781628,-0.727348691488105,-0.750544723347528,-0.770612973616513,-0.783991541612905,-0.797543757245988,-0.810748146573171,-0.823344503655685,-0.841240299852269,-0.860265602236083,-0.878596048556902,-0.890498080608945,-0.902660584116018,-0.911348010759277,-0.919340315823271,-0.927853829313589,-0.948877141584332,-0.969205597792084,-0.990402823215792,-1.01107910572944,-1.03036541060081,-1.04261473792623,-1.05469015209869,-1.06537558862888,-1.07597393582447,-1.08752787605435,-1.0997769378635,-1.1121999128256,-1.12219049329279,-1.13165986533365,-1.14043438131153,-1.14860086504473,-1.15598540338033,-1.16884302846666,-1.18230868579767,-1.1968167599813,-1.20906608730672,-1.22131541463213,-1.23095843430969,-1.24094901477688,-1.24842011141455,-1.26040870176867,-1.27300532436746,-1.27952082797084,-1.28403832168729,-1.29046700147232,-1.29385498900152,-1.29646103113312,-1.31001324676619,-1.32538982464952,-1.33981107501481,-1.34762973244212,-1.35397185392508,-1.35510136011232,-1.35405894325969,-1.35310308470913,-1.36604726809754,-1.38133675664627,-1.38637519327276,-1.39158727753595,-1.39627841888909,-1.39367211124123,-1.38984973910405,-1.40487902171401,-1.42181949039255,-1.4384992220998,-1.45170414245951,-1.46447467821125,-1.46821049204635,-1.47038268060249,-1.47359728601128,-1.48297956871754,-1.49114552141822,-1.49383812185189,-1.49661781162017,-1.49809434756452,-1.49618316149593,-1.49739949150151,-1.50817201736632,-1.48671405497133,-1.43389463904875,-1.34919229565602,-1.21123615173276
-0.966657290639786,-0.736521650464488,-0.453005255497948,-0.131034592755459,0.201224270946903,0.510629859034606,0.755439143447905,0.893824299721616,0.96213154152816,0.972335461562262,0.956144245180783,0.95622826836671,0.989116386684293,1.02563064672857,1.05303766973305,1.06779533715698,1.07833689637383,1.08575851489826,1.09579438856051,1.11628676729433,1.13880291920593,1.14529615884775,1.14521162018215,1.14082643464387,1.13947742435191,1.14285072330131,1.15457273095858,1.16781256849918,1.18299164055195,1.19083389048572,1.19446003221242,1.20525417646675,1.21646998308975,1.22684272271523,1.24041994169873,1.25475568901415,1.25492399312585,1.25256232302551,1.24851400345047,1.24977847507683,1.25230819154903,1.26200616828871,1.27414983831466,1.28671517070927,1.28713709081779,1.28511331764002,1.28098097487904,1.27684863211808,1.27566792593782,1.28055905477053,1.28764303411223,1.29649820159422,1.30273937167824,1.30408915518969,1.30484845674111,1.30299324541487,1.30383657015222,1.30687222991887,1.31218502112027,1.3196904050908,1.32854505709313,1.33040026841936,1.33099049263956,1.33090595397396,1.33023119108815,1.33065285345682,1.33562826321531,1.34153127863691,1.34827761879587,1.35165066000542,1.35350561359183,1.35342107492622,1.35190298730306,1.35510746666109,1.33545867040443,1.27769298781475,1.17885878231131,1.03583585546185,0.834119382619753,0.632318371112056,0.454973003767961,0.30882936300658,0.202742358570074,0.141687400216928,0.0975829597966787,0.0600560399440236,0.0266614628523231,-0.0129737688437034,-0.050163564993298,-0.0854981498166607,-0.119230366091087,-0.147649791164124,-0.170418785853024,-0.192681579507651,-0.212751780393141,-0.232315780244347,-0.260059669212072,-0.286960491182273,-0.313777032226714,-0.341858560377182,-0.364205892697406,-0.381324972481845,-0.398190951749139,-0.413707662984653,-0.428718430925715,-0.453511456532216,-0.478726144507397,-0.503519170113904,-0.528818396754683,-0.547539845088053,-0.560358277999811,-0.572839071728832,-0.585319865457847,-0.596957076709685,-0.619725813658752,-0.644434042859822,-0.668636586506279,-0.693429612112791,-0.712488441889065,-0.725222593875052,-0.735764153091909,-0.745715488088554,-0.753895634944894,-0.773207049758637,-0.794036294455708,-0.815118381930079,-0.835356886927267,-0.85146330690331,-0.862847417638008,-0.87262941756362,-0.881905731934618,-0.893206077223222,-0.914120118325722,-0.933094409436387,-0.952321543324365,-0.971717239063868,-0.987486793076683,-0.997943555888103,-1.00848485736512,-1.01868903513907,-1.02906177476455,-1.04390398085408,-1.05866190601784,-1.07316673066446,-1.0825270682214,-1.09239334907277,-1.09905515056612,-1.10605407576254,-1.11549869424524,-1.13565343379633,-1.1549651063499,-1.17587888971257,-1.18802255973852,-1.19788935606956,-1.20202195657037,-1.20488956996516,-1.20623935347661,-1.22386463429533,-1.24140537644844,-1.25852419849305,-1.26855904119595,-1.2791843658589,-1.28036481429932,-1.28087075759377,-1.2810393194453,-1.29714651264086,-1.31190418006478,-1.32758945315183,-1.33560052267697,-1.34319018757326,-1.34192494272741,-1.34082851747292,-1.33897330614669,-1.3528879065731,-1.36764557399703,-1.38282516152947,-1.39446263052114,-1.40669032373302,-1.41048502731126,-1.41318356337484,-1.41579756077282,-1.42650742410137,-1.43612086217544,-1.43687990598702,-1.43940988019907,-1.44042202452779,-1.43595281580358,-1.43300169470252,-1.44843412501226,-1.46091491874128,-1.46774579756584,-1.47390191350458,-1.47719067378837,-1.47095027692386,-1.46614342901691,-1.47533520472231,-1.44194036989078,-1.38122279298054,-1.27766576275607,-1.09340549340149
-1.14755686428941,-1.01654063203537,-0.842583938758394,-0.666519889672825,-0.565535356383395,-0.1500939912705,0.176920018797063,0.444221409595833,0.683598725623159,0.927893652511526,0.963809146864821,0.995421899455074,1.00973538646272,1.0166723229865,1.02009637359859,1.02984302840564,1.05381540845906,1.08393486918495,1.09824835619259,1.10211255753392,1.10808411468385,1.1180070981672,1.12854468236395,1.14610723323033,1.16744541852302,1.17447038519266,1.17482170062228,1.1822860128674,1.19106728830059,1.19932199316623,1.21486494998528,1.2323397390904,1.23532524928079,1.23497393385115,1.23286604127337,1.23339261184093,1.23391918240849,1.24182203507531,1.25156895826695,1.26263338141585,1.2660582371817,1.26869270032704,1.27027348556808,1.27334729428889,1.27677215005474,1.28467527110617,1.29266642230343,1.30004297278729,1.30294098960099,1.30329230503062,1.30381941236737,1.30768334532411,1.31189832532589,1.31927433904056,1.32849469166464,1.33551965833428,1.33630978257021,1.33745122223577,1.33569518185681,1.33604649728643,1.33850516852466,1.34438842714414,1.34965708505022,1.35764769947831,1.36054544790742,1.36107228685957,1.35984308543275,1.36309214929149,1.36546305876845,1.37029237109905,1.37705378410033,1.38495690515174,1.38363994196366,1.37064395491328,1.31971314784686,1.22320741661217,1.0791068987773,0.890924211869354,0.672973111280566,0.475218756318902,0.311184509756087,0.184295227357968,0.0967460266944052,0.0422143035704341,0.00234738288373212,-0.0341827121829663,-0.0664100654866235,-0.0957394019765783,-0.122170721652825,-0.156066085189603,-0.187766062771934,-0.219026963163375,-0.247829192316587,-0.274963142852089,-0.296126073006858,-0.315708486305168,-0.334676030505478,-0.354521729087569,-0.376562813624107,-0.399920861348721,-0.424069033309265,-0.447251557511366,-0.470609873620563,-0.492650958157107,-0.513111525837198,-0.532518683997583,-0.552452681110122,-0.570630101074503,-0.588017128418372,-0.605316125616389,-0.617082642855366,-0.627092851330781,-0.637542405381677,-0.647904197671315,-0.657563627486287,-0.678814319402307,-0.701996843604402,-0.72465226046976,-0.748361355239413,-0.770577694913875,-0.785681306157457,-0.799819001257983,-0.813956964743105,-0.826163095942152,-0.842232891713349,-0.859532157295961,-0.876831422878562,-0.887456768836577,-0.898257906701696,-0.906688135089848,-0.913625339998227,-0.919772152286087,-0.938915220008916,-0.95779473406338,-0.976235170926954,-0.994851399697637,-1.01144803442099,-1.02128298775848,-1.03094214918886,-1.04025026357421,-1.05034850219547,-1.06404712010512,-1.07757021449224,-1.09241080883662,-1.1054070642716,-1.11743740356353,-1.12727235690103,-1.13631718600259,-1.14272728357422,-1.15308907586387,-1.16327534463099,-1.17284674430011,-1.18110064401197,-1.19058428191983,-1.19725793315983,-1.20410737630695,-1.21236208117259,-1.22369032637445,-1.23536961862135,-1.24098986034165,-1.24906850491558,-1.25784951196418,-1.26777222706293,-1.27883665021183,-1.30561928531771,-1.32985575580869,-1.35312631015664,-1.36787887435518,-1.38069933788304,-1.38377287821926,-1.38570444212075,-1.3866700898792,-1.39852463726402,-1.41055497655596,-1.41283812427167,-1.41582390284662,-1.41819508070819,-1.41433168452062,-1.40941434204417,-1.42460598343359,-1.4397978932076,-1.44778904440488,-1.45516532650414,-1.46298095417888,-1.45946860503636,-1.4554291485571,-1.46684488713563,-1.48124613590453,-1.48827083418958,-1.49415409280907,-1.49880788161714,-1.4953827574667,-1.48949896207803,-1.49819220736537,-1.51083714737071,-1.50012403965145,-1.44418732319354,-1.36006270991124,-1.22649977627312,-1.02435518617175
-0.998052892569433,-0.898773716318327,-0.753950445947972,-0.606696701048944,-0.505797208445396,-0.0902281537539221,0.228312011233657,0.480426083174699,0.711928025516428,0.938569568993119,0.966832672852931,1.00715654233652,1.03622925418024,1.04045995794668,1.03316935964912,1.04054991438934,1.05594154425683,1.07655367385614,1.09788545499671,1.11696694959007,1.11966701835057,1.12191702980161,1.13073771291281,1.14315885449953,1.15468015656352,1.1716918276873,1.18735332688277,1.19041349651004,1.18879345525375,1.19392399854291,1.1998647000083,1.20580512637753,1.21777621065481,1.23280718946321,1.23415681119923,1.23262617619328,1.22992583233663,1.22956573146986,1.22983615099013,1.23577712755168,1.24369852133245,1.25251975463595,1.25513041714609,1.25432053406602,1.26062133639819,1.26593179257268,1.27160234961394,1.28087309003457,1.2923038854636,1.29275366767688,1.29347359431429,1.29284334902338,1.29725369057898,1.30400427512444,1.31507524478283,1.32614593934507,1.33775692275557,1.33946719555068,1.33541722995802,1.33127730792271,1.33136808965383,1.33379883927866,1.33856955679719,1.34685022615629,1.35522085195804,1.35360026050944,1.34747937106258,1.34432869480033,1.34198845181048,1.33892800708705,1.34234855267726,1.34765900885174,1.35287950858356,1.34270837844789,1.29725396567513,1.20634486503348,1.06944161296312,0.882853794545891,0.670343390354867,0.476194829215951,0.314899626377752,0.187987866653909,0.0982495752475719,0.0400144702136304,-0.00768967891402242,-0.0461230876210345,-0.0792463152497132,-0.107329231128051,-0.134062250174222,-0.160345211910951,-0.195538813201526,-0.229292011024974,-0.261784718266595,-0.293107166465211,-0.321099300612429,-0.341891068000903,-0.362952979813499,-0.3839252102796,-0.40390736968415,-0.425959902750597,-0.449632477073345,-0.47249516831601,-0.492027545507283,-0.51191974846918,-0.530821605273384,-0.547923232839838,-0.565204498195435,-0.587795944629365,-0.609037494231122,-0.630909289123788,-0.65431116883009,-0.672762968324852,-0.689054987907382,-0.705166819508439,-0.719388190332925,-0.731089405282232,-0.751611028246572,-0.769972046010215,-0.788603208197985,-0.803274361235754,-0.819295411105697,-0.829916323454658,-0.841797726385439,-0.853229347102918,-0.873391419392789,-0.892833840141402,-0.912816274642118,-0.93189831942779,-0.950259887383745,-0.963581143589347,-0.97573186565579,-0.987612443298098,-0.999943353346009,-1.01263436426069,-1.02640567777574,-1.04170735120057,-1.05259840797366,-1.0620490612796,-1.07185981545233,-1.07942000798171,-1.08518024636946,-1.09814140170829,-1.11191271522333,-1.12496410210096,-1.13594566550901,-1.14755692401567,-1.15520789827616,-1.16204898945658,-1.16852997977022,-1.18113130933841,-1.19436288419751,-1.20570427337618,-1.21641541726396,-1.22676646028494,-1.23342708838774,-1.23810757436746,-1.24746827123076,-1.25862919733181,-1.27105006382238,-1.27483043518322,-1.27915082029616,-1.28050099222448,-1.28041103578182,-1.27816129942693,-1.29301291554232,-1.30867441473778,-1.32064577411121,-1.33108677357486,-1.34251756900388,-1.34593756440178,-1.34818757585284,-1.35754799761998,-1.36987890766788,-1.38274983146789,-1.3878800996609,-1.39238039765915,-1.39346042516335,-1.39229016612034,-1.39039998043991,-1.40219115183188,-1.41560236448014,-1.41965288026511,-1.42586372615462,-1.43081435655847,-1.42856434510742,-1.42568436346161,-1.44008592226757,-1.45259729539311,-1.45907828570675,-1.46564923246304,-1.47141002104312,-1.4689798216106,-1.46609928977249,-1.47716998433473,-1.48878069264907,-1.47941944559347,-1.43252490444973,-1.3527775551976,-1.23432637771816,-1.06700051697192
-0.931593622752113,-0.781072261222029,-0.581040668146928,-0.343808833265601,-0.0899227294738369,0.277827805573422,0.589461230608006,0.794290231311382,0.926257116746249,0.993869802470639,0.973142633519215,0.964272049214761,0.990791959241947,1.02753990249713,1.05351677762786,1.0672746760004,1.07315843005678,1.07705068731256,1.08085220822292,1.10049358401663,1.12592742425092,1.1421288413399,1.1471973514636,1.14819296154629,1.15163236698062,1.15642977460889,1.16982583414059,1.18684249516226,1.20503568568703,1.2108284267628,1.21408663614152,1.21508224622421,1.21897422684479,1.22295666717558,1.23472334538273,1.24667094301029,1.25771311363017,1.26287180682887,1.26450063488303,1.26757764820613,1.27355130870231,1.28043039620618,1.29065870606938,1.30387384618066,1.30894318620997,1.30948677437681,1.30840098121911,1.30803914237827,1.30803941901347,1.31428473527548,1.3227024677585,1.33175369484819,1.33772735534437,1.34026161040622,1.3401708740608,1.33854121610105,1.34071307905167,1.34424266756102,1.34994439565617,1.35673247017943,1.36496900660682,1.36614581274514,1.36696078004261,1.36732317215386,1.37203012007191,1.37691798741039,1.38569755873424,1.39565365956122,1.40515746183714,1.40533865789276,1.40316624167175,1.39927426105117,1.39420547429227,1.39284747209834,1.36705096311763,1.30242510764133,1.19227173758598,1.0324274932004,0.813659951339267,0.5986034706783,0.409161749672027,0.254657671175958,0.140883976265862,0.0739955214935452,0.0244855665837142,-0.0187787954289049,-0.0573364861586702,-0.0943555319092751,-0.129564553550108,-0.163416126267415,-0.193285535289114,-0.221887955097512,-0.248770533871127,-0.273752075554363,-0.297738007154896,-0.323171847389179,-0.347971916381602,-0.37177665192652,-0.395853043237277,-0.419024007540333,-0.440746786574448,-0.462469565608568,-0.483558573400821,-0.503470775054768,-0.523111874213283,-0.54293416942742,-0.562304166090503,-0.582036001594421,-0.59869054714005,-0.615344816050475,-0.63027924392613,-0.644489164214514,-0.657432095289578,-0.676982458102683,-0.695265555067264,-0.715901987673278,-0.736991272100735,-0.752287815452423,-0.763963757314173,-0.775639975811107,-0.785415433852861,-0.794376201232335,-0.81537502594958,-0.835649896349956,-0.857463135094289,-0.878642879231958,-0.895025492376549,-0.905072329548926,-0.914032820293203,-0.921635862113947,-0.929872398541349,-0.947341358114046,-0.964719857976544,-0.984180314349845,-0.999296214916313,-1.01395954029654,-1.02319196344184,-1.03224319053152,-1.0401176114829,-1.05459946417231,-1.069896007524,-1.08636908037881,-1.1017560834407,-1.11325110588203,-1.12248325239213,-1.1293620632608,-1.13497388491615,-1.14194343213023,-1.15515857224151,-1.16828297600739,-1.18312694417284,-1.19136348060025,-1.1981518317587,-1.2022244551645,-1.20475871022635,-1.20665947068153,-1.22186555432302,-1.2380672480472,-1.25408802235096,-1.26431577894376,-1.27336700603344,-1.27508657043301,-1.27526748985343,-1.27454353553656,-1.28640095008911,-1.29916351501415,-1.31219773570503,-1.32342165565092,-1.33500741443765,-1.33989500514092,-1.34505397497483,-1.35039386422915,-1.36161695426944,-1.37356399862661,-1.37528356302618,-1.37537402273639,-1.37474052812973,-1.37003385684687,-1.36342670174402,-1.37691294435074,-1.39220921106723,-1.40714363894289,-1.41845801859899,-1.43094892775821,-1.43330254003484,-1.43402704762211,-1.43647084297374,-1.44606482832468,-1.45602065251645,-1.45927858525997,-1.46226513887286,-1.46389424356222,-1.46208394281724,-1.45792058306604,-1.46742466197716,-1.4790104207639,-1.4380991177575,-1.37003413348207,-1.26359210126209,-1.08636935701401
-0.992241554353444,-0.886490441700423,-0.739277105315817,-0.581452875605769,-0.459830388995982,-0.065538248302273,0.249306818023428,0.507085630156576,0.726166403143102,0.927325078619498,0.949081824783374,0.981360349774091,1.00293886694078,1.02068300797512,1.03905095049964,1.04966129878228,1.05991491654912,1.07070349382896,1.07863904454664,1.08193818864459,1.09058747291526,1.10530008586884,1.12045854383682,1.12866198309309,1.13231813022824,1.14007572447013,1.14765508971482,1.15737456553288,1.17360294252683,1.19170354155556,1.19714279622688,1.19776687023847,1.19821244273146,1.19910413276025,1.20151185935082,1.21024998559869,1.22175229643151,1.23040158070219,1.23352249580294,1.23316576528715,1.23512764686332,1.23958636952866,1.24538235471578,1.25465571299803,1.26615802383086,1.27248869600957,1.27222080747096,1.27159618841657,1.2692775763246,1.2695451923418,1.27186353191236,1.27837297813107,1.28550677088277,1.29397782615624,1.29629616572681,1.29861450529737,1.29870361979598,1.30057584183074,1.3034291409143,1.30976008561441,1.31680449134611,1.32554289011538,1.32812884570313,1.32795034418454,1.32670165111855,1.32946529066071,1.33320973473025,1.34150201596373,1.35139944825758,1.36147538207003,1.36254557361741,1.36076246608124,1.35755243648189,1.34185929152233,1.29121282400707,1.20169008834802,1.06642545285344,0.882921803912774,0.671152507632336,0.475433359348662,0.309762965940935,0.180917844602255,0.0913951089431948,0.0335260066990522,-0.0119490946834691,-0.0526092879276616,-0.0897918355553091,-0.124566929113798,-0.157380141096111,-0.190015124081221,-0.21952891944418,-0.247972795781158,-0.274722406559152,-0.299956253296777,-0.323852564991218,-0.34757092020987,-0.370576086918329,-0.393046294113792,-0.415159770793473,-0.437183860453135,-0.458761832577012,-0.480250417680888,-0.502184847799153,-0.524119277917424,-0.54542990654551,-0.567453996205177,-0.588943126351861,-0.609273222973957,-0.629424818077456,-0.649754369656751,-0.668924887711464,-0.688452136281972,-0.707979112331078,-0.726614670872801,-0.74471554242293,-0.762637912454461,-0.779757706955804,-0.79669927245995,-0.813908453981301,-0.83076090498684,-0.847256897997998,-0.863128816997566,-0.87882250699993,-0.893802735970714,-0.908872079440099,-0.923584419872277,-0.938564376321654,-0.953276716753827,-0.967542939650209,-0.9815415465294,-0.996075385442981,-1.01051983733656,-1.02487517473154,-1.03994424567952,-1.05144682903376,-1.061255146829,-1.06972592958108,-1.07703767880857,-1.08408181201887,-1.09629758388328,-1.11038612282527,-1.12616892732624,-1.13392679408954,-1.14052535480684,-1.14391388592479,-1.14551876446376,-1.14489441793077,-1.16031967435174,-1.1761910483085,-1.18475067303777,-1.19188364822526,-1.19981919894294,-1.20008681496013,-1.19946246842714,-1.21471004089372,-1.23298941396244,-1.25064471301958,-1.26437652144578,-1.27828683139058,-1.2831017395289,-1.28604415311106,-1.28818399116303,-1.29736796242529,-1.30726512219774,-1.31181268684027,-1.31564679045121,-1.32126427411973,-1.32269092366151,-1.32242358016571,-1.33446112303294,-1.34792558796334,-1.35274076862307,-1.3573774477642,-1.36352989094571,-1.36210296888252,-1.35960585527196,-1.37280215914236,-1.38644458054856,-1.39232940771287,-1.39848185089438,-1.40409933456289,-1.40044345994915,-1.3969658143326,-1.40686324662645,-1.41791998496629,-1.42460738766078,-1.43165152087108,-1.4376257350554,-1.4370016610438,-1.43521828098623,-1.44467014078709,-1.44886097491383,-1.4504658534528,-1.4510008129658,-1.45189250299458,-1.43004664233211,-1.36709528845384,-1.28541926153527,-1.16665007400904,-0.987247872175111
-0.90704508670215,-0.811271605898873,-0.666278274668401,-0.5093796830325,-0.385975429875525,-0.00563434695960825,0.298212097948516,0.539956442539964,0.742520467608554,0.929270459725046,0.950593160176575,0.981244508133544,1.00558778418835,1.02664383548108,1.04485689625186,1.05356345289905,1.06493514345008,1.07755101571759,1.08732389746314,1.0922102025675,1.10624757009599,1.12321699222393,1.13503318855187,1.14134098891722,1.14498365537874,1.15031446626002,1.15759979918306,1.16968264466981,1.18496392237797,1.20211065805039,1.20708548415859,1.20575250990144,1.2010437898784,1.20006652885753,1.20042224209379,1.20815208079377,1.21801402661679,1.23142957482386,1.2364049440057,1.23711555586778,1.23702676332712,1.24013640300787,1.2414691057282,1.24804355525234,1.25746126683526,1.26616809501928,1.26945531978134,1.27185407606319,1.27238710284396,1.27478558758899,1.27825012589556,1.28482430388287,1.29335300391193,1.30223714564045,1.30587954056514,1.30747862090744,1.30810044022886,1.31183189923104,1.31831755621451,1.32693559185788,1.33777452716495,1.34843587739073,1.34896917570831,1.3451491957023,1.34195103501771,1.33617653296994,1.33395563330622,1.33742044314961,1.34372797197813,1.34870279808633,1.35616544455387,1.35669819979781,1.35687578487913,1.34274962480998,1.29788359578002,1.20806220210582,1.07541809398406,0.894353811374667,0.686103533725331,0.48744828120341,0.320332845118671,0.189199296335372,0.0964466626721919,0.0410080759571273,-3.7701529994794e-05,-0.0347756786517678,-0.0660488459301605,-0.0932353840437494,-0.129572713044632,-0.163511285763673,-0.198160470344792,-0.231121510506135,-0.258663218782353,-0.278208710736619,-0.298109644390353,-0.316411497701785,-0.333913675073653,-0.360211201633389,-0.388019287531564,-0.415560724270956,-0.442835511851559,-0.465135201787146,-0.483525576102418,-0.500405662616043,-0.515953046409352,-0.530701025799911,-0.555399472017346,-0.578587901969966,-0.601865124463239,-0.625498060192794,-0.643977770122366,-0.658192994268982,-0.671075515695282,-0.682980776100717,-0.694619115810531,-0.717007869823586,-0.73682028247348,-0.758320568006329,-0.779820853539166,-0.798389356009399,-0.809405876397783,-0.82157724288836,-0.832149529036641,-0.84414331044591,-0.860846083415046,-0.880125469284176,-0.898250009051113,-0.918329070859801,-0.935387285528392,-0.949868887296988,-0.961507498543622,-0.975189152835841,-0.986205401687411,-0.999975848520291,-1.01312420449492,-1.0298261628536,-1.03640034084091,-1.04350781714581,-1.04892742056777,-1.05470273722599,-1.05576960539798,-1.07318353330284,-1.09077504628901,-1.10863293689716,-1.11911643050479,-1.13226505801624,-1.13528536208269,-1.13883869292991,-1.14079294343484,-1.1566957689276,-1.17135468424069,-1.18894565415322,-1.20209455320149,-1.21479921800966,-1.21995244380963,-1.22519473368709,-1.22830491644149,-1.23701201616232,-1.24918419726338,-1.26215578276715,-1.26748659364845,-1.27130684519128,-1.27317257469237,-1.27228383467533,-1.2695293651572,-1.28125649740768,-1.29707025882296,-1.31128493989594,-1.31563821821954,-1.32221239620686,-1.3207018368684,-1.31697037786622,-1.31492706328382,-1.33296226743646,-1.34824354514462,-1.36681204761484,-1.38022759582191,-1.39302105317073,-1.39515316029379,-1.39915099691794,-1.39870649114101,-1.4085678938904,-1.41727445053759,-1.41727445053759,-1.41638598205738,-1.41780774885518,-1.41256627358819,-1.40927932036294,-1.42376119366836,-1.43939791307597,-1.44304057953749,-1.44703868769846,-1.44828259787812,-1.44170814835399,-1.43229070830789,-1.43273494254799,-1.42589375335279,-1.37774077109759,-1.33867932436107,-1.18779460956653
