-0.611732085530054,-0.598567825087961,-0.375396166175013,-0.165111743100588,0.0896445393904635,0.42129626172264,0.638809701290838,0.779776136650651,0.854877926742194,0.883392612543863,0.853432467132887,0.873031112250015,0.915681990423098,0.956967439529106,0.987810866814115,1.0065257390723,1.01720858899735,1.02596383212005,1.04291214063017,1.06909759396357,1.08700970587487,1.09399764877212,1.09897770883232,1.10435914906597,1.11102598782446,1.1247610455149,1.14323533516147,1.15391818508653,1.15608711097788,1.15672956474785,1.16026391970628,1.16500315166242,1.17407974441633,1.18797535417614,1.2011482341313,1.20741320173143,1.21126841533616,1.22010368900108,1.22877865608909,1.23721254958057,1.2491807980305,1.2624341995128,1.26396042614172,1.26267502761686,1.26082745135672,1.26090748189896,1.26114831000302,1.26789517930375,1.27648962486461,1.28604787382665,1.29078686029033,1.29295529519676,1.29319612330082,1.29552535576908,1.29801538579918,1.30243302263164,1.30918013742483,1.31809617810936,1.32219295629553,1.325084857484,1.32749485697188,1.33054755572217,1.33255568405169,1.33697332088415,1.3422744850831,1.34789699891327,1.3500654338197,1.35183248855268,1.35159166044862,1.35319816311223,1.35697334617472,1.36195340623492,1.36733509196103,1.37496548862824,1.35689257915511,1.3038794642108,1.21504261642881,1.09230964261152,0.928612569319436,0.765638716816929,0.623307588867424,0.507402496862927,0.411096049975556,0.346838152863364,0.296957767211584,0.252619864847742,0.21133441574174,0.177679608795413,0.145872132616762,0.116233336836998,0.0861123938641806,0.056955008800087,0.0280384518400608,-7.48537881642026e-05,-0.023288375390875,-0.0449756703646745,-0.0652972907789228,-0.0837713349330312,-0.102084827017774,-0.127948685227496,-0.152366838335458,-0.177267138636473,-0.200239586642657,-0.221364458388706,-0.238312521406362,-0.255180062896868,-0.271003279459041,-0.290521648541488,-0.310923544990422,-0.331485993508738,-0.351968411484828,-0.36843457280189,-0.38401696126,-0.397993092546962,-0.41084486836337,-0.424098024353217,-0.445142620064581,-0.463536633676469,-0.483777978056031,-0.501207942774276,-0.518477355423145,-0.532533762744793,-0.547473697432938,-0.561047957561538,-0.581530130045163,-0.599602548533379,-0.617353862882836,-0.634944379670463,-0.654221920648837,-0.67253541273358,-0.694624087880813,-0.718720645865097,-0.74651235636965,-0.773902195715836,-0.797918477665429,-0.821212029810371,-0.838401166424549,-0.850369169382006,-0.861212816868903,-0.87036993114996,-0.877358119539671,-0.889727748163025,-0.904346333219958,-0.919045439804036,-0.935109729962736,-0.950290492754948,-0.962740642905453,-0.973504014357665,-0.981937662356683,-0.991736984915246,-1.00274118447152,-1.0090059065792,-1.01470845095159,-1.02233909311127,-1.02772053334492,-1.03302169754387,-1.04772104962041,-1.06314337699407,-1.07872601094464,-1.08876640709973,-1.09760192625712,-1.10089496212657,-1.10491097329312,-1.10659775199142,-1.12057412877084,-1.1355948304786,-1.14402896946254,-1.15005310895861,-1.15784454868013,-1.15872807604662,-1.15848675695763,-1.17310534201456,-1.19053555222527,-1.20579683654463,-1.21856809083388,-1.23037578721443,-1.23374934461102,-1.2339098966804,-1.23664075481457,-1.24523520037542,-1.25672105613983,-1.26306654526711,-1.27238372063262,-1.27897003786397,-1.28073709259696,-1.28025519089637,-1.28997399192778,-1.29752435805278,-1.30226334451645,-1.30820696248537,-1.31278515138722,-1.3128654274219,-1.31302597949128,-1.32234340034925,-1.33246407253903,-1.3405766163993,-1.29591736440424,-1.21342625124201,-1.06924730153991,-0.856714167524368
-0.866170546208874,-0.679735662652301,-0.473785793761897,-0.320026984075904,-0.231983180016652,0.0832507177088991,0.32450987686867,0.51112729902517,0.714173472588339,0.919035045236394,0.939548721998327,0.95724830824728,0.974494044725012,0.976400158281275,0.977942859123418,1.0039926153685,1.04238675249359,1.06525983775444,1.07460842176439,1.07823894251985,1.08096204114717,1.08668038181595,1.10519667572167,1.12661777461175,1.14232053283306,1.14685875313097,1.14930943092983,1.15720630598332,1.16746314436429,1.17908153205891,1.19868723186412,1.21747594659828,1.22264944561017,1.22419214645232,1.22664226942262,1.22954651957842,1.23308632586249,1.24270760811518,1.25532440982362,1.26766906811791,1.27257070112993,1.27574764952846,1.277654040499,1.28064955995476,1.28391750023896,1.29208707353518,1.301436489788,1.31214717794019,1.31641325482393,1.31977163216523,1.32149603936443,1.32585283071957,1.33002819313192,1.33928661749906,1.34927103505158,1.36025386661793,1.36379395031628,1.36669847788638,1.36742447107175,1.37205340584104,1.37758976273848,1.38793648334798,1.39810205242898,1.40953845635226,1.41044587848041,1.40835833598138,1.40463710075452,1.40227713742705,1.39946332432835,1.40291269355532,1.40745119126751,1.41335123829335,1.41661890116327,1.40863158905268,1.36987403921347,1.29508203816237,1.18225848045744,1.02931610101393,0.852229524053027,0.68912129811422,0.549703142507311,0.434157041003641,0.349653043228463,0.291562491826774,0.243819215863159,0.200614437611726,0.163399866028948,0.130179227915753,0.0989551404159144,0.0644633900461595,0.0315146179328374,-7.23274525411578e-05,-0.0317499873093094,-0.057618314611621,-0.080309693515412,-0.100822815448777,-0.119974388068489,-0.137219847131931,-0.163996151390972,-0.188503484208205,-0.214009231039254,-0.239969105055819,-0.264749136115776,-0.283084278493005,-0.302508271941163,-0.321205994789649,-0.338996018095701,-0.358601440486626,-0.379296268777042,-0.399446810239151,-0.413788296561081,-0.428129505468733,-0.441472022948272,-0.452999418757221,-0.464980664337397,-0.488216884898069,-0.510817826744754,-0.533146625177277,-0.556201416795182,-0.576169974485937,-0.589966619150986,-0.603763541230307,-0.617197605424093,-0.630086827960986,-0.647332841853002,-0.663761870673969,-0.680462765494814,-0.690537342690152,-0.701156761542384,-0.707691532453643,-0.714498446779065,-0.720216510033564,-0.739005224767723,-0.756523104659619,-0.776128804464828,-0.78792889851652,-0.80109026446757,-0.806445469836523,-0.812526945805136,-0.816884014574543,-0.836398722494079,-0.854279737685804,-0.87297773794858,-0.882780449144045,-0.894307567538711,-0.896758245337577,-0.898029080179847,-0.898573921836735,-0.915910650200141,-0.930433565464844,-0.947861008299639,-0.958480704566155,-0.970280243789261,-0.972367786288298,-0.976633863172037,-0.978086126957081,-0.99642126933431,-1.01339486239789,-1.03218385454634,-1.04425581459789,-1.05732618866327,-1.06050285964752,-1.06404266593159,-1.06540393783096,-1.07783903318235,-1.08963884981974,-1.0927248063326,-1.09381393481781,-1.09653675603084,-1.09290595786109,-1.08918444521996,-1.10470577449849,-1.12294992499004,-1.13765454661181,-1.15208674740513,-1.16697279796967,-1.17187443098169,-1.17532407762295,-1.18458250199009,-1.1980160113553,-1.21190309307745,-1.22161481238723,-1.2315079606398,-1.23931356639334,-1.24239952290619,-1.24557647130472,-1.25746727982779,-1.2719901950925,-1.27852552083233,-1.28733009542825,-1.29332085692548,-1.29540839942452,-1.29259458632582,-1.30384983872061,-1.31029417257477,-1.30158031245023,-1.24712000438972,-1.16361442062837,-1.03935418158587,-0.871435314520727
-0.657888147810451,-0.479832681497009,-0.277909427584326,-0.0418280539491431,0.20636046341391,0.527708289154644,0.737328280154729,0.887452052084962,0.958622488288522,0.961303038665922,0.903968545245523,0.899557874303095,0.917631370251403,0.956027043139038,1.00376208973363,1.02425712014829,1.0285811000511,1.0251221804308,1.02460335570284,1.0320405482753,1.05634073386482,1.08159187787064,1.09715741261492,1.10260520440935,1.10545860826208,1.11410603946381,1.12699102383069,1.1437675901101,1.16408976704942,1.18363383904781,1.18934143965913,1.19107103162027,1.19107103162026,1.19254107906644,1.19504877596851,1.20516651891837,1.21537095290784,1.22695927190777,1.23145663388982,1.23439725738607,1.23491634641597,1.23777001457065,1.24114224315134,1.2512594574973,1.26059856690231,1.27106201680282,1.27668292637453,1.28083378850006,1.28014211029678,1.28247721802547,1.28515829700679,1.29155784012333,1.29916815047307,1.30911330424955,1.31456136034592,1.31750145523828,1.32199802431447,1.32917540807002,1.33643921856324,1.34491379628964,1.35546393722978,1.36047985963782,1.35900981219164,1.35606971729929,1.35347559365955,1.35157314822309,1.35382130061022,1.35805858947341,1.36350638126784,1.36912729083955,1.37310529948975,1.37526728944116,1.37751570613023,1.37820764863546,1.36238230507428,1.31317694673156,1.2281703034429,1.10442201601398,0.939510814280414,0.765000694324943,0.610898913744514,0.481961850432226,0.381907968523324,0.316790839881756,0.268277159742315,0.225989904942159,0.185345815365447,0.148247600750608,0.109592647649977,0.074137598258595,0.0379044439262705,0.00599500519481331,-0.0228014851689616,-0.0478795113974904,-0.0714874901798326,-0.0932797145653407,-0.115071938950843,-0.140496200733934,-0.165488064526742,-0.191777386592341,-0.216683087949434,-0.243058836752708,-0.265716121420724,-0.289670600059588,-0.310770881939863,-0.332044017295471,-0.349685115253496,-0.369574629900586,-0.386350931878046,-0.400879081468377,-0.413331932146929,-0.42760080152427,-0.438842884969638,-0.452246694064459,-0.472828151216788,-0.496176585484192,-0.517709001052795,-0.540625037329916,-0.556363689851483,-0.567432391217616,-0.576771764924577,-0.587667877117331,-0.59795873784447,-0.618194488046134,-0.639468152005639,-0.660136300197579,-0.680112505884293,-0.697061925639028,-0.71159007522937,-0.723610263615686,-0.7358902608189,-0.74635423932332,-0.763217496642345,-0.777659219495013,-0.794176505561425,-0.802305112035207,-0.81173064817789,-0.815708392526137,-0.818821340893826,-0.820464241815327,-0.837673206085024,-0.855314832646946,-0.873647873110198,-0.890943264117563,-0.906076400871561,-0.913945462830393,-0.919652534837818,-0.926743491855702,-0.937985310999116,-0.953637801084968,-0.967474272472026,-0.984077985276107,-0.9970496606826,-1.0066485789045,-1.01330713793211,-1.02212742260917,-1.02792118565621,-1.03726055936317,-1.04815693585787,-1.05421050772182,-1.05766995594601,-1.06216705362611,-1.06752868298482,-1.07228453227402,-1.08897440751381,-1.10895034889858,-1.12883959924372,-1.13644938098956,-1.14423228051268,-1.14492395871596,-1.14362676474511,-1.14328105779444,-1.16144124478237,-1.17916929808195,-1.19603255540098,-1.20909092184709,-1.21955490035151,-1.2226683773231,-1.22379245351666,-1.22630015041873,-1.23537997961075,-1.24800541946268,-1.24982117385952,-1.25198316381092,-1.25353990229672,-1.25163745686025,-1.24618940076388,-1.25838270692748,-1.27299728325548,-1.27593737814783,-1.27766670580701,-1.27930960672852,-1.27265078339896,-1.26322471865238,-1.27593684954394,-1.29176245740706,-1.28787113979648,-1.23719599830953,-1.15677261513669,-1.02403066095148
-0.829032602746542,-0.754335717613425,-0.663353900948831,-0.535200816492664,-0.422978584513846,-0.373062634740392,-0.0288729085110288,0.245664409499216,0.452850427398416,0.658532217933201,0.876958419954034,0.91235956297081,0.946433382902327,0.979179879748579,0.995287636505073,0.996349603171619,1.00528840868934,1.03086568380099,1.05883251916028,1.07998448233494,1.10060573267217,1.11857179584718,1.12485541420272,1.12928045564387,1.13450210733285,1.13892714877402,1.14211331926948,1.15105239528305,1.16300073751294,1.1747721754637,1.18300336386484,1.18866781724337,1.20017335778372,1.21185580260321,1.22460021408925,1.23955728154379,1.25628447377313,1.25885093829992,1.25902757208322,1.25867295203742,1.26424814178884,1.27079684606725,1.2846916763594,1.30000282286807,1.31292467962493,1.31381001250817,1.31097819156267,1.30708413345478,1.30779229156304,1.31292549111245,1.32310316757587,1.33505096881408,1.34752975338556,1.34885707647082,1.3449627478671,1.34133431667376,1.342219649557,1.34390159268807,1.35168997939968,1.36239890969221,1.37355010068259,1.37567376351984,1.37567322252816,1.37461098536578,1.37107073581617,1.37027412556835,1.37514169820321,1.381337134915,1.38824045923921,1.39788742286519,1.40169329932935,1.40257863221259,1.40249018007302,1.40496846295607,1.39664936340704,1.36381468491705,1.29832223221621,1.19512725789468,1.04405181499322,0.868814872204932,0.702959266128071,0.558698695411253,0.447273073680257,0.37124886546188,0.320625028076012,0.279648154316118,0.243627305330653,0.200437775602271,0.159726258261095,0.120431057136441,0.0840563995926886,0.0513988958776817,0.0259098024097658,0.00210238157707895,-0.020643343084912,-0.0453360968008449,-0.0739229086246618,-0.103217337565061,-0.132600489140861,-0.160478872360581,-0.185525164138958,-0.207650912336428,-0.228360885309058,-0.247920168979741,-0.268187610758664,-0.289251392289594,-0.310669252874644,-0.332706548932539,-0.355009201409146,-0.376161164583807,-0.396959319200174,-0.416341428095869,-0.433688055798041,-0.450503970662787,-0.468293400054504,-0.485994377306658,-0.503872258837956,-0.518740874152922,-0.534582733499021,-0.548389111651597,-0.56051381716895,-0.572461618407164,-0.591755275163284,-0.60874809430718,-0.627333863450892,-0.646716242842431,-0.660345987211701,-0.670789561085513,-0.681232864463487,-0.690171669981202,-0.698490769530252,-0.717961060069678,-0.735572773694731,-0.75530869114872,-0.775398687656829,-0.794072908940103,-0.806463511867863,-0.819031289570593,-0.828944150606967,-0.838591655224634,-0.850363093175381,-0.86142637301787,-0.873640071666474,-0.882578877184201,-0.891074881012395,-0.898508647678199,-0.906739024591824,-0.913022372451513,-0.926917202743676,-0.941166112089959,-0.955592466707068,-0.964974344410166,-0.975241014004828,-0.980816744747947,-0.985330508824508,-0.989313019071967,-1.00276504767458,-1.01542073652521,-1.0296696458715,-1.041174915916,-1.05267991546468,-1.05887508168064,-1.06498179575702,-1.07002654316686,-1.08206306704049,-1.0943654883245,-1.10241950195067,-1.11127012582466,-1.12003229755908,-1.12498886332519,-1.1295028978976,-1.14401770465428,-1.15862069305469,-1.17331213359467,-1.17933012503565,-1.18455150622879,-1.18313546050812,-1.1809233455313,-1.17800307244623,-1.19110183348223,-1.20499693427023,-1.20809438213029,-1.20933298258014,-1.21066003516956,-1.20402206726406,-1.19623368055245,-1.21136765228613,-1.23004160307357,-1.24437923505527,-1.25623858415391,-1.2679210289734,-1.26765567255468,-1.26402751185719,-1.26880690284832,-1.278896397668,-1.28978223223967,-1.25119464823158,-1.17950648832311,-1.06710681107346,-0.891427607587319
-0.700517959642714,-0.485106983126089,-0.244679538558291,-0.00215331951757239,0.212586459685952,0.476520178350461,0.653819411715248,0.77462132965675,0.872925052340678,0.940839136434075,0.931268673522783,0.938739592239464,0.953094388597766,0.965602109475563,0.989023201038647,1.01051383060488,1.02973788636992,1.04182636550092,1.04761903436096,1.05089343042739,1.06440923014432,1.08472500783874,1.1060480946506,1.11956389436752,1.12577606154824,1.13576627935412,1.14600793957851,1.15784446314321,1.17471778886902,1.19469719818519,1.20057299698768,1.20183200509753,1.20124445087467,1.20443469070306,1.20846444032063,1.21929391134178,1.23289361072285,1.24699696466264,1.2516981681672,1.25295768942485,1.25371381269767,1.2572401643304,1.26227747963931,1.27235159710933,1.28418837724792,1.29661271160938,1.30089390364546,1.30156535753245,1.30038999251284,1.30357997576734,1.30685385868598,1.31457724611676,1.32490280600529,1.33724298412871,1.33883784746901,1.33850173566467,1.33841732285274,1.33850096594298,1.33824875380277,1.34488016273029,1.35293889224373,1.36024226820604,1.36603468049218,1.36998053044561,1.37216346115656,1.37266737228918,1.37728441955571,1.38316073150598,1.38920484278454,1.39625651975443,1.40473526073635,1.40448381831784,1.40230140075468,1.39785215281643,1.36569985155732,1.29929673114008,1.1978869248658,1.0540834136819,0.871496192311377,0.69612870381292,0.539565772758817,0.411797103807144,0.318195097775572,0.257584389644476,0.210489224656412,0.17094913462307,0.135606336961662,0.102026715116642,0.0708817229749706,0.0383094102473903,0.00708051844158959,-0.0241481167903162,-0.0536138327797465,-0.080561019401671,-0.105745030207225,-0.129837832231205,-0.151999915684434,-0.173238846258253,-0.197164105527852,-0.218990846898426,-0.240565889276585,-0.263232397010224,-0.283715974032908,-0.302604687715291,-0.321829000054225,-0.340129646365953,-0.356499317533041,-0.37681458207966,-0.395450827047943,-0.414926581805386,-0.435325746016151,-0.453794191656154,-0.469828264166692,-0.487037445122945,-0.502735662403033,-0.51692317258085,-0.534972119900168,-0.552769111653182,-0.56972685019092,-0.585341424380773,-0.601543296219581,-0.614891040034338,-0.626979519165346,-0.638816042730037,-0.653003039760065,-0.666686382231372,-0.68120923449185,-0.696823552107797,-0.707400810988744,-0.716886604514217,-0.725868743480958,-0.734683083119435,-0.742657912968736,-0.760790759952195,-0.778839963845408,-0.797644777863651,-0.812084243607784,-0.826775664918216,-0.835506618040343,-0.84339780479941,-0.849274116749691,-0.862789659892718,-0.87588519156727,-0.890156088261438,-0.9044272415295,-0.918530595469282,-0.926841537122935,-0.935404434342891,-0.942708066879087,-0.949004133723953,-0.958826039053765,-0.971921827302213,-0.98568932601155,-0.997441949912112,-1.01095749305514,-1.02254231762743,-1.03219642362896,-1.04109491950547,-1.05536632934743,-1.06879848597412,-1.08029966745616,-1.09121329471534,-1.10061570172446,-1.10582055978775,-1.1111932171793,-1.11883244837206,-1.12831849847142,-1.13998747928174,-1.14342967467644,-1.14636795893853,-1.14745942429402,-1.1462840592744,-1.14300991978186,-1.15753251546845,-1.17155171317019,-1.18649432032525,-1.19774354624098,-1.209160571485,-1.21142740186009,-1.21293836553625,-1.21285446587211,-1.22091319538555,-1.2292236238914,-1.22779604673159,-1.22787994639572,-1.22888699893927,-1.22519310455215,-1.22166726606721,-1.23661012979616,-1.25020957260333,-1.25323175652956,-1.25617004079164,-1.25734540581126,-1.24911862039565,-1.24122769021048,-1.25440789127086,-1.22544608641405,-1.15719666023799,-1.0439508435468,-0.866400424337395
-0.618497134362276,-0.326776213047818,-0.023325526124682,0.27877499978347,0.538091798827926,0.69260154311428,0.784244334543484,0.827365408228121,0.838166954258398,0.837745270732226,0.863820529363899,0.909979271899445,0.950315428938466,0.97706538121201,0.998161421399502,1.01360380741137,1.01908904608695,1.02972166079634,1.04980540261063,1.06668254425312,1.07782143710433,1.09402311137371,1.11089999510579,1.11773487897553,1.12364154326686,1.13663661736446,1.14828178835749,1.16001155396617,1.17739548957131,1.19790168864299,1.20532821900144,1.20836640367316,1.20836640367316,1.21292290694951,1.2166355273527,1.22752089426738,1.24060056298063,1.25562126546633,1.26076915732098,1.26346999517176,1.26347025308218,1.26574889158598,1.26777426206366,1.27342791623929,1.28076907825084,1.28920739116167,1.29317327959097,1.29536706556872,1.29747651484121,1.30144266118093,1.30566207554676,1.31241288062167,1.32042951000634,1.32937461687982,1.33275014837248,1.33612567986514,1.33756043549577,1.34026101543616,1.34237072261907,1.3484465761417,1.35426916163822,1.3627920691647,1.36684255220965,1.36988047897097,1.37097737195983,1.37654668943024,1.38085018259088,1.38827593921808,1.39629231069233,1.40549042768151,1.40456220810311,1.40338097840901,1.40093392440516,1.38827619712849,1.34464858739162,1.26929206484745,1.15047686388729,0.988878193973852,0.801373196749608,0.626863789443799,0.475897992150157,0.358686478141513,0.278098242858285,0.225441705363536,0.1820676215632,0.145444600748196,0.111099960526569,0.0732111154018066,0.0368411047025011,0.00241186986522583,-0.0319332861772247,-0.0591056957081771,-0.0817210861419506,-0.102226769392814,-0.12104468689734,-0.138259175360772,-0.166527962059768,-0.192856230807145,-0.22045032386427,-0.2482974270371,-0.270153271302941,-0.284077080799765,-0.299013188669819,-0.312092857383062,-0.325679062148538,-0.348209857966663,-0.373440975814755,-0.397406527263513,-0.422468971701138,-0.44128688920567,-0.45782668402723,-0.470315995803839,-0.4843241420059,-0.495378698151882,-0.515631113376628,-0.533098611955759,-0.55411031543802,-0.573349916468719,-0.594361877861392,-0.609720185078436,-0.626175643194766,-0.639593174549774,-0.653685657457071,-0.667356198927784,-0.682208228003013,-0.696132037499831,-0.706258374067419,-0.714022251246794,-0.721026582258242,-0.727102435780872,-0.732249811814686,-0.747523524416081,-0.764822091674338,-0.78321755192145,-0.800684792590168,-0.817392745001367,-0.827856170479473,-0.837897912431401,-0.844480044095847,-0.853256219648445,-0.864732717231006,-0.877222029007614,-0.889036389231935,-0.898994052389043,-0.905407510643027,-0.911736632191774,-0.915112163684437,-0.918825041998041,-0.931651700595586,-0.947853890685799,-0.961355758746038,-0.971144490582267,-0.980173676250565,-0.98498344755303,-0.98759917496735,-0.991902410217582,-1.0097918502333,-1.02844083641694,-1.04506471003333,-1.05535972001137,-1.06607667142601,-1.06810204190369,-1.07012741238137,-1.07384054860539,-1.09257412940468,-1.10877631949489,-1.12784724711512,-1.13923915008204,-1.1496182388549,-1.1498712489706,-1.15240263967969,-1.14919603950791,-1.15949104948596,-1.16936437593783,-1.17341485898278,-1.17425874185595,-1.17932203909494,-1.17662197497539,-1.17468119911336,-1.18733918430043,-1.2025285601966,-1.21704272663006,-1.22632492241406,-1.23391935245172,-1.23459430400401,-1.23476297741448,-1.23299087496292,-1.24463604595594,-1.25678775300121,-1.259066391505,-1.26024813701992,-1.26235784420284,-1.25560729703834,-1.24961603813136,-1.26193641858708,-1.25932043326235,-1.22067204196966,-1.14447189446274,-1.03223908307744,-0.848953500219031
-0.699365144329864,-0.591265594487527,-0.4643404130141,-0.328296731273182,-0.21137265958021,0.134472719966843,0.415385054807602,0.652910400699685,0.868595262909016,1.04876155390314,1.06641059760442,1.08413291115577,1.09619276887072,1.09788381903001,1.10736979231855,1.12788647410894,1.14207902387087,1.14987394700012,1.15752165616682,1.16340437106172,1.168772398973,1.18252375635551,1.20120194926991,1.20701139431474,1.20774701461928,1.20826192635705,1.20995342602463,1.21282151362201,1.22216072245627,1.23260279986199,1.23885321253209,1.23907347159059,1.23752896113144,1.24083801635409,1.24583857124432,1.25304531278574,1.26378204287073,1.27459226755993,1.27694566817369,1.27657797039849,1.27569536088553,1.2757686307356,1.27620959836087,1.28084223072175,1.28687238433336,1.29290276269912,1.29540315252131,1.29613877282585,1.29680089852617,1.29863938740217,1.30040415691981,1.3048165302222,1.31106716764645,1.31540582159049,1.3169501072955,1.31812669522531,1.31871487681315,1.31967075617618,1.32268560822784,1.32724474598451,1.33231879547895,1.33592205387259,1.33702514719819,1.33717213640661,1.33606904308101,1.33592182911845,1.33834849958228,1.34195175797592,1.34606992810733,1.35129119156433,1.35452697693691,1.35482140486204,1.35511560803303,1.35614520675442,1.32908345961465,1.2644443933252,1.15972739330973,1.01103544751189,0.813441270891547,0.622906846604196,0.458919032964698,0.327067015959393,0.230733345415158,0.174624373051215,0.132560736486641,0.0960125665500438,0.0619645616814999,0.0304904412393487,0.00173741918615852,-0.0263534771667051,-0.0500322249713188,-0.0714312915205211,-0.0912862971188627,-0.111435730642331,-0.129746900043946,-0.154676179890864,-0.179458245775209,-0.204387300867987,-0.228139543276815,-0.250494489189051,-0.268216802740414,-0.285130226137152,-0.301014050812508,-0.316971370092079,-0.334546694435004,-0.35168082639853,-0.368888677720399,-0.381316682718824,-0.393156506129415,-0.403819516856052,-0.414335313620125,-0.424850885630059,-0.44477916107847,-0.464339738751675,-0.484415228162649,-0.504785145498754,-0.523243304108788,-0.536333210053399,-0.54986453313156,-0.56221904352577,-0.574279125994859,-0.588471675756781,-0.6029584286897,-0.616488852751296,-0.625313149847796,-0.63332855678968,-0.64016737580177,-0.645976596092457,-0.652006524949927,-0.667890349625288,-0.684141872075845,-0.700319899922187,-0.713188872545886,-0.726352048340562,-0.734220466074028,-0.742162603165849,-0.75003124565346,-0.765841800478747,-0.780181788957378,-0.794668991398572,-0.805699699900413,-0.819083359507726,-0.832173040698192,-0.849821859645336,-0.87070623921092,-0.901591953311094,-0.930933606460401,-0.956598281857725,-0.973291221441831,-0.986748600407498,-0.991601941335162,-0.995499402899789,-0.998367265743033,-1.01130995772508,-1.02366424336515,-1.03896011120681,-1.0466078203735,-1.05381456191493,-1.05572654539513,-1.05719733649594,-1.05572654539513,-1.06800733643099,-1.08102329826311,-1.09418647405779,-1.10521695780549,-1.11654164472417,-1.12088029866821,-1.12499824404547,-1.12793937673878,-1.13632248145587,-1.14433788839777,-1.1452937677608,-1.14661756965317,-1.14816230486646,-1.14551537534414,-1.14522162168143,-1.15941462095164,-1.17235731293369,-1.17860772560379,-1.18456393510291,-1.18882864493445,-1.18522493703253,-1.18162145388475,-1.19243145381981,-1.20588860803134,-1.21390423972737,-1.2208167780978,-1.22831727330194,-1.2280228453768,-1.22559617491297,-1.23368530121322,-1.24471600971506,-1.25015820649297,-1.25427682613266,-1.25802752324301,-1.25655695689635,-1.21772933045849,-1.15426662734471,-1.06263908376557,-0.923800809031481
-0.862716497480492,-0.638354831554101,-0.400494410159193,-0.129284027141593,0.143161629523654,0.486100397472197,0.707109216305207,0.872005709469998,0.953968448477065,0.961908607356914,0.893973680115375,0.88179837434403,0.892120634818146,0.925558772490357,0.973819115328217,1.0024930498119,1.01219807793949,1.01572754678342,1.01713917253008,1.02631460505757,1.04704757170683,1.07060378984941,1.08233740641864,1.08939526550039,1.09698272018223,1.10792302195745,1.12080454507942,1.139156219089,1.1586547210452,1.16835974917277,1.17444740205845,1.18415216053451,1.19526854475722,1.20559107488286,1.22067807784855,1.23532393091519,1.23735332831143,1.2350596724182,1.23400102052109,1.2341773726201,1.23470669856865,1.24432355064673,1.25588135442002,1.26435110889995,1.26955673163905,1.27361552643154,1.28164440066395,1.29073192679347,1.30149587646969,1.31384780399157,1.32664061176098,1.32716993770953,1.32452303831523,1.32064086527328,1.31958194372464,1.32037579782172,1.32805115890153,1.33793226947659,1.34799000180219,1.35098933574298,1.35160656808952,1.35098879643993,1.35240015253506,1.35619361022444,1.36351653675777,1.37269223893679,1.38125043911775,1.38283895626648,1.38160422192189,1.38142786982288,1.38292794127057,1.38681011431251,1.39642669673906,1.40630780731412,1.39236790194657,1.33819652797357,1.24308773769603,1.10501267302075,0.929176687035312,0.75316407929934,0.60044316155742,0.476395908647674,0.383492598213851,0.315116251421734,0.260326836147618,0.212066493309753,0.166982375814739,0.125515903213171,0.0902252595467784,0.0589931410213462,0.0276725767948687,-0.0024127137839494,-0.0310866482676427,-0.0577314550066184,-0.0856115353932417,-0.105992337147536,-0.125755636903769,-0.145783734460051,-0.1657233863153,-0.184162966722852,-0.21230730560646,-0.239304546891928,-0.265331042678265,-0.289857736668438,-0.313766928660557,-0.332206239416583,-0.350204400273564,-0.368555534980089,-0.387877145534218,-0.407022403989339,-0.426167662444466,-0.446636640248268,-0.462606212663583,-0.476987807233238,-0.491281225753385,-0.505133494374487,-0.515721091951692,-0.533984050608716,-0.553305661162846,-0.571391998069328,-0.582508382292034,-0.596006868109008,-0.603947296640389,-0.611534751322226,-0.620269033950671,-0.641619772249512,-0.661911858651247,-0.683527394750131,-0.704966578750012,-0.724464811054683,-0.739110394469797,-0.752873678086801,-0.765578309806705,-0.776871046128427,-0.789487232147292,-0.800603616370004,-0.812955274240364,-0.824953958261174,-0.837217709733552,-0.849922611104976,-0.861127710680242,-0.871009360558365,-0.882478988282147,-0.894213144154441,-0.899242145143006,-0.906388719577317,-0.913623470061136,-0.919270242699282,-0.924564041487891,-0.93973922050309,-0.954208451819189,-0.969119102685872,-0.976883179118237,-0.983853131802007,-0.987205709243874,-0.989852608638184,-0.990999166933272,-1.00723272819405,-1.02514271300153,-1.0413762742623,-1.05434516447918,-1.06863777404475,-1.07348988363126,-1.07675401537209,-1.08063591876251,-1.09139986843873,-1.10066401631879,-1.10392895701421,-1.10684092386008,-1.1093999168564,-1.10640031326408,-1.10560618951549,-1.11963427093254,-1.1329564046505,-1.13754398608848,-1.14557259066937,-1.15007226570938,-1.14654306651697,-1.14707239246553,-1.16436514492647,-1.17821687424451,-1.18668662872445,-1.20053835804249,-1.21262575741586,-1.22091915979679,-1.23441818491681,-1.26635652079287,-1.29255990798126,-1.30888164529155,-1.32070370756182,-1.32802609479209,-1.32555554749679,-1.32229114610443,-1.33728970336909,-1.35220008458425,-1.36164031491179,-1.32573162994428,-1.25629663125505,-1.1415129869223,-0.965058689984217
-0.748317128619521,-0.503613363876442,-0.243139224350961,0.0260962642509177,0.274654926188398,0.547482356368899,0.711143842986949,0.830823458996193,0.913004586646626,0.944983417054036,0.910639057206822,0.909324814679028,0.910902012822613,0.917035144618991,0.94235546754959,0.972494411973198,0.997376654061197,1.01735244426721,1.03198370174863,1.03899272745464,1.04950639990144,1.06843090319544,1.08560308311904,1.10076025183204,1.11775730652883,1.13650668459603,1.1424646911656,1.14745897343657,1.15043797672136,1.15499391037416,1.15779752065656,1.16760988886939,1.17917431267704,1.19240349724169,1.19949981778552,1.20405521588716,1.21413053971578,1.22420613131998,1.23410659769737,1.24786222904474,1.26301993330889,1.26608676698266,1.26713858944581,1.26600000769598,1.27003029789278,1.2750240446126,1.28553744928382,1.29666379224886,1.30875385951251,1.30857819873455,1.30682560758858,1.30445981037321,1.3070882954288,1.3102424239404,1.31952968424838,1.32925502539896,1.34046973430414,1.34257257590372,1.34353656797791,1.34362413059131,1.34371169320472,1.34458785488992,1.34914352076713,1.35527611701236,1.36193435671359,1.36859286419041,1.3703451875608,1.37201021609337,1.37139754557512,1.37551620171205,1.3810363952146,1.38979801206657,1.39952308544157,1.40661940598541,1.37893328583943,1.31296007826285,1.20756093373026,1.06019519757503,0.878134851118979,0.705974703264747,0.557996028815692,0.438491805808843,0.350791287982578,0.290951747753537,0.24258960426989,0.198608001436652,0.158568858411235,0.120544726596423,0.0864630545894198,0.0547466442466518,0.0249576825010814,-0.00500667224687262,-0.0328681853952335,-0.0593278934023983,-0.0847357789463989,-0.104799131765814,-0.122409124756444,-0.139143223837453,-0.156315135985483,-0.173312190682284,-0.199245987457866,-0.226581589374651,-0.253916923515855,-0.280376363747446,-0.300527546955837,-0.315246367050661,-0.3283879890019,-0.341442316115305,-0.35379560677032,-0.377100382939159,-0.400580819885955,-0.423886131605949,-0.445614245182352,-0.463399898950945,-0.475578599930306,-0.487318952291491,-0.498621491585657,-0.511763649088045,-0.532966119208446,-0.553730240710672,-0.57396871875689,-0.593418329955741,-0.610590242103777,-0.623731864055009,-0.63652323555263,-0.648964088821052,-0.663069702846467,-0.679103033244666,-0.694172907119838,-0.710031112291222,-0.719581328214987,-0.727642176384149,-0.734476076863344,-0.741046753951173,-0.746478581513591,-0.765052298802828,-0.784414615163853,-0.803777199300451,-0.819197591404822,-0.834267465279993,-0.842240750835748,-0.848811963474732,-0.855295345724734,-0.87010172843296,-0.885258629370384,-0.901291424217422,-0.916711280770637,-0.930378813953458,-0.938964770027467,-0.947375600874672,-0.953683857897871,-0.962970582654691,-0.97479822985371,-0.986625877052722,-0.995912601809554,-1.00467368311038,-1.01115706536038,-1.01536248078399,-1.02018137005257,-1.02920567474476,-1.04182218879114,-1.05461382806433,-1.05925759210612,-1.06372596314551,-1.0657412421317,-1.06512803606229,-1.06311302485168,-1.0796717309303,-1.09579235616632,-1.11322695615457,-1.12461625473541,-1.13705710800383,-1.13924751221682,-1.1410001033628,-1.14126359452974,-1.15361768851148,-1.16667255117604,-1.17201735167621,-1.18139190682202,-1.19479648438905,-1.20530988906027,-1.21845151101151,-1.25113084232615,-1.28100683113397,-1.30063210311079,-1.31465015452279,-1.32376202182839,-1.32104597415939,-1.31657787089557,-1.32481384429155,-1.33760548356474,-1.34917071069912,-1.35714399625488,-1.36537970187528,-1.36651855140069,-1.36494162103268,-1.35311370605809,-1.30326139149311,-1.2253729741041,-1.10656898422891
-0.83796897566967,-0.766874573183291,-0.670597679844239,-0.535090836100731,-0.409605887035857,-0.374230289992085,-0.0389756345516886,0.229724864978058,0.439837256169799,0.644896028039763,0.876850453052174,0.924560609149256,0.958908413535696,0.981093132172579,0.988031125296584,0.988030863505282,0.995567835131576,1.02194906836276,1.05389807903569,1.07034354692706,1.07788130392727,1.08439153006144,1.0917583373405,1.10246560165156,1.12139573080397,1.14092510024997,1.15009015199242,1.15600035245909,1.16439442881288,1.17612922398999,1.1884637830433,1.20542367084595,1.22281184922104,1.22949328686767,1.22992157744011,1.23446130043322,1.24002881608368,1.24559633173412,1.25707404785125,1.27112176919432,1.27506199010253,1.27609004455117,1.27651833512362,1.28011587121562,1.2839702245763,1.29424893652362,1.30538422961583,1.3160914939269,1.31926100123776,1.32071734625885,1.31891857821284,1.31943221275021,1.32105924570114,1.32619820898786,1.33270764974812,1.34144441091812,1.34581318419008,1.3479548988436,1.34983953443713,1.35318051505174,1.35532196791396,1.36063240450442,1.36739892432467,1.37442252320491,1.3770773488132,1.38024633254145,1.38084557283504,1.38298676390595,1.38572745706176,1.39069547062732,1.39583469570532,1.40285855637686,1.40628461916509,1.40859728353977,1.40037441869843,1.36585566459085,1.29553276107574,1.18777867520217,1.03865292427063,0.866057321193581,0.698857760463209,0.554614155549691,0.439150839372154,0.359748489870828,0.306128656889684,0.265956781375417,0.230153155550496,0.197261696185157,0.159059538438034,0.121970779104491,0.0847105464671843,0.0499341897169979,0.0178131821577121,-0.00908273277604369,-0.034265747211331,-0.0574785202968656,-0.0812051897110633,-0.106473548111274,-0.130714113854146,-0.154868812049486,-0.173541600350598,-0.190072935789501,-0.205234055546155,-0.220309307755265,-0.23427089975951,-0.257397805297512,-0.282409084637734,-0.306392309529317,-0.33029019045597,-0.354016859870168,-0.373460623559943,-0.391020013447491,-0.40857940333504,-0.426310004735039,-0.444811581523701,-0.462627788679931,-0.481300576981043,-0.494405849631701,-0.50639746207749,-0.51736128186594,-0.528325101654396,-0.537233074336851,-0.55770463068397,-0.578262054578615,-0.599076295741947,-0.615522287215916,-0.633595835223436,-0.644816734071869,-0.655181051775425,-0.665288552210295,-0.682847942097844,-0.698694169695617,-0.715482584194503,-0.7332129238032,-0.74965839169457,-0.762506585285247,-0.775954542752124,-0.788117890292978,-0.799082495455334,-0.811417316299945,-0.823580402049491,-0.833687640693059,-0.842252928559312,-0.852016958804046,-0.861010275451442,-0.868033874331677,-0.879425722901263,-0.893729999721722,-0.906921139919913,-0.911975282824307,-0.918656720470932,-0.922169174389307,-0.924310889042829,-0.926024051332593,-0.943240494612627,-0.960628411196413,-0.978444618352643,-0.993177447536847,-1.01185049762927,-1.02461334725503,-1.03943178219545,-1.05656261971926,-1.08165924302441,-1.10307272448133,-1.11412215002601,-1.12200233005112,-1.12645644728801,-1.12568573369065,-1.12380162167973,-1.13844884510771,-1.15352435910813,-1.1696279275572,-1.18333296408406,-1.19755163514829,-1.20363304712742,-1.20928616853409,-1.21408244700458,-1.22358992177195,-1.23378302796304,-1.24012151900215,-1.2456890346526,-1.25057144246193,-1.25219899899548,-1.25279823928907,-1.2604213402542,-1.2676161506469,-1.27249829666492,-1.27746604843916,-1.28260553530848,-1.28371919551336,-1.28697430858044,-1.29725302052776,-1.30230663984955,-1.30521854451781,-1.30744534134495,-1.3082160549423,-1.26204784962253,-1.1934381083972,-1.09407836066872,-0.938357301429393
-0.685760995598029,-0.464878597461499,-0.22256185676568,0.0318906389402313,0.277596084744244,0.537643917839906,0.700371126720132,0.821490479994303,0.907227368539221,0.93803905533361,0.903759665899003,0.901079770963753,0.90565006720634,0.915421435716987,0.943711463486296,0.980197244356316,1.00305041149219,1.01376782361797,1.02212133093657,1.02968654885795,1.0419798172398,1.06309889220943,1.08571506674925,1.09501341345232,1.09911116957962,1.10762170857772,1.11833863901123,1.12976510215609,1.14867802653646,1.16869378536531,1.17562846810735,1.17688929761988,1.17956822917059,1.18539911407959,1.19335787458424,1.20777853686949,1.2243270747504,1.23866946204203,1.24221592136814,1.24111308691963,1.24048279258643,1.24473806208548,1.25088445543027,1.26231043688287,1.27610032314265,1.28831435314636,1.28981145271654,1.28689552856978,1.28508316140992,1.28784157218492,1.29052122627403,1.29958378461172,1.31124699950651,1.32157038735674,1.32220092253608,1.32251619012575,1.32117660392732,1.32070382296588,1.32338299536273,1.33031743725863,1.33811868439151,1.34678673676139,1.35364218112527,1.35450898636226,1.35490301063781,1.35387869202906,1.35632159436825,1.35986781284822,1.36790557088488,1.37665262078678,1.38658150266918,1.38799984555349,1.38776333464971,1.38130143286912,1.34930767324807,1.28421707871134,1.18476857890025,1.04520980474557,0.871450879534432,0.703050299116973,0.553168137112054,0.431733757094355,0.342529406755345,0.283269937973738,0.23890415328495,0.201236781280552,0.167273141127883,0.135988914218193,0.10738385970534,0.0757843652059781,0.0458394836485764,0.0164461397384894,-0.0124746640562911,-0.0394253464733172,-0.0635391022755968,-0.0867070553088652,-0.108535422143713,-0.129733253799227,-0.152112917435262,-0.174019800109863,-0.196163193688245,-0.216651733478539,-0.235406421948721,-0.253373302713936,-0.27055213492805,-0.286469896783491,-0.304909317664006,-0.324609808903189,-0.342812959726057,-0.361173623920697,-0.379455772275573,-0.396240580214134,-0.412552366345128,-0.429809955245123,-0.446200979754268,-0.462828274321057,-0.479219298830192,-0.49482251563437,-0.510031467316857,-0.51956656576985,-0.527998588928209,-0.535248539259904,-0.542577246277484,-0.548960632218335,-0.567873556598689,-0.587653045369896,-0.608535850281876,-0.630600487174377,-0.650379735099451,-0.661884714084066,-0.673153423011034,-0.683633842540762,-0.691592843891549,-0.704752676664263,-0.719803633282717,-0.733672517074507,-0.741552761739413,-0.750142057423401,-0.755815669806756,-0.760543720267243,-0.765744792535308,-0.782844627217403,-0.800023459431506,-0.817517559235286,-0.832490240860125,-0.851481681080226,-0.869843067813259,-0.892144456455684,-0.919016382186819,-0.956289970761812,-0.990253851760614,-1.01917417386313,-1.03966247280729,-1.05321632985555,-1.05873242886714,-1.06306645505208,-1.06582462498094,-1.07733008565783,-1.09253903734031,-1.10703869715758,-1.11420964995726,-1.12208965377603,-1.12476858532674,-1.12555639303171,-1.1262654440508,-1.14226244428439,-1.15818068783209,-1.17575402601402,-1.18678670572948,-1.19829216640636,-1.20097157964935,-1.20309921439887,-1.20317773023862,-1.21562803029998,-1.22799957367545,-1.23406696948822,-1.23816448476937,-1.24257726764019,-1.24005584946125,-1.23737691791054,-1.24896113527331,-1.26472186544925,-1.27874898515121,-1.28946615643087,-1.29955279253117,-1.30183794065247,-1.30191669733835,-1.3053839182863,-1.31578558113015,-1.32689653583922,-1.33217636479316,-1.33800773139442,-1.34139619565648,-1.34139643650261,-1.34021460452209,-1.35053775152619,-1.31539203854687,-1.25164103020856,-1.14573062861687,-0.974887145860227
-0.893673244736315,-0.737900672859399,-0.544395662355005,-0.366501408955077,-0.246541600352953,0.0869578529101558,0.331134485433318,0.519964305724707,0.707041057256363,0.896288287021043,0.928510971629225,0.969415314029244,0.989867612799388,0.988114544039644,0.989283086452625,1.00289022705727,1.02584723780738,1.05698506600945,1.0854515756386,1.09371607909742,1.09288151529112,1.10006090720355,1.11082986750208,1.12176568953381,1.13938006313809,1.15866381949525,1.16325506856111,1.16434018010749,1.16934883864664,1.17552603959878,1.18128583107762,1.1939747218691,1.20833299541345,1.21484417497226,1.21818319561827,1.21943516889786,1.22235652493032,1.22552868384312,1.23270807575555,1.24105626522124,1.25174204979343,1.25625037827322,1.259005382853,1.2657671101519,1.27319653952388,1.28020855942258,1.29089357857397,1.30358221422518,1.30733889948474,1.30959306372464,1.31092897815136,1.31610500870425,1.32119760839053,1.33054722339573,1.34039742360055,1.3506647781384,1.35191649627771,1.34999580036397,1.34732422665079,1.34882700281072,1.34966207689755,1.35550580952353,1.36360370638941,1.37286989052801,1.37362102346771,1.37453927328088,1.37412186380759,1.37721033671352,1.38096702197309,1.38931495629851,1.39757920461707,1.40659484101558,1.40692881962227,1.39532504037717,1.35325164528364,1.28029122486839,1.1695981106854,1.02234110028791,0.852461312887252,0.696355272684184,0.555275208098564,0.440824898375479,0.358931507007519,0.300746259329363,0.253079679349927,0.213510741096098,0.177531626368631,0.143806420740789,0.114171623838922,0.082115800963953,0.0520633394485312,0.023680515826252,-0.000528213063182197,-0.0252377822925031,-0.0465249000092125,-0.0673111773860352,-0.0875134386966278,-0.114060272973089,-0.139521995703181,-0.165317441899678,-0.189776973669459,-0.214570228905655,-0.235106213682658,-0.254807379513095,-0.27384058813018,-0.293875732567295,-0.311823829637994,-0.330189081041716,-0.34721841801871,-0.361242712956373,-0.373764486874381,-0.386787101132271,-0.398891465576994,-0.414001382341569,-0.434119957645297,-0.455490506228613,-0.477195033418603,-0.492638673649593,-0.505410740167411,-0.516095759318794,-0.525194826583916,-0.532958234562586,-0.55341053333273,-0.575449294269667,-0.596152651060416,-0.614267865004591,-0.633802424242089,-0.645823868100732,-0.655590892579212,-0.666109049997399,-0.682554626048427,-0.697163447332852,-0.713191358770336,-0.728050982935103,-0.741240969206726,-0.751091424551825,-0.761776698843471,-0.770792335241998,-0.783814694359624,-0.798840669977066,-0.813783469868165,-0.822632244533478,-0.832566130745166,-0.839912384390814,-0.846173271349818,-0.852100179702137,-0.869797729032764,-0.886159874217191,-0.904274833021103,-0.918883654305528,-0.936831496235964,-0.952525429066764,-0.973144589570115,-0.99526652623339,-1.02790687545512,-1.05820988471062,-1.08375452802677,-1.10270430577725,-1.11722969619507,-1.12415854036744,-1.12966829438673,-1.13551202701271,-1.14544616836467,-1.15646542126301,-1.15997155878249,-1.16272630822201,-1.16606532886802,-1.16623219060122,-1.16681671694799,-1.18234404318584,-1.19929045957677,-1.20646985148921,-1.21473435494803,-1.22132896537344,-1.21999305094672,-1.21715461550033,-1.23184686765136,-1.24562086998921,-1.25104719314192,-1.25522128787476,-1.25997965381409,-1.25563869734804,-1.25138142688886,-1.26540597696679,-1.28160100527775,-1.28819612598369,-1.29470781582303,-1.3009689579223,-1.29737964467648,-1.29278865075088,-1.306562908229,-1.32183968672679,-1.32935280210564,-1.33661536974442,-1.34346027276965,-1.3259290748917,-1.18292882467287,-0.970974876757882,-0.681051339607971,-0.29070255309344
0.168766262377082,0.490548896459671,0.738306182594011,0.911003812401323,0.970465613750334,0.933840772495266,0.932462221424615,0.934961470776808,0.941597163492495,0.968484440431,0.999163391273406,1.02518861287101,1.0449229112125,1.06198570716395,1.06793159757661,1.07792780483385,1.09473195784463,1.11205313335287,1.12541011853549,1.14186950208669,1.15867391848133,1.16229333934737,1.1642755662021,1.16298314165039,1.16668921580306,1.16987774069058,1.18375227513836,1.19702339718588,1.21503437499716,1.221669804329,1.22718532553084,1.22563425803847,1.23020186076434,1.23218382423522,1.24062896400009,1.24855681788365,1.26139678056881,1.26424027261288,1.26570521358632,1.26536044412673,1.26889373847383,1.2718236204207,1.28078578268301,1.29276421679498,1.30672487776168,1.31439461547228,1.3187035752575,1.32430522297827,1.33085452579118,1.33757608164196,1.34731390934238,1.36127457030909,1.36859953856011,1.36877205498183,1.36584243641881,1.36299894437472,1.35722530699993,1.35722557038378,1.36093138115261,1.36636051245167,1.36989354341492,1.37480538883267,1.37592556034652,1.37704573186037,1.3763561929412,1.38256098967837,1.38678355956079,1.39428078084968,1.39755543225613,1.37988922390445,1.31680800168939,1.21787760365738,1.07560054513566,0.89997303338149,0.727361793476952,0.583361151041156,0.465041224127222,0.379123568585938,0.321730383994452,0.273040718724626,0.227280935401667,0.18574345857729,0.146101818704867,0.109907346660614,0.0796592917967248,0.0506177983494662,0.0225244867620387,-0.0045347798304807,-0.0315943098068426,-0.0607219297730325,-0.0879534494034146,-0.115012715995934,-0.137246000305778,-0.16094396220521,-0.181970685098429,-0.20351469387295,-0.221784051241018,-0.246775227843715,-0.267716350985693,-0.290898080539222,-0.311839467065055,-0.333987151623664,-0.351998392818786,-0.372594746501179,-0.388709887360493,-0.40654808536619,-0.426195993804909,-0.446360924741082,-0.463251467654651,-0.482727123055501,-0.500134951850378,-0.516164229574604,-0.529694257946636,-0.545378239443579,-0.561579506821825,-0.579417968211376,-0.595877351762579,-0.614835984665976,-0.627590347599894,-0.63956904509571,-0.648876240201463,-0.658442078247871,-0.667146124337234,-0.685760251164893,-0.702133771581002,-0.720575381986938,-0.738155200435835,-0.749702738569286,-0.756510420938992,-0.763576482865504,-0.770642808175865,-0.779001821421793,-0.797615684865598,-0.814592354298104,-0.833982146563872,-0.845874454156902,-0.857594245328221,-0.863109503146219,-0.870520861300013,-0.874743694566292,-0.892151523361169,-0.907836031625809,-0.926364295318379,-0.941359001279994,-0.957646395177177,-0.964540467449669,-0.974364421669028,-0.980396438600632,-0.991082184777031,-1.00168154105065,-1.0162450876499,-1.02658606436671,-1.03787522294335,-1.04485542173478,-1.05347334130521,-1.05890299937197,-1.06795207830477,-1.07950014320591,-1.09544329441121,-1.10440572005737,-1.11569461525016,-1.12431174466904,-1.13172231267129,-1.13577183936431,-1.14955972052544,-1.16265832615126,-1.1761019646205,-1.17782581191844,-1.18032532465448,-1.17687842021016,-1.17196631140855,-1.16800212108293,-1.18437564149904,-1.1999737598609,-1.21548575170383,-1.22841263105947,-1.23970205301996,-1.24194265943151,-1.24211491246937,-1.24504479441624,-1.25443785265707,-1.26641628676904,-1.2677089747046,-1.27219018752769,-1.27305197948473,-1.27081137307319,-1.26512359883347,-1.27882561685953,-1.29054540803084,-1.29390592257238,-1.29640490854073,-1.25848711596624,-1.1744647706092,-1.05666160280888,-0.902664753115851,-0.702907856716014,-0.543912508318603,-0.418525992710461,-0.321663684668269,-0.262287746454341
-0.326188388100844,-0.326024161772485,-0.274505986474708,-0.204283560649057,-0.117982249004349,0.191290778383469,0.416477669105314,0.593181688241048,0.771116025839787,0.925834276607047,0.933053214692815,0.945850582671284,0.959796532039386,0.958647950649732,0.967671623256947,0.992938408011584,1.02443977579069,1.04576888957294,1.05676152302996,1.06537525663431,1.07325059857909,1.08588424168363,1.10524464534329,1.12780457904298,1.13887945102779,1.1440476911904,1.15028227421488,1.15897799561981,1.16619693370558,1.17891256461069,1.19433529729795,1.2010623085803,1.20212890216938,1.20450805274926,1.21320352342697,1.22263763649147,1.23723973899138,1.25512310860466,1.27144795782544,1.27415531033482,1.27349890647582,1.27087379249422,1.27308871674573,1.27727235111984,1.28818274604906,1.30056992429746,1.31369549420542,1.31435189806442,1.31221921234069,1.30934813495738,1.31123510800662,1.31410643611715,1.32403272671229,1.33518958649768,1.34741278914491,1.34954547486864,1.35094001966001,1.35069380553108,1.34987317534371,1.34979118754314,1.35504166623354,1.36053810832566,1.36685492987793,1.37374616748863,1.37784781406216,1.38055491584432,1.38162125870619,1.38662527254044,1.39146506004633,1.39761765527024,1.40475460555544,1.41304013723029,1.41246597189908,1.40057097118134,1.35758454168735,1.27842043105505,1.15963339656994,1.00376631368581,0.824929358099134,0.660858982067929,0.521153274257863,0.410651771447597,0.332472266603817,0.279805760643598,0.235342547830447,0.193914388001743,0.156260174271506,0.121149086722294,0.0875147824922344,0.0558494391119818,0.0270554238422573,-0.00223101968534036,-0.0297949672192819,-0.0503042029958158,-0.0703215119689223,-0.089518190754659,-0.106581682362229,-0.123480947641438,-0.149896063058508,-0.17581875021771,-0.201167522772916,-0.226680521656482,-0.246451115046209,-0.261053468273332,-0.275737809301035,-0.290421899601504,-0.304203622641257,-0.329223942539732,-0.3553108560273,-0.379921236922927,-0.404531868545767,-0.423974260006002,-0.436607903110541,-0.44760078729477,-0.458593671479009,-0.469094127405381,-0.489685100255261,-0.510112097504003,-0.531851651743543,-0.553919157185367,-0.574099940305176,-0.588702042805082,-0.602975943375486,-0.615116907494934,-0.627750299872256,-0.643993412019678,-0.659908572964805,-0.677218278701314,-0.689359744275203,-0.699450261198716,-0.706833425612854,-0.714298577827556,-0.719877007720247,-0.736940499327811,-0.754824370395538,-0.773200418993905,-0.791658455392846,-0.808065543141406,-0.817663631807057,-0.8269335185432,-0.835793215549267,-0.845145090085984,-0.859418990656377,-0.874513270686927,-0.889361336588544,-0.900682171975068,-0.91282338682174,-0.923980246607116,-0.936613638984438,-0.952774763331286,-0.978451737815995,-1.00265217970877,-1.02488391147895,-1.03891235010208,-1.04785453636316,-1.05023393767025,-1.05121854345876,-1.05212091071949,-1.06524622990023,-1.08116063866371,-1.09715703522776,-1.10937998714778,-1.12135697566609,-1.12685341775821,-1.13013518632602,-1.13276055103484,-1.14449182687865,-1.15614086419468,-1.16204724528965,-1.16688678206832,-1.17197278370315,-1.17131612911692,-1.17024953552784,-1.18132415678543,-1.19502414275182,-1.20880586579157,-1.21692742186529,-1.22537692914128,-1.22521295354014,-1.22422859847885,-1.22291629221527,-1.2345653295313,-1.24506603618489,-1.24900370715728,-1.25146484553772,-1.25376175758981,-1.24933190908678,-1.24678878290576,-1.26204753999189,-1.27861860334159,-1.2864119574858,-1.29231833858077,-1.29683017488437,-1.29051310260489,-1.28370410352198,-1.28124296514153,-1.23727218058624,-1.16401470177614,-1.05236486830345,-0.866883139962214
-0.760218972385701,-0.593524660645182,-0.390873540936873,-0.206026243934757,-0.0955367007560164,0.19849097989705,0.419644247422356,0.576825546652848,0.737846833772922,0.90358088180112,0.929850496091082,0.946869303212457,0.966244490787904,0.968077260778825,0.973575304011678,0.990331639051695,1.02236096843612,1.04566283437518,1.05744473664547,1.06416498219217,1.07350354679446,1.08615822208328,1.1055331429188,1.12953360070857,1.14358465947906,1.15030463828583,1.15239934687828,1.15641404941553,1.15999236544352,1.1699417644628,1.17945477697282,1.19289526806622,1.20022634802992,1.2057246580027,1.21357961516946,1.22344179023487,1.23033621694939,1.24037283992255,1.25119501196037,1.25346390172065,1.25372557358224,1.25564583426696,1.26070775773047,1.26559496654632,1.27545714161174,1.28750124922347,1.2964034273165,1.29814924009347,1.29963338100885,1.30609195469394,1.31272497628677,1.32040521880587,1.3327107315393,1.3453651400882,1.34667376613615,1.34431685220225,1.34326883105623,1.34405384664104,1.34649718430905,1.35452632264362,1.3648248842183,1.37320371858811,1.37477508345736,1.37198284997387,1.36910339253653,1.36971449369344,1.37381642018456,1.38010027922199,1.39004941150136,1.39921272797615,1.40139439378255,1.39755413915304,1.39659387544072,1.38638280455983,1.35051348728581,1.28313791761067,1.18347081320967,1.04060277809111,0.871028475433402,0.710181369481141,0.572025561790858,0.457870211890338,0.378973878326669,0.324514655801964,0.280615666713536,0.240993318763885,0.206956771480808,0.16969080398521,0.136613720194681,0.103623860358029,0.0724667705122931,0.0405238648619796,0.0124212138411718,-0.0158556183474434,-0.0423869044990144,-0.0686565187889642,-0.0933550349496076,-0.117704388554857,-0.140657625418363,-0.163872800883391,-0.187000752394553,-0.209430378794927,-0.230638069621377,-0.252369370910952,-0.274100405460609,-0.294173117927082,-0.314246097133467,-0.336501275626104,-0.358669230164875,-0.378568294943365,-0.399252908786521,-0.420111970537414,-0.438527161140458,-0.455196538966521,-0.473087585626591,-0.491153080194398,-0.508869412206817,-0.52580019515456,-0.543778732508426,-0.561757536602204,-0.578950791631329,-0.595271273641918,-0.612290080763299,-0.6294830690525,-0.646239404092517,-0.662210456807799,-0.67826873347694,-0.69485062060922,-0.709774452398227,-0.724000225816372,-0.738051284586848,-0.752189834051127,-0.757775367977764,-0.763273677950535,-0.767550052349394,-0.772350037211384,-0.776015310453309,-0.794691906178044,-0.81354294981051,-0.824714017663796,-0.834488968775351,-0.845136692905424,-0.846707791034748,-0.84854056102567,-0.867391604658142,-0.887638765032359,-0.903696774961576,-0.920191438139983,-0.934766374113522,-0.941137723844742,-0.945589346371094,-0.956935662351885,-0.969241708565154,-0.98242026105703,-0.99062411403926,-1.0003113077171,-1.00476213002369,-1.00912572837641,-1.01392597997832,-1.02727898037793,-1.03888670148041,-1.04839971399043,-1.05607995650953,-1.06463270530723,-1.06629102739042,-1.06899657039987,-1.07868403081763,-1.09098981029098,-1.09901921536547,-1.11525220668227,-1.13296880543461,-1.1514709532516,-1.16997310106859,-1.19781354674795,-1.21535569759254,-1.22940702310294,-1.23700004166818,-1.243633063261,-1.24180056001,-1.24721191276883,-1.25663770132498,-1.25908130573291,-1.25847020457599,-1.26004103596539,-1.25742245016988,-1.25244748392032,-1.26632409478306,-1.28430263213692,-1.29049900048057,-1.29756840858267,-1.30428892086929,-1.29940197879335,-1.29128588324483,-1.30533747549516,-1.32026157402408,-1.31293049406038,-1.28238423863165,-1.22583004077457,-1.13061322520031,-0.981111901748995
-0.735416981627964,-0.554193975825179,-0.339963016838869,-0.0886985944892931,0.165786236004073,0.491922441058045,0.697136109606874,0.84076144087023,0.920061038714264,0.940026683396718,0.900175362907632,0.903717615019343,0.919980085606127,0.943327552532495,0.974564625718237,0.996463056614743,1.01063255717775,1.02254791967495,1.03261120300815,1.04315749835132,1.05442794262229,1.0687578730531,1.07978693434813,1.09202389475517,1.10627361025208,1.12390490193482,1.13026525723043,1.13445193545222,1.13469381054432,1.13751191372821,1.14057164594613,1.15136006243946,1.16255102995077,1.17567404550189,1.1814706817375,1.18340272977732,1.18348294471122,1.18654193875489,1.19000323775847,1.19684611294788,1.20602383325316,1.21640920661236,1.22164187772987,1.22486228587366,1.22776060399147,1.23387908419498,1.23943409139657,1.24829021379201,1.25811211414928,1.26849748750848,1.27107371560028,1.27284484165614,1.27203973962019,1.27582362076592,1.27968820896171,1.28806131934719,1.29691744174263,1.30698097113392,1.307303307218,1.30569310314609,1.30239198795224,1.29892995077443,1.29804414168842,1.30295472277993,1.30955621499341,1.31704351629289,1.32445011054231,1.32759005769413,1.32911980077405,1.32879795680613,1.33097187993804,1.33338743210397,1.33821804431967,1.3425656445254,1.33016751607632,1.28355353533174,1.20248231931568,1.08381392087635,0.928272981057716,0.773295514241017,0.637076285110922,0.52589494191299,0.442247497805131,0.388388090853153,0.339520464158908,0.296771563726255,0.255149855355553,0.216828770062544,0.183821062937108,0.15749506295904,0.130363714886944,0.106049977882588,0.0820583309042323,0.0510623946363467,0.0206304234865618,-0.00666160051141516,-0.0340340855013738,-0.057783857387634,-0.0758979150222552,-0.0938512967309854,-0.111482588413727,-0.128469700044486,-0.150367638824831,-0.173231847683163,-0.195854427507483,-0.219201648375768,-0.241261001256232,-0.261146677062865,-0.279744238823594,-0.296972979488365,-0.313879630127137,-0.331671597735764,-0.34881963135047,-0.366772520943045,-0.385450297637683,-0.401310217206486,-0.417572933851347,-0.43303030240218,-0.447119095915132,-0.460644170368067,-0.478355676984713,-0.495020452531389,-0.512329408130053,-0.529879992762746,-0.542358582203795,-0.552502572587061,-0.562082843910309,-0.570214079203706,-0.578667404523087,-0.597103552183707,-0.615298316868377,-0.634620519673082,-0.656196860543588,-0.671251924134528,-0.681235238591913,-0.690252036913233,-0.69790001413859,-0.702891302280162,-0.719636784876898,-0.738636405539442,-0.766170304629515,-0.798454108885226,-0.837098022378468,-0.876305408873638,-0.915995807378766,-0.947474017482364,-0.976295538502179,-1.00044761534834,-1.0171126369531,-1.03144281344198,-1.04166726481723,-1.04955711713468,-1.05591722637221,-1.06364566458955,-1.06992531283511,-1.08473874739203,-1.1004374989188,-1.11645834047157,-1.12563630683493,-1.13408938609623,-1.13819511120988,-1.14028832729173,-1.14246200436556,-1.15566523485059,-1.17088122042548,-1.18609720600038,-1.19769047847158,-1.20807609788886,-1.21306763208851,-1.21628804023231,-1.21830079532218,-1.22997428272728,-1.24277496219433,-1.2522747725256,-1.260083917793,-1.26773214107644,-1.26990581815027,-1.27095230316215,-1.2779563463936,-1.28858334878682,-1.30106193822788,-1.30500674135756,-1.30927363451324,-1.31088383858514,-1.3100787365492,-1.30798552046734,-1.32295987700822,-1.3382563235751,-1.34526061286462,-1.3514598001182,-1.35637087332587,-1.3526676992302,-1.34864243510853,-1.35983291050369,-1.37424354798455,-1.38913719747537,-1.36289165848928,-1.2945406609483,-1.17917337770282,-1.00439168030379
-0.937369757090382,-0.703207836475463,-0.451039868613238,-0.176322877824621,0.0940990369357749,0.426633951080088,0.647745797915798,0.795016114024487,0.874474515659485,0.901649315777676,0.861342145254834,0.870592942307532,0.90495329808974,0.948399100342858,0.981024411012693,0.999278105467208,1.01125453646117,1.01959653642313,1.03149041834803,1.05659997707754,1.08559161404629,1.09649440225502,1.10111992700318,1.1076450901146,1.11640034030921,1.12870722002311,1.15092604667321,1.17306207181059,1.1814043242162,1.18297376630316,1.18041348294367,1.18247821944507,1.18660819733515,1.1980067848456,1.21287420036261,1.22865016052673,1.2342670314347,1.23567137538351,1.23781916584126,1.24029740501894,1.24417948325816,1.25334747879814,1.26581920420656,1.27465649858298,1.27895106972393,1.28076815901812,1.28200715238514,1.28233760110507,1.28539368376628,1.29274484245571,1.30207793613384,1.30984184016865,1.31677974862544,1.32115737372275,1.32371790952587,1.32603105056541,1.33016128089913,1.33495240867272,1.34156062574048,1.34816859036462,1.35221576674198,1.35543694754134,1.35766703462453,1.36212720879091,1.36766127818617,1.37476478966838,1.3812899527798,1.3883106627493,1.38979730332355,1.3890538568146,1.38831041030566,1.3912839438978,1.39500067155523,1.40251692838282,1.38847525600018,1.33957768097724,1.245004216618,1.10665450128571,0.922463546035325,0.73629040335261,0.574152924170537,0.443732463454837,0.346846362943331,0.285972356926432,0.242939300018688,0.199575794391013,0.159433469562684,0.12234722739557,0.0869132288281176,0.0528007726967646,0.0238093881716679,-0.00319955647747016,-0.0298780524066759,-0.0552352583434166,-0.0805924642801573,-0.105371321846105,-0.130232728481124,-0.151459956527782,-0.172356735854502,-0.19292331890493,-0.212333710101042,-0.230753007580986,-0.253880378878177,-0.275108111812109,-0.295840045444315,-0.317150327447325,-0.333174187262301,-0.346720060343226,-0.360761227838592,-0.373728752548724,-0.38603512737534,-0.408501096345391,-0.430388969388284,-0.452277094874806,-0.474825865357564,-0.494484156204536,-0.508278181379962,-0.52149385818459,-0.534626985920134,-0.546769019939523,-0.564362069397819,-0.582120216994258,-0.599878617034343,-0.614911130689511,-0.629861095275607,-0.641507329993274,-0.652740566921938,-0.663891002337883,-0.679419062851132,-0.695938217080554,-0.71196182445189,-0.727654983103293,-0.739383514446391,-0.748799662080874,-0.75664662007203,-0.764989124921262,-0.773662330934072,-0.789686695636324,-0.805297810105919,-0.82198256736076,-0.831729163715174,-0.841145058906022,-0.846926775508496,-0.851965045602035,-0.855929420466694,-0.87286157248512,-0.889628626365403,-0.906065231525748,-0.915894124505594,-0.924979823420138,-0.92704481236518,-0.928944450728432,-0.9299355444446,-0.945463857401483,-0.962065813143617,-0.979824213183697,-0.992296695923018,-1.00774245981084,-1.01798460302333,-1.03020918611179,-1.04383760826179,-1.07002055733291,-1.09438666955349,-1.11685289096717,-1.1324635005495,-1.14468783119432,-1.14890035815348,-1.1514608939566,-1.15269988732362,-1.16186838775088,-1.17285397747232,-1.17491896641736,-1.17756205128955,-1.17987493988545,-1.17822294872942,-1.1743408704902,-1.18887808973092,-1.2039934048988,-1.21786947425602,-1.22901990967197,-1.24058334287694,-1.24264807937834,-1.24347382251271,-1.24884254132619,-1.25974532953491,-1.27147411332166,-1.27808182550215,-1.28543323663522,-1.28931581976172,-1.28956397185622,-1.28906867744177,-1.29840227600717,-1.30757052399079,-1.31161744792452,-1.31492117779295,-1.31872045451946,-1.27221856960514,-1.19540350528598,-1.08918405865271,-0.922007804489821
-0.951495684535548,-0.78483377980651,-0.582497140721357,-0.389190952286802,-0.247922305327364,0.0856687613096907,0.330206893915085,0.515644571908663,0.700545822660607,0.883659346965902,0.916473500392082,0.946515885345551,0.96708075140224,0.975038620838649,0.983532644247594,1.00257731430569,1.03780498041558,1.07339035577626,1.08671249762902,1.08885820659556,1.09583176073682,1.10539863862903,1.119167848728,1.14277201370546,1.16503524721338,1.17057905742788,1.17200989443104,1.1797887726075,1.18935619703792,1.20142703968566,1.22047170974376,1.24049960202062,1.2447910199537,1.24496946467544,1.24407505491392,1.24416414064024,1.24541598638345,1.25507276980929,1.26714361245703,1.27760490011076,1.28475799205017,1.28851325601072,1.29790114264299,1.30684196102905,1.31730297541369,1.32874748528617,1.34242706312063,1.34341055860848,1.34233743085611,1.34099595284838,1.34573443902767,1.35083090772685,1.36182834935312,1.3747930552242,1.38570141112415,1.38686389787194,1.38525461614703,1.38355597542671,1.38248312094344,1.38570195766236,1.3922292633647,1.4005445687828,1.4076973874531,1.4112739334228,1.41029043793495,1.41189944639075,1.41771106032242,1.42575828875425,1.4358618671572,1.44748536828963,1.45553286999055,1.45446028877638,1.45177787929911,1.4366671911924,1.39249816015826,1.30907757552922,1.18667378756064,1.01732974662341,0.823040335970103,0.635367316745455,0.475948136220335,0.348806408610663,0.259842833574423,0.199043464973188,0.154159015437472,0.115175538828837,0.0813778899148098,0.050441368468906,0.0230813929927026,-0.0040995912235457,-0.0314590201615602,-0.0563150308822211,-0.0792934096226242,-0.102182429367602,-0.124177312620145,-0.14465254641231,-0.168346616923394,-0.193113541917732,-0.217969825907503,-0.24157453742316,-0.262854548712322,-0.283150791244545,-0.30273161527519,-0.320792243307245,-0.339031589330145,-0.359684994574955,-0.378192690853223,-0.396342951149801,-0.415029911957116,-0.432822736272009,-0.448558937346677,-0.465189274913774,-0.481640621220921,-0.496929754049387,-0.513560091616478,-0.531263556935951,-0.547983526767565,-0.563809633375853,-0.58124502170905,-0.596534427806607,-0.611734474908739,-0.626934522010871,-0.643207150327185,-0.65652901891084,-0.672175587720991,-0.685854892286343,-0.700607051334969,-0.71330313368157,-0.729218326016188,-0.741557245650196,-0.755863156259906,-0.76829143488934,-0.78295478148074,-0.794578009344075,-0.805754168961195,-0.814605901620928,-0.824620121028453,-0.831236785726214,-0.839194655162623,-0.851712292787476,-0.8664652716434,-0.870220535603946,-0.877373354274249,-0.882648540964282,-0.885599300696923,-0.885688659692343,-0.904643970755033,-0.920827513345013,-0.939246123896959,-0.952210556498935,-0.966158484588754,-0.97080733850352,-0.975813901669087,-0.978406678881836,-0.989761556489808,-1.00138478435314,-1.00487197132742,-1.00728630381842,-1.0111309267744,-1.01023706355107,-1.0091644823369,-1.02409617918366,-1.04224671274935,-1.04931044569333,-1.05708932386979,-1.06406342454924,-1.06281185207513,-1.05816245162216,-1.07371993470598,-1.08820429003744,-1.09374755371374,-1.0979496126514,-1.10340351733227,-1.09821768963766,-1.09338984446294,-1.10805346432344,-1.12522050240127,-1.13228423534526,-1.13854291752314,-1.14515903568271,-1.14104578920227,-1.13532326099693,-1.14936027481307,-1.16724218485428,-1.17537849901243,-1.18190580471479,-1.18896953765876,-1.18548289722268,-1.17868806107226,-1.18950678470769,-1.20327572153757,-1.2073884214798,-1.21552473563796,-1.22535969051644,-1.23027744122478,-1.22634373254249,-1.19987816682781,-1.12843879258199,-1.0163175742763,-0.788588223959757
-0.489406096732995,-0.210478645880504,0.0795817598791633,0.371611777847324,0.52593383898654,0.671520768134471,0.746626465831356,0.779083842830092,0.787990416149816,0.840401731582474,0.871574476459034,0.919960715939212,0.958412781098933,0.981278604691606,0.999177341124045,1.01836044793617,1.02872283296402,1.04148304090778,1.05518499831681,1.06503332110181,1.06888695572583,1.07967728971861,1.09517767975017,1.11204855343938,1.12275329763917,1.13200223013081,1.14519064878196,1.15615268584566,1.16745708208128,1.18415677618453,1.20102791161623,1.20505298756869,1.2074508104846,1.2082216421064,1.2117329175585,1.21558655218253,1.22637714791778,1.2384523757752,1.25164105616883,1.25669399486453,1.25986291114472,1.26174719530272,1.26620074370507,1.26979760895016,1.27750513994069,1.2869255137608,1.29626003604542,1.29942842884063,1.30242564204988,1.30465202363733,1.30944740772662,1.31501388518021,1.32357783758552,1.33222764152631,1.34147709750294,1.34361867452486,1.34473238880356,1.34447561942462,1.34918567546342,1.35492333250298,1.36511427620239,1.37581902040217,1.38815101763853,1.39046325076144,1.38994918851858,1.38772202170368,1.38446725388804,1.38129833760785,1.38343912940233,1.38686481506145,1.39097600429188,1.39551540422969,1.39782789909509,1.38772254518866,1.34567361478387,1.26928302322233,1.15092909104897,0.98881364738375,0.802548009746174,0.630327212174519,0.476262182156728,0.354055138844324,0.267559716861324,0.207955194423471,0.163508702845268,0.12822555396574,0.0964534187958267,0.0674217274562122,0.0412158079974017,0.00764497846245943,-0.0256690816935433,-0.0577840995203552,-0.0896423479682218,-0.118074649014477,-0.142053663400874,-0.163891624250324,-0.185558143771316,-0.204655399047971,-0.228120612933997,-0.251243205905611,-0.274023177962816,-0.295689959226299,-0.316500319075004,-0.334398793764953,-0.350413246039385,-0.366342108520834,-0.381757170501913,-0.400084117641738,-0.41806844386716,-0.4371659608863,-0.456862868198792,-0.476388595925323,-0.49368741857944,-0.511585893269388,-0.528457028701082,-0.543016192752353,-0.558345926682934,-0.57359033256302,-0.587806875699878,-0.596627859226631,-0.607589372805348,-0.616923895089986,-0.626086976046171,-0.635507088123787,-0.655203995436268,-0.672760372696789,-0.691087581579098,-0.709671821582843,-0.72217552189014,-0.730140345744595,-0.737676697149173,-0.745298376604238,-0.751292803022733,-0.76833485629791,-0.783835508071961,-0.800963412882601,-0.811497239238914,-0.823229846181927,-0.828368112928123,-0.834191359760651,-0.839243774971385,-0.855086785917365,-0.87118708972726,-0.887030624158215,-0.903045338175132,-0.917261619569499,-0.926339634217676,-0.933190743793433,-0.941411813541851,-0.947834712410222,-0.957426265816284,-0.967017557479861,-0.97874990268039,-0.987485034671674,-0.997761568164066,-1.00581145832652,-1.01317636840266,-1.019684857064,-1.0298760625059,-1.04040962711972,-1.04897357952504,-1.05728076255141,-1.06378951295525,-1.06944158020181,-1.07295285565392,-1.08031776573005,-1.08793944518512,-1.09838742000597,-1.09795920929857,-1.09873004092037,-1.09684628024734,-1.09547632007467,-1.09170827524362,-1.1078941688465,-1.12382303132795,-1.14129329531051,-1.15687953687756,-1.17640526460409,-1.18856634399698,-1.20483808913532,-1.22325088781061,-1.24800099556129,-1.26966803856726,-1.27917400218034,-1.28319907813281,-1.2837126168907,-1.27797443636618,-1.27257861501358,-1.2843962882646,-1.29878322575996,-1.30263686038399,-1.30709014704385,-1.30948849344472,-1.30486455068387,-1.29690051205687,-1.29698636359234,-1.26213116367771,-1.19781579997359,-1.09076626403587,-0.927194746920025
-0.680191264650192,-0.48069846095049,-0.252055230650753,-0.0403486834036898,0.141800295867492,0.415227584326112,0.59314264169805,0.714629546880433,0.83644221493627,0.934885565292291,0.927475393160868,0.931383303322737,0.945958267758828,0.950436574029146,0.962894701947587,0.994650982671352,1.0305600556559,1.04798525858681,1.05311509060403,1.05930358974402,1.06663188564521,1.07860149368542,1.09912082175436,1.12191999220964,1.12892252523738,1.13242379175125,1.13511077551344,1.14056637040413,1.1475691522958,1.16035304308769,1.17386983812888,1.18518792042217,1.18999174070203,1.19162005734147,1.20041391287734,1.21018480816967,1.22036309370174,1.23591559562213,1.25236375879658,1.25643517255498,1.25749383967774,1.25887826967395,1.26343820331057,1.2685680353278,1.28086340624147,1.29413581691158,1.30757073572254,1.30903629535722,1.3089546679909,1.30545315261311,1.30740723212601,1.30952431750759,1.31888807142407,1.3300433967126,1.34388570576332,1.34706120940374,1.34852701790233,1.34860864526864,1.34983006939615,1.35064435214784,1.35683285128783,1.36399814132033,1.37075628997701,1.37214022224538,1.37197721637669,1.37042978051179,1.3674981635146,1.36790505602652,1.37262774666791,1.37865323993921,1.38663306158732,1.39583430736295,1.39949882860943,1.39624219533056,1.36603359933561,1.30113785221148,1.19601798056509,1.05156914792267,0.871618632535442,0.696553564794382,0.539238965129838,0.412051831821773,0.317353634622849,0.255144373533076,0.211663118004093,0.175836170113692,0.142533200116794,0.112080219750775,0.0843956016493328,0.0485684048950062,0.0156723274100298,-0.015025037327058,-0.0436053166825691,-0.0709641719105508,-0.0909947312373416,-0.110292386314825,-0.131137228393293,-0.152063697838062,-0.174130212907969,-0.197906671983627,-0.22331169656264,-0.244564177744784,-0.266142172936468,-0.286335986995861,-0.306204038181799,-0.322407816985182,-0.341949856433745,-0.360758991633012,-0.379812262339422,-0.397155837904022,-0.412626712458097,-0.425410603249998,-0.437461838656512,-0.448454406940269,-0.46034238761417,-0.47898876580867,-0.497635144003163,-0.516607285071118,-0.536312579252294,-0.550562527406691,-0.561229830544845,-0.572304026194914,-0.582726696098068,-0.59168355750263,-0.609678409950214,-0.627347250660418,-0.645179346103235,-0.663092820048432,-0.68100629399363,-0.69501160891305,-0.708121511442309,-0.720416882355982,-0.732223733391423,-0.745414765559159,-0.756895604857219,-0.769190478043041,-0.777902706212608,-0.787022075758012,-0.793942981419452,-0.801271277320648,-0.807785539334093,-0.821302334375285,-0.834004846664789,-0.847033121827747,-0.853710140845959,-0.859979769624405,-0.862340990513135,-0.864946595772945,-0.868040472047057,-0.883755233244371,-0.899877384681436,-0.915511016240285,-0.927724759787651,-0.943277261708039,-0.957201198125061,-0.976091960690634,-1.00011255527344,-1.0343928138907,-1.06614884575055,-1.09448523846283,-1.11174768438896,-1.12461320254716,-1.13055731731607,-1.13609429070915,-1.13804837022204,-1.15164654376561,-1.16491895443573,-1.17501586146542,-1.18120436060541,-1.18934693925829,-1.19073087152665,-1.19227756079978,-1.19870994658299,-1.21035354288583,-1.22240452942842,-1.22883741293948,-1.23274631855704,-1.23486365280255,-1.2338866130461,-1.23290932442573,-1.24455292072856,-1.25961615617896,-1.26466411196596,-1.26963093811451,-1.27256230624777,-1.26808399997745,-1.26157023569185,-1.2741916183429,-1.28795279775516,-1.29585124090088,-1.30317953680208,-1.31067058970805,-1.30749458833979,-1.30309716284402,-1.31237928939419,-1.32540706682931,-1.28648524720911,-1.20799082881356,-1.08210674699933,-0.854522183822344
-0.634234150798211,-0.284914331403481,0.0794166765365952,0.438007906008041,0.676686127733482,0.788475519169321,0.846489706621459,0.851523212744206,0.821766126335967,0.829448491104078,0.875277119151677,0.921281977937471,0.955101277318719,0.982827796997695,0.995896399243566,1.00075259511364,1.01717659822939,1.04666893371241,1.06547677466968,1.07686754154131,1.08349036285128,1.088435348787,1.09232106114319,1.10627324598764,1.12472862546851,1.13956358327566,1.14724594804378,1.1509546200259,1.15916648664447,1.17002721190841,1.18371356631314,1.20119711288704,1.22018172433976,1.226185983855,1.22768704873381,1.22795179965904,1.22989438595851,1.2324552641741,1.24181546431645,1.25267699921625,1.26398005553671,1.26954333338853,1.27281048394999,1.27598938420306,1.28075732976472,1.28579029613022,1.29497318601991,1.3047743678257,1.31298596456565,1.3168711371646,1.31890197377249,1.31828422161362,1.3200505771749,1.32349476811042,1.32985256861654,1.33744641319763,1.34707082450798,1.35183877006964,1.35484089982726,1.35749002835125,1.36322980681988,1.36852833374648,1.37691724073911,1.38557062877834,1.39192815940584,1.39148663798517,1.38927903088185,1.38583510982494,1.38680640297468,1.38998530322775,1.39643108416365,1.40473120109063,1.41329660870008,1.40358394708132,1.36075798854858,1.27890299377366,1.15483979262485,0.989274657448073,0.801457220499873,0.628916262779501,0.483572053009021,0.368426990824687,0.282774534001985,0.224848866736864,0.176282859856876,0.131778796071275,0.0917781968007242,0.0566343331574788,0.0233445356266851,-0.00844392714667002,-0.0390843262748581,-0.0694599744778159,-0.0980698068767401,-0.125884576864122,-0.152816573888795,-0.178247775913276,-0.202619164600991,-0.226372261372604,-0.248801063760838,-0.270699824541382,-0.292510065134897,-0.312996011345038,-0.333658458172003,-0.354497405615786,-0.374630080713673,-0.394409754577918,-0.414277678750581,-0.433439330577349,-0.451894710058232,-0.470349819660498,-0.48853990845891,-0.506553226761887,-0.524566545064857,-0.542226322376957,-0.560062870184492,-0.577457896571368,-0.594764672649831,-0.611541676999223,-0.627965680114978,-0.643859911501662,-0.65940087177608,-0.674677081125279,-0.689246748249966,-0.704346456982353,-0.718651643060427,-0.732603558026253,-0.746731973608897,-0.761213660303788,-0.774812034278743,-0.78885165979574,-0.803244826303608,-0.816489929166297,-0.826291380850708,-0.835651311114447,-0.843598426807795,-0.850573979472776,-0.857108280595714,-0.86929384000026,-0.882009441012501,-0.893047476529108,-0.901613154017168,-0.909384038972315,-0.91379925317896,-0.916624882319767,-0.92386545578859,-0.935344472968634,-0.948854326756553,-0.95485885615042,-0.960245363506803,-0.962717991413967,-0.962541490797155,-0.961128946105363,-0.974727320080318,-0.991945845850369,-1.00854607970433,-1.01631615502361,-1.02461573219335,-1.02461519243611,-1.02134777199603,-1.01922841520111,-1.03627071023297,-1.05128243853555,-1.06691245875425,-1.07883353711219,-1.09066636516172,-1.09181442880689,-1.09366876479796,-1.09534606041497,-1.10550051333301,-1.11477192340973,-1.11415363149362,-1.11503640445634,-1.11494815414792,-1.11035643932447,-1.105764724501,-1.12227724780379,-1.13702368542391,-1.14779643025805,-1.1558317962598,-1.16324887034545,-1.15962817879311,-1.15530121489487,-1.16095247317649,-1.17234350992673,-1.18567740285507,-1.19168220212756,-1.19857004424137,-1.19998312869039,-1.19777552158707,-1.19371357849268,-1.20448632332682,-1.21631861161912,-1.22002701372263,-1.22550177138742,-1.23106477936062,-1.2155238190862,-1.16722283301005,-1.10982693747401,-1.02090733008983,-0.866026419560176
-0.642079735468601,-0.577040795162235,-0.468993666421192,-0.353737949715482,-0.299390593000943,0.0383579931961639,0.285473438597351,0.487798847481122,0.681214768403478,0.891072557595946,0.930112061887437,0.978871030095717,1.00470832239092,1.0056801945183,1.00009155846437,1.00211649835279,1.01661437482047,1.04050792286092,1.06448241898737,1.08019550693577,1.08853811074749,1.09420818998276,1.10967843367313,1.12636364129658,1.14458785274476,1.16175899643189,1.17755303246629,1.17836300842167,1.17803896852999,1.17504190896651,1.17666161332959,1.17836226577868,1.1887293143835,1.20031157446904,1.21513373837606,1.22096521868801,1.22655385474193,1.22825500228634,1.23222368642953,1.23546334270334,1.24461592247044,1.25384945032353,1.26664642679446,1.27393596284514,1.27887676666336,1.28154953878749,1.28721912292743,1.2909449628126,1.29758641907991,1.30552353981862,1.31435183214636,1.31597178405711,1.31670081192648,1.31540514745508,1.31564873435608,1.31662110157879,1.32172380156902,1.32812241357832,1.33646476984238,1.34067605069592,1.34205266325332,1.34367261516406,1.34845152281028,1.35314948237049,1.36060140968851,1.37015897743328,1.37817754135332,1.37898726976103,1.37833918997767,1.37671923806693,1.37688138178659,1.37761040965596,1.38149839326081,1.38287525336587,1.35914360149744,1.29758716172291,1.19933994988932,1.0610001660032,0.886779833561081,0.722683953013427,0.582076632528532,0.467954684122207,0.385825795762376,0.33455595160198,0.287335739670778,0.244975135924136,0.206178475890661,0.168110843726557,0.133849999533625,0.103881879375559,0.0759389466535874,0.0483198062756278,0.0234543861078053,-0.00448879416183379,-0.02984015039335,-0.0563257700195811,-0.0792474459326564,-0.103869774294801,-0.12484745840545,-0.146877962729483,-0.16574951131803,-0.188508795963767,-0.207704631991661,-0.228520419930297,-0.247473411700175,-0.263672435712265,-0.276469907278527,-0.291373019271556,-0.30400809957048,-0.317533856363116,-0.339483412601136,-0.362485789052551,-0.384597489010242,-0.405737316840562,-0.423475592225054,-0.434976904224592,-0.446883204201812,-0.45668336865694,-0.470290321083246,-0.488757129241768,-0.510059100791759,-0.528364012778279,-0.550556908369644,-0.568213988120467,-0.584169920326879,-0.597047844883819,-0.612598789112545,-0.624099853564415,-0.639002718009782,-0.653257750219447,-0.667107794451425,-0.674964462199457,-0.68435988622456,-0.691001590039538,-0.695942393857768,-0.703718113519799,-0.719916889984227,-0.735791874104627,-0.752071846202724,-0.768270622667147,-0.787304314975365,-0.808525090891692,-0.8337145509512,-0.865059531214329,-0.905071155180864,-0.941518835434238,-0.97189194356998,-0.992059899272918,-1.00615328285824,-1.01174216645984,-1.01514421400099,-1.0176550899531,-1.03255795439847,-1.04673179097447,-1.06268747563322,-1.07102958434961,-1.08002002039703,-1.08107308815808,-1.08293613187449,-1.08309852314183,-1.09929804224925,-1.11420140178994,-1.13048137388803,-1.13922871812977,-1.14789486673785,-1.14829935962021,-1.14878480058857,-1.1487845530409,-1.16231080492887,-1.17640394096652,-1.1894442567908,-1.20183674037937,-1.21333829992657,-1.21787386821945,-1.22143756438495,-1.22694500480522,-1.23536806160761,-1.24516797851508,-1.2484076347889,-1.25164729106271,-1.25351033477913,-1.25245776211341,-1.25027117360064,-1.26144869325616,-1.27327429269504,-1.27602826045283,-1.27926816427432,-1.2825080680958,-1.27821534406094,-1.27303144843703,-1.28623341288565,-1.30040724946164,-1.3056718456239,-1.30972147785308,-1.31312327784657,-1.30599563796791,-1.25310584189678,-1.17616035406552,-1.05831256577402,-0.881176616949758
-0.789035920765776,-0.538969762144734,-0.268107655072226,-0.0187288290742935,0.196706481112589,0.463014385783637,0.631701885149275,0.745477627474109,0.858566037175834,0.94106197307575,0.928000026822442,0.929460838457796,0.940460524200358,0.940976089328037,0.952835137830556,0.98265413262012,1.01608208330349,1.03636194134441,1.04667350653957,1.05672715785018,1.07021826020061,1.08706119248458,1.10948998270825,1.13114555656109,1.13836425627301,1.13896623043126,1.14343481172646,1.15073939518607,1.15890334140564,1.17428572469569,1.19052720810426,1.19731622643619,1.19808970544843,1.1998081683269,1.20719811025137,1.21665057532801,1.23022782406757,1.24689846357326,1.26133507507278,1.26288177045584,1.26090513105137,1.25875672415149,1.26038982856512,1.26442899112176,1.27508514187349,1.28711622051285,1.29845970388768,1.30103752952611,1.30103752952611,1.29931854136477,1.30344306238627,1.30945807642309,1.31994193439654,1.33059729722398,1.34305753196046,1.34383074833127,1.34202613906365,1.3396198182792,1.34383074833127,1.34829959226789,1.35852606163964,1.36961189377133,1.38052595840762,1.3796668582891,1.37605763975386,1.37219050733406,1.36797931464057,1.36514304983471,1.36789264296857,1.37296241049772,1.37837623830058,1.38430589387255,1.38757157741695,1.39040757958138,1.36935424252821,1.31848164804404,1.22911081006449,1.09943738196336,0.926539215187081,0.752781685650859,0.590109725604898,0.454163106940957,0.350441278568163,0.281178793775544,0.230649734282216,0.190690416510048,0.154855882400801,0.122286769194524,0.091092846517318,0.0555164889340595,0.0213150592384434,-0.0115114425695303,-0.0446814793683417,-0.0748440091487431,-0.101311699287631,-0.126490345286588,-0.150809628525589,-0.173152535001543,-0.19652657173288,-0.219298896947391,-0.241727424529629,-0.264585633491846,-0.288646740204858,-0.310645586407118,-0.331956837344845,-0.352580755659468,-0.370626585694225,-0.386352503975105,-0.40353923389134,-0.420897993944422,-0.432327361066968,-0.444959888581726,-0.458451516215013,-0.470654099708369,-0.481137957681805,-0.503910282896315,-0.52668260811082,-0.548252035574536,-0.568875953889159,-0.586750016428498,-0.597233611760511,-0.607373409460258,-0.617599090907717,-0.629457876768801,-0.648363332204939,-0.667956382905626,-0.687033868478611,-0.70516584490251,-0.721664979554206,-0.73395318415384,-0.745210258498098,-0.755607970082405,-0.768326118703446,-0.78138806495676,-0.79479380884234,-0.808113406338761,-0.819198713187606,-0.827877961893433,-0.836556947957825,-0.843775122386874,-0.851423240837325,-0.864743100975193,-0.87909409136843,-0.892929779275418,-0.900836074251857,-0.907968890216051,-0.911922169024988,-0.914414373557147,-0.916390750320193,-0.932460203591905,-0.949131105739026,-0.964770614989336,-0.974309226455114,-0.983332535434642,-0.984793609711419,-0.985395321228251,-0.98694254189417,-1.00266846017505,-1.02002669494527,-1.03755669721091,-1.05001666930596,-1.06230461126416,-1.06634298589652,-1.0696942905472,-1.07218649507936,-1.08619368784033,-1.10063056198128,-1.11592679888219,-1.13019164288629,-1.14480028452266,-1.15270631685767,-1.15975298643272,-1.16654200476465,-1.1757370812396,-1.18501777882081,-1.18561922769621,-1.18579125783306,-1.18604917171761,-1.18304166469921,-1.18003442032223,-1.19507300598,-1.21036924288091,-1.21647040330687,-1.22300150775423,-1.22858710305251,-1.2239467542619,-1.21896260783902,-1.23116545397381,-1.24457093521796,-1.25780464896668,-1.26880380942638,-1.27911537462155,-1.28023186334177,-1.28048925194346,-1.28160600330512,-1.28908209161872,-1.27782475463303,-1.22317091147678,-1.14024503155545,-1.00627478965455
-0.81844478688511,-0.539968337079032,-0.257953579815006,0.0628073609510581,0.375872273460799,0.635595180040341,0.779610809450292,0.868514873648914,0.889569249493095,0.871611940351038,0.857281349038962,0.880458114548072,0.914427163911303,0.952553663704805,0.983515138210379,0.998465142862881,1.00987684005743,1.02659613362296,1.03765364859317,1.05074541322439,1.07109115425178,1.08869482190572,1.10037175021636,1.11859510157883,1.14106485447981,1.14867301310032,1.15061939312552,1.14982342940915,1.15053152348971,1.15062020422985,1.16043943325543,1.17441611271127,1.19007367070812,1.19706160488388,1.20148428643023,1.20192660865849,1.20263470273905,1.20422717090802,1.21095068507202,1.2184701629524,1.22952767792261,1.23722343581082,1.24306176478209,1.24704212410018,1.25429583012825,1.25951528649531,1.26721185548785,1.27490815411228,1.2834006868212,1.28534679647829,1.28746945651132,1.28773414689119,1.28932607432394,1.29109509286885,1.29596036701158,1.30188737672299,1.30914162348727,1.3140071679981,1.31789965768039,1.32232287996297,1.32904612375885,1.33647692089908,1.34550018620829,1.35523100486184,1.36310439459845,1.36372407830698,1.36257447310249,1.3606286338135,1.36009817158133,1.36133672789407,1.36664432426505,1.37257133397645,1.37911748666018,1.38256738374609,1.37469399400949,1.33656668311167,1.26296599468556,1.1542461109555,1.00483420443443,0.831714799803964,0.672572344997453,0.536872427552365,0.420191825186115,0.336241715870359,0.277503162460934,0.2269032299042,0.180814659633963,0.143925905048878,0.109248761605087,0.0771371411587961,0.0454675725726558,0.0138866847266624,-0.0175171120071637,-0.0484783161446286,-0.0784664654535438,-0.106154322881037,-0.132249982507669,-0.156841854705466,-0.179664978726458,-0.202222871631359,-0.225576998620744,-0.247427338181301,-0.270339142942434,-0.293515908451538,-0.31678108433268,-0.338365652040928,-0.359861539009036,-0.379853638548314,-0.398253540286726,-0.415238064968348,-0.432753051882139,-0.450533540280131,-0.46212151748252,-0.47379817542505,-0.485740334851774,-0.496355797961836,-0.506706029955813,-0.528821871000576,-0.551999177245897,-0.57491098200703,-0.599238163824959,-0.618080658159749,-0.630376999810814,-0.64090405254885,-0.650811962314569,-0.658154619450882,-0.675581736728865,-0.693185674750906,-0.711851077973524,-0.729897067855721,-0.748739021454289,-0.762008147565777,-0.774569720332932,-0.786335059015597,-0.798631130298553,-0.812165757894246,-0.825523294377778,-0.837996186404793,-0.844719159832579,-0.851619224372525,-0.856572908887276,-0.860907450429703,-0.867542013485456,-0.884703629279239,-0.90098060061651,-0.918230897150434,-0.927696484687894,-0.93583510554059,-0.938046716681877,-0.940523829307358,-0.94220470784836,-0.959897056242428,-0.977323903152302,-0.996077716746952,-1.00545435317616,-1.01447707774914,-1.01483071923726,-1.01421130589684,-1.01208810512758,-1.02827666609282,-1.04473072854226,-1.06038855690722,-1.06941182221643,-1.07949655272621,-1.08029278681069,-1.08082351941098,-1.08515806095341,-1.10479651900456,-1.12443497705573,-1.144427076595,-1.16141160127662,-1.17591928370086,-1.18219993490038,-1.18786117275948,-1.19219571430191,-1.20378396187241,-1.21475306647059,-1.21581453167117,-1.21519538869886,-1.21546089018305,-1.21068429678047,-1.20511146929341,-1.2194426013417,-1.23589693415925,-1.25058170769566,-1.26243545675036,-1.27490834877737,-1.27676577769432,-1.27667682658607,-1.27941889995953,-1.28923812898511,-1.29976518172315,-1.30356899066529,-1.3080806233199,-1.31064614631741,-1.30843453517613,-1.26685759756049,-1.2039615937208,-1.10612321532123,-0.949369462768181
-0.728741554071405,-0.511191250127574,-0.255023792542965,-0.00261318743469917,0.219742597862781,0.498538756318152,0.681665086977748,0.788605472202567,0.883925490008712,0.95696608287267,0.942899448801375,0.944035129630283,0.963343572935406,0.975575173229072,0.985010963911016,1.00178582158137,1.01803649832834,1.03053032259896,1.03437476108798,1.04110232817087,1.05508164326002,1.07543898247296,1.08767111682768,1.09754403648139,1.11038740371111,1.12165796114015,1.13380224245167,1.15319800473895,1.1739919388626,1.18063218696335,1.18220526379454,1.18089494500135,1.18351611664879,1.188670873931,1.20142692217858,1.21654165106611,1.23156906097151,1.23585009437124,1.23480146549394,1.23357793162185,1.23698497410857,1.24231436935506,1.25323565085554,1.26738960390897,1.28154355696241,1.28565021942839,1.2858251244232,1.28530094349982,1.28879583902974,1.29307687242947,1.30242534412926,1.31404544451741,1.32566554490555,1.32697613072927,1.32575339794875,1.3232200793445,1.32129826064578,1.32217225155878,1.32793877577705,1.33510293777065,1.3434900995753,1.34960563269161,1.34995464158965,1.34995437455912,1.34873110771755,1.35126496038284,1.35676952765468,1.36463330962752,1.37293395354162,1.38263223523104,1.38324400216709,1.37966178765502,1.37704034897706,1.37476818622766,1.35318758017315,1.30557069670009,1.2237925979808,1.10191212183273,0.93722051059578,0.765976237270749,0.61098290772322,0.480889640704262,0.380239960621094,0.314887710674115,0.266397637379633,0.22559590700213,0.188900839090609,0.154913994778133,0.119878788618894,0.0870278921658567,0.053652814789438,0.0206270133415842,-0.00951539248187179,-0.0372988506348358,-0.064470808882285,-0.0892835524287175,-0.112348848210185,-0.137423815733573,-0.161625059374485,-0.186350483938771,-0.210813951556627,-0.234753238251108,-0.25746925810401,-0.280360182951722,-0.301503660034482,-0.322734723129905,-0.343266700307126,-0.363624039520067,-0.383194973832677,-0.402853227127415,-0.422074351450405,-0.441557699750344,-0.459730462226554,-0.478427405626157,-0.496862392079323,-0.51555960250945,-0.534082174975286,-0.552604480410604,-0.570253061963438,-0.58720255759807,-0.603191010368085,-0.619091877125429,-0.634993010913299,-0.650719506736883,-0.666620907555283,-0.682522041343158,-0.697811675225507,-0.713275947072141,-0.728477994941813,-0.744204223734879,-0.759144581688656,-0.774521801583675,-0.788850659631927,-0.803267103692848,-0.816722504889141,-0.830614500996157,-0.843807678215501,-0.854904131741314,-0.863990913525212,-0.872465928373058,-0.879804995361466,-0.886619614395968,-0.898501404700013,-0.912392599715449,-0.917721727931411,-0.922264718277573,-0.926371113713018,-0.925934518802301,-0.924886423986064,-0.939914100921976,-0.956951182569284,-0.975385901991931,-0.988316054142744,-0.999236801582166,-1.00290606804585,-1.00482815377509,-1.00482815377509,-1.01845792590514,-1.03383514580016,-1.0411744798191,-1.04895040874875,-1.05681392369107,-1.05882386246351,-1.06188216308272,-1.07970564963037,-1.10049985078455,-1.12242973276764,-1.13771936664999,-1.15230991461414,-1.1595616626204,-1.16218283426785,-1.16497864387957,-1.17729756315539,-1.18804393966104,-1.19249961102506,-1.19730455831764,-1.20062428182223,-1.19896415303941,-1.19634298139198,-1.20612831503301,-1.21844776836987,-1.22002084520108,-1.22272986989171,-1.22701143735249,-1.22404125680701,-1.21914845647122,-1.2350495902591,-1.24885346629239,-1.25217292276644,-1.25592924118174,-1.25820060283956,-1.25051172586152,-1.24430833970202,-1.25785079284993,-1.27200474590337,-1.27838277002716,-1.26719953158026,-1.20778844381583,-1.11098293519115,-0.967609706031762
-0.750345810137095,-0.4996896014497,-0.250725670170226,0.0378424148746391,0.336650291277707,0.605670412622396,0.757401458569265,0.855819170862852,0.888568346725227,0.865888518875214,0.839231593409215,0.861318361180298,0.901768782969329,0.940357518562082,0.977084567958571,0.999002185580686,1.00492580310681,1.00661808051473,1.01973471760244,1.03792896283203,1.05891599599538,1.07753363387615,1.09547415388226,1.10089032096145,1.10732190621326,1.11739228878311,1.13084748480816,1.14159498525268,1.15860466216066,1.17442951210767,1.17950712024953,1.17967652903788,1.18103050614783,1.18382303544223,1.18686954859947,1.1949934112592,1.20819462342141,1.2187724564382,1.22342667192886,1.22604979243491,1.22968833111358,1.23078832436069,1.23561194863971,1.24187412510317,1.25245221675933,1.26040692927008,1.26692308959638,1.26870020071816,1.27259272325967,1.27352330771843,1.27826209828358,1.28317003899772,1.29213991104171,1.29933293060331,1.30483367275699,1.30551104927102,1.30838867091866,1.31304340368807,1.32006753174005,1.32819165303915,1.34080058104055,1.35027842081025,1.35197069821816,1.34926248535887,1.34816197483302,1.34367665085196,1.34350698342424,1.34697637195393,1.35476167567632,1.36009300904164,1.3676243289012,1.36957059017196,1.37219371067801,1.37168574295232,1.3619539193198,1.3222654491193,1.25321261651163,1.14497902278977,0.996887550079058,0.825693374145899,0.667277276363123,0.527732024405852,0.416620291757618,0.338511718834597,0.285282960255814,0.240855182211417,0.20167442109723,0.165794157003127,0.129491017536577,0.0962341325878857,0.0633155479371543,0.0326815248551464,0.00390892933002797,-0.022663679700854,-0.0499131479670373,-0.0752160963230984,-0.100180485741818,-0.126075459619301,-0.150870181610295,-0.173888051118892,-0.197329054639313,-0.220854633234215,-0.243364793656502,-0.263928434168662,-0.284999525127762,-0.304885789125881,-0.323248667225706,-0.339919009278229,-0.358874430178221,-0.3782532437294,-0.398901459316053,-0.419126799530247,-0.439944682544614,-0.460000872609828,-0.478448843062875,-0.493427424986239,-0.508575157058573,-0.524568898515187,-0.539208662861846,-0.551902424577118,-0.566203888625817,-0.58067450282349,-0.593875973625077,-0.607246853215008,-0.62400254626014,-0.641773657477902,-0.659037059609354,-0.676385036815294,-0.687132019981062,-0.69686358497421,-0.703887195747453,-0.711249624097396,-0.717342650411877,-0.737060540179131,-0.755085893899107,-0.774465224729031,-0.792405486095762,-0.80729923430527,-0.814153436290157,-0.821345938573011,-0.828030731769548,-0.835477476554614,-0.850794100136563,-0.866449282655836,-0.885574370983554,-0.89979151859713,-0.9174780547404,-0.932287745154149,-0.949974539936788,-0.96300686058939,-0.988732425678528,-1.00895750725335,-1.02935173897716,-1.04576861444559,-1.06286260778868,-1.07056359507596,-1.08054940257132,-1.08689615410927,-1.09476629154553,-1.10382099730339,-1.11422942153183,-1.12260700941503,-1.13039231313742,-1.13563907142826,-1.13927786874631,-1.14249379069189,-1.14672487217074,-1.1551027186933,-1.16551114292175,-1.17143476044787,-1.17549643313836,-1.18091234157818,-1.18260461898609,-1.18378944594707,-1.19495982176404,-1.20985382861291,-1.22093962935539,-1.22525554454809,-1.22990976003875,-1.2275401061168,-1.22246249797494,-1.21992369390401,-1.23430973302721,-1.24649578565617,-1.26105149220707,-1.2717144175771,-1.28178505878633,-1.28170074235121,-1.28313955317502,-1.28390124612417,-1.29329451081937,-1.30311090952638,-1.30421116141286,-1.30564971359731,-1.30539572973446,-1.30014897144363,-1.25081299404573,-1.18269048725744,-1.0801262685595,-0.927041504142054
-0.786520644818075,-0.593808338724635,-0.384155875090022,-0.151363747649167,0.0869292073050667,0.4265116331305,0.651968434303537,0.828089922231645,0.939333563752053,0.972951273833769,0.907113211173727,0.89244389301308,0.89811979052687,0.920910114957264,0.963521512560836,0.999933137024347,1.01634888518925,1.0180950483185,1.02150037332678,1.03049432772364,1.0473469502646,1.0694385959433,1.09135570537158,1.09947617789131,1.10497673852969,1.11676434043334,1.13056017671687,1.14610244300465,1.16583624805262,1.18303820996943,1.18583265810122,1.18714301435441,1.18469870622347,1.18670774122836,1.19020086811185,1.20094125251295,1.21168137003906,1.22547747319759,1.23027962195927,1.23324833946648,1.2354313769718,1.23892423698028,1.24224256073834,1.25088717575937,1.26075407828334,1.27035890955669,1.27647088082155,1.28013801020546,1.28345606708852,1.28965584022859,1.29524420274218,1.30310313776128,1.31279550403484,1.32004302842746,1.32082870842936,1.3224878703084,1.32187645968191,1.32205126280734,1.32493271218935,1.33148155783027,1.33750652784491,1.34623867786613,1.35051721787653,1.35270025538185,1.35217664663057,1.35505809601257,1.35724059976787,1.3631780347823,1.36998841792386,1.37889430357051,1.38107707420082,1.38221236045357,1.38177575295252,1.38317311045591,1.363875912909,1.31689844029482,1.2333342732167,1.11152478354561,0.944571519389779,0.775173413353017,0.622627929857214,0.495929023299249,0.402585755572344,0.342336055425895,0.297454352191795,0.258597618972351,0.222796604510323,0.181057621283861,0.142899033066114,0.10491524797379,0.0676298747581563,0.0340121646764404,0.00545920835703347,-0.0219587285846149,-0.0474556992715887,-0.0705075612026232,-0.095305853137902,-0.119842073822548,-0.144203758256759,-0.168041567064709,-0.19249078649914,-0.215193575929326,-0.236848614106962,-0.257630437282479,-0.278674331708629,-0.298844744257655,-0.32006290805923,-0.340669928109318,-0.356299729397317,-0.370881512557756,-0.384852418841719,-0.397077161996431,-0.409127368900724,-0.431830692080908,-0.455232694012793,-0.47837262469404,-0.502385503502413,-0.523429397928562,-0.537749376713374,-0.551108872370839,-0.564031493652255,-0.576517774307613,-0.594417881226116,-0.613016933771332,-0.631790522566965,-0.647246321354532,-0.662701853267106,-0.674751793296389,-0.686452127074825,-0.696842905225084,-0.715266887769865,-0.732119510310836,-0.74914693597723,-0.766436432894251,-0.782328572307882,-0.792457812957501,-0.803110662358398,-0.813326904258233,-0.82205878740445,-0.83498194243587,-0.849040116845048,-0.863622166880486,-0.873751140655111,-0.884665794431642,-0.892611730700955,-0.900121059469206,-0.905971493233431,-0.921251955145571,-0.936096076431659,-0.952337288346133,-0.96299013774703,-0.974516202150041,-0.980366902789272,-0.986042800303062,-0.989972267812613,-1.00394344097157,-1.01782707913032,-1.03293300479204,-1.04559408857282,-1.05851724360423,-1.06751093112609,-1.07676695677359,-1.08567364304524,-1.10043049620611,-1.11571122499326,-1.12138685563205,-1.12653834376958,-1.13038000940391,-1.13020520627849,-1.12959379565201,-1.14653368631817,-1.16364811323478,-1.18198536140435,-1.19613133768873,-1.21010277772269,-1.21429431648289,-1.21778744336638,-1.21997048087168,-1.23123447402406,-1.24241093217623,-1.24590352530972,-1.24852290344109,-1.25157888907352,-1.24965792281885,-1.24712581281269,-1.2607473797208,-1.27725039601091,-1.2835371704012,-1.29043508854297,-1.29715847043431,-1.29497569980401,-1.28912553291478,-1.30266009857268,-1.31497210985261,-1.31759175485897,-1.32169549174395,-1.30536674482926,-1.23201908652597,-1.12950706127678,-1.0027203528436
-0.814392237587615,-0.672636735296351,-0.518735739754918,-0.325861074136398,-0.137246361879824,-0.0868527036803387,0.178259446539214,0.383370189667846,0.528842139761409,0.668060174710007,0.860663364564794,0.918852532424735,0.960726837932504,0.983385922673501,0.991815245137455,0.990727679986002,0.995077940591801,1.02027476969155,1.05770767630141,1.07646914472022,1.08344801096079,1.0903365699575,1.09894733795742,1.10964292901638,1.13148675541792,1.15478048401068,1.16230313282697,1.16221227155095,1.16139618216323,1.16339014394625,1.16783154284416,1.1801584816303,1.1955669473509,1.20762185634114,1.21369460296622,1.21460099959779,1.22058316196294,1.22756230521959,1.2356290136277,1.24686783323022,1.26390736966192,1.26916402689928,1.27142974146213,1.27287992066941,1.27596172461998,1.27768393362317,1.28566005777134,1.29445199429114,1.30478469427817,1.30859172634041,1.30922637019216,1.30922664720825,1.31221786689886,1.31548083936931,1.32282204264964,1.33215748472907,1.34239904642399,1.34638669297395,1.348199209221,1.34974024970433,1.35282205365488,1.35572268908555,1.36224863402642,1.36968069858278,1.37684045632715,1.37992142922945,1.38146163866451,1.38263951105982,1.38626482057001,1.39061563520798,1.39804825379651,1.40575290218094,1.41363871908525,1.4167208000519,1.40811030906806,1.36913636197489,1.30043332560803,1.1930283719439,1.04628713414683,0.876524474569013,0.718454109925577,0.573345050903941,0.455608228301041,0.369140981422971,0.308686376016271,0.25811127228081,0.215965213993225,0.177444742231919,0.143002778296589,0.108379645841385,0.0742094346858839,0.0430304432209958,0.0120328972920713,-0.0152484778506372,-0.0402641384305033,-0.063194975951317,-0.0857634764323772,-0.105431895514929,-0.131898012318175,-0.157095118434005,-0.182745422865621,-0.204407803731192,-0.226795135692372,-0.244016117660034,-0.262415249039086,-0.279273616950904,-0.303110851103297,-0.326676055459771,-0.351600854763616,-0.374713137820394,-0.395922043354101,-0.412689827005976,-0.428460906782432,-0.442238024775862,-0.456558925345022,-0.475592977591913,-0.494989366878558,-0.514838677464906,-0.528343211630262,-0.541394270463748,-0.551182356826804,-0.560517521890151,-0.569308904377775,-0.592149157638652,-0.614989687915619,-0.638555446304272,-0.65885823222249,-0.679070433880771,-0.690853590091182,-0.701911518189906,-0.71179101986115,-0.727652406881459,-0.743604655177794,-0.760100409033763,-0.775327429218406,-0.789194854455695,-0.798983771867002,-0.807775431370716,-0.81683912067033,-0.827806187493027,-0.841130107170677,-0.855541591999774,-0.870043661088813,-0.88209857007904,-0.8929750526418,-0.902763416020934,-0.911373352972594,-0.920164735460218,-0.932762872994008,-0.946176822899421,-0.955784294774771,-0.964576231294568,-0.973005553758516,-0.978171903752035,-0.982250411578017,-0.992945448604807,-1.00617850700643,-1.0197741794639,-1.02539400478928,-1.03146730544654,-1.03418704937342,-1.03482169322517,-1.03464052470529,-1.05204267519284,-1.06871959756868,-1.08621205530008,-1.10071384737304,-1.11702843270912,-1.12500455685729,-1.13388707763703,-1.14286045969279,-1.16044433273238,-1.17594338271293,-1.18255991191374,-1.19053603606191,-1.19669936694694,-1.1973337337826,-1.19905594278581,-1.21854291633239,-1.23494808592843,-1.24165519938918,-1.24636807405082,-1.24972135376511,-1.24237959645261,-1.23540045319595,-1.24890498736131,-1.26639799912487,-1.27464587605286,-1.28262172318494,-1.28987261922142,-1.28642847823111,-1.28035545458994,-1.2929538691398,-1.3088155331762,-1.31506944832116,-1.31978259999889,-1.29966153663272,-1.22162333520252,-1.11104627034398,-0.975634990441537
-0.753184714401713,-0.474369542497593,-0.194033080584236,0.129982815458595,0.463486735488151,0.660134191662586,0.777925699208884,0.841117914093343,0.831719892698423,0.7904571239064,0.810954461889077,0.859198860302684,0.913082235691703,0.960162892386322,0.993996480674713,0.996681512402932,0.990416073618281,0.997845254121914,1.0163734776492,1.036602175677,1.06032155173354,1.08081861615212,1.08377228783521,1.08421956515316,1.09308085376654,1.10355316141686,1.11393601360358,1.13013702725701,1.14759123809302,1.15287211964996,1.15555742494229,1.15654198216999,1.16137503928077,1.16513408370027,1.17596448676905,1.18822699794759,1.20201107269946,1.20773950513847,1.21203582946772,1.2198228318257,1.22931058224832,1.23852996628017,1.25285132094179,1.26788859287624,1.2711109045142,1.27039471367728,1.26761967935726,1.26779859028443,1.26958879381265,1.27791307608039,1.2884751127584,1.30046953111027,1.30270728552054,1.30199109468362,1.30029034661899,1.30154327023746,1.30395966201079,1.31237339974212,1.32195087919243,1.33233373137916,1.33573522750841,1.33627250741816,1.33600414102741,1.3390475417382,1.3429863177772,1.35059468277212,1.35990352226756,1.36885399278042,1.37082283367171,1.3698377293158,1.36813670768706,1.36965799769628,1.37216439206143,1.37807228255584,1.37449242262762,1.34146448063975,1.26618921263215,1.15027736407766,0.993460295021393,0.815429970709619,0.652079096477934,0.514506441785885,0.407634792771953,0.331643333927428,0.279550435630738,0.233543791627408,0.192549389226148,0.152539544052585,0.120943436610365,0.0911372591322405,0.0634793806008014,0.0381487119432195,0.0150557976959087,-0.0165403097463241,-0.04750968181521,-0.0754356531733121,-0.105420468014501,-0.133257257473112,-0.156887178066071,-0.179174446012856,-0.203699741934027,-0.222854427270544,-0.245052239753744,-0.265549304172314,-0.287210110309878,-0.301262551452518,-0.318895126087483,-0.333484573575758,-0.34870075643738,-0.361947824843609,-0.386920398082727,-0.410550592239787,-0.434538608251209,-0.458347713335452,-0.479739879518133,-0.494866606916163,-0.509277143477267,-0.5234193136476,-0.536218557607672,-0.554120045761621,-0.572647995724797,-0.59180268106132,-0.604333832194729,-0.617312807774295,-0.62760620449742,-0.635841031301578,-0.643001571850334,-0.662692989968385,-0.681578761785924,-0.700285896240392,-0.716844731748174,-0.7330457454016,-0.74289186480679,-0.752648528748405,-0.761867912780248,-0.777890015506496,-0.794538580041972,-0.811007960086169,-0.827029789248316,-0.842693522991987,-0.853613107960245,-0.864711603855688,-0.87482581608754,-0.887177509165544,-0.90033484854408,-0.914655929641591,-0.923159122836507,-0.933631156922722,-0.941686525671475,-0.947951690892019,-0.953053387957681,-0.967821746373135,-0.980173713015253,-0.993152415030723,-0.999060305525125,-1.00640030412927,-1.0082805102493,-1.01105554456931,-1.01338302800729,-1.03200043343405,-1.04837981088644,-1.06592265649371,-1.07988536860865,-1.09393753618718,-1.0994867841349,-1.1062895028293,-1.11255521517806,-1.1275924871125,-1.14415132262029,-1.15328097762443,-1.16366355624705,-1.17520987658866,-1.18066994263689,-1.18478762960308,-1.20555388110474,-1.22426156268743,-1.23142265036441,-1.23903101535933,-1.24511754321679,-1.24099985625061,-1.23670298479313,-1.25138188774501,-1.26615051972458,-1.27313187578205,-1.2802924163308,-1.28691622409803,-1.28485765417904,-1.28127724712261,-1.29506159543859,-1.31009914093714,-1.31582757337615,-1.31949716233207,-1.32379348666132,-1.31922824881308,-1.31224634562739,-1.32576178042438,-1.32898409206236,-1.28736322785186,-1.22175462119407,-1.11747882200887
-0.792978726021091,-0.703872706319591,-0.596287124920449,-0.442207734821142,-0.290069014623091,-0.236571257327794,0.0754693784660084,0.319583215063434,0.502183360562108,0.667147781162732,0.862995545463769,0.899785488864991,0.938347437966077,0.967290111765229,0.983660339360226,0.99471454985559,1.0027309994517,1.0185949765462,1.04340331424077,1.06432979634014,1.07698683254134,1.09082529184122,1.10795450834244,1.11504253114194,1.12170863554164,1.12727790683967,1.1328471781377,1.13656011163517,1.14744514213648,1.16069301883519,1.1738565634332,1.18170383303526,1.18592275913688,1.19478278763625,1.20330522983651,1.21351508773963,1.22718488283813,1.24313293413699,1.24667694553674,1.24828002913889,1.24735186023861,1.25098020373905,1.25435529304109,1.26439648674281,1.27570369354026,1.28836098763778,1.28962674283716,1.2896270007335,1.28785525292996,1.28937426232775,1.29173710852514,1.30051306282015,1.31055451441821,1.32228363961545,1.3261652373143,1.32751532461437,1.32743073461735,1.32574306101817,1.32532088472204,1.32996147132713,1.33645839573277,1.34371482483732,1.35223700914125,1.3562872710415,1.35755328413721,1.35780679623196,1.36194190602555,1.36692059472239,1.37409294962258,1.38312138442701,1.39265606973191,1.39316180443974,1.39122061874581,1.3891107688505,1.37577830215477,1.33831292825902,1.27258005316231,1.17081673936329,1.02956330756288,0.867889902059925,0.709844840057412,0.573317100651785,0.463790849351394,0.384472769153213,0.329203006158029,0.286927865663139,0.248618397071466,0.213262615174688,0.181113516274892,0.147951916374105,0.115212234873132,0.0841602269713285,0.0540361300734764,0.0255994488784795,-0.000221389817054502,-0.0239326365136232,-0.047053042712668,-0.0682325211141327,-0.0912683373161512,-0.113460316718588,-0.135989882420121,-0.1584353739173,-0.179530778114394,-0.198516590312512,-0.217164816211534,-0.235306533713734,-0.252097906019517,-0.272433289725052,-0.293274923931074,-0.314116558137095,-0.335296036538554,-0.355041095539238,-0.372929816739357,-0.389553040636429,-0.406345186631217,-0.421871319530284,-0.439338380226937,-0.456467854624495,-0.474187653726898,-0.489460274531223,-0.505155071631676,-0.520427692436001,-0.533843975439755,-0.547091852138461,-0.562955571336635,-0.578228450037291,-0.593501586634278,-0.609702892131547,-0.618562920630914,-0.625566611329721,-0.632654892025543,-0.638815003821089,-0.645312701915735,-0.665479937212547,-0.686659673510336,-0.707164237209924,-0.728343715611377,-0.747497934114549,-0.758804883015669,-0.769352585114216,-0.78057520191464,-0.790447731414985,-0.803273689713894,-0.817365403212192,-0.832047699311655,-0.843608160307523,-0.860231384204583,-0.879554782701808,-0.902000274198987,-0.927567858696115,-0.962670128498151,-0.993131553798767,-1.02030196400172,-1.03624975740425,-1.04797836680883,-1.05236621500816,-1.0567540632075,-1.05852632680371,-1.07481196440167,-1.09151952039944,-1.10907065530045,-1.11919618110287,-1.13033420790627,-1.13463746610858,-1.13792822330992,-1.13936264271069,-1.15446685720996,-1.17024624430744,-1.18535045880671,-1.19539191040477,-1.20678344930291,-1.21176188010343,-1.21496804730774,-1.21741496770948,-1.23133750121373,-1.2439099474179,-1.24770695511972,-1.25125096651947,-1.2542884695224,-1.25015387552147,-1.24635686781964,-1.25926741611558,-1.27487813901167,-1.29133295660368,-1.30432783700031,-1.31706946319853,-1.32061321670194,-1.32263821870389,-1.3244097086111,-1.33419764811442,-1.34466076021594,-1.34803610741431,-1.34938619471439,-1.350314621511,-1.34677061011126,-1.34246709401261,-1.2974920368139,-1.20644483141848,-1.06713181162301,-0.866558354927192
-0.871514896930297,-0.58509341909424,-0.309332498128403,-0.053489136178227,0.187859972489901,0.474000510742477,0.653071915690115,0.79586181682923,0.91387158919343,0.959972260112501,0.907606893700138,0.90162256619402,0.905736916391166,0.916771011446145,0.952024213503533,1.00130381726804,1.02383957315478,1.03038549402971,1.03487423980607,1.04450620912701,1.05900074820721,1.08555825568983,1.11473367424537,1.12371087999994,1.12193407288853,1.11744532711218,1.12268143505618,1.12913332833908,1.14736725044093,1.16653658989447,1.18823095602153,1.19477659109831,1.20038738041967,1.20179064934632,1.20843031201513,1.21291905779148,1.22498231199205,1.23713873639019,1.25088448431198,1.25677535582237,1.26023494245314,1.26247874374502,1.26724757171039,1.27117500991609,1.27959119389814,1.29015829477265,1.29913578632536,1.30194146678419,1.3044664934577,1.30530816901553,1.30792636588661,1.31334995741838,1.32223342137906,1.33261303866581,1.34271200216723,1.34766802792221,1.34916389545012,1.34953743363487,1.35337084424854,1.36141234685324,1.37169793654794,1.38385407514794,1.39629115333141,1.39853581201774,1.39545033516804,1.39283242409511,1.38853116190651,1.38712846457617,1.39227111652445,1.39965814136091,1.40657788621875,1.41555480617515,1.41901467860406,1.42144624928184,1.39769470805621,1.33999863451151,1.23984896026624,1.09948977241045,0.912001326086301,0.726476884663162,0.557691069410239,0.420418215798618,0.315500285184276,0.248360583300835,0.201512550214108,0.166540001942044,0.133063606996055,0.103420622663725,0.0764892911982087,0.0414224295359651,0.00326980522586181,-0.0319839684278395,-0.0674243682748356,-0.0957578254743914,-0.118200125365408,-0.136901899042175,-0.155229562937888,-0.170378008190019,-0.197776333836017,-0.224426439919903,-0.251356913990969,-0.276884690731695,-0.298017463489944,-0.310360228283232,-0.32317084465146,-0.334485593491763,-0.347109583666689,-0.370300388917962,-0.396577242615252,-0.42089009141154,-0.447634225087462,-0.466056202373355,-0.4801766316725,-0.491024100534184,-0.503741832502983,-0.512531840467944,-0.535815530118639,-0.555919715327601,-0.579296860974025,-0.598185546642249,-0.61585873276973,-0.625022850515737,-0.636244429158474,-0.642696894037674,-0.654666406444367,-0.672714273949207,-0.692538662767303,-0.710399046684378,-0.730410061695762,-0.745371594956442,-0.758182211324669,-0.767532669465827,-0.778005456950151,-0.789226463996581,-0.805029387016945,-0.817933459380895,-0.83345630021223,-0.840563242859664,-0.845893378395699,-0.846828795747407,-0.848325520669776,-0.848886828240443,-0.864503125067501,-0.881989685001686,-0.90097211246379,-0.914250294608793,-0.926873998985569,-0.932391046513055,-0.93491578738841,-0.937347072268036,-0.951934495747657,-0.967737704566165,-0.982418869839671,-0.997286947104622,-1.01019130526672,-1.01683068213737,-1.02159951010275,-1.02767729360459,-1.03665392776286,-1.0495580001268,-1.06283589647365,-1.07012946531439,-1.07405690352009,-1.07686229818077,-1.07648847419787,-1.07527326045528,-1.08827136041126,-1.10519661277478,-1.11997123404401,-1.12539482557578,-1.1317535486611,-1.12988357135214,-1.12726566027921,-1.12586324874702,-1.1455004397755,-1.16270634592435,-1.18028607605611,-1.19160053909826,-1.20319537012759,-1.2019795847887,-1.20328854032517,-1.20478469365124,-1.21638009627687,-1.22732130693243,-1.23050081137417,-1.23134248693202,-1.23162314071734,-1.22573198340879,-1.22012119408743,-1.23321275003913,-1.245462630433,-1.24621056419696,-1.24630402019269,-1.24649093218414,-1.23629822688885,-1.22965913581634,-1.20824570927277,-1.14428522603291,-1.04927934692854,-0.912474344891845
-0.703436495528827,-0.460006078753126,-0.205137865049262,0.0935891829505074,0.39645903986315,0.608188752200819,0.749581821234894,0.825771685688745,0.824600766207285,0.790107911506005,0.79226946079794,0.829914769853029,0.883230416707558,0.936185484220128,0.975811777644769,0.984727445939049,0.983916555296739,0.993732846191704,1.01390629699458,1.0384925783397,1.06785226956903,1.09054757375439,1.09523070117741,1.09784228651828,1.10774858462303,1.12107708345955,1.13566623373591,1.15592941649717,1.176372613678,1.18285671105098,1.18420764495201,1.18420792020342,1.18799042502575,1.19096258970858,1.20059914143538,1.21365761864254,1.2283370513801,1.23518172809504,1.24013515239882,1.24797045892425,1.25688667772133,1.26472225949816,1.27742070786617,1.29110978604466,1.29804446996939,1.30020601926133,1.30191725725291,1.30723098564725,1.31272472846117,1.32227099772677,1.33379852661332,1.34622667810057,1.34775762642117,1.34883826344144,1.34739732233062,1.35172014566307,1.35586267932455,1.36612928151986,1.37603585487602,1.38747337655279,1.38729308688181,1.38513153758988,1.3824293945364,1.37801573823994,1.37441269733438,1.37666370333329,1.38026564323322,1.38440817689469,1.39278380193024,1.39944846422562,1.40557280801086,1.41232775276742,1.42151426844528,1.42817920599206,1.42421696200156,1.38792341260172,1.30894139788462,1.17835552480739,0.999407704430818,0.793352024578049,0.606748912095629,0.449955802142884,0.331707798091693,0.253355833843103,0.204633307201805,0.156811678412595,0.11367290179499,0.0728756888889013,0.0333396779254562,-0.00367447965549879,-0.0351051624641587,-0.0665358452728185,-0.0955346819087789,-0.123002845475539,-0.150471284293703,-0.176318492330068,-0.199463832564368,-0.222519165588883,-0.244673600761309,-0.265386819571499,-0.286190045591485,-0.307263568492235,-0.327977062553835,-0.348240520566494,-0.367963660069024,-0.387146756312834,-0.405609244375529,-0.423170834586123,-0.441092453635873,-0.459284369566393,-0.477295995825928,-0.495397629295253,-0.513949849316328,-0.532232047708044,-0.550694260519334,-0.56789554663938,-0.584466507039505,-0.60157778594976,-0.618418767979244,-0.633818808897909,-0.649939457997689,-0.666600700859009,-0.681640712938529,-0.696410703388684,-0.712081316439517,-0.727031321309247,-0.741350725207652,-0.756030433196617,-0.769629228913913,-0.782777713330858,-0.796466791509342,-0.810065587226638,-0.818621226681769,-0.827086858927109,-0.834201557271413,-0.840145336134269,-0.844738456347493,-0.857976947974228,-0.871575743691518,-0.876619175205088,-0.881212295418318,-0.886525748561248,-0.886796045442012,-0.886075712512313,-0.903727034681293,-0.922458993870539,-0.941731546821319,-0.956140957929514,-0.971631006057969,-0.976584430361755,-0.980096913554714,-0.982078173175664,-0.9945963318727,-1.00558354224912,-1.00855543168054,-1.01179761799273,-1.01413945695564,-1.01098755310464,-1.00864626464454,-1.0241365880244,-1.04079755563432,-1.04881260132791,-1.05601730688201,-1.06250140425499,-1.05970952924314,-1.05466637298098,-1.07033671078041,-1.08735798248088,-1.09411237673463,-1.10005615559748,-1.10654025297046,-1.10185740079886,-1.09501299933532,-1.10942268569492,-1.1256336172559,-1.13184769299952,-1.13707086368125,-1.14355468580283,-1.13869126870884,-1.13157629511312,-1.14589569901152,-1.16066541421027,-1.16417789740323,-1.16687948995389,-1.17093201640558,-1.16291642020918,-1.15616175070402,-1.17237240701359,-1.1906546054053,-1.19749928212024,-1.20569516798763,-1.21272013437356,-1.20641605142015,-1.19993195404717,-1.21515225579767,-1.22911135560552,-1.21812414522909,-1.16733062700845,-1.08924895964063,-0.959473151451494
-0.739595223251106,-0.478911874029676,-0.203782751836786,0.111981854304457,0.431194896302221,0.663451295556433,0.79514388765018,0.853114697959112,0.842116791137279,0.802319915743513,0.790669979376366,0.826459251592729,0.883964611365586,0.939419596010797,0.9689645957663,0.977539254295417,0.979310473042818,0.986021050600076,1.0023314742503,1.02991896110259,1.05853163551873,1.07213879993562,1.07866279848364,1.08910125313115,1.10364102774087,1.11985830431318,1.14092207747092,1.16161297746359,1.1678575347779,1.16776410284656,1.17270374650988,1.18034607969962,1.18864072728813,1.20364566758047,1.22172617056427,1.22750413792872,1.22806302039614,1.22834246162985,1.23300266405946,1.2382223186634,1.24949995157238,1.26385314717285,1.2774605964432,1.28007042374516,1.27969783543356,1.27811348054886,1.27857950079182,1.2799775615207,1.28827220910922,1.29843065281613,1.31008058918326,1.31576569432327,1.31874810993684,1.32070533798659,1.32434035285238,1.32890740820409,1.33692289941235,1.34689561867036,1.35696176985971,1.36106308982191,1.36162254199623,1.36227514124845,1.36628274442585,1.37084923007066,1.37970276012659,1.39060666531017,1.39899417512313,1.39992564590215,1.39852730031982,1.39582432593996,1.39815442715477,1.40411954323536,1.41343994809461,1.42434470783853,1.42518360124655,1.38333635072514,1.29898925043009,1.17326120471004,1.00177145236908,0.805397187555688,0.628036035918924,0.48040589334002,0.363252221295644,0.282446988788487,0.22736516216178,0.182442064095444,0.140035646253158,0.100984232336071,0.0643560667116944,0.0297782762149624,-0.0030285803878225,-0.0337850618629496,-0.0631431977557522,-0.0913829990068172,-0.117292699043079,-0.142550084680572,-0.167434597153008,-0.190734754740749,-0.213941480397144,-0.237521079218596,-0.260075490476222,-0.282257313422232,-0.304812009533299,-0.326807823176964,-0.347964743412596,-0.369121663648228,-0.389439690475851,-0.408639382661737,-0.427932221925529,-0.446479599712653,-0.46512012457767,-0.483480923355541,-0.502028016289211,-0.51982936289276,-0.53781700365212,-0.555711212480127,-0.573046538840713,-0.590475012279217,-0.607903485717708,-0.625145380146947,-0.642387559429633,-0.65934972777172,-0.676032454880083,-0.692342308823402,-0.708652447620174,-0.723657672765944,-0.738849476920985,-0.753761554988868,-0.767648730346373,-0.781535620850424,-0.796261404762502,-0.800362439871258,-0.805115789378777,-0.809029960624827,-0.811360061839637,-0.81154664084889,-0.831584941589349,-0.848827405725489,-0.867747656677664,-0.883871786172073,-0.901020818376859,-0.907917690089935,-0.916119190600535,-0.923388935478681,-0.937555267216442,-0.949391782592842,-0.951721598954197,-0.953492247994697,-0.954050845608658,-0.949576937334844,-0.94864461199547,-0.966539105676924,-0.984340452280473,-0.99664327275329,-1.00941182861562,-1.01975713618523,-1.0202231564282,-1.02031658835955,-1.03327172323113,-1.04771835076294,-1.06132608488674,-1.07111250998894,-1.08061892415053,-1.08388078099781,-1.08453281054314,-1.08826068763337,-1.09963118276681,-1.11221344447333,-1.11929661034221,-1.12833700426085,-1.13467442379961,-1.13635164090875,-1.1364445031332,-1.14613749630406,-1.15517817507613,-1.15974523042785,-1.16496460017832,-1.17064999017177,-1.17064970531831,-1.16962423290104,-1.17950323537425,-1.18835733513707,-1.19366985196546,-1.20028756729828,-1.20671870362184,-1.20615982115443,-1.2074647348054,-1.21631883456824,-1.21547994116021,-1.21408188043133,-1.21259067262453,-1.20960825701095,-1.20187249188986,-1.21147176827591,-1.22358772488602,-1.22507864783936,-1.18108759025893,-1.09301261287364,-0.962531502499527,-0.78153533599697
-0.61212070603231,-0.406561558684596,-0.21254143636067,-0.0164741410573131,0.184990660331554,0.465924907943081,0.642451058335315,0.789292916117298,0.909614242364779,0.956700642934454,0.906265046893023,0.898076639383909,0.90300885302786,0.913617008759946,0.949815395552003,0.998203818614011,1.02314218520207,1.031237306696,1.03682024717754,1.04249647367425,1.05366320786308,1.07822985243334,1.10577453927472,1.11433609084455,1.11843072121198,1.12661969753826,1.13722813767894,1.14746428698464,1.16737800713932,1.1871057240808,1.1917583640878,1.19138607325284,1.19064177599149,1.19436411552396,1.19911004154614,1.21204494389461,1.22646900958292,1.24117179568244,1.24563843247625,1.24777889147085,1.24917476879553,1.25187295302112,1.25717717309145,1.2667620267424,1.27895206301235,1.28993250957941,1.29728390262917,1.29923778959341,1.30165668459064,1.30286627429353,1.30547174132111,1.31086896299804,1.31924394253752,1.32761920648558,1.33394701304562,1.33897194388759,1.34343858068139,1.35041768289619,1.35702449427602,1.36577148024188,1.37461146781432,1.38224186568386,1.38373074461513,1.3841960370567,1.3841030354501,1.38745336855619,1.39340888428128,1.40280745031045,1.41406718610587,1.42411733219839,1.42765338410908,1.42700237286292,1.42560677994683,1.42774723894143,1.40801952199994,1.35488488850717,1.26238753832944,1.12531682182018,0.931761423120646,0.734483969297225,0.559074407001302,0.41539659470364,0.308568749261353,0.245011678841109,0.199507443217878,0.161447886659581,0.124784491834551,0.087004224504624,0.0502475436644149,0.0159100422300099,-0.0190787548591453,-0.0524859558190178,-0.0822638188530155,-0.110738806168938,-0.139027505863083,-0.163222144006961,-0.185369324762835,-0.208540376417002,-0.229105961043586,-0.243064734290347,-0.257116224735118,-0.271167715179876,-0.282892459008279,-0.295826792539565,-0.320020861866281,-0.345517806911079,-0.370456457907718,-0.395674682541309,-0.417542858477394,-0.432803938625067,-0.44713443388962,-0.46146492915418,-0.475888141616737,-0.4959878649846,-0.516552880794023,-0.537024894996853,-0.557031616758124,-0.575642745603302,-0.591183114979345,-0.605886185487447,-0.61965867111243,-0.633431156737412,-0.648785238491677,-0.6633950229846,-0.679493402000207,-0.690194843747467,-0.702106159606216,-0.712156590107319,-0.722299737806426,-0.730023706099736,-0.749472418221429,-0.765757084858821,-0.784368213703999,-0.79572123551459,-0.808749139469649,-0.813960357933381,-0.82093946014818,-0.823637928782354,-0.839922311011151,-0.85304264775564,-0.868954454740895,-0.880678914160704,-0.894171541740148,-0.900592065498208,-0.90943233747924,-0.914736841958158,-0.927486025502016,-0.941072507913815,-0.955031281160569,-0.962289957012318,-0.971223515008524,-0.974480562099431,-0.977551605977147,-0.979040484908419,-0.992626398503043,-1.00630531370426,-1.02268269753967,-1.02845164123439,-1.03636104392372,-1.03617475630194,-1.03645376112173,-1.03375500807898,-1.05152855364763,-1.06762721707182,-1.08698292758693,-1.09991782993538,-1.1156444869332,-1.11918082325247,-1.12308916599814,-1.1248570497492,-1.13695408441256,-1.14672465686812,-1.14793424657102,-1.14988841794385,-1.15063299961377,-1.14625964883514,-1.14281688293962,-1.15993941726211,-1.17389790610029,-1.18292446570309,-1.19008985553966,-1.19744124858941,-1.19250903494546,-1.19036857595086,-1.20200003376408,-1.21791184074933,-1.22851971207283,-1.23838328613499,-1.24601339959596,-1.24647869203751,-1.2428499229288,-1.24852671824268,-1.25848414713719,-1.26630140144567,-1.26881415127524,-1.27188491074438,-1.24210676330179,-1.15258688657802,-1.0406408242786,-0.889704620537758
-0.809516377410233,-0.610846924063017,-0.440340942711609,-0.230215507956016,-0.00109208661033916,0.354526529581945,0.582217588522909,0.769907833769825,0.883323858766944,0.918647100305797,0.86203450082543,0.862989506356215,0.888670780964193,0.928290234368385,0.980606913766335,1.00600165753679,1.01297089282636,1.01927165342268,1.02967779984793,1.04762595145488,1.07750744134415,1.10576603457522,1.1146446973605,1.11531288027082,1.12180446690354,1.13211520031059,1.14586284485333,1.16743873363238,1.18987392314107,1.19598414948392,1.1978932851967,1.20085225589259,1.2054344150296,1.21030310500414,1.22214103026824,1.23474284324381,1.24276249708235,1.24581746436231,1.249731440589,1.25784592387989,1.26586499415259,1.27617514399378,1.28906319602394,1.29975558150379,1.3018558350359,1.30271513576556,1.30262001453029,1.3038615508986,1.30596238799656,1.31283679383379,1.32095215247347,1.32925804536663,1.33403132232296,1.33775447251325,1.34348246321744,1.35006975465129,1.35713469474199,1.36620476712952,1.37613384846378,1.37947534658127,1.37995270345519,1.37947534658127,1.38128906927585,1.3847256886286,1.39093103620671,1.39885469346121,1.4070645897703,1.40925996453767,1.40735053704197,1.40715971100557,1.40525057529279,1.40515545405752,1.40907001385007,1.41451176549965,1.40868806999433,1.37088263106766,1.28925723167257,1.16285715806124,0.991109640341512,0.792439895211361,0.61019052626526,0.457440703352686,0.337531924591128,0.253710275079888,0.19604725705054,0.146403601076826,0.102201988535621,0.067547513472965,0.0364253625641779,0.00950371871961238,-0.0150311407553258,-0.0384207522289442,-0.0726941587846733,-0.106967273557474,-0.139044721779968,-0.170644813128533,-0.200526303017792,-0.221147186266044,-0.240527408494775,-0.260193869778119,-0.278046608366869,-0.297713069650201,-0.319670610502041,-0.340864263642418,-0.356998400771861,-0.373132246118375,-0.387261542733923,-0.399959060510615,-0.412179221413378,-0.433373166336684,-0.454949346898649,-0.476525235677693,-0.498482776529521,-0.520822261237087,-0.538579295024706,-0.556145210993005,-0.573043235833905,-0.588700307872355,-0.603880023036883,-0.617627667579627,-0.63061142441092,-0.64159004894537,-0.65256867347982,-0.663451593213138,-0.674239099928261,-0.685122311444521,-0.700206321807912,-0.715576571225903,-0.732092652211078,-0.744599052168437,-0.756055033576814,-0.765315056651957,-0.774766197546433,-0.781257784179138,-0.797105098688129,-0.81352547487218,-0.830518620948347,-0.839301578932497,-0.848371067754176,-0.852190214528522,-0.855245473591405,-0.855628001012994,-0.87023523806832,-0.885988014907901,-0.901453969127023,-0.912051233371611,-0.923984571653917,-0.928948674646648,-0.933244594729059,-0.937731632630797,-0.953006469030587,-0.96856812805084,-0.983938669251761,-0.99759060899338,-1.01086060487926,-1.01802066620523,-1.02460766585615,-1.02976288666821,-1.03816390079664,-1.04742421565471,-1.04675574096145,-1.0458964402318,-1.04646921012392,-1.04456007441114,-1.04093262902198,-1.05706705793436,-1.07310578204561,-1.08818950062607,-1.10241391847689,-1.11692457538229,-1.12188867837503,-1.12637571627677,-1.13248594261961,-1.14155572322421,-1.15158021757668,-1.15425353278384,-1.15721308704561,-1.15826321381165,-1.15702196922627,-1.15425324100091,-1.16484992167964,-1.17496953726737,-1.17831103538486,-1.18165282528528,-1.18547197205961,-1.18184452667046,-1.1788849724087,-1.19072289767281,-1.20370607093823,-1.20933806505836,-1.21506576397962,-1.22003015875528,-1.2164978346014,-1.21143831859047,-1.22079463003261,-1.23206036897044,-1.19950585565695,-1.13449224204816,-1.02508560629593,-0.846082614232042
-0.765280627354394,-0.686149588840148,-0.585350659068568,-0.512710769041985,-0.498583696036746,-0.142543180408933,0.135607054211049,0.367748903561525,0.611345514899391,0.870405646488424,0.904291483753092,0.937223049255824,0.964427233764866,0.972349644026927,0.972826634039401,0.991153553050402,1.02570775980655,1.05157608054367,1.06703989253185,1.07954461602068,1.08994941650663,1.10216736251398,1.12488492353575,1.15142073855331,1.16459324805959,1.16831581231589,1.17547503855801,1.1832069445521,1.19189341404514,1.20735693429631,1.22711569855574,1.23236550606296,1.23179282631099,1.23083826281204,1.23561078856978,1.24028791632501,1.2535558238338,1.26901905234796,1.28362340710267,1.28715517535399,1.2889689043494,1.28801434085044,1.29087803134729,1.29574595510752,1.30653234760344,1.31884598335029,1.33268715408506,1.33917830257272,1.34166069279662,1.34127910078664,1.34252015003008,1.34309282978205,1.34824723928677,1.35540588205487,1.36514202131234,1.36972345932807,1.37325493584237,1.37621373260471,1.38155893811441,1.38747653163907,1.39587622365061,1.40599395491805,1.41467984093707,1.41763863769941,1.41802052144639,1.41754323969692,1.4215522896977,1.42766126270136,1.43625204245491,1.44579738570739,1.45629729245884,1.45543841869938,1.45104806842564,1.44751659191133,1.4185943681464,1.35425906386588,1.25346071756832,1.10989897677106,0.918133529698898,0.72627268462424,0.553216040310072,0.410895057019238,0.30341476622904,0.240129423449948,0.195266397684367,0.158994151672317,0.127112839408043,0.0984768096505848,0.060677028650614,0.0227818496481536,-0.0135860861034014,-0.0491902543609895,-0.0797354111163333,-0.102644059880102,-0.123643289908951,-0.143974442183344,-0.161537593700384,-0.186832359474513,-0.212700096737616,-0.238759213479729,-0.263959164725379,-0.290113679469976,-0.311781862464319,-0.33173171446575,-0.350917507236205,-0.369435222252198,-0.388716413025142,-0.407425215783137,-0.426993184037587,-0.442647792030747,-0.458302108286904,-0.471951899542667,-0.484933029569956,-0.496768800093301,-0.514618145617824,-0.532467782879355,-0.550985789632363,-0.569695175864375,-0.582772870842196,-0.592414487308203,-0.601483132285235,-0.610169893515287,-0.618379081258853,-0.638042447515787,-0.658278201787684,-0.678705043801582,-0.699131885815467,-0.718795252072407,-0.732445043328177,-0.744854077077511,-0.755831265578424,-0.766044686585364,-0.777403467096247,-0.787521490100697,-0.79821190112011,-0.805657029632708,-0.812720566135321,-0.818543053394504,-0.825320104152632,-0.832383932392267,-0.847465568896452,-0.863406079160091,-0.879919560912699,-0.888701136671216,-0.895382497689846,-0.897673216697709,-0.898532090457164,-0.897959118968182,-0.912754269727883,-0.929267751480497,-0.944922067736654,-0.953608537229691,-0.962581492467218,-0.962677182206723,-0.962200192194255,-0.963250445432713,-0.979191247433354,-0.996659000947905,-1.01469972595144,-1.02749035171074,-1.03923101596861,-1.04276278421991,-1.04467191121783,-1.04562618297976,-1.05650768174117,-1.06738918050257,-1.07473891101267,-1.08113436976082,-1.08905736349692,-1.09115757823681,-1.09287620096674,-1.10309020544771,-1.11578572494153,-1.12714479718943,-1.13163142067669,-1.13583126668246,-1.13478101344401,-1.13182163320765,-1.12857576722681,-1.14069773175764,-1.15348806577994,-1.15511041529634,-1.15635117280277,-1.15768732831169,-1.15062350007206,-1.14231891432599,-1.15740055083019,-1.1737229448408,-1.18393665758476,-1.19310070056429,-1.2021690538043,-1.19901916929998,-1.1950104110362,-1.20388767653423,-1.21515105904262,-1.22479209203461,-1.20932915525745,-1.14442117122496,-1.04820455468015,-0.910847768363078
-0.667646890424509,-0.414663723295618,-0.171280550049253,0.113890239643881,0.413837552551065,0.642351004344704,0.767242684811691,0.843100010476218,0.854487742177993,0.814582212384687,0.794346688634248,0.827851455442179,0.879897206419983,0.926202060954235,0.965918605430195,0.98935336007778,0.989823953653373,0.988035928185235,1.00130632183826,1.02050630960329,1.03857670019758,1.05824699388931,1.07584650325912,1.08177580972225,1.08864601568767,1.10210453171138,1.11584551893999,1.12732788712487,1.14285718747051,1.15951608498691,1.16525726907935,1.16883360766452,1.17880955863951,1.18869144842918,1.19687937393603,1.21080848353533,1.22727868338327,1.23123155435869,1.23292551864148,1.23499572766565,1.23866612743615,1.24064256292386,1.24911324728451,1.25974877715244,1.26859599390335,1.27245480369342,1.27631361348349,1.2848780713806,1.29315977042391,1.30238294426729,1.31442967956423,1.32713513080744,1.3299584046121,1.33042928583657,1.33061769585615,1.3341943220902,1.33767688713891,1.34595916147999,1.35565292889896,1.36553481868862,1.36769908889812,1.36854592721509,1.36807533363949,1.37099295627838,1.37381651773194,1.38087542136581,1.38868681448241,1.39715721119418,1.3974393947502,1.39687473998927,1.39489830450156,1.39602818932119,1.39828709601381,1.40666371918913,1.40515787727702,1.37315866473232,1.29607768071169,1.17391550051291,1.00497787220431,0.815146867145625,0.638585968091089,0.491577540166842,0.379580296260397,0.302876132278911,0.243959600037911,0.195678310015956,0.151067419764511,0.107209018995797,0.0665507120708844,0.0329510211309594,-0.000648669808972041,-0.031142328090428,-0.0591886696597164,-0.0864819464484885,-0.113586813217707,-0.138338999757844,-0.158573948210518,-0.17824424190226,-0.196597103701451,-0.213726594793434,-0.230197082290259,-0.255796394796237,-0.280360458965697,-0.305489177896089,-0.328076518928949,-0.351699108298333,-0.368733962907213,-0.38708653705752,-0.404309514037069,-0.425391588455585,-0.445626824557141,-0.467650086126836,-0.489014344101379,-0.507084734695672,-0.52308434096802,-0.538424943645203,-0.551883172020027,-0.562518126590181,-0.580023574774647,-0.597246551754202,-0.615222593514255,-0.626799022884485,-0.640822193669123,-0.65098655466369,-0.659457239024347,-0.666139610267969,-0.686750803462002,-0.706044564763496,-0.724962081323618,-0.740114561630131,-0.756678822663411,-0.765055158189833,-0.773525554901601,-0.781619131574236,-0.800253889280565,-0.816912211499183,-0.834229249664083,-0.845240736624485,-0.856817165994715,-0.861523101750634,-0.866982102287055,-0.872064858082112,-0.889100000339861,-0.90509960661221,-0.922322871240648,-0.931640106269374,-0.94020427651759,-0.942556956746666,-0.944439331049032,-0.945380230551329,-0.961662308028588,-0.979544288603315,-0.996202898470816,-1.008626166158,-1.02076725028915,-1.02443765005966,-1.02603755315712,-1.030084197669,-1.04363677487805,-1.05765994566269,-1.06415419453564,-1.07027219866721,-1.07507277090623,-1.07469652616487,-1.07394374903325,-1.08937841289578,-1.10688328578248,-1.12278796792283,-1.13643431866833,-1.1490457087262,-1.15252827377491,-1.15431687454082,-1.15761160486773,-1.16674129282354,-1.17728247385724,-1.18387078391553,-1.19017691041778,-1.19657709810539,-1.19780075646148,-1.19874194361266,-1.20871789458766,-1.22010533864055,-1.22339863072304,-1.22829211355186,-1.23045638376137,-1.22847994827366,-1.22405677137154,-1.23440983003456,-1.24391576273173,-1.25248050827773,-1.26010377902365,-1.26923260403281,-1.26979697114486,-1.27158499661299,-1.28071410927103,-1.28043192571501,-1.22368052663018,-1.13248288593735,-1.00768584195347,-0.825478107640716
-0.603338315943606,-0.411486086397545,-0.207448460366224,0.00153657776872082,0.197878104962811,0.457162486200459,0.630690417543584,0.761065703299795,0.866337380969172,0.927356490324486,0.902619429806342,0.90124536646061,0.90967428041415,0.91984380528213,0.942656841090965,0.971425084801543,1.00294229526677,1.02364845261356,1.03748289312634,1.04957672272469,1.07064942764015,1.08558323083794,1.0977686273232,1.10491532483898,1.112886404358,1.11820036403032,1.12983635919412,1.14449574175226,1.15860516294682,1.16538503287285,1.16923308229147,1.1756464046488,1.18325065657805,1.19387829590164,1.20789587018823,1.22292124027294,1.22933428260921,1.23345675266749,1.24115257148366,1.25104739569092,1.26075908612436,1.2745938066582,1.28934503612429,1.29310179867705,1.2923692635818,1.28989583755104,1.29172829537345,1.29502638342848,1.30327216360822,1.31399136981871,1.32736769587589,1.33222354109261,1.33277350245618,1.33368973136739,1.33707994635146,1.33982891310612,1.34688404373499,1.35604633284698,1.36511705507207,1.36759104114494,1.36924008517246,1.3691482382645,1.37244632631954,1.37675193015164,1.38481401651544,1.39223513467088,1.40176369133051,1.40377928292672,1.40249706648895,1.39929082534188,1.40121513007224,1.40258947343904,1.40936962338614,1.4198141289359,1.40726190486089,1.35045711247181,1.25159903718084,1.10647252195853,0.914345311730686,0.72258464907153,0.555561606972654,0.419139546427801,0.317716758240227,0.252025497484127,0.202459529539869,0.159764998408544,0.120002007763582,0.0865604925679763,0.0559595110139471,0.0270072934663699,0.000803482631334087,-0.0227429283359528,-0.051786432749363,-0.0798224213857318,-0.107491582432357,-0.132412056745376,-0.15769935864815,-0.179321744906122,-0.199844488458022,-0.219817550667411,-0.245195859414972,-0.269382958569551,-0.292837242607802,-0.317757716920827,-0.338372307380698,-0.35568908980658,-0.372730891550677,-0.389039878178459,-0.401683669140373,-0.421931712031547,-0.441537946651186,-0.46059449992832,-0.477085500245668,-0.495409238406468,-0.507685921757579,-0.520604413380219,-0.533614751910829,-0.55203061700067,-0.570538048977423,-0.591244766366316,-0.61085156102808,-0.628442484072565,-0.643193433517597,-0.656661606482749,-0.668938289833848,-0.681123686319107,-0.696790584654289,-0.712915317424006,-0.72968129842314,-0.740400504633626,-0.74992850125113,-0.75707463872479,-0.762754865944741,-0.766511348476449,-0.782178526832683,-0.799036914781905,-0.81644498407364,-0.827073463460405,-0.838434757963491,-0.843199316314371,-0.847230779527858,-0.850895415151596,-0.868211077493236,-0.886900803180613,-0.904857713751663,-0.917500664650406,-0.929411080453874,-0.933808811214991,-0.936282797287872,-0.940314260501359,-0.955706738196873,-0.97229014546431,-0.989881628550919,-1.00499940558571,-1.0186512723668,-1.02570640299568,-1.03047096134655,-1.03505182588149,-1.04567946520507,-1.05731490032676,-1.06042957458692,-1.06510172598771,-1.06858322783763,-1.06876664163251,-1.0678504127213,-1.08406727242005,-1.10065067968749,-1.11466825397408,-1.12593686150602,-1.13720574905901,-1.13940419440798,-1.13995359572943,-1.14682531256343,-1.1589197022039,-1.17211345452939,-1.18063477543303,-1.18888111565489,-1.19291257886838,-1.19364567400576,-1.19272944509457,-1.20271583618872,-1.21398500376278,-1.2196655110038,-1.22525417133684,-1.22992688277974,-1.22864410629985,-1.22662823468258,-1.23615623130008,-1.24696700439748,-1.25429599562389,-1.26025092350457,-1.26565617004273,-1.26574773692964,-1.26409869290212,-1.27271130067161,-1.27839208793368,-1.23569783682342,-1.16515101087166,-1.05575714316508,-0.858682800854666
-0.78846519508079,-0.70841098245034,-0.591522837154537,-0.486481029499792,-0.477596771268896,-0.132023762939045,0.146452150180228,0.370325048458167,0.592994955547083,0.847964313347158,0.89544187532165,0.93421960188566,0.958374465647194,0.96642599261535,0.967814255196056,0.978734518735814,1.00760941870032,1.04213014611201,1.06165831650914,1.07128366030675,1.07942853011346,1.09108987921994,1.10673046181975,1.13032979426334,1.15346637251336,1.16373861046788,1.1679031153529,1.17715791636716,1.18863427693904,1.20149890009163,1.22074930482978,1.24120241789986,1.24758819948543,1.24721765670207,1.24545885133801,1.24749485664687,1.25073413600184,1.2598964427488,1.27303854870328,1.28692089165321,1.29201090492536,1.29302890757979,1.29487992435406,1.29728590673211,1.30052518608708,1.30755899325789,1.31829455112015,1.32801182347089,1.33476786498272,1.33782159008893,1.34143056365599,1.34402181742572,1.34809411090053,1.35290664137079,1.36086595692873,1.36734451563867,1.37271201171271,1.37428497997092,1.37585794822913,1.37844920199885,1.38353921527101,1.38807426293939,1.3964963326909,1.40510367383408,1.40945345011078,1.41037895849791,1.41315548365932,1.41796801412959,1.42509403271059,1.43342332533772,1.44499189731981,1.45489444106224,1.45748569483196,1.45100741897911,1.41815300266417,1.34457734874366,1.23176149692267,1.07665143923788,0.887020936998491,0.701925482427472,0.544501936631944,0.414009779759349,0.320814309745682,0.258344756470784,0.217531024597913,0.179031063692879,0.147101872907995,0.115450164924997,0.0891662358731394,0.0503885093091287,0.0154978048282409,-0.021058645035232,-0.054005555617461,-0.0848239666235301,-0.10694282507621,-0.12961721484683,-0.147386297022806,-0.165895899051333,-0.189495514351999,-0.213465389578947,-0.236046719368098,-0.26112709151677,-0.284541435425765,-0.304161534376009,-0.322300876478254,-0.340348007170291,-0.356451909677852,-0.373759086231519,-0.390973485660809,-0.408743133550955,-0.421607473846456,-0.435211768280326,-0.447335023009119,-0.459180512078929,-0.472044003803169,-0.49434756793335,-0.515725906533485,-0.537289516525296,-0.558575926572295,-0.573476555033754,-0.583379381633257,-0.592819454039204,-0.603000046297677,-0.611977081652965,-0.631041649285256,-0.648810731461238,-0.667597533434553,-0.679258033969777,-0.693325082597209,-0.700451384035313,-0.709058442321409,-0.716647780810166,-0.736175668350202,-0.753759761991592,-0.772917106748274,-0.79244442857414,-0.810583487819294,-0.821226268557166,-0.832054320686722,-0.842604607157301,-0.849823402862691,-0.860096206531385,-0.872405298366025,-0.884529401666072,-0.892303728689415,-0.902299332413308,-0.909425916708496,-0.916089463953031,-0.922289974146906,-0.936264528507052,-0.949498280157562,-0.965508556969484,-0.977169057504702,-0.989662855016842,-0.997529393450412,-1.00539621474105,-1.00946879107295,-1.02094543450192,-1.03103353249311,-1.03741959693575,-1.04278765872397,-1.05046892576585,-1.05296740241118,-1.05565115044821,-1.06712694530592,-1.08026848554623,-1.0921148231873,-1.09692735365755,-1.10220263832139,-1.10211014405409,-1.10081465859777,-1.10025912727983,-1.11589970987965,-1.13005925277439,-1.13727776562269,-1.14366298149408,-1.14819746344829,-1.14356963865553,-1.14125586768769,-1.1527316625454,-1.16633652269345,-1.18281040227019,-1.1968780166118,-1.20752108020677,-1.21187085648346,-1.2142768388615,-1.21390657893523,-1.22057012617977,-1.23028796424468,-1.23371251499134,-1.23593407454896,-1.23982109663209,-1.2385250454616,-1.2359332259777,-1.24435473001504,-1.24546494407968,-1.21538677006906,-1.14301467305175,-1.03001411555324,-0.863150780208846
-0.762313656656869,-0.569241151442438,-0.379407945024239,-0.180967159899214,0.0288582711130122,0.383534473927739,0.614462730099362,0.800964134821465,0.932487416956073,0.989965380907833,0.922029214484954,0.900741666409315,0.905277137337612,0.927120268579429,0.963124547121869,1.00227590444417,1.03004261587925,1.03522532422313,1.0340219378744,1.04494350349531,1.06326954435781,1.08215088550299,1.10473488859419,1.12574521085372,1.13176129394686,1.13361248347813,1.14277564535111,1.15351220517229,1.16360096181091,1.18026138470884,1.19886550003791,1.20525216049749,1.20784365611117,1.21034264882499,1.21422975080377,1.21672817775062,1.22478017329127,1.23570173891218,1.2453274152845,1.24865949986408,1.25263967050971,1.26069223181733,1.26920759050777,1.27920384424654,1.29280969126448,1.30687833566524,1.31058071472777,1.31048821182791,1.30928510836268,1.31030320602817,1.31178410107649,1.31918857631808,1.32973984745603,1.33908773224527,1.34316012290727,1.34399293188956,1.34380736032286,1.34352928585629,1.34556548118728,1.35074847241465,1.35769015027342,1.36555770578131,1.36990817090988,1.37231466072384,1.37324053837296,1.3753698023708,1.37805436665133,1.38351571522875,1.39045795885449,1.39758492539648,1.40221261634116,1.40434103168854,1.40683945863539,1.41081878063056,1.40563522363621,1.36944537352707,1.29623314720999,1.17831627786029,1.00949339370162,0.813088521024126,0.630659506964029,0.479422074701952,0.362153008534798,0.284313091273023,0.234980757295729,0.196385266023085,0.15186619455718,0.109198029739052,0.0687510660516625,0.0297849974125857,-0.00844104802756116,-0.0397254156089335,-0.0692510965589075,-0.0975733911601649,-0.124414790713104,-0.150330312616915,-0.175690534238038,-0.199662646594209,-0.223356967367294,-0.246588773641039,-0.268709979349426,-0.290461173458348,-0.312674882066592,-0.333778272992964,-0.353955786270208,-0.374503311146923,-0.393662160991699,-0.41208070475406,-0.430776757216024,-0.449287803878248,-0.467151330241412,-0.485477936870879,-0.50352675191726,-0.521205272480691,-0.539068798843862,-0.556469244940723,-0.573684402354362,-0.590344259485319,-0.606633822133333,-0.622460870282006,-0.638195698414307,-0.653745237863385,-0.669572286012058,-0.685029322561273,-0.700578579126861,-0.715849761225884,-0.730935937525169,-0.745282090625524,-0.759720746625748,-0.773696888126651,-0.787673312511031,-0.800539136330042,-0.805259613058083,-0.809239500820221,-0.811830996433903,-0.814237203364374,-0.816550907394976,-0.834691942457729,-0.853203272003445,-0.872825202114523,-0.887911944180776,-0.903183692046768,-0.910402878605144,-0.916418961698275,-0.921879744508731,-0.934837788344127,-0.947796115063007,-0.952239365974931,-0.956960125586457,-0.961958676781063,-0.962884554430184,-0.963810149195815,-0.980840583693211,-0.998981901639455,-1.00527577631568,-1.01221745417445,-1.0179557456845,-1.01527146428746,-1.01138379654171,-1.02878424263857,-1.04553688555289,-1.05229384049541,-1.05979110152035,-1.06636276777966,-1.06303068320008,-1.05905079543793,-1.07663624733454,-1.09403669343139,-1.10097837129016,-1.10755003754947,-1.11375140932582,-1.1089387125814,-1.10199703472263,-1.11726878258862,-1.1320777330718,-1.13735322719904,-1.14161062366077,-1.14679361488813,-1.14124004629433,-1.13513117741785,-1.14938482761834,-1.16521187576701,-1.17372723445746,-1.18076169809958,-1.18844396492425,-1.18575996641071,-1.18122477836588,-1.19242385268639,-1.20491881625548,-1.21204549991398,-1.21898717777275,-1.22555856114857,-1.22380015740066,-1.22074586440416,-1.22833562832897,-1.22703973908038,-1.19890273316235,-1.12615330422808,-1.02526686937577,-0.871900738882829
-0.814667261312051,-0.620927990270527,-0.431991534138571,-0.21318250869497,0.0167684014835323,0.378120335027926,0.605286140985961,0.790380932331435,0.912561196926243,0.960684756464864,0.902189054287488,0.89873167340789,0.905167327958481,0.922744867243986,0.961453911419827,0.996800985158975,1.01831618681501,1.03656600275961,1.05356696939949,1.06278743459997,1.0728727587689,1.08900974715212,1.1042818765669,1.11648061543839,1.13348246279004,1.15442226608283,1.16335532567229,1.16585331785233,1.1655656186707,1.16873559393926,1.17152128530093,1.18227947327014,1.19707132119398,1.21445686531132,1.22118051261414,1.22483047580306,1.22531046372342,1.22713559210318,1.22780786876228,1.23501179755605,1.2432722869158,1.2544144652213,1.26142639884693,1.26776576224286,1.27285627633406,1.280828479371,1.28745612908973,1.29648489269267,1.30560994745027,1.31406272554876,1.31732869840139,1.31953781711744,1.3220352221563,1.32751031372497,1.33317769403238,1.34182276086962,1.35210096091846,1.36065003017163,1.36362801027204,1.36660569680186,1.36804624770413,1.37150362858372,1.37707442416588,1.38591089903008,1.3956122328627,1.40531386026592,1.40925240334824,1.40944469208699,1.40819613635285,1.41146181563489,1.41703261121704,1.4246208239177,1.43518672314817,1.44623319744019,1.43509131270528,1.38754520652406,1.30071289638018,1.16979215450525,0.994398403421814,0.79931399192089,0.621039139032889,0.470235741572344,0.351610029723578,0.265834867286878,0.207146582800153,0.157679057084499,0.113206341446567,0.0719995986612771,0.0362676538740624,0.00303282055511317,-0.0274160278315672,-0.0564240317453841,-0.0834149121112895,-0.109637224663429,-0.134994678247129,-0.15958415115826,-0.183597638564941,-0.206842558157856,-0.229991480166702,-0.251507562534526,-0.273311637654565,-0.294346851390246,-0.313749225484912,-0.332959604411426,-0.352362272076684,-0.371092369512239,-0.389726762934322,-0.410090287152089,-0.429685243556078,-0.449087911221335,-0.468394874873115,-0.487125265879262,-0.505471372978532,-0.522953208250552,-0.540339045938497,-0.557244308564897,-0.573861578439069,-0.589614282915413,-0.605750977728041,-0.621119104726891,-0.636103241389456,-0.65147166195891,-0.666071808285177,-0.680960240934271,-0.695752969569873,-0.710353409466746,-0.724185281549832,-0.738401437539828,-0.751945023300108,-0.765392317905733,-0.778647617343207,-0.792287200687569,-0.796033161460559,-0.799395131897265,-0.802372818427081,-0.80515821621816,-0.806118485629479,-0.825905143631028,-0.844731238650659,-0.863557627240882,-0.871146133512128,-0.880079486672174,-0.878158654278937,-0.8762378218857,-0.873452130524029,-0.89208593680493,-0.90966318251983,-0.927625005712211,-0.935308922426343,-0.943185127879219,-0.939343169522159,-0.935597208749163,-0.932811517387486,-0.950773634150465,-0.968928039652175,-0.988811282378983,-1.00062603091418,-1.01128822129932,-1.01138421888339,-1.01090364382184,-1.00859794038053,-1.02242922532244,-1.03722107324627,-1.05114864934285,-1.06248282281649,-1.07391328744481,-1.07612269973145,-1.07708355628396,-1.07977354363215,-1.08793862254903,-1.09658368938626,-1.09504684732931,-1.09485455859057,-1.09264485273334,-1.08688118127125,-1.08169408245479,-1.09831135232897,-1.1133917801462,-1.12578280775643,-1.13951868225546,-1.15469510765676,-1.16276360184837,-1.1738097825698,-1.19513357619889,-1.21857019738935,-1.24075826284569,-1.25074729585994,-1.25766264476029,-1.25795063751252,-1.25487695339862,-1.24978614573684,-1.26083262002885,-1.2735119339619,-1.27543305992572,-1.27754647462829,-1.28004417323775,-1.22846381996072,-1.14095982029892,-1.03222802459211,-0.849246941519795
-0.79091932626188,-0.71459019252545,-0.614752518219439,-0.522364083878091,-0.51201279222442,-0.158034630903236,0.121258941917818,0.353148986166458,0.588134749333478,0.85107896421829,0.895386773872311,0.935921768493034,0.96165526463671,0.969975563620816,0.969589116187544,0.982456012096964,1.01341320128087,1.04591824992398,1.06458895353627,1.07213428792771,1.07967991799432,1.08935411353308,1.10628388180713,1.12930840214084,1.15417113494023,1.16403870203321,1.16568324726952,1.16829524162721,1.17468005101821,1.1815485849699,1.19606002611562,1.21415091074043,1.22517959418418,1.22963009668271,1.23311315005984,1.24181989647721,1.24897878343539,1.26194236512191,1.27800137005167,1.29377002197495,1.29570492021773,1.2984138960277,1.29725307535209,1.30160689207351,1.30721851092281,1.32056913139292,1.3331453786207,1.34717279953057,1.34862338186233,1.34784871294484,1.3449460699055,1.3469776539254,1.34900894227013,1.35742563135618,1.3666163980094,1.37841886334516,1.38025678013568,1.38132121070933,1.38296575594563,1.38344948050633,1.3841268722964,1.39051197736256,1.39844464621275,1.40541016161671,1.4148906899261,1.4203080501957,1.42427453245837,1.42562902036336,1.43172347674787,1.43762456157818,1.44623432654327,1.4551341488397,1.46500171593267,1.46461497282426,1.43617338789608,1.36942235527162,1.25971800089812,1.10618926575613,0.910480990757113,0.716320279542129,0.545183792985706,0.407132765410191,0.301780453707155,0.234544513821354,0.184141656432506,0.143219623028197,0.104716508102519,0.0705669142231183,0.0394163534849936,0.0102006909896523,-0.0217239473156527,-0.0515206114991172,-0.0809302368989883,-0.109372708852629,-0.132881249422203,-0.154067557290243,-0.174576473368214,-0.192957119649186,-0.210370021133606,-0.235232162582683,-0.258450054470617,-0.281861613587924,-0.305563525711706,-0.32297760989677,-0.334974038137057,-0.346873484925089,-0.357611815362347,-0.367189325124002,-0.389149414884058,-0.412463992549097,-0.43587555166641,-0.459867521121511,-0.478925263517396,-0.49169488229939,-0.50262658429087,-0.513751657836557,-0.523329167598206,-0.544225713810091,-0.562800618670758,-0.582826401538352,-0.602465145622354,-0.621136144909809,-0.632745238691352,-0.646095563486305,-0.658381753382766,-0.668830026488699,-0.68237431418819,-0.697175812665236,-0.711880625365165,-0.719426551106932,-0.728713707862105,-0.735968984922232,-0.741483030968935,-0.745835960664884,-0.763442529378677,-0.779694610187493,-0.796430711232159,-0.814327928627591,-0.830870953793206,-0.841125855344931,-0.851671109903139,-0.861442286894166,-0.869471937196631,-0.880984345201063,-0.89230308597613,-0.903815493980568,-0.90913616847307,-0.916681798539667,-0.921615434248575,-0.92577528806546,-0.929451121646504,-0.944252620123543,-0.956539105695162,-0.970953861063773,-0.979564217379197,-0.988271555146883,-0.991367865415598,-0.995237957576322,-0.994851214467892,-1.00704071858724,-1.01874620247074,-1.03093511523977,-1.03857713540832,-1.04979889473112,-1.05347472831215,-1.05637707567633,-1.05908634716145,-1.07050236506394,-1.07998318904848,-1.08269216485844,-1.08453008164895,-1.08607734975784,-1.08298103948913,-1.08027206367917,-1.09255825357563,-1.10832720117407,-1.12419313022476,-1.13647991147154,-1.15166874440733,-1.1629874851824,-1.17682153453805,-1.1938479885892,-1.22267661230094,-1.25063447266841,-1.26321071989619,-1.26911210040165,-1.27143403742803,-1.26504922803703,-1.25489160361273,-1.26795187107637,-1.28488134367525,-1.29426518620753,-1.30210116928062,-1.31061454414377,-1.30684172911047,-1.30045721539463,-1.17972358622707,-0.968826773967418,-0.698723672124426,-0.341940144891338
0.157338652345472,0.44816812173248,0.653368293989673,0.828652679830249,0.920960686343452,0.905957496688691,0.916204279857619,0.929927145880693,0.926725637782241,0.94163795493639,0.974114947831771,1.0096108650013,1.04034953686191,1.06477550581082,1.06998990969974,1.07145365597882,1.08197417508035,1.0974350825305,1.11124938026958,1.12963778027789,1.14866648190588,1.15443003530618,1.15571091815326,1.16010243659819,1.16659800294188,1.17300213756957,1.18617613368895,1.20181990457111,1.21371273823572,1.22139747610279,1.22661187999172,1.23640066575755,1.24655545799509,1.25771655832401,1.27024969360832,1.283240546688,1.28442971821138,1.28241710202862,1.27912360299878,1.27866616481108,1.27948960947046,1.28735749037723,1.29833572727415,1.31096057388215,1.31709013375416,1.32166423602338,1.32523203020123,1.32980613247046,1.33337420625599,1.34069321725907,1.34837823473384,1.35478236936154,1.35441692210523,1.35423433828093,1.35295373504153,1.35423461788863,1.35707067873077,1.36475513699015,1.37198215706184,1.3805814916966,1.38387471111876,1.38460644445445,1.38488073960245,1.38735051436522,1.38991200045167,1.3948521091926,1.40217056098028,1.40894014286428,1.41259936875812,1.39091719011228,1.33401338944491,1.24207138940339,1.10740617251296,0.928828287642542,0.750067259732422,0.593079842184151,0.454206249888488,0.348907390295587,0.27883015272421,0.22622671839346,0.180392865946696,0.143707218038395,0.109308761068556,0.0788443843559427,0.0490203092630284,0.019013370738121,-0.00870609724064418,-0.035876695315713,-0.0574671626378586,-0.0780513218686266,-0.0957994202572423,-0.114645538060931,-0.130838458454466,-0.156453878534461,-0.182160730330452,-0.208050725166141,-0.233300138774433,-0.25891583846212,-0.279500277300587,-0.297248655296895,-0.315911630060892,-0.332104830062114,-0.348938052075342,-0.366045569236566,-0.385257134296567,-0.398156555660256,-0.413159745315024,-0.427522633350092,-0.440055768634404,-0.451765738867012,-0.472989920109774,-0.493116641152848,-0.513243362195923,-0.534467823046377,-0.554319969333757,-0.569689445067914,-0.584692914330368,-0.597958342165749,-0.610583468381442,-0.62476377259221,-0.638394927291589,-0.651934370667279,-0.660899432166044,-0.668766753857423,-0.676725786872498,-0.684319093023574,-0.691363529270959,-0.710118215358645,-0.729696066498029,-0.748084466506332,-0.758879560363558,-0.770406667164173,-0.775163632865398,-0.779463439986634,-0.783397240636172,-0.801785920252174,-0.819625729964478,-0.836916669773087,-0.84853548789739,-0.859239429646319,-0.862990087256154,-0.866283306678307,-0.870674545515534,-0.88677575458538,-0.904432421257993,-0.922180799254301,-0.93462306203799,-0.949260804436451,-0.960787911237066,-0.974601929368444,-0.991984021285362,-1.02391214427705,-1.05382765108596,-1.08072451322842,-1.09581997342228,-1.10588333394381,-1.10579162262011,-1.10396159026165,-1.10057610030042,-1.1151212925521,-1.13030734563886,-1.14649998642471,-1.15775251846963,-1.17001135860593,-1.17211568611239,-1.17394515925547,-1.17504289906285,-1.18629543110777,-1.19827997609608,-1.20065859875054,-1.20230548806932,-1.2034032278767,-1.19937771590346,-1.19361388289546,-1.20761076445884,-1.22343739877298,-1.23304332110683,-1.2413686402013,-1.24969395929576,-1.24832192434037,-1.24521184795792,-1.25646465961052,-1.27018752563361,-1.28153176900222,-1.2889422117213,-1.29598636836098,-1.29424804732621,-1.29113741172837,-1.29406490428652,-1.30321310882498,-1.31053184022037,-1.26945523308253,-1.19279127705916,-1.07761219998441,-0.902693820615535,-0.708655028294959,-0.558803199102371,-0.437860289019631,-0.347198892217493,-0.312617571815661
-0.372497544912829,-0.274027226834148,-0.127005475992772,0.0388704001405284,0.236397428615524,0.488239791936569,0.640928110902271,0.744771800946478,0.85076460092056,0.92198021618761,0.912016025344389,0.92354293379985,0.929599434901182,0.922272516635143,0.937218653614761,0.971507377104062,1.0075549789758,1.04301618852992,1.06890403592909,1.07046735068219,1.06773244557555,1.06997918803488,1.07632918386544,1.08170225726054,1.09586733400446,1.1090551897425,1.12302500142749,1.13230546599405,1.14197646067847,1.15682496512863,1.17470216798509,1.19111368861791,1.21035834402771,1.22960299943749,1.23351039060896,1.23214234091479,1.22901600997902,1.23214144520351,1.23634173396336,1.24894349595418,1.26437839272196,1.28079051049565,1.28303814866626,1.28294111327765,1.28167159182422,1.28528638397772,1.29056152627293,1.30345618585215,1.31693693917856,1.33178544362872,1.33569283480018,1.33539963864137,1.33549727117084,1.34135850721324,1.34692684566726,1.35806352257531,1.37125167688376,1.38258391742116,1.38150966102665,1.37838362866131,1.37330375142503,1.36744251538262,1.3644138169763,1.36920049805378,1.3759410240022,1.3851238560393,1.39508804688252,1.40143804271309,1.40505253629617,1.4076904060142,1.41355194062704,1.42078092779319,1.428693641236,1.43865783207923,1.42380873048822,1.36197121231719,1.25539231859592,1.10407204932439,0.903223424854712,0.707357045091841,0.539722887716951,0.403837813783626,0.303316018304543,0.243042113457045,0.188727077181413,0.140957003224852,0.0968011242809464,0.0573342938850367,0.0234358019431724,-0.00264731051492158,-0.027265039319809,-0.0503194533715934,-0.0752297811944453,-0.106978566065592,-0.138532085877822,-0.168327025878024,-0.197242974542641,-0.221176977070861,-0.239053881356905,-0.255660965619085,-0.272756511099003,-0.288484305455179,-0.309780438265368,-0.332346988240277,-0.355597264491835,-0.377577720719541,-0.399460544417782,-0.416556388468125,-0.433749566477508,-0.448304874768853,-0.463934738025133,-0.481615780111391,-0.500957769480218,-0.518541477607435,-0.538860986552586,-0.556933753038398,-0.573443801911975,-0.589465090997383,-0.606463302518267,-0.621311806968427,-0.637918592660175,-0.654036917134193,-0.669374181372515,-0.67865464593908,-0.68774014401714,-0.69702090715413,-0.704933919167379,-0.713530358886851,-0.731798091861162,-0.751628841018144,-0.768822317597951,-0.786308990336566,-0.796273778320643,-0.803600696586682,-0.806140635204829,-0.810829385182413,-0.816397425066007,-0.834664859469893,-0.848536441484584,-0.868562455700497,-0.87911274029092,-0.889565093781447,-0.891909468770239,-0.897380174694799,-0.897771003383078,-0.914182822586334,-0.92873872801853,-0.947006759563271,-0.963125382607713,-0.979341936752046,-0.986864120077009,-0.996144584643574,-1.00249428190371,-1.00943007291106,-1.01919870012493,-1.03101910330965,-1.0421557802177,-1.05124127829576,-1.0601315113149,-1.06833801805738,-1.07459038135849,-1.07879096868876,-1.08777793852608,-1.09832792454608,-1.09852259246415,-1.0961776203345,-1.09627525286397,-1.0935400491869,-1.08836253942115,-1.10067170239402,-1.11708352159728,-1.1329089484829,-1.1400403031196,-1.14599947026189,-1.14433882154976,-1.14111545522539,-1.13720836262436,-1.15078734562108,-1.16768762604208,-1.17657726192036,-1.18448967679275,-1.19064381042354,-1.18781037707616,-1.18321866248719,-1.19298728970106,-1.20461212925642,-1.21936300117712,-1.22776447440809,-1.23626358016854,-1.2361662462095,-1.23440826353832,-1.23069643599622,-1.24095382299825,-1.25140647505921,-1.25365291894811,-1.25550883271916,-1.20187722414978,-1.1012574975708,-0.958143436471316,-0.745572638487243
-0.484943983828844,-0.188866692235277,0.124428268271736,0.440808751850177,0.660255021760652,0.771222525296845,0.81650555725783,0.805458934487233,0.769929793331774,0.776100231130174,0.820885028983216,0.88955495096714,0.952054435152664,0.981413442681935,0.987981737753346,0.988976685108105,0.996938393151723,1.01763913823738,1.05177486642061,1.08421909284908,1.09825177437286,1.10083906333634,1.09974404331888,1.10740735840775,1.11885214262358,1.13626843600131,1.15517791084173,1.17299236566469,1.17687360328214,1.17757046185436,1.17806808761785,1.18224802236229,1.18752297712419,1.19926676263924,1.21310021135427,1.22733182151454,1.23479559962245,1.23947255178592,1.24454766539463,1.25171305054779,1.25937606146442,1.27102038266122,1.28356049106674,1.29321430920957,1.29659822523575,1.29838979965321,1.29829033533496,1.30127608991591,1.30694920612303,1.31560777273889,1.32565975232696,1.33650775063327,1.34098638250469,1.34317581419517,1.34655942604912,1.35342611407528,1.36029280210145,1.37004578039031,1.38039584876091,1.38776046672279,1.38576996366882,1.38338160334185,1.38149056460614,1.38298344189661,1.38537210639582,1.39363281573865,1.40139559514578,1.40885998159814,1.40955684017036,1.41154734322433,1.41144787890607,1.41134871876005,1.41542918918623,1.41861387240368,1.39224061945533,1.32735216659839,1.21966911477013,1.05655249959125,0.853328647067247,0.656075999532904,0.4840024247834,0.346064882389361,0.249727758803135,0.189417402135847,0.143736817074084,0.104923528382929,0.0662097040100314,0.0301826329188685,-0.00484888247309125,-0.0386862177015609,-0.0713296769387723,-0.10068868446805,-0.129649530552091,-0.156819410563132,-0.182197716156703,-0.20697862749632,-0.231759843008156,-0.255545502820775,-0.278435071252454,-0.301225175365863,-0.322920563634051,-0.343421467566518,-0.362728495507733,-0.382234756257679,-0.401641552689362,-0.421247581929789,-0.440853611170209,-0.460758033365385,-0.47976697252407,-0.498477518727987,-0.51579465195969,-0.532813392236632,-0.549334810922313,-0.565855925435762,-0.581381484250001,-0.597902294591225,-0.614422800760223,-0.630345912675241,-0.646766650353759,-0.663187692204501,-0.679011339801277,-0.694238201488543,-0.709365598857539,-0.723497744699564,-0.737430657732858,-0.751662572065358,-0.76529709214389,-0.779827095258926,-0.794058705419201,-0.808190851261219,-0.821327441404034,-0.835061425800816,-0.847800462842846,-0.858350068194407,-0.8667102418555,-0.874871486880081,-0.881440086123724,-0.887212362476874,-0.895870624920497,-0.908310356491083,-0.920351926616438,-0.922739982771187,-0.924132787398951,-0.923833481927513,-0.920349797410855,-0.916766648575941,-0.933486083381438,-0.951400002522658,-0.971006031763078,-0.983645604486852,-0.995389390001896,-0.996782802974117,-0.997778054501102,-0.995588622810634,-1.00822789136218,-1.02265873433119,-1.02733629483912,-1.03032204942006,-1.03430305552799,-1.03022258510181,-1.02445030874864,-1.03708988147242,-1.05291383324142,-1.06983250085566,-1.08107866060722,-1.09232451618655,-1.09441417938654,-1.09441417938653,-1.09312053490479,-1.10436669465635,-1.11601132002537,-1.11631032132458,-1.1175048056603,-1.1182013600603,-1.11153299232619,-1.10526248186509,-1.12138482658884,-1.13651222395784,-1.14009537279276,-1.14298227139991,-1.14467468567133,-1.13452354593724,-1.12387447626743,-1.13760815649199,-1.15472514439828,-1.16079550953396,-1.16636855307839,-1.17164320366806,-1.16417912138792,-1.15452591158955,-1.16736471712206,-1.18299004442677,-1.18926055488787,-1.19433658101327,-1.19742179991246,-1.18139861533473,-1.10327349967225,-1.01927633916614,-0.905124152412504,-0.73474238358999
-0.638001808652347,-0.607477797655435,-0.533292807217804,-0.458914738948303,-0.43225435117095,-0.0915643836839897,0.187498033087489,0.414109410225771,0.630674835586313,0.85100734525048,0.877280691685985,0.909639827763728,0.936203086173071,0.952334532366996,0.969721574920129,0.985949855256029,1.00845641261395,1.03675884764026,1.05704353380155,1.06728256341115,1.08302726348927,1.10447130231986,1.11586938937271,1.12407992084357,1.13750650603516,1.15083655231082,1.16146203281018,1.18020150586447,1.203384426086,1.21352721200571,1.21652198498188,1.21999945253772,1.22550541823228,1.23188082462231,1.2443414302025,1.2601829644226,1.27554180406303,1.28104776975759,1.28268981700655,1.28355925770203,1.28722980308973,1.28993407363998,1.2983376829427,1.30751389879892,1.3197811313212,1.32538334070566,1.33030977767858,1.33340079434466,1.33977620073469,1.34296405154273,1.34924291901684,1.35600448107059,1.36479454126309,1.36701611723368,1.36933423212021,1.3718454248386,1.37754417313899,1.38256685380181,1.39232259837966,1.40381692912241,1.41473173114353,1.41820890347331,1.42062355727577,1.42197598777694,1.42545375055882,1.42999432709407,1.44033078129772,1.45086031333323,1.45965096397781,1.46013424900955,1.45858874067652,1.45385538153545,1.44825287692494,1.44255353817248,1.41289867264498,1.34537900057122,1.23535740650002,1.08090193120856,0.881337097511366,0.688147670204213,0.519589542083597,0.387254763712372,0.291046500948562,0.232026977093459,0.186917028235642,0.148955387547402,0.108289181082862,0.0693618560092662,0.0333321745438262,-0.00086208661474844,-0.028295080945601,-0.0523474418625959,-0.0744681387828314,-0.0952361099758559,-0.114362033919919,-0.144982288606725,-0.173187594265037,-0.201006449033568,-0.22901867686001,-0.250945705496307,-0.265338565525336,-0.280697700391815,-0.295187394562819,-0.308904186954296,-0.33411531008851,-0.358746904501094,-0.382701840824031,-0.405884170593469,-0.424719887337646,-0.438436384503076,-0.453311939111765,-0.466545741697534,-0.480069161031101,-0.501706572919594,-0.521122408837489,-0.539186109480255,-0.557635965786759,-0.575989283177323,-0.588933173789253,-0.602456297896779,-0.615786048946394,-0.629792162859622,-0.643218748051206,-0.658963743355364,-0.674515660827659,-0.683016104272359,-0.690357195047758,-0.698277814544774,-0.702914044317826,-0.708516253702282,-0.727931794394136,-0.747637247059836,-0.766763171003899,-0.787724515254827,-0.804725402144221,-0.813805374310551,-0.823271797366654,-0.832351769532977,-0.840079311198137,-0.851767310224838,-0.866256413943754,-0.879103175187674,-0.885671364183533,-0.892336387321361,-0.898132264989762,-0.900257597270466,-0.903349204388614,-0.918225349449391,-0.933680728005764,-0.947493764087109,-0.95473831594658,-0.961016592968594,-0.961788904296046,-0.961595531238136,-0.962078225817797,-0.977919760037889,-0.994630734953457,-1.01143854401099,-1.02187094667849,-1.03124083081866,-1.03326932895738,-1.03462175945856,-1.03365548462111,-1.04659878478096,-1.06195732919534,-1.07499746349717,-1.08494658113293,-1.09760055977103,-1.10098178363698,-1.10252729197001,-1.10755026785887,-1.11875527707986,-1.1280286223041,-1.13276168621913,-1.13614261485903,-1.13788149624997,-1.13459740175204,-1.13276198144516,-1.14358053977639,-1.1571036638839,-1.15835926024311,-1.16299549001616,-1.16473378095502,-1.16106294034128,-1.15449416089333,-1.17130137949878,-1.18501787666421,-1.19071721541668,-1.19342178119298,-1.19815514033405,-1.19004144300517,-1.18434239947874,-1.19912141517149,-1.21670183078251,-1.22201442341917,-1.22037208094417,-1.18859247358806,-1.1032993080714,-0.979271895313012,-0.838243890891278
-0.65202931478225,-0.403047056031249,-0.145465832454972,0.129313616065977,0.4210010154099,0.634718364259527,0.753460855319921,0.810948124353378,0.817807806801558,0.792494013508923,0.786020575771981,0.819063397407227,0.872299021675763,0.91819186231294,0.949302279215468,0.9691085418434,0.984084383227803,0.991717440980833,1.0052439788157,1.02833568384219,1.05191049005185,1.06794879968629,1.08601607523126,1.1069819578753,1.1165468297728,1.12186035219951,1.13393729119073,1.14514458899339,1.15490287854064,1.17123146229676,1.19103861080706,1.19664299794369,1.19809289208147,1.19780320854804,1.20186114036908,1.2051459921794,1.21654641233768,1.23210132549482,1.24746341159047,1.25287379048911,1.25789762938239,1.26340486475298,1.26881553894573,1.27490243667731,1.28697967096263,1.29847694759285,1.30717217830182,1.31161635483411,1.31383814780614,1.31596337960034,1.32089095260993,1.32543228090828,1.33335531748888,1.34301763644656,1.34997476595491,1.35103812008733,1.3520046177478,1.35055531419826,1.35210117892561,1.35461295072519,1.36185887788462,1.37267963568192,1.3838872287787,1.38862138413854,1.39219621477641,1.39103689005444,1.39248619360397,1.39499796540355,1.40118112901881,1.40929669736677,1.42031057751969,1.42185614695292,1.4231120328527,1.42253237049172,1.41180817387223,1.36958702034485,1.29055479689463,1.16707874106262,0.99780581518301,0.797325320634825,0.610467629805179,0.45143550406776,0.325156516432137,0.237814716395948,0.183032636811819,0.137526040885881,0.0982029038693284,0.0636139222126226,0.0278650252456955,-0.00624115052195742,-0.038898022740072,-0.0642118160327133,-0.0872066645872719,-0.107109488393011,-0.126915455726823,-0.14343657125032,-0.171165279870598,-0.200536709690165,-0.228265418310444,-0.254738536325053,-0.280921970806232,-0.299955744011674,-0.317733336023206,-0.336187446867654,-0.353481937696013,-0.373481617973687,-0.394834040623092,-0.415316822083952,-0.429423022279804,-0.44430200719226,-0.455992406178108,-0.466813163975406,-0.477730482950504,-0.499372293839226,-0.51966165765033,-0.542463383849266,-0.562559920598875,-0.582753313820418,-0.597632594027,-0.612511874233589,-0.625361893235525,-0.641690181697526,-0.656858850143425,-0.671930957411503,-0.687582727040582,-0.700432746042519,-0.711446921489559,-0.723234176947335,-0.734248647688501,-0.745359974901595,-0.761495436302087,-0.776858112985975,-0.792703890853036,-0.804104901599561,-0.81482909821905,-0.822171586556277,-0.829996880782583,-0.834923567909806,-0.849125738695227,-0.862941960063516,-0.877821240270104,-0.888546322771954,-0.901300371184329,-0.908547479520241,-0.914055010184944,-0.919175705550162,-0.931735745724548,-0.943329583532575,-0.954923126046483,-0.96757972739867,-0.978400780490094,-0.986613205309992,-0.995309026607196,-1.00371516437097,-1.01405370686745,-1.02564843055785,-1.02671178469025,-1.02796796588417,-1.02970695296714,-1.02883701648447,-1.02796678470768,-1.04477758376462,-1.06023593574395,-1.07598426655083,-1.08999361027475,-1.10371327046523,-1.10835086464726,-1.11289189765149,-1.11617704475593,-1.12583906841949,-1.13579077561649,-1.13839940388799,-1.14033151332658,-1.14284328512616,-1.13955784272761,-1.1364658179788,-1.14844649108631,-1.16245613010436,-1.1665140619254,-1.17308406084015,-1.17781821619999,-1.17462933497925,-1.17144074905263,-1.18680283514827,-1.20119901417168,-1.20660998365857,-1.2133739908113,-1.21733595204278,-1.21318204963217,-1.20806164956108,-1.22303749094547,-1.23637061113059,-1.24409993476731,-1.24873723365523,-1.2543407349095,-1.24921974425016,-1.20902667075094,-1.14023465685465,-1.04970427089183,-0.917822077296065
-0.669155844944541,-0.429316062517789,-0.169259472259437,0.137525770144773,0.445455591133463,0.642191074533261,0.764161705476792,0.817184228249871,0.800209664414622,0.765402175671728,0.778372026048709,0.82777048716675,0.891473703147864,0.950313261670597,0.975203109595098,0.975870270374285,0.976919248812148,0.988362994409834,1.0098199809725,1.04167173469499,1.07237949276073,1.08143935543445,1.08315578611537,1.09068925254594,1.10346761116585,1.11910668758729,1.14142145229462,1.16173386027283,1.16631130021912,1.16736057012086,1.17336880616371,1.18137939893571,1.18958090053705,1.20531616003281,1.22162327162501,1.22391184586623,1.22305377625771,1.22200450635597,1.22343501098867,1.22543795064553,1.23545148307438,1.24660901115998,1.25891140929391,1.26396568411778,1.26701701928478,1.27359681596022,1.28237016965799,1.29076170569708,1.30334944695151,1.31670024059559,1.3217542239556,1.32184953263835,1.32099146302982,1.32528326839176,1.3315777219467,1.34264052427729,1.35684997045761,1.37134534268616,1.37544565629103,1.375826891022,1.37353802531691,1.37554067350991,1.37792455643387,1.38479086208526,1.39356421578304,1.40395869147899,1.40376778264964,1.40252818684629,1.4005255386533,1.40233756948081,1.4051985787462,1.41425814995606,1.42398517340897,1.43533331886005,1.42694119989324,1.38421784413337,1.29934385910166,1.1705072139706,0.994274755914499,0.795917859052676,0.612628769443572,0.458806967705273,0.338076515492811,0.254156491680096,0.198940994812402,0.153738738909697,0.117214528022029,0.0834557262531443,0.0536069121875172,0.0258560549976279,-0.000369280340693009,-0.034128373573437,-0.065694201247706,-0.0985949334080687,-0.128253130108208,-0.156575839394541,-0.179367438979444,-0.201014459979875,-0.219610145813303,-0.240494697351803,-0.261665757866261,-0.281787548478977,-0.303053917676172,-0.324797121750926,-0.346254399777462,-0.36609026434196,-0.387738159733977,-0.407764933127821,-0.427982323887148,-0.447245753427476,-0.467558161405679,-0.485295777630579,-0.503891463464001,-0.521819405590522,-0.537935608353384,-0.553479667555942,-0.570263614025711,-0.585044912302485,-0.600303336920685,-0.618041244609438,-0.634825482543073,-0.651132885599142,-0.66925231948273,-0.68622717478184,-0.701866834131002,-0.71798332835773,-0.733622696243026,-0.74706850710598,-0.760800535481026,-0.773865111613019,-0.785976017989892,-0.798182524513357,-0.812296370547084,-0.825742764337765,-0.838903232080221,-0.853684821820861,-0.866845289563324,-0.878956778867911,-0.886776754274425,-0.894501129534335,-0.899364786992718,-0.904991205376884,-0.909568645323182,-0.922537912772443,-0.936937684854396,-0.942850029286787,-0.948762373719178,-0.95410257459126,-0.954579409468832,-0.951241565325878,-0.967357768088746,-0.983378662168864,-0.99329630298725,-1.00130689575925,-1.01122511950536,-1.01027203267795,-1.00788844121785,-1.01923716959665,-1.03363723314246,-1.04555752215384,-1.05509392824127,-1.06539338671835,-1.06854061349582,-1.07102038803025,-1.07798229382823,-1.09085625259474,-1.10105981946135,-1.10668594638166,-1.11097687735201,-1.1122161816915,-1.11011822481576,-1.11355166910532,-1.12623530197021,-1.13653505191115,-1.14502306248842,-1.15274772921219,-1.15665742545159,-1.15465448579473,-1.15846858188752,-1.16848123992479,-1.16962552704541,-1.1705794882644,-1.17229650187303,-1.17105719753354,-1.16485892705293,-1.17811441201427,-1.19375377989957,-1.1971866412614,-1.20042888525775,-1.20414796413166,-1.19785409350444,-1.1891760484894,-1.20548316008161,-1.2226486327462,-1.23151729512672,-1.2397185052642,-1.22083660191869,-1.14626236682792,-1.04298331332827,-0.904038410013339
-0.69912200541532,-0.428026033415469,-0.149050866583502,0.16776274878072,0.469402158076751,0.665210094153856,0.771235997943674,0.817731660886025,0.802946315959606,0.773570353972104,0.786215773440973,0.826583900455918,0.87667890731527,0.923660943979295,0.954592945122797,0.967043339431875,0.981244500762289,1.00186603305425,1.01772163800389,1.03435526253154,1.05429599053094,1.06908163275182,1.08143510906991,1.1016671856312,1.12413670022993,1.1309456350388,1.13298775062201,1.13152833216256,1.13123638901179,1.13279272546222,1.14641089237442,1.16216928203862,1.17802488698827,1.18755793085071,1.19358914337604,1.20292716207868,1.21411346038256,1.22549418925731,1.23989037574751,1.25671813355159,1.26167908605369,1.26265183349702,1.26216545977537,1.26556977853257,1.26975241416223,1.28064676931532,1.29348661935509,1.30807753371062,1.31381680308516,1.3161517537025,1.31508208826818,1.3191675086124,1.32364208739283,1.33288289081004,1.34426332239035,1.3577836794282,1.36109078289997,1.36235487890517,1.36216015103983,1.36537033652061,1.36974799731006,1.37821107844372,1.38745247644984,1.39805548304104,1.39863907204816,1.39688800773238,1.39503943083671,1.3951363488277,1.39396857622458,1.39941560515391,1.40515427993955,1.41225515789921,1.41429786807131,1.41643809082331,1.40690564154977,1.36614924798197,1.28735938072211,1.16888278532876,1.00449381870572,0.812479657116495,0.633208130281592,0.4753364526111,0.348494288663986,0.259004496821915,0.199960629696129,0.151616389858092,0.11144269341404,0.074673613021654,0.0398500275159323,0.00463758086843844,-0.0286293708923982,-0.0604369041937764,-0.0891317645942827,-0.111309336042231,-0.129887860867639,-0.147590853535159,-0.16422388347389,-0.181343287134303,-0.20848181108436,-0.236885025628527,-0.264704651165587,-0.293594536725871,-0.318204571371062,-0.336880906070815,-0.3542928474709,-0.370829256713097,-0.384447126330845,-0.404873930757471,-0.4252038171931,-0.4453389757634,-0.465766077484482,-0.485999045929126,-0.50224380931499,-0.518196332255631,-0.533954127330929,-0.54922554868456,-0.566831326066633,-0.584242672877827,-0.60087600011102,-0.610019588242783,-0.619649550096213,-0.627139289197631,-0.634239869862841,-0.64143796310794,-0.6614759063928,-0.681416337097759,-0.701843438818827,-0.722270540539902,-0.740849065365304,-0.75368861811061,-0.763999384256594,-0.773823776680904,-0.783745681685115,-0.796975284750003,-0.810107672529431,-0.825379985766422,-0.833843066900087,-0.841527831161302,-0.847266803241405,-0.851546654156505,-0.854270168621169,-0.870028260990916,-0.886272429787882,-0.902516598584848,-0.910200768257165,-0.918371014356694,-0.920607560510793,-0.921677225945112,-0.922747188673887,-0.942882347244187,-0.963309746259711,-0.982570264555469,-0.994048803304566,-1.00474872788677,-1.00397070830878,-1.00270601771466,-1.00046828238277,-1.01496138686396,-1.02945478863961,-1.0466717048799,-1.05727441417667,-1.06914151677309,-1.07147587280152,-1.07429660255162,-1.07410217198074,-1.0875256110276,-1.10172736694691,-1.10999572021524,-1.11583220487524,-1.122835570255,-1.12186252551721,-1.11826318160021,-1.12896280888797,-1.14238624793484,-1.15668551643404,-1.16787240932681,-1.18022677752825,-1.18402114660503,-1.18723162938026,-1.18830188940349,-1.19715353438448,-1.2054212930639,-1.21115996784955,-1.21534230618475,-1.22078933511408,-1.22088655039952,-1.22215094369918,-1.22993232865694,-1.2340174517067,-1.23508681984657,-1.23557259897933,-1.23498871267777,-1.23080607704812,-1.23664226441366,-1.24646695413243,-1.2468564098631,-1.23177941908035,-1.1650510849878,-1.06223536667876,-0.920900098250466
-0.719264842026307,-0.702046178022104,-0.675043937546062,-0.611744475860267,-0.558130512676828,-0.568402983904959,-0.194083629169918,0.105195613291273,0.33961003379191,0.577057395890807,0.842192049160967,0.882891715323042,0.928581098181389,0.969965516020494,0.983270928846892,0.981998905425904,0.988358125476223,1.01174075064644,1.03815631741491,1.06388713250636,1.08433459502956,1.09881395330748,1.10546651021159,1.11456503598818,1.13002278181512,1.14538304770897,1.15917795332808,1.17541882781969,1.19283364776281,1.19929094578259,1.20261752325284,1.21122715427313,1.22130436661695,1.228544195265,1.24155627123762,1.25740513286959,1.26268788740145,1.26258951041379,1.26151304489532,1.26542629607314,1.27139440031841,1.28235222125997,1.29634298379978,1.31375780374292,1.31894307834171,1.31943227211621,1.31972560896998,1.32422583287357,1.32862827782588,1.33997721457247,1.35289151159383,1.36570802966392,1.36952380090868,1.36942632097562,1.36688287217005,1.36903550418878,1.37148177207948,1.37921109352024,1.38870103412009,1.40161503212324,1.40494131057529,1.4083653679786,1.40963709238139,1.41629024732189,1.42088914723131,1.43194504614233,1.44084861205281,1.45112168131734,1.45043692964031,1.44916490621933,1.44446852637684,1.44241337429117,1.44182580352901,1.44740189491466,1.44886887820176,1.42323554304336,1.3569028407411,1.24292457851887,1.08110460043777,0.880248394438814,0.692208407491752,0.530192871508129,0.404376179746614,0.315345902969355,0.261243045029625,0.208216652608356,0.161842817091183,0.115468981574004,0.0717366728318529,0.0324068090420163,0.00168627725429449,-0.0299145641129782,-0.0565256887839722,-0.0804952866799379,-0.108280655820656,-0.134891780491657,-0.158959456357084,-0.184690570466738,-0.209345518076136,-0.230184694440769,-0.251121649756671,-0.270591023749066,-0.288690595369222,-0.308453605233598,-0.328999145726255,-0.348860233560086,-0.365492522874932,-0.381635319397083,-0.396114677675008,-0.409615947422124,-0.422334088504565,-0.442390136204514,-0.461859510196915,-0.48211141481759,-0.502558877340786,-0.517527728411411,-0.529463338865571,-0.54130117036846,-0.551965355438028,-0.561651152958597,-0.582490329323242,-0.602058080303296,-0.622114726039654,-0.641290464160067,-0.659977008505983,-0.672108475880861,-0.683946008365546,-0.695294347075748,-0.707621372353141,-0.721024564130796,-0.736090895134474,-0.751059746205112,-0.757419265273622,-0.764365458049701,-0.769746290551015,-0.772583375228564,-0.776496626406375,-0.796259337252554,-0.814163350970189,-0.833046051255022,-0.853592189784081,-0.870322557068381,-0.878443293332388,-0.886955444419628,-0.895173660616688,-0.901924295490247,-0.912784038462342,-0.925013284788477,-0.937144752163355,-0.942525883682867,-0.949080661635707,-0.952406940087758,-0.954657351057745,-0.95720109888151,-0.97138712030565,-0.984301716345204,-1.00073844775753,-1.00944585772909,-1.01717488015166,-1.01971862797543,-1.02206651887848,-1.02138146818326,-1.03537193170487,-1.05024300382423,-1.06442902524838,-1.07479957444596,-1.08477870882031,-1.08712659972336,-1.08918115377263,-1.0907468130656,-1.10131321918391,-1.11324942767445,-1.1198048036637,-1.12381613281097,-1.12870777153777,-1.12802272084256,-1.12577201085437,-1.13467438069206,-1.1473925217745,-1.15991510495442,-1.16382835613223,-1.1688180728285,-1.16842695702346,-1.16539431444339,-1.16118772641179,-1.17566768272611,-1.18936480939395,-1.19112572757123,-1.19229937400456,-1.19347302043789,-1.18378662488093,-1.17488305897044,-1.18799291389432,-1.2040382304834,-1.21519160932748,-1.22380153936598,-1.18065650236779,-1.09544199683529,-0.971484301220511,-0.796554468215531
-0.748509809535183,-0.687880129131073,-0.597815657495122,-0.519877301267338,-0.493865271389485,-0.127446294856908,0.150668307980132,0.372749390394007,0.605880922994875,0.853680835069322,0.887907551972547,0.932109053841579,0.972301095043125,0.977679720027981,0.973670558239417,0.988925935905395,1.01865392735452,1.04740398698822,1.07634981231235,1.09942834562283,1.10206864197292,1.10285110697682,1.11507495579075,1.13091673389129,1.1454870810802,1.16651171847515,1.18890552018748,1.19496827901265,1.19682640923774,1.19790237333784,1.20112966788032,1.20200986628999,1.21237588375774,1.22518643188515,1.23965934454722,1.2472870333802,1.25344782449005,1.26136871354032,1.27095196712524,1.28014398820821,1.29354093677017,1.30908921577451,1.31603217300935,1.31779227094976,1.31769423866509,1.32317029817678,1.32884212337891,1.33920754308883,1.35270252393546,1.36756696797841,1.36913189798622,1.36825199845548,1.36688343189593,1.36971949393644,1.37304422300577,1.38389860862341,1.39582865946222,1.40775871030104,1.40912787461843,1.40795447599148,1.40433654670488,1.40091438310871,1.40042571607991,1.40531507627814,1.41118236829179,1.41988542346705,1.42673034841721,1.42731674885177,1.42790344816524,1.42897911338643,1.43152197520967,1.43650936769258,1.4451152872199,1.45029814651432,1.42692641298657,1.35837524577435,1.24493874173172,1.08456270606422,0.883017594016499,0.686948840359385,0.519826210905312,0.385560835158173,0.289042671074009,0.227924024762184,0.181669224735463,0.140206051501205,0.101970172809428,0.0710681849755265,0.0424155598686759,0.0156207661080025,-0.00892466492562612,-0.0315145312073148,-0.0646652840104317,-0.0962511068057249,-0.128032097533629,-0.156977325099924,-0.182793290408422,-0.201470831670558,-0.219561972498144,-0.23599104766998,-0.255256184882352,-0.278921716385214,-0.302489514482327,-0.325959579173677,-0.348157914074492,-0.368009152842492,-0.385317828666166,-0.402039805176362,-0.418077050088409,-0.436070457510232,-0.45504179674748,-0.473426436671262,-0.491908810000801,-0.503839458597455,-0.51361877675173,-0.522224696279061,-0.530146183087158,-0.537187471485587,-0.557039009132509,-0.578161678812137,-0.599479815303283,-0.621873318136695,-0.642604456435449,-0.655414705683935,-0.667344756522753,-0.677905643044188,-0.687586928913798,-0.701473142262386,-0.717119453551395,-0.732374831217373,-0.740491784836989,-0.748217207075731,-0.752422134554729,-0.75604066159915,-0.759463422953158,-0.778923429219212,-0.79867693458145,-0.818723939039884,-0.833098819417272,-0.84786493229662,-0.853634789783422,-0.859013414768271,-0.864685239970409,-0.879940617636387,-0.894218063486934,-0.909473142273997,-0.924630487655291,-0.937636502594211,-0.945557391644465,-0.953673747506258,-0.960616704741094,-0.966972962662459,-0.976654248532069,-0.987411199622853,-0.999146082529073,-1.00696923817358,-1.01449889472189,-1.02075712035857,-1.02554844827212,-1.02838421143373,-1.03933662933604,-1.05116924564802,-1.06094826492338,-1.06886945285256,-1.07679034190282,-1.08050630347411,-1.08265763391648,-1.08705832708591,-1.09605518023627,-1.10632346429826,-1.10544356476751,-1.10436819842524,-1.10251036707906,-1.09752297459617,-1.09155765029784,-1.10730169499261,-1.12588150284899,-1.14475451092264,-1.15648909494994,-1.16783274535421,-1.16802851104464,-1.16607294629271,-1.16255304929079,-1.1740927642644,-1.18543671354758,-1.18455681401683,-1.18250321698021,-1.18064508675512,-1.17086576860083,-1.16196634997731,-1.17810132829512,-1.19629020252846,-1.2055802558961,-1.21350144382529,-1.22024953200644,-1.20597238503481,-1.14025757874204,-1.06456798748348,-0.956216609329505,-0.784399189851981
-0.724822830621026,-0.658852631687622,-0.55087476558012,-0.452067447296397,-0.415384653230978,-0.0707428801690637,0.191658415785843,0.408896541881134,0.631656646983512,0.869898606665855,0.911019297297107,0.960225850540565,0.982215816389969,0.978961760755243,0.977581115310898,0.991583470112148,1.01850349450308,1.05636922534411,1.09019187418647,1.09916501472667,1.09877020015952,1.10103812353188,1.11109655205397,1.122733033304,1.14146954628903,1.15951588724447,1.17184284190925,1.17618218552588,1.17914058231299,1.18880419626794,1.20053862769684,1.21325889000295,1.22913465499457,1.24727864474371,1.25211045172118,1.25230785900475,1.2525055676735,1.25536571289656,1.25773279198846,1.26729815437938,1.28021582396906,1.29254157309318,1.29855631684627,1.30121815063028,1.30338721966826,1.30654272235376,1.31157223799999,1.31985580928092,1.33080211850136,1.34204408656941,1.34805943309283,1.35210221370635,1.3544686900279,1.35900453677261,1.36413230398287,1.37310604729339,1.38237575083671,1.39322320572276,1.39815386703462,1.40012583017419,1.40002697583983,1.40436541530095,1.40791482839812,1.41580328372674,1.4246781727029,1.43503195868745,1.43572213071704,1.43611664389902,1.43305969416271,1.43246777369716,1.43138308848558,1.43591923661545,1.4409484508765,1.44341378153242,1.41402812510041,1.34598710869306,1.23455747828211,1.0768796914148,0.88143442527051,0.69496290243675,0.533637149523091,0.403768171900549,0.310582289728604,0.249345947593799,0.199252116422347,0.154483158359566,0.119969433332123,0.0881178434738483,0.0594217563010858,0.0341774334317847,0.0109053750872222,-0.0241996676354438,-0.0589098957909601,-0.0929299519168892,-0.126654349195203,-0.158209376050371,-0.181481133009763,-0.203471098859175,-0.224277525162648,-0.242914581042969,-0.264115520528429,-0.285908380479432,-0.307602687481235,-0.322098409798835,-0.336692685065636,-0.349807761938891,-0.361443640418587,-0.372586452767096,-0.396548984526423,-0.421892161730082,-0.445854994874573,-0.471001066179837,-0.494174872960357,-0.510051240722315,-0.524053896908729,-0.538647870790365,-0.55126958014727,-0.567047093574851,-0.583416226082825,-0.600179871772785,-0.609252168032513,-0.61881753042344,-0.625818707824058,-0.632031160245889,-0.637947652434947,-0.657669694912005,-0.678081909418657,-0.69977621642046,-0.717328587089201,-0.735669984121921,-0.7458263628229,-0.755588529727065,-0.763674392339256,-0.78053689236358,-0.795525680812374,-0.812782694018677,-0.827475823619849,-0.841281072522697,-0.850254213062904,-0.859424760886668,-0.86701755736768,-0.878258621280232,-0.891866764284674,-0.904784735259514,-0.912377531740526,-0.918885643009964,-0.922534513211834,-0.92470388363498,-0.927366320189312,-0.941270423426532,-0.956949383904912,-0.973909834108109,-0.981009564457928,-0.988109294807767,-0.988799466837361,-0.988207847756967,-0.986630397799378,-1.00398596395489,-1.02114442421198,-1.03899305649868,-1.05329167291787,-1.06699867025668,-1.07192933156852,-1.07508483425404,-1.07715565172799,-1.0868195670681,-1.09658203535743,-1.09500458539984,-1.09618842633095,-1.09776647905887,-1.09421676457655,-1.09165318235659,-1.1099945793893,-1.1262648575629,-1.13188538951917,-1.13720996124267,-1.1422385727334,-1.13573016007879,-1.12951770765696,-1.14421083725814,-1.16196091659562,-1.16906124971579,-1.17606272850157,-1.18257114115618,-1.17783758574273,-1.17054014672417,-1.18276734289909,-1.19795293586112,-1.20189716352544,-1.20534862644373,-1.2090960495948,-1.20278534560893,-1.19381190368357,-1.20791311281919,-1.22359207329757,-1.21777383267255,-1.16669356785356,-1.07518368858841,-0.943638105288742,-0.767915183006682
-0.586448255927275,-0.356304977826926,-0.119510384530724,0.163156461324411,0.461081274771097,0.715285573491659,0.857010004072095,0.940342762749649,0.935647681560152,0.86786644514932,0.816126088442316,0.831188851142956,0.870899145943116,0.92586770727036,0.981422780076891,1.00215784416367,1.00039711398373,0.997462762974174,1.00372247264615,1.01917654193517,1.04666097206654,1.07394959943598,1.08734968280541,1.09175120931974,1.09321808588901,1.10231409572181,1.11542032548057,1.13312328664457,1.15248922607531,1.17371394653471,1.18193018914857,1.18437578059205,1.18594100694555,1.18995122687151,1.1937653451,1.20383917300048,1.21714060765015,1.23132270632531,1.23777821875923,1.24110417529268,1.24443013182613,1.24883195727598,1.25391804611833,1.26399217295432,1.2756312272083,1.28531404745591,1.29069339203792,1.29245412221785,1.29274767689301,1.29558427598936,1.30096391950688,1.3089843593588,1.31915623810799,1.33030623386038,1.33509846909207,1.33656534566132,1.33607628715973,1.34067361643601,1.34507514295035,1.35407399874096,1.364833285776,1.37735270511995,1.37921088827758,1.37989574954112,1.37852632594957,1.38136262611039,1.38429697711994,1.39280617653794,1.40209769019717,1.41158500661835,1.41207406511994,1.41158500661835,1.40923776495912,1.40640146479828,1.39280617653794,1.35104189581818,1.26995862688665,1.14681782149572,0.977804763545852,0.782676699056179,0.602220090678771,0.44836724840726,0.331192598013137,0.250109329081598,0.198075417699431,0.155724326564876,0.118655127034611,0.0770863501413004,0.0388429319103972,0.00167508366038867,-0.0338297863229069,-0.0616080700649606,-0.0849845283571613,-0.106404752642999,-0.12674880907691,-0.145332434266408,-0.174772500533118,-0.201865325140608,-0.229740463989337,-0.255463865005257,-0.278252915011626,-0.294684503432797,-0.311605150355563,-0.327645432188372,-0.345641948027532,-0.369311662059389,-0.394253047769578,-0.418118564563379,-0.440614956701123,-0.459981494002884,-0.475924322857981,-0.489910917706707,-0.504093016381872,-0.520133597150187,-0.538325915751304,-0.556714037114358,-0.574417596149399,-0.585274635097656,-0.593979637277592,-0.601510719692402,-0.607672677451162,-0.614812453277591,-0.635352013537933,-0.65686969080147,-0.678778973588895,-0.701763826357208,-0.722303685553076,-0.73629028040179,-0.749005502507698,-0.760840060588104,-0.771403245925685,-0.78529178992568,-0.798104763944794,-0.813069475796702,-0.820601156082538,-0.828132836368373,-0.833415026908196,-0.838305611924124,-0.840653152518869,-0.857280543701991,-0.873907934885112,-0.891904450724285,-0.901294015232247,-0.911563944830177,-0.914400244991004,-0.917530099826993,-0.917921406415368,-0.936015973103266,-0.953327926614413,-0.970542427147861,-0.977780253823021,-0.98785467959452,-0.988832796597709,-0.989126351272865,-0.989419607012522,-1.00898105026968,-1.02551039060407,-1.04174647519881,-1.05025567461681,-1.05808031170677,-1.0560266247227,-1.05485300389309,-1.05397263880312,-1.06952416106985,-1.08664061075456,-1.10326770300216,-1.11725399891537,-1.12987117017254,-1.13466340540421,-1.13779296130469,-1.14023795487714,-1.14884520514386,-1.15823476965182,-1.15627883458098,-1.15490970992493,-1.15344283335566,-1.14806318983815,-1.14375971417254,-1.16107166768369,-1.17681869377683,-1.18454557895359,-1.19100139032302,-1.19589197533894,-1.18904575418768,-1.18347120471476,-1.19608867490743,-1.21144439441221,-1.22249663825138,-1.23129939234454,-1.23892822667256,-1.23687424075297,-1.2326688159361,-1.23795070754041,-1.24890519946636,-1.25702339123149,-1.26152266965904,-1.22885439877209,-1.14493482967972,-1.03030352264229,-0.882710390042748
-0.648013863090888,-0.402263504089105,-0.15690285585694,0.133139757149728,0.435864518713677,0.662298402743408,0.789124659067766,0.86024463823412,0.852634693121401,0.803269937499988,0.784050964763331,0.81966015272216,0.872927383135332,0.929121171470356,0.97351033136668,0.985997773625135,0.98316841976672,0.987753410206269,1.00482614107624,1.02941071847957,1.0596534072558,1.08628642611844,1.09545670516951,1.09701733727984,1.10755354214242,1.12072409639261,1.13477276710535,1.15301641931603,1.17291880221639,1.17594345871758,1.17682187335209,1.17496843636358,1.17809059510017,1.18160276277836,1.19291958186807,1.2059923357109,1.22218724829031,1.22940658811747,1.2337968722582,1.23857746351249,1.24511428769187,1.25008988341696,1.26052858604414,1.27321103277339,1.28325942828699,1.28735660937757,1.29164909311092,1.29613717765901,1.30325931342276,1.31203988170419,1.32325919855851,1.33389320382847,1.34081944060548,1.34062383979074,1.33915981539989,1.33847670340816,1.34159826580079,1.34637885705508,1.35476911822296,1.36481811008051,1.37320837124838,1.37379398100473,1.37486710193807,1.3754527116944,1.37730644685489,1.38130642388204,1.38959888464254,1.39759854052487,1.40530509335706,1.40745103705177,1.40627981753908,1.40432828197123,1.40725483989307,1.41262074273173,1.41027919822228,1.37847528099177,1.30862342722957,1.18569964569696,1.01311830366477,0.814293951711525,0.628932660714683,0.471570612563952,0.3526468080585,0.271575637441975,0.21899151902055,0.176260493469951,0.13343196568395,0.0920665677728885,0.0538233285984145,0.0170432192988673,-0.0183706660171852,-0.049296764957126,-0.077491012274041,-0.104709640893028,-0.130854850406699,-0.155634432280827,-0.179926502977968,-0.204608880788678,-0.22929155677136,-0.252706107349906,-0.275925355285689,-0.299046802814091,-0.320607320060186,-0.341191920436367,-0.361386213698986,-0.38119049802001,-0.399336349823323,-0.4179700109756,-0.436311165421683,-0.454457017225003,-0.472310064150137,-0.491138431601247,-0.509381487467977,-0.52713673398575,-0.545575092495257,-0.563428139420398,-0.58020836358418,-0.596793285105185,-0.614158820853327,-0.630256231197334,-0.646451441948721,-0.663524470990676,-0.679622179506647,-0.694646767089302,-0.71006136361354,-0.724890350381439,-0.738939021094167,-0.753865510097476,-0.768694198693403,-0.782742571234166,-0.797571259830087,-0.811521831963476,-0.825082395155262,-0.833960167500131,-0.842349832324064,-0.849178865037661,-0.855227581696094,-0.860007874778413,-0.872592819272264,-0.88576337352246,-0.889568047906838,-0.893275220055819,-0.897274898911002,-0.8971773966756,-0.896397080620435,-0.913762914540555,-0.933177189919976,-0.953372079526532,-0.966737638247526,-0.979712889854946,-0.983420062003928,-0.985468801635199,-0.984981290458207,-0.999225263813719,-1.01307893005566,-1.01659109773384,-1.01990826094123,-1.02449325138078,-1.01971236195451,-1.01532177964181,-1.03249201274718,-1.04927193873898,-1.05795470661305,-1.06624746554553,-1.07444242407064,-1.07083245598508,-1.06712498566413,-1.08058774844854,-1.096782064684,-1.11063513458199,-1.12165914879355,-1.13248815853428,-1.13326877276143,-1.13200064735729,-1.13590342032101,-1.14624521705674,-1.15551359468716,-1.1612698046394,-1.16800163328957,-1.17005037292085,-1.16917225645831,-1.17122099608958,-1.18156219648135,-1.18839152736692,-1.19287931374304,-1.19609867654305,-1.197074295241,-1.19395243467639,-1.19629338284189,-1.20673178729708,-1.21014615456789,-1.21170678667822,-1.21209679561983,-1.21004805598855,-1.20331652551036,-1.21238930232603,-1.20097468282893,-1.14624402436885,-1.06653848139186,-0.947516876479038
-0.718959802056291,-0.445169397693407,-0.164815757478043,0.160402428955827,0.484738910728367,0.654792345678342,0.754904595792554,0.803589363226161,0.788209978931566,0.754512693788598,0.788308178975341,0.849923317416747,0.902428306065456,0.940631715778075,0.962868037885344,0.969235472431024,0.970411178442924,0.991863995932644,1.02605108373297,1.04799370388005,1.06082587484407,1.07326614380412,1.08257179551322,1.09364085654497,1.1177381892379,1.14457853656821,1.15535389563976,1.15760680822939,1.1565290028709,1.1569203060941,1.16005462395469,1.17131978568361,1.18591566536065,1.20011994242411,1.20648797575055,1.20854568581414,1.21305181038379,1.2203988502442,1.22980270199707,1.24116546498901,1.25595684658246,1.26555679903251,1.26898541763403,1.26947551968177,1.2725125356697,1.27515764965368,1.28074128019143,1.29014513194431,1.29994058631077,1.30767892939438,1.31218445518326,1.31502507108366,1.31561247500405,1.31933479556575,1.3239388207888,1.33099215868902,1.33941640512717,1.34931035892778,1.35293477883609,1.35479578942176,1.35410958667685,1.35802770854536,1.363120937645,1.37223048865694,1.38290764768471,1.39632782134986,1.39897263594346,1.39916873664064,1.39672032213458,1.39564311555684,1.39436980828192,1.39926783485554,1.4046556640865,1.4139613157956,1.40808368390728,1.36850906626635,1.28808622431921,1.16573765209773,0.999994241020222,0.811132803174117,0.636670844917507,0.490910244576878,0.374928807510716,0.285885618428254,0.224270479986855,0.172646896609088,0.12386422852208,0.0867383247775784,0.0557837548816011,0.0276698008860007,0.00102525486249324,-0.0222888726032686,-0.057162163148518,-0.0889008364428083,-0.121031112350679,-0.152279683597225,-0.180393338202443,-0.199886346281964,-0.220750861680164,-0.238970562484774,-0.254839150655974,-0.276977272719467,-0.30156470746014,-0.323507327607215,-0.347115157033177,-0.369743680534777,-0.387670278159951,-0.402951761801147,-0.419310751410466,-0.433612629736937,-0.451538628581354,-0.470640034047282,-0.491210847485295,-0.510997856915385,-0.529511559070564,-0.545674447982715,-0.560661630882959,-0.574375506508306,-0.587501678822891,-0.603860369041828,-0.620415159957941,-0.637557953575185,-0.648333312646748,-0.659598474375653,-0.668708624168337,-0.67703496995309,-0.683794007112364,-0.701916406044332,-0.719646902972331,-0.738259104561654,-0.756871306150984,-0.771173184477462,-0.781066539497312,-0.79007848924622,-0.797816832329843,-0.804771371405527,-0.822403668289764,-0.838762957289459,-0.856199752257265,-0.86589790475108,-0.877065465216974,-0.880983886475864,-0.884020303683048,-0.885293311567583,-0.902729507754644,-0.918402594009426,-0.935251086885725,-0.950238569176352,-0.966303557435103,-0.972474591893239,-0.978743527004775,-0.984816660809517,-0.996277623845229,-1.00754278557414,-1.02106115928307,-1.03262032236256,-1.04310197947392,-1.0497631159798,-1.05564074786813,-1.0598528710872,-1.06857111887592,-1.077779169322,-1.08855452839355,-1.0896317349713,-1.09021943828205,-1.08796652569243,-1.08669291902714,-1.08316639977221,-1.09991729138549,-1.11754958826972,-1.1359653897715,-1.14478183760398,-1.15447969070742,-1.15350038478308,-1.15212917685478,-1.14889665895042,-1.16270843522916,-1.17652051089828,-1.1816140393883,-1.18484655729265,-1.18945058251569,-1.18425885398189,-1.17945872806169,-1.19131159310136,-1.20678887804935,-1.22197246103715,-1.23353162411664,-1.24352347857064,-1.24548268920009,-1.24460098453875,-1.24440458445121,-1.25361203611653,-1.26477869841129,-1.26810881757867,-1.27202693944718,-1.27388824942322,-1.22148146081828,-1.13557318837715,-1.02850609979688,-0.853260636922717
-0.767494772840938,-0.677864161692753,-0.561589387516117,-0.452367330328773,-0.406719123338366,-0.0595588073044708,0.211684730175,0.430717144795225,0.658663281150903,0.893172333375415,0.918248893306873,0.937643640485324,0.956646786278965,0.95938919353039,0.964678506730271,0.988188062343614,1.02825265631665,1.05617042201405,1.06674994658214,1.06792564890488,1.07115845605563,1.07958297544951,1.09741131708872,1.12082297235585,1.14090392012605,1.15001374194334,1.1539318515175,1.16304197272423,1.17440529884081,1.18733592866495,1.20349876686096,1.22083700799028,1.22671402265681,1.22798702654688,1.23366824052101,1.24150475905879,1.24934127759658,1.26178180691082,1.27647524174549,1.2826465562295,1.28489976113936,1.28529196130304,1.29283507819165,1.30145569766737,1.31409232706346,1.32858996120571,1.34455669931988,1.34729910657131,1.34808260873036,1.34680900606142,1.34994331408709,1.3543512247817,1.36473464926794,1.37492197367234,1.38697060221233,1.38883190634794,1.38638320013512,1.38344469280186,1.38638379891401,1.3897148058004,1.39843362501176,1.40969905078213,1.42184617844721,1.4225320796495,1.42135667671619,1.41949507319115,1.4172418682813,1.41498836398201,1.41929807494099,1.42488108917948,1.43046440280741,1.4358516163535,1.44016162670192,1.43741862067162,1.40509264489017,1.34024489263483,1.23298203992929,1.08163828394089,0.894638443452949,0.715279320810393,0.549732230497226,0.415824915373793,0.31541897896512,0.248220420843174,0.194735994704431,0.152810395985226,0.113921803724366,0.0792456208551603,0.0468223435063765,0.0153783690090485,-0.015575804367827,-0.0451587741189867,-0.0681788280013135,-0.0919826834321335,-0.114316836112173,-0.134789684656601,-0.153303628108669,-0.182592896821217,-0.208747258729215,-0.235293820800909,-0.261056880713533,-0.282019829767857,-0.296713563991952,-0.311897398725943,-0.32561153070914,-0.33981516442334,-0.36410822219574,-0.387519578073441,-0.411812336456399,-0.4360074938826,-0.458145845870227,-0.473329381214775,-0.489394618454029,-0.503010850091013,-0.516430981646163,-0.531810317683116,-0.549638659322325,-0.566193398292582,-0.578438126914428,-0.591074756310513,-0.601947981917207,-0.611351504773107,-0.620167326162348,-0.638876770917378,-0.656214712657263,-0.675119958104698,-0.693339901128718,-0.709503038714171,-0.720180763017889,-0.73085848732162,-0.740360808692028,-0.749471229288195,-0.763870963084243,-0.778466497572703,-0.794531435422507,-0.802172153267887,-0.810792173964724,-0.816081786554047,-0.821175299061529,-0.823721905620548,-0.842725051414189,-0.860846794702567,-0.879752040150009,-0.890331265328649,-0.902085893440599,-0.904436699307213,-0.905906102668564,-0.906102202750406,-0.921187538359312,-0.936860874824319,-0.953612013265846,-0.962624234126379,-0.970852952827847,-0.973694158593792,-0.974184259103675,-0.974674060224127,-0.991522799622438,-1.01140794670022,-1.02796238628104,-1.03824761103163,-1.04706373181032,-1.04843523482546,-1.04588862826645,-1.04579102730969,-1.06087666230803,-1.0776272019707,-1.09143863552122,-1.10436836717703,-1.1156328947791,-1.11827710229488,-1.11984410661301,-1.12435021704326,-1.1345378408371,-1.14511736540518,-1.14913397410443,-1.15089737789383,-1.15324848314988,-1.15119167771131,-1.14952647365756,-1.1618691026256,-1.17969744426481,-1.18263625098752,-1.18665256029733,-1.18890576520718,-1.1846939545944,-1.17460482992565,-1.19037606673685,-1.20526560165335,-1.21026151320406,-1.21300421984493,-1.2179998320062,-1.20908581088131,-1.20085739156929,-1.21486522459109,-1.23259536649465,-1.23279116718706,-1.17156812285674,-1.07733350093209,-0.936275269083726,-0.735071495492147
-0.613712173320987,-0.512656168974462,-0.388369120292784,-0.270664570642715,-0.186645257160607,0.122523036569271,0.363449601349832,0.552686833622358,0.734567938325415,0.894669994434761,0.899122722206662,0.911706389456513,0.927097011799055,0.934356398820969,0.953231160089137,0.974138952069444,0.999886434011915,1.02302044195685,1.03647506997746,1.04305727316642,1.05825441441381,1.08119553294892,1.09687696861946,1.11033189248272,1.12581955121547,1.14024247223969,1.15214865981395,1.17160504773811,1.19222291391838,1.19986985481586,1.20016007645856,1.20170851690492,1.20470895309272,1.20916168086462,1.22174534811449,1.23858796619847,1.25059059847763,1.25649473030567,1.26055931251669,1.26975439801787,1.27962725903733,1.29201714934941,1.30644007037364,1.32173454385391,1.32357409347093,1.32202565302457,1.31999321399773,1.32454297815984,1.33015718418784,1.34341833111332,1.3576477710424,1.3712961760008,1.37216713677155,1.37013440190206,1.36519767554968,1.36752033621921,1.37032729131188,1.38039422511178,1.3906546400068,1.40439978551276,1.40401282332249,1.40333534364688,1.40023787106886,1.40381963807002,1.40585266878216,1.41601634312961,1.42482476228319,1.43595643379162,1.43527865827335,1.43343940449899,1.42956771169779,1.42734149573317,1.42588949999173,1.42463098534541,1.39568869859205,1.33102844080124,1.22377778714132,1.06658001835752,0.873374056893573,0.687427482451548,0.529454901759259,0.402457342689821,0.314759521658988,0.259295236897324,0.217286171841579,0.170824674856583,0.127751167934955,0.0853548448462895,0.0462491795881261,0.00985343303241289,-0.0199604061770001,-0.0477418063595705,-0.0726192150592567,-0.0972061062735914,-0.1237286959672,-0.148798994076708,-0.174159513828917,-0.196519005708014,-0.218684720649329,-0.238914737111377,-0.258757791383156,-0.276471370237878,-0.299799450963244,-0.321579091242257,-0.343261695131056,-0.364266523501583,-0.380625143005084,-0.393305550802511,-0.406372920790206,-0.417407555908402,-0.429507224577796,-0.450512348790968,-0.472775691807813,-0.493974297116116,-0.517689931717053,-0.536855802155869,-0.554666121558161,-0.568798229254385,-0.583995074659137,-0.595319635577388,-0.613323436074804,-0.62648784245272,-0.642652980861083,-0.649622442082955,-0.659592931177931,-0.664723434468098,-0.671886376785095,-0.67672606674726,-0.696956674894617,-0.716606248071257,-0.737707816989353,-0.754647175620893,-0.772361050318266,-0.784169905659652,-0.793559063941273,-0.802464223642426,-0.816790108276426,-0.83208369422874,-0.844667361478605,-0.859671021630877,-0.870996470077088,-0.881450661909896,-0.889097898650027,-0.898680833869445,-0.905746739796228,-0.9192981083644,-0.930236002935033,-0.943593890408081,-0.952886308142134,-0.964308497135914,-0.970213220649251,-0.977472903513824,-0.983183850089385,-0.994218781050238,-1.00409193791234,-1.00854436984159,-1.01144836132448,-1.01502983248298,-1.01502983248298,-1.01444909335493,-1.02993675208769,-1.04687611071923,-1.06362198825565,-1.07252714795679,-1.08143260350059,-1.08036786579206,-1.07862564840792,-1.07543143528232,-1.08946709827363,-1.10417994509791,-1.11134259157225,-1.11627902208199,-1.12286092942828,-1.11889220023686,-1.11424628721249,-1.12644299227209,-1.14338264674629,-1.16012882012535,-1.17445470475936,-1.18916755158363,-1.19497523870675,-1.19739493576651,-1.19758812101899,-1.20726779678596,-1.2170442131005,-1.22043220316387,-1.22362671213211,-1.22778951410397,-1.22517633594908,-1.22111116205275,-1.23021009869168,-1.24056725413426,-1.24395465251233,-1.24801953056601,-1.25276218413795,-1.24463094881733,-1.18461689989355,-1.10524379527847,-0.991411234272252,-0.820178098339793
-0.707989693209259,-0.597492783052358,-0.455921640129475,-0.326220379257129,-0.237147597479729,0.0901929215226282,0.326723415797614,0.508536361158821,0.702122740617314,0.887989154545775,0.903622866355938,0.929968494881924,0.957761432602366,0.95563810289156,0.956699325325156,0.975710485186229,1.00601254443047,1.03235817295645,1.05629112791188,1.07327570096327,1.07964451030421,1.08832954526247,1.10560346217359,1.12519360470203,1.14227492065452,1.16234818779281,1.18049131607464,1.18599238878423,1.18666840930057,1.18811630839078,1.19033608605483,1.19400346786122,1.20432959276404,1.2194807698601,1.23260536014647,1.24148388090696,1.24679176276217,1.25817940504646,1.26783009932866,1.27902484570646,1.29234233189932,1.30797574876163,1.30971240181584,1.3103872425407,1.30951803117,1.31482532312947,1.32032580594331,1.33422227480353,1.34908381309198,1.36510331671514,1.3679985249998,1.3681914209063,1.3656822993825,1.36597193819012,1.3664547678521,1.37427147628325,1.38257071942851,1.39241401466935,1.39424770557254,1.39472994533878,1.39328234119645,1.39260691057584,1.39328263614432,1.39994108429288,1.40669657029043,1.41528545224329,1.42377788624291,1.42812040372205,1.42927866400464,1.429857646672,1.43362147643163,1.4388329103336,1.44558839633116,1.4491593301843,1.42648108346471,1.35805996159719,1.24418530844151,1.08669110984873,0.891946175159784,0.702895209086909,0.540865302160629,0.412418749524117,0.317941637938245,0.255986363260672,0.206672849207484,0.163824887396362,0.123100255296045,0.0852705365325276,0.0494674045786964,0.016173689096538,-0.0151895925813046,-0.044816221204937,-0.0731884365406102,-0.0998234089263382,-0.126941210974039,-0.15386611711525,-0.179922106833621,-0.204916284222649,-0.229138583037817,-0.251527190949801,-0.272757833527064,-0.293120149577209,-0.313772104434989,-0.334713698100365,-0.35469022233753,-0.374763194527947,-0.395029062624854,-0.413943774532682,-0.43247210473177,-0.4524480390732,-0.471266008079903,-0.489118907658388,-0.507647532805356,-0.52530812637308,-0.542100098465838,-0.559664244080316,-0.57693904583506,-0.593924208782175,-0.610909076781429,-0.626156996778599,-0.640536000352929,-0.655590434547874,-0.669390160506973,-0.684058212993177,-0.700945748195577,-0.718123217153448,-0.734045977875498,-0.751319894786619,-0.766663967789173,-0.781332610171125,-0.791658145178201,-0.801694336325542,-0.809993579470805,-0.818389270569307,-0.824372288097261,-0.837593326336877,-0.851779434004717,-0.856218694384964,-0.86114078442719,-0.866448961230277,-0.866642447032509,-0.864616450118557,-0.881698061018924,-0.898007203449696,-0.904955290405874,-0.912096273268542,-0.920105582658322,-0.918560940667006,-0.915858628288837,-0.933808270768441,-0.953012621483879,-0.966716194437607,-0.9777180449089,-0.99045654843441,-0.990552996387655,-0.989974013720292,-1.00020369066986,-1.01583710753217,-1.02770728453056,-1.03841949619425,-1.04826279143509,-1.0521227742001,-1.0521227742001,-1.05636854877811,-1.06650118787869,-1.07335312182949,-1.07875745163796,-1.08290736815845,-1.08638214900622,-1.08580346128672,-1.09255865233641,-1.10317412109898,-1.11031539890952,-1.11436827758103,-1.11880724301341,-1.11938622568076,-1.11745579187645,-1.12845675750414,-1.1423529314165,-1.14505494884679,-1.14698508770323,-1.14968769502927,-1.14283664592208,-1.13598559681489,-1.1501719994306,-1.16696397152335,-1.17005207571451,-1.17622798914896,-1.18028086782048,-1.17506972886638,-1.16590156929827,-1.18250005558879,-1.19813376739895,-1.20788061468655,-1.21637275373831,-1.22168063559352,-1.1650329478233,-1.07335430162098,-0.961409787321737,-0.794844172061966
-0.659822495860868,-0.475593340894815,-0.267608149638209,-0.0648591726130001,0.106861923376032,0.375254576090617,0.549884350707829,0.674772016403932,0.806350087470355,0.916984190662188,0.921541466255058,0.940837133515293,0.948885119812325,0.940449507265099,0.94840058699958,0.973998737029591,1.00638419899247,1.04041825792006,1.06417429421061,1.06494984306134,1.06436781098538,1.0745486307095,1.09035329091523,1.10703070288459,1.12952636116133,1.15114956402478,1.15648298116908,1.15871331385941,1.16133156915029,1.16695540963189,1.17151238887442,1.18402044785144,1.19808019723061,1.20942478475636,1.21495142232507,1.21795730386613,1.22687774557645,1.23531306177333,1.24646324347329,1.26052269650212,1.2762304501453,1.27846048648529,1.27933323824891,1.28059420896341,1.28631525235791,1.29281184460313,1.30609574878122,1.32015549816039,1.33159699224869,1.33295427682505,1.33295427682505,1.33305147973795,1.33770566189337,1.34323259581242,1.35477158916396,1.36631058251549,1.3753282271387,1.37426195860031,1.37368051922503,1.37067463768395,1.37251675142341,1.37765576274192,1.38900005391733,1.39840502844038,1.4092644904527,1.41052457211617,1.40829394307549,1.40480323237133,1.40693636214877,1.40819703651294,1.41459701854597,1.42313013035643,1.43146913269145,1.4275907957371,1.39714465042657,1.32830098372066,1.21747277105338,1.06465971607439,0.877812898518152,0.696492718530628,0.539413403996739,0.413167861023587,0.317271556798421,0.253178978810491,0.202564414476107,0.160482369251495,0.120242734116677,0.0850452037378174,0.0535321971882165,0.023085755527337,-0.0110449136124459,-0.0412969494475371,-0.0713551721575379,-0.101025768617338,-0.123812146581722,-0.143980861955917,-0.163665044517373,-0.18160372355158,-0.198378634784172,-0.225237459178351,-0.250447686607826,-0.276530369450584,-0.303000974893877,-0.328017092847913,-0.347700386358336,-0.366899147056012,-0.385709985153153,-0.402678413160499,-0.421586157820184,-0.440009073316795,-0.458916521626138,-0.471424580603153,-0.48529022050688,-0.498380015209535,-0.510403245023461,-0.521650925986664,-0.543370442711984,-0.563926487986037,-0.583900797534444,-0.604650952283937,-0.621522473728731,-0.632188418966294,-0.642950974416067,-0.652550058414559,-0.661664016899628,-0.678341132518641,-0.696375829064366,-0.71421700883533,-0.725367783235975,-0.736906480237162,-0.744275824246009,-0.74951203847742,-0.75368139146976,-0.772589136129452,-0.790333409337871,-0.807980775983745,-0.825046110553637,-0.841335896272798,-0.849868415382569,-0.85820712136725,-0.866157904751381,-0.878181430915663,-0.892629102895366,-0.907658806951058,-0.921330930080031,-0.933257549681754,-0.942177991392068,-0.949256023012588,-0.95439473798075,-0.962830054177633,-0.974562267953569,-0.986197871517315,-0.990367224509648,-0.994924500102525,-0.997445848830847,-0.997640254656635,-0.99734953496898,-1.01296097475031,-1.02944486994491,-1.04515291993844,-1.05290989019748,-1.06076406336942,-1.05960059191815,-1.05804949421669,-1.05717703880341,-1.07298199535948,-1.08995042336682,-1.10313712463202,-1.1138024771689,-1.12417681366778,-1.1258248179318,-1.12553350554346,-1.13387221152814,-1.14599264425496,-1.15898612509575,-1.16567682681641,-1.17333718686326,-1.17614895892888,-1.17692450777962,-1.17605145966564,-1.18826850260467,-1.20116418783188,-1.20504282113658,-1.20843692162853,-1.21250966440866,-1.20882514057941,-1.20291058041016,-1.21522482626208,-1.22947779606565,-1.23296821041947,-1.2378162057,-1.24295521701851,-1.23888277058871,-1.23219266156874,-1.24644622407301,-1.25517314900857,-1.22094527695589,-1.15151987452436,-1.04437588933598,-0.875854784363466
-0.700696864634693,-0.499578414764829,-0.28883704300516,-0.078480658707018,0.143038597327034,0.456071931706578,0.658537984745825,0.816738714735226,0.939815882764681,0.976671741247469,0.910947117095283,0.892567421577104,0.891508632530886,0.902285928589136,0.943182831931666,0.989661318196184,1.01256380759013,1.01920388545027,1.02372697343411,1.03171436035557,1.04691857105929,1.07405504020585,1.10138385602913,1.11216144619545,1.11504811688674,1.12274668968504,1.13227343823647,1.14468715158727,1.1631630204438,1.18308237170003,1.18895188642098,1.19068388883575,1.19655369766477,1.20492548383162,1.21416341825989,1.23061876468656,1.24765115114342,1.25275127915746,1.25275157326552,1.25082722417402,1.25140485242035,1.25409976465105,1.26179833744934,1.27324943509228,1.28470053273522,1.28864540425659,1.28912597684034,1.29085768514705,1.29172353930041,1.29595751905301,1.30346374517457,1.31453014946406,1.32328692309243,1.33165900336735,1.33512330230497,1.34166661861062,1.34695938740945,1.35552410846916,1.36379972129765,1.37476995224875,1.38035153517074,1.38381583410837,1.38381583410836,1.38294997995501,1.38237264581675,1.38506696983131,1.38881978878402,1.39468959761304,1.40123320802675,1.40460103951794,1.40652568271751,1.40960528830167,1.41393573550071,1.42009435845289,1.40508278853397,1.35427356096235,1.26035367861739,1.11889681506975,0.927304525535176,0.733787886909107,0.568466800583878,0.433842655681186,0.33386091193855,0.274391672293044,0.231762178319598,0.183069940624276,0.137842001866559,0.0963671761696461,0.0563358328723914,0.0184217735595256,-0.011216378816786,-0.0385451946400649,-0.0637573146951207,-0.0894505955500583,-0.11601002466643,-0.141414785506276,-0.16710806636122,-0.189529394955275,-0.210122547796193,-0.228214017407341,-0.246305487018489,-0.263241994245063,-0.28691445856206,-0.310298108755905,-0.33368146484167,-0.358508303327126,-0.378812642044885,-0.395652681825012,-0.411530400005362,-0.427696932308864,-0.439821537428431,-0.460799089514735,-0.480429626647796,-0.500637497919113,-0.515744947068337,-0.534220815924885,-0.546057195137413,-0.558470908488211,-0.570403461039114,-0.591381895449625,-0.609858058414233,-0.630258570470347,-0.650755255864823,-0.668269097229647,-0.679816662319024,-0.692615363131342,-0.705414063943666,-0.716095480771615,-0.731780558167162,-0.748908823854321,-0.765074767941696,-0.773157445877314,-0.782683900320683,-0.788649882488065,-0.792787688902308,-0.795963467824829,-0.812803801713029,-0.829451494816432,-0.848023831119409,-0.859860210331943,-0.871984815451503,-0.876699661895937,-0.880548654187023,-0.882184483263437,-0.899313043058662,-0.916345723623586,-0.933667218311681,-0.944060115124537,-0.954741531952486,-0.956666175152059,-0.95887933836673,-0.960418994104776,-0.976104365608396,-0.99255971203507,-1.00968886004643,-1.02181434749021,-1.03461334241059,-1.04019492533259,-1.04423655840846,-1.04702705576138,-1.05924754011124,-1.0717565444762,-1.07791457921224,-1.08474641553298,-1.09196294520717,-1.09417581431377,-1.09523430925193,-1.10822535674098,-1.12227519327625,-1.13661384393469,-1.14373537670279,-1.15047162790131,-1.15172276362425,-1.15047162790131,-1.15008664043977,-1.16327003460555,-1.17799337861745,-1.1813615042167,-1.18530696395423,-1.18732778049215,-1.18290115995475,-1.17683841623287,-1.1913688253519,-1.20811269179366,-1.21465659631544,-1.22043052591416,-1.22601210883615,-1.22187459652997,-1.2157159735778,-1.23024608858876,-1.24631585933776,-1.2529550548737,-1.2578619538868,-1.26161447873145,-1.255648202456,-1.24737258962751,-1.19935474173301,-1.12131375400067,-1.00853389766184,-0.837343002507593
-0.700353760992395,-0.574428622495347,-0.421112043431644,-0.274059091686023,-0.160473773306347,0.152703306747245,0.38875422528042,0.571518310150301,0.746429860142761,0.903298551915991,0.905448620138254,0.921434841671255,0.938543098806761,0.947704818082106,0.963317027747608,0.9865951949418,1.01239744222576,1.03539502908849,1.04997892041087,1.05857976474665,1.07213505200257,1.09129966010095,1.10644414063955,1.11616644913111,1.12747795090538,1.13635908984926,1.14542709186522,1.15963697132011,1.17833442173829,1.18861817661615,1.19506895272966,1.20563300221562,1.21629076896097,1.22685481844693,1.24115841516121,1.25882754723628,1.26322168666356,1.26481087994625,1.26462373115082,1.26854957000449,1.27200767973129,1.28238372325178,1.29462982610977,1.30799796457026,1.31257896706961,1.31510361860608,1.31734797553444,1.32080722815463,1.32351845703983,1.33267989059182,1.3426824936915,1.35184364152015,1.3559569148926,1.35922901871737,1.35894872410926,1.3612862268503,1.36446489913904,1.37063509492108,1.37867477859393,1.388771098953,1.39316466693357,1.39699764569792,1.39933457699226,1.40176522554599,1.40456988596722,1.41130095668883,1.41793831015106,1.42644572295079,1.43102643972679,1.43242876993741,1.43196132653387,1.43635518023779,1.44009444174275,1.44289910216399,1.41943407189772,1.35773354269407,1.24358763509818,1.0825119526931,0.880489542465452,0.686039658230458,0.517111155224609,0.385670413144477,0.291530283194651,0.23272756022493,0.185423487824897,0.143822167803366,0.104184052932023,0.0666962920062991,0.0363136136696976,0.00826786662742723,-0.0178146752646424,-0.0416537173984087,-0.0639035662494801,-0.0945671106409097,-0.123734607562329,-0.152902104483747,-0.181321577670161,-0.207590696910949,-0.229185667839712,-0.249565457353279,-0.269197508855198,-0.287894673550043,-0.309022486798615,-0.328747969836575,-0.349034327814108,-0.363150490009605,-0.376799208801563,-0.388859020034175,-0.401105980062219,-0.412604916355264,-0.434480753338836,-0.456917750985338,-0.478887019504951,-0.500481990433707,-0.518992006333127,-0.53189270139008,-0.544232235784101,-0.556852350509594,-0.568351001079289,-0.586206710503094,-0.604717012125851,-0.622853301881122,-0.634071657842695,-0.645757171484464,-0.65379685515731,-0.66006048247538,-0.666137246721382,-0.684553831084762,-0.703250995779606,-0.721106705203412,-0.738775265831786,-0.754293758237897,-0.763081465645742,-0.771401729650053,-0.779441413322887,-0.790005177085507,-0.804775645756613,-0.819826694759178,-0.83497117529779,-0.846563543126863,-0.856473286137213,-0.863204642582179,-0.869561987159646,-0.875265025261504,-0.889568336252427,-0.903403918116446,-0.918641830191099,-0.927896695279134,-0.936590399704232,-0.93995564934169,-0.943040890094383,-0.944630369100428,-0.958279373615735,-0.972396107257933,-0.988102034182819,-0.998572366409393,-1.01025788005116,-1.01465173375508,-1.01941931360315,-1.02175624489749,-1.03512466908133,-1.04690389998248,-1.05802853868467,-1.06653566576105,-1.07560395350036,-1.07887605732514,-1.08326991102907,-1.0916836065694,-1.10402371241013,-1.11608295219604,-1.11785900855081,-1.11926105303808,-1.117578142496,-1.11355830065958,-1.1118759615642,-1.1301994001149,-1.14749452032247,-1.15880659354343,-1.16937035730604,-1.17675544877992,-1.17413736570741,-1.17161299989429,-1.18124187684983,-1.19320825654641,-1.20713784139318,-1.2157389714523,-1.22480725919161,-1.22742477081741,-1.22770506542552,-1.2267698928951,-1.23611818951917,-1.24518619153513,-1.24799085195635,-1.25126267005778,-1.25444134234651,-1.24593421527013,-1.21040994521795,-1.15085976995993,-1.06719054368337,-0.942854598469014
-0.723491917236462,-0.486380599744353,-0.219118205171093,0.0933255640703483,0.410596891060125,0.653446431894288,0.785984329337911,0.843098736313428,0.839455238721013,0.807026801640954,0.798373390456765,0.840730894407453,0.90476814169267,0.949584804673979,0.971810780321204,0.98292362894188,0.988024859658301,0.995494210686563,1.02081773001937,1.05379295622387,1.07246675140332,1.07702091458945,1.0776584640268,1.07838705218294,1.08412583233671,1.09660509695675,1.1156433254172,1.13112881659817,1.14087580603122,1.14588599802886,1.16064345786542,1.17330563514063,1.18979366585167,1.20628141815686,1.22495521333632,1.22595691764881,1.22641211124273,1.22295041268201,1.22504541683751,1.22650287155564,1.23697844914484,1.24891148145217,1.26266640175864,1.26822282606898,1.27141085166162,1.27487227181646,1.27833341356544,1.28370748203234,1.29272560490339,1.30538750377272,1.31558996520558,1.323242228889,1.32497335657524,1.32734175529294,1.32879893160521,1.3338996055099,1.33909131813337,1.34983973347304,1.35822002850088,1.36241031521773,1.36204588193673,1.36268343137408,1.36404984737344,1.36823985568442,1.37652911199347,1.38673157342631,1.39684299614037,1.3983004508585,1.39893827870173,1.39702535198381,1.39729846814016,1.39656932317229,1.40285433563876,1.40677094938752,1.40048538010931,1.35575947744092,1.27368626281946,1.14461006393655,0.971718906384813,0.77733036134199,0.604074770509252,0.456780248446678,0.345831055618792,0.271682664025386,0.219395814798204,0.173576612286797,0.132403168492023,0.0930513342905302,0.0575256319307508,0.0254616281316911,-0.00432529407432024,-0.0320172121248317,-0.0584334744889037,-0.086489547414549,-0.112996848497408,-0.138866321737046,-0.162094280102618,-0.185231478155276,-0.207731126770587,-0.228045010917495,-0.247356912346038,-0.270676744648001,-0.292447805107177,-0.311759428129854,-0.332437188746018,-0.346829658489846,-0.359400240234529,-0.371424311260651,-0.384723481161467,-0.397385101624936,-0.421615321114734,-0.443750536449038,-0.466432262501915,-0.488658794960872,-0.507423628859116,-0.519994489009676,-0.533840448034932,-0.547868762903621,-0.56053038336709,-0.579204178546553,-0.59805977275771,-0.616368856250301,-0.628665765026898,-0.642693523083848,-0.652348916986396,-0.661822233451365,-0.6705669617602,-0.689513873096004,-0.707094646838327,-0.72540428714265,-0.742712223134491,-0.756376383128053,-0.764666196248833,-0.772500258963967,-0.779605455117095,-0.786983489020711,-0.802468701795807,-0.817042970571331,-0.831890633909074,-0.840726122530829,-0.849470850839664,-0.853023309713298,-0.857395673867713,-0.861676999303347,-0.878984656889316,-0.896018919913072,-0.914055444061041,-0.925260166618102,-0.937193477331297,-0.943205652047291,-0.950675281481425,-0.958873220665821,-0.981190235031832,-1.0024142279607,-1.02190765001508,-1.03283842119819,-1.04158342791289,-1.0423122944749,-1.04258568903712,-1.04367871047426,-1.05889108549887,-1.07528724227354,-1.09195679361042,-1.10434501951167,-1.11627777341313,-1.12010307003725,-1.12310873978644,-1.12520346553606,-1.13558744759474,-1.1467913349342,-1.14979728308926,-1.15253011508797,-1.15562738036768,-1.15489907061742,-1.15207575671165,-1.16719737142336,-1.18277417972896,-1.19744004403501,-1.20846213234277,-1.22012177008789,-1.2224901688056,-1.22349242992982,-1.22604318449096,-1.23542574064302,-1.24535480751365,-1.24890726638728,-1.25337039085461,-1.25683153260359,-1.25601134891693,-1.25464493291758,-1.26603145450635,-1.27787372650076,-1.28279315818548,-1.28762155115142,-1.29208523243049,-1.28917060140008,-1.23533553714184,-1.16000280698665,-1.05160381190817,-0.89137399641403
-0.727230765713639,-0.519927318221902,-0.285983702608728,-0.0433115734381551,0.194814559129887,0.484038760606619,0.67379375529236,0.802994652437394,0.89600848291708,0.93637834442694,0.893827049251824,0.887553968543612,0.901829159293183,0.92374159098826,0.950836386558904,0.980386059199473,1.00348007763907,1.01529955764981,1.0198452763627,1.03130099883613,1.05139436495506,1.06685086455953,1.0790343799972,1.09249090787061,1.10422007374871,1.11458535727915,1.13367915436699,1.15540984623822,1.16695727229248,1.17368581411883,1.18414224545083,1.19159802446213,1.19959902294494,1.21232803574375,1.22751192561246,1.23087605758081,1.23178531247926,1.23560434978646,1.24206000398742,1.24869739801221,1.26251740553328,1.2784288104766,1.28488418678792,1.28752080368167,1.28843005858011,1.29315807289611,1.29897708193439,1.31097857965858,1.32361672254548,1.33825511505307,1.3411646195722,1.34080113992454,1.33889231599503,1.34125660104267,1.34262076127997,1.35271343507466,1.36371508587815,1.37498934641739,1.37917186337226,1.3824451254287,1.37999024835877,1.38199049797949,1.38490000249861,1.38980975663845,1.39490125060212,1.40453901905796,1.40572116158178,1.40444842703568,1.40353917213724,1.40653982445793,1.41008569625011,1.41790495490908,1.42826996054989,1.43881698390417,1.41672253449563,1.35244026955963,1.2463333908542,1.09212853978149,0.892280593411425,0.695887926811261,0.526681203583297,0.387661076048233,0.286555655063473,0.220364566197974,0.172085131896503,0.128624303933306,0.0949829842497821,0.0637056717242638,0.037246965537026,0.0119701239839694,-0.0108515626095379,-0.0427655202977434,-0.0743159983382923,-0.104502316141542,-0.134688356055161,-0.162783276436161,-0.185786702853494,-0.206607584047015,-0.22824685022706,-0.247158629601438,-0.26916193120842,-0.289073835393141,-0.311532042338986,-0.326080120713938,-0.342901336334978,-0.356631029723406,-0.371906345283321,-0.383544363359856,-0.407820524323282,-0.428459665692978,-0.450008061961111,-0.469919966145838,-0.488013638423334,-0.499379046764132,-0.512926444549447,-0.52538256972287,-0.538384192257418,-0.557477433565995,-0.576843562499948,-0.596300839235463,-0.610666899896947,-0.624760072933043,-0.634307249366603,-0.643399798350951,-0.651128464987643,-0.668858101838196,-0.685587891768042,-0.703499824221707,-0.721320608873815,-0.737504623552893,-0.748779161981772,-0.760235440234482,-0.771327683060255,-0.781874428524884,-0.796149341384812,-0.809969626795522,-0.824062521941981,-0.832336685939804,-0.840520257915352,-0.845884917394044,-0.851067559159268,-0.856341070836404,-0.871615830617051,-0.88707205233188,-0.903164919209402,-0.913529924850206,-0.922167568495692,-0.926168345626728,-0.929805643110108,-0.932533685695051,-0.946808598554979,-0.962992891123688,-0.978631686331272,-0.990724331857025,-1.00345334465583,-1.00981785105523,-1.01445471756968,-1.01863667874527,-1.03009267910834,-1.04163954938332,-1.04545803091125,-1.04918564252727,-1.0527317922091,-1.05282266212101,-1.05200455502413,-1.06655263339909,-1.08228285429786,-1.09946754956656,-1.11028773843586,-1.1217442945782,-1.12592681153308,-1.13020019839987,-1.13338259054439,-1.148294148567,-1.16229617380154,-1.16638754295486,-1.16920589967244,-1.17202425639002,-1.16784146154551,-1.16447732957716,-1.18011612478473,-1.1969367846265,-1.20266492375286,-1.20857480270304,-1.21403005420401,-1.20930176199837,-1.20211887061245,-1.21712102065734,-1.23403255041101,-1.23866941692546,-1.2423064365192,-1.24739793048286,-1.23885115674929,-1.22775863603388,-1.24012416918503,-1.2543079342434,-1.24512479323678,-1.19529918098454,-1.12092452014349,-0.993269245169939
-0.766127608203069,-0.493476976009807,-0.203489101208152,0.128746693811352,0.458518807699653,0.631617088600118,0.748232816203957,0.791758314332387,0.783272363521833,0.755259355269022,0.794131636318641,0.849975818989355,0.915948871368502,0.951627347084793,0.964767072746648,0.968325661294785,0.970150692913827,0.983929068087854,1.01604839748351,1.05172659431355,1.0670564136955,1.07061500224364,1.07006726964892,1.07371705400077,1.08138196369174,1.09853653580649,1.11788120164134,1.13512724844606,1.14397826135766,1.15018264375816,1.16332209053377,1.17819537312472,1.19288626410826,1.21077096042514,1.22984231773514,1.23413158825788,1.23404067134043,1.23312843441715,1.23677877654149,1.24006377767852,1.25146966752504,1.26634322900223,1.2815818525805,1.28678280225401,1.28988513289738,1.29070617401695,1.29316957626191,1.29654549431639,1.305396507228,1.31516003594913,1.32638353418825,1.3306722469385,1.33222341226018,1.33194982484908,1.33523510487236,1.33842946797818,1.34472616172738,1.35348653660778,1.3628852821141,1.36571402534637,1.36753877807916,1.37054991291883,1.37584233728231,1.38222994794896,1.39099004394312,1.39947627363992,1.40622866752137,1.40595480122401,1.40321725379545,1.40066209797429,1.40367323281396,1.40914804878484,1.41754280379169,1.42867482734085,1.42931319796677,1.38651726626796,1.29937451643491,1.16916280526445,0.990041975798396,0.784732890812321,0.600502307476441,0.44711375451188,0.326391705765195,0.244450184491927,0.189518238744483,0.142707460592784,0.10027659099504,0.0657847762718737,0.0326617352629932,0.00200237538532128,-0.0242773548246369,-0.0500096313261401,-0.0819471268868955,-0.112515848733365,-0.139525703145449,-0.168725093505136,-0.190350769977538,-0.209056507413976,-0.224750831124491,-0.242452856947718,-0.256414181501646,-0.280868880092569,-0.302768422862323,-0.327405791946904,-0.350309325216142,-0.374216291212361,-0.392648720123932,-0.410989953231822,-0.427962133739165,-0.444569252145458,-0.462180082164974,-0.478969313292417,-0.497857163450011,-0.509719032315044,-0.522311025382189,-0.532348141514427,-0.543298052342432,-0.550780849312259,-0.571038588729132,-0.590475008140186,-0.611645263366584,-0.631264074385049,-0.649057574898223,-0.659642144738917,-0.67022671457961,-0.679807293920844,-0.689752935363122,-0.706177383275757,-0.722875697485748,-0.738752691689928,-0.747603704601532,-0.757276037518962,-0.76275085348984,-0.76840833995437,-0.774066105305155,-0.793045987925199,-0.81102215893202,-0.828998329938841,-0.840221828177955,-0.850988789626059,-0.854821244471553,-0.858288637215985,-0.861482442549307,-0.876538953406412,-0.892873042174098,-0.909571914156586,-0.919336000650217,-0.929282478751246,-0.934027449406259,-0.937038584245929,-0.939410790687184,-0.955196310201409,-0.971255417126732,-0.98658467873619,-0.993884247439868,-1.00154915713085,-1.00273553923772,-1.00355713812979,-1.0040136749208,-1.02198984592763,-1.03923561384608,-1.05684644386559,-1.06761368419995,-1.07838092453431,-1.08002356454594,-1.08121022553907,-1.08075424652056,-1.09389397218242,-1.10730728525538,-1.11259915184636,-1.11925979215162,-1.12683294826639,-1.1271065356775,-1.12765398938596,-1.14407871618485,-1.16032077249008,-1.17720175719372,-1.19015909124817,-1.201930322082,-1.20558066420634,-1.20740625359788,-1.2078627903889,-1.21571009168729,-1.22492616669996,-1.22748076474861,-1.23049134181579,-1.2333198061618,-1.23204250713747,-1.22884870180414,-1.23934235472739,-1.25120506025117,-1.25704521720935,-1.26352374479346,-1.27018494287122,-1.269637768049,-1.26690049950668,-1.24782969996919,-1.18778855812442,-1.10201541866441,-0.974358863315112
-0.763399415315031,-0.496721485275155,-0.215635892534115,0.104910131220805,0.430686992823009,0.651022504274817,0.771422367825136,0.834191861044686,0.837312132950903,0.804550820541962,0.808129386766807,0.858601502752371,0.907421908063269,0.943027506081273,0.968538849186502,0.980193380289334,0.982395941662771,0.997813029855213,1.02672035068992,1.05039683367735,1.06388706631962,1.06856761441589,1.07471644326982,1.08224155744902,1.09931063679002,1.12317054969446,1.14923246302457,1.16070328373652,1.16428213043525,1.16483242018626,1.16822755649411,1.17318324946588,1.18511320591809,1.19988800892714,1.21493823728558,1.22255506642329,1.22604191768964,1.2281524836307,1.23237361551282,1.23723731305221,1.24568013776421,1.25724323438241,1.26999918640891,1.27752430058812,1.28220428773663,1.28495713886108,1.28991255135897,1.29486796385686,1.30248479299458,1.31193704319786,1.3231327190343,1.32717042099941,1.32909727654958,1.33001470660848,1.33643839986404,1.34396351404326,1.3542417598208,1.36644742209628,1.37938708451367,1.38039679047882,1.37856164988715,1.37746050943736,1.37415680761414,1.37333081203988,1.37911193963816,1.38599420768622,1.39305990565129,1.40287873521469,1.4074670074047,1.40957785381963,1.41040384939391,1.41168898070846,1.41168926118233,1.41471781813005,1.40710098899233,1.36635598761167,1.282296283169,1.1521690245399,0.973404510043038,0.770138077932227,0.58797842712752,0.436560957275307,0.32130021661376,0.24577533231548,0.19879034807014,0.153181649150086,0.111427222278141,0.0722422166136528,0.0342500663574341,0.000846188291234866,-0.0278774221525934,-0.0543064757906019,-0.0793592441033188,-0.102393161433486,-0.130382210787654,-0.156443843643894,-0.182689467364893,-0.208567670304129,-0.233619877669091,-0.25637836964986,-0.277852571737737,-0.298500497777451,-0.318322708716773,-0.339521485455265,-0.357875135163042,-0.377237929888214,-0.395499584163603,-0.412200962248954,-0.427617769967518,-0.44386057326035,-0.459369376411297,-0.474694749645233,-0.49268153951901,-0.510484619001886,-0.528104268567765,-0.545356777825765,-0.563343567699535,-0.578852651324353,-0.593811164724289,-0.608677682691842,-0.623268775310009,-0.636758447004516,-0.651074114273297,-0.665389781542084,-0.679797444243235,-0.688791119654007,-0.699161360863936,-0.70806332131619,-0.716689856419071,-0.72430668555679,-0.742292914482799,-0.757984867076865,-0.774961390037718,-0.792763908572846,-0.803683878586024,-0.80882272100092,-0.81478755899009,-0.819559541570978,-0.821303247678032,-0.837638326877124,-0.854799401650503,-0.871409906198982,-0.886918989823806,-0.903345503507526,-0.910870337212856,-0.917568894870047,-0.924634312361233,-0.933443435959484,-0.944638831322049,-0.95739422240078,-0.971159319444672,-0.979143288890276,-0.987494398643771,-0.993459236632941,-0.997680648988941,-1.00015863571177,-1.01337344300465,-1.02548710984774,-1.03916105288089,-1.04723701775887,-1.05540441712149,-1.05723955771317,-1.05815670729818,-1.05714672085915,-1.0689844014051,-1.08173979248384,-1.09605545975262,-1.10605828018078,-1.11624453052595,-1.11963966683379,-1.12175023277485,-1.12239251795824,-1.13386333867019,-1.14570158016391,-1.15285983450911,-1.15955923358794,-1.16598320731738,-1.16644234305765,-1.16680920289165,-1.17754602346171,-1.19094398019771,-1.20645278334865,-1.21241762133782,-1.21829102484237,-1.21709816943408,-1.21361131816775,-1.20783019056946,-1.22049470811132,-1.23288380030382,-1.23719720809219,-1.24004205464902,-1.24270347128885,-1.23609606764241,-1.22930523407897,-1.2416020503652,-1.25729456390702,-1.22737809805491,-1.16295689416069,-1.06403067175048,-0.900683525919937
-0.719310090434937,-0.520245822762751,-0.297879872185655,-0.084434164470344,0.10352549274452,0.379958157813675,0.557450543613672,0.686428381054011,0.817681555040946,0.922447741873233,0.923267297010322,0.943565057182611,0.95266695975401,0.943109656042273,0.951665466714791,0.9779702377748,1.00855333145983,1.04195813178284,1.07017464177771,1.07427019192308,1.07499822172409,1.08337209449448,1.09647913464521,1.10794789909929,1.12651669281638,1.14444814749102,1.15300423635603,1.15728255898106,1.16201572636139,1.17048056808285,1.17849056504899,1.1914159454901,1.20652541533424,1.22218125526978,1.22946322243492,1.2351066357109,1.23974855594765,1.24602903007357,1.25167244334955,1.26177583896016,1.27360847921849,1.28289259788453,1.28662455041815,1.28999207076251,1.29809275848721,1.30692175420542,1.3181173336138,1.33222558861124,1.346789244749,1.34970219853056,1.34915638482419,1.34688104827759,1.34979372386665,1.35170490641648,1.36044265499112,1.37018161841246,1.38119498172622,1.38137691962834,1.38192328971973,1.3800121071699,1.37773677062331,1.37591655702453,1.37928463375391,1.38237924724509,1.38811335127962,1.3954860092033,1.40085623743358,1.40604424956923,1.41123253989738,1.41705816926799,1.42370279739067,1.4302564565623,1.43772036162956,1.43999597636867,1.40841138964442,1.33386469888542,1.21763002579157,1.05770521886196,0.858823167284406,0.670135758461052,0.510120260772884,0.381689071616458,0.282475607301596,0.218578404052101,0.168425301803276,0.122094842846634,0.0834105050518822,0.0512795482362471,0.0221525141532325,-0.00542721318420317,-0.0295478948411897,-0.0598583598655413,-0.0879839009093429,-0.116655812044541,-0.144781631280852,-0.171451112722637,-0.194024209441517,-0.216415646450794,-0.237532683567663,-0.256737981749674,-0.278127925719732,-0.298516933035602,-0.319178569012139,-0.335016068657282,-0.351764092390578,-0.367055778329343,-0.381437218372474,-0.394726752810353,-0.415661852025091,-0.435959612197381,-0.455893218372919,-0.476554854349462,-0.492392353994599,-0.505317456243204,-0.51742328154723,-0.529164952854486,-0.540451779406442,-0.560931477480861,-0.579954837760754,-0.599797753177737,-0.619367761741524,-0.636115785474826,-0.647766766023539,-0.658689438578731,-0.667973279052254,-0.677348088476842,-0.691547312425334,-0.706474844367341,-0.722130684302875,-0.735329249789688,-0.748345599181862,-0.758358025841409,-0.767733113458513,-0.776106708036391,-0.79112493073696,-0.805415123636511,-0.820524593480648,-0.835543372566229,-0.846102169317179,-0.852473612394172,-0.858663117569021,-0.863578501043997,-0.868038483378628,-0.882511170565334,-0.896984135944549,-0.91264025407258,-0.920832467133359,-0.927750280301748,-0.929479524949451,-0.931481954642859,-0.931572923593924,-0.947501670382641,-0.965524094008333,-0.983273610780843,-0.991465545649112,-1.00093188040978,-1.00102284936085,-0.999657480517388,-0.997927957677157,-1.01403892056051,-1.0292393593557,-1.04589613594543,-1.05436097766688,-1.06209751139483,-1.06045867931315,-1.05845597142723,-1.05599841878601,-1.07001570483237,-1.08603569876466,-1.10314787649471,-1.11680128673684,-1.12972611079292,-1.13427678388612,-1.13682502728589,-1.13855427193361,-1.14856642040065,-1.1588520321059,-1.15921646429516,-1.16021767914187,-1.1614008318907,-1.15812400230489,-1.15521104852333,-1.17332416290758,-1.19143755548434,-1.20609218057316,-1.21783413007294,-1.22866583367708,-1.22793780387607,-1.22629952817942,-1.2316697564097,-1.24186412097137,-1.25378800837328,-1.25997751354814,-1.26725920252076,-1.2694438483088,-1.26671311062188,-1.23931559937908,-1.17887716361752,-1.09240658545662,-0.960516072427237
-0.713938071912502,-0.46610795578097,-0.201030103001976,0.104445537526862,0.393226801006814,0.524382046505013,0.662915607914142,0.736332303713188,0.752103757009781,0.757176454909117,0.819156958372604,0.858448590715,0.910929801385396,0.950221433727793,0.972173149805437,0.987945166891741,1.00353226095376,1.01303183564171,1.02908010968503,1.04983208126367,1.06541889343084,1.07676346993881,1.09576346499929,1.11651600036764,1.12647731882661,1.13330283892867,1.14437059468994,1.15285591169288,1.16226330676355,1.17840404231901,1.19629731818233,1.20017168105693,1.20081778406251,1.2043231465731,1.20967266521916,1.21649790342637,1.23070145754451,1.24730309118641,1.25468168899219,1.25754123039207,1.25874041110137,1.26436675049414,1.27054644948549,1.28032284492017,1.2924051402613,1.30439525598514,1.30688551512616,1.30697769474345,1.30808469583546,1.31039031384706,1.31223475187736,1.31970524740559,1.3283749236431,1.33538452108489,1.33870524246606,1.34239496421124,1.34543914674055,1.34839086775771,1.35281802644119,1.35881280240826,1.36545311759119,1.36978781476252,1.37356943423013,1.37550661566743,1.37827397745002,1.38030362039947,1.38500759982966,1.38943475851314,1.39533735486292,1.39939551318239,1.40290031190328,1.40409949261258,1.40603639215502,1.40880375393762,1.40234751609441,1.36379388448002,1.28714808312738,1.16696841377315,0.998273794345579,0.802462863218576,0.623161949905884,0.474113428544363,0.358637738620324,0.280332140366811,0.23181775408317,0.190036144494599,0.146778815344876,0.105181564990886,0.0674581137217906,0.0291813028541135,-0.0061437869963932,-0.0373182570152877,-0.0668326482384426,-0.0963467575667513,-0.123093787007316,-0.148826558762867,-0.173914073197403,-0.197617765793219,-0.220953021814744,-0.244103918601695,-0.26725453349378,-0.289113506164436,-0.310972760729956,-0.332093732672602,-0.3520158058008,-0.371384801225288,-0.390754078544621,-0.410123073969109,-0.427832272492709,-0.446740369830757,-0.465094825675371,-0.483448999625133,-0.501342275488455,-0.520434168271373,-0.538696162603844,-0.556589156572314,-0.574666791670217,-0.592006426040105,-0.608977341940856,-0.62511779560145,-0.641627249626051,-0.657214343688063,-0.67252461700337,-0.688019531448103,-0.703237907040972,-0.717718563800691,-0.732107040943126,-0.746864800344408,-0.760792379400404,-0.775550138801698,-0.79003107745627,-0.803681835765548,-0.808108994449025,-0.811060151676491,-0.812443409725507,-0.81290430781194,-0.813734206262374,-0.83162720023085,-0.85062719529133,-0.86778247042665,-0.88521456630868,-0.901816481845418,-0.909010720416639,-0.916204958987859,-0.927733894730401,-0.93935501009024,-0.952636486140665,-0.961859803871614,-0.969976402405411,-0.974957484477175,-0.980123207678359,-0.981784132158656,-0.992575912857759,-1.00428977162459,-1.00908593067206,-1.0125904474981,-1.01849276195303,-1.01858465967546,-1.01784665894745,-1.03241921342961,-1.04865212860234,-1.05556954642684,-1.0628556827205,-1.06921945905156,-1.06719009799698,-1.06313165778265,-1.07678213419707,-1.0916317913208,-1.09984056947188,-1.10758844953653,-1.11625868956375,-1.11496761113203,-1.11210835162699,-1.12474428846155,-1.13940902256099,-1.14863205839709,-1.15951517302891,-1.17058292879017,-1.17390336827649,-1.17528719011522,-1.18801558846192,-1.19502574969341,-1.19973001101845,-1.20332727125149,-1.20646306960839,-1.20268116824592,-1.20738458388641,-1.21614643974121,-1.21301007759461,-1.20996617696015,-1.20784491818313,-1.20120432110535,-1.19410226215142,-1.21199553801475,-1.23210225227238,-1.24363118801493,-1.21337879606376,-1.14715577504623,-1.03509298612065,-0.870826652955963
-0.711852651900402,-0.504370043201395,-0.280100083404354,-0.0448900974470407,0.18862270576191,0.492302543490818,0.685545016436113,0.82106944020782,0.914908830433087,0.95187876285896,0.899819526816486,0.889633836127077,0.900007750378771,0.920661322978823,0.946596396852385,0.982999929125309,1.00865223528893,1.02506227452935,1.03364475012936,1.0523183722711,1.06533346952607,1.08004603777376,1.09004321665654,1.10107749872013,1.1070190795612,1.12126008004797,1.13719883977181,1.15342036720561,1.16068268367049,1.16719066466449,1.1718123746148,1.17992328245388,1.18869426986051,1.2031237821539,1.21679838248772,1.22453111373613,1.22471933729841,1.23226384498453,1.24075148819251,1.25055986702431,1.2631036847627,1.28140028329118,1.28687058461567,1.28847408794944,1.28856863209711,1.29488752479579,1.30007448192163,1.31016562846337,1.32223730195214,1.33487451086079,1.33666594951247,1.33543975803632,1.33440236661115,1.33553401393964,1.33657169360915,1.3427020745012,1.35024715867604,1.35835777827075,1.36128144073963,1.36288436758468,1.36354415890789,1.36703306855231,1.370993834202,1.37636930313447,1.38353707545169,1.39211955105168,1.3946661899073,1.3949492458616,1.3968355169053,1.400796282555,1.4041915127848,1.41173630871528,1.42031849607092,1.4278632920014,1.40532344835764,1.34534181628273,1.24292081519051,1.10192695482737,0.915003951069457,0.729966930110904,0.568224953000045,0.43656761546342,0.328299289433455,0.256811807534019,0.202017132584962,0.152315158858422,0.107517662792132,0.071396609984797,0.0374448841754741,0.00594525307410423,-0.022253403700787,-0.0500750368624125,-0.0777081582174083,-0.103926576289626,-0.12486349308834,-0.144857562609542,-0.165323199891678,-0.183336742465856,-0.200124381808235,-0.2259657762672,-0.253504641718878,-0.278214100605005,-0.304432230432871,-0.329424168784583,-0.3497949736747,-0.368090995714467,-0.386670073708547,-0.403363168903263,-0.422414102902609,-0.440144589522494,-0.457969332045697,-0.47088959690865,-0.483904117674914,-0.494938111494154,-0.506066361216712,-0.516251475417413,-0.536716824455192,-0.557936797208198,-0.579251314108874,-0.595190362077065,-0.611412465999562,-0.621598444933322,-0.630841000100882,-0.639800211069785,-0.658095944865202,-0.677428781841449,-0.696950418868663,-0.71694391190117,-0.735994557656165,-0.750895637710486,-0.763250655397901,-0.775982696698568,-0.786545411001244,-0.798994396347619,-0.810971813933066,-0.824929758465538,-0.835964328773486,-0.848508146511887,-0.858693837201296,-0.868219448323148,-0.87633006791787,-0.887835629498031,-0.898869335072927,-0.90858316975705,-0.918485516247816,-0.927162247751123,-0.933292628643171,-0.939140241825272,-0.948571308799461,-0.957813863967014,-0.96941396969485,-0.974223903207438,-0.978373468908117,-0.98082556361607,-0.982617578756465,-0.983938026135919,-1.00053657718297,-1.01845557560948,-1.03646882993931,-1.05042648622743,-1.06183779190429,-1.06561004574735,-1.06825065226192,-1.06985386735134,-1.08060538170498,-1.09409175847654,-1.09701542094541,-1.09861863603483,-1.09984482751098,-1.09607228542356,-1.09013099282685,-1.10361765784275,-1.1202167853785,-1.12993090830698,-1.13992837543412,-1.14992555431689,-1.15181182536059,-1.15105720164538,-1.16586402579638,-1.18048176165206,-1.19509949750773,-1.20330437300577,-1.21226387221902,-1.21348977545082,-1.2136785755018,-1.21613067020975,-1.22716495227335,-1.23772737833166,-1.24357441502506,-1.25121346685886,-1.25640071222905,-1.25790967141514,-1.25960743065222,-1.27054745681251,-1.27167881589663,-1.27101815984037,-1.22188200977807,-1.13898293395743,-1.00421313390095,-0.82804135625234
-0.639006476667413,-0.449684580807913,-0.237130313508359,-0.0575507017732687,0.0978603034999678,0.371867663340567,0.560628677118195,0.693370197206075,0.838758334158767,0.959228017700951,0.946394153831772,0.940773307976114,0.95060950191311,0.949391537453559,0.960070629220574,0.997354256368559,1.04157003102351,1.06058648176142,1.06498936315753,1.06892412704273,1.07707423900926,1.08981476568667,1.11435843877805,1.14068181734207,1.14986178783258,1.14836266655609,1.14658238846265,1.14920527807571,1.1541704731057,1.16700490959568,1.18377382366047,1.19913752626134,1.20635111689567,1.21009834746611,1.21965338458615,1.22780321024228,1.23754549436669,1.25066022874241,1.26489901776509,1.26724103687162,1.26939552266337,1.26733466037379,1.27117551444641,1.27773316794468,1.2898174711756,1.30255771154261,1.31857649234833,1.32279155411926,1.32241648748973,1.32101098971541,1.32522605148634,1.32962864657204,1.3401207776451,1.35201783387167,1.36550763487692,1.36738153647253,1.36691341896163,1.36475893316987,1.36822529323377,1.37290933144682,1.38265190188163,1.39323737014647,1.40494689305827,1.4057897908883,1.40241734063698,1.39941938439439,1.39511012650047,1.3915501429344,1.39332984840703,1.39726403967142,1.402228948391,1.40981703303406,1.41581294551923,1.41646916896571,1.38780405760557,1.32363502457009,1.21637398521621,1.0647093515822,0.876697612132411,0.697772792291773,0.535429066890748,0.403624354445486,0.307604720492504,0.243435687457026,0.191070087145932,0.148915174780535,0.110694739989951,0.0737858931610959,0.0401555867709728,0.00830527216387739,-0.0219525839749339,-0.0518356597946225,-0.0790958460012511,-0.105418938254872,-0.131086665993223,-0.156004833093334,-0.178674890899502,-0.201626105522616,-0.22429644963918,-0.246310856619683,-0.268137730285416,-0.290901411593773,-0.312915532263873,-0.33446124911266,-0.355538562140154,-0.376054134154562,-0.394976961390302,-0.413806165123852,-0.431886094529554,-0.449122839794833,-0.466172051745343,-0.483783577329751,-0.500551918773724,-0.517882287541186,-0.535681060129948,-0.553386209216533,-0.570435421167043,-0.587859413436682,-0.604721092072429,-0.621207990389048,-0.637414018199129,-0.653901202826163,-0.669826360129714,-0.685096152917995,-0.700459855518861,-0.715354867988026,-0.729687853133702,-0.744208085283737,-0.75919643494467,-0.763692653532545,-0.768563652439542,-0.772685090708295,-0.774652043185286,-0.775588564517496,-0.795448199395835,-0.813809285618488,-0.832357618845495,-0.845191769025083,-0.857370268379004,-0.859337793476801,-0.8617734360855,-0.863647337681126,-0.88060292612946,-0.898869816229125,-0.918073513971395,-0.932967953819743,-0.947674860353333,-0.953389043400766,-0.957979458111635,-0.961445818175526,-0.972687509886836,-0.984866009240745,-0.98655266383201,-0.98664657364459,-0.987114977465896,-0.982899629384564,-0.976997913022369,-0.992267133189845,-1.01100242711082,-1.02973800734219,-1.04416432967963,-1.05971499297446,-1.06421178418315,-1.06571090545964,-1.06702249342138,-1.07920070646489,-1.09100413918928,-1.09353340530016,-1.09746759656455,-1.09999657636503,-1.09587427916507,-1.0912835781438,-1.1063652649965,-1.12041680701484,-1.12622461356445,-1.13053387145837,-1.13540515667578,-1.12969068731793,-1.12510027260707,-1.14008862226801,-1.15957347682722,-1.17287574451771,-1.18430468323338,-1.19348551265511,-1.19264290113548,-1.18908349019021,-1.19629679451414,-1.20931790538768,-1.22168307912515,-1.2287085638239,-1.23573404852267,-1.23713925998658,-1.2341418763648,-1.23582824464566,-1.24744443036569,-1.25297136640876,-1.23301753540743,-1.17015923140247,-1.07760538489258,-0.936994909655104
-0.742001079723552,-0.46876079468628,-0.180688319263852,0.149954694375207,0.478767638202119,0.672453313734678,0.792170257960253,0.83531834112967,0.809217253760659,0.762601545951226,0.776952154510318,0.82164153501549,0.886460505992578,0.945308274438006,0.973239431619152,0.975069795796718,0.977670808642164,0.988747190641746,1.01080281405252,1.04306791330287,1.07591085187142,1.0862162908377,1.08679383579049,1.0940172688161,1.10595967387943,1.12194695417015,1.14554299182041,1.16942839067792,1.17491801138352,1.17617024187746,1.17289601531795,1.17337818587486,1.17463071073423,1.18532176839988,1.19630159854191,1.20872617416215,1.21306011623135,1.21623837966414,1.21777938263449,1.22394339451583,1.22981833955537,1.24118349403134,1.25274116349156,1.26429912731722,1.26718891263905,1.27094560412089,1.27489481058699,1.28096285934162,1.28683780438116,1.29868395195236,1.30927786902962,1.31573006465652,1.31852241502454,1.32198915656832,1.3199662774065,1.32160324350354,1.32516683127028,1.33181242497769,1.33710982506445,1.34866749452468,1.35444677080292,1.36070733454182,1.36359711986365,1.37101336223894,1.3765998291675,1.38411232903492,1.3911435414417,1.39952294746913,1.39981201431094,1.39798194449879,1.39480338670057,1.39528467416122,1.3984626432286,1.40558952439666,1.40058119115172,1.36619724961283,1.28510134277237,1.15642685883574,0.983833643061829,0.791303351800246,0.615724387577783,0.471254549603864,0.362228074313086,0.287970570529715,0.238176893652898,0.190983640890673,0.148317139547319,0.107672928634962,0.0711704391729512,0.0353420465212833,0.00577421760850213,-0.0237939056696901,-0.0508575679600002,-0.0812925973981997,-0.108838430245409,-0.137829302936246,-0.163737875320997,-0.185601572478358,-0.20274570886715,-0.219986102748081,-0.235492684308985,-0.251384295838427,-0.275077179711657,-0.299636675379496,-0.324388686031581,-0.34788876055514,-0.365995471865237,-0.380538595408596,-0.395082013317366,-0.407602846429735,-0.420508709510629,-0.443624048431093,-0.466450320509746,-0.488217171444138,-0.510850928538525,-0.531462395201941,-0.545620488776767,-0.55737096758668,-0.569313961380852,-0.58087163084108,-0.596281660544453,-0.613714569409631,-0.632206605053671,-0.646749728597023,-0.662063206442839,-0.674872517666176,-0.685370177251303,-0.696349713027917,-0.714938006164084,-0.731118684535317,-0.747877202224761,-0.765887656042725,-0.77831193729755,-0.786016952149229,-0.794973903129436,-0.802967690457508,-0.809324217323111,-0.824444885819249,-0.840143687999001,-0.855553717702361,-0.863451541903718,-0.872023757280829,-0.876647649288093,-0.880982180088136,-0.88522045339604,-0.905157528883702,-0.92509431000594,-0.944837987413083,-0.955624713840014,-0.966122373425146,-0.967085242711863,-0.968144663856123,-0.96824121571368,-0.985674124578871,-1.00339580592044,-1.0236216538845,-1.0336383203744,-1.04432908367462,-1.04548476231101,-1.04529224732675,-1.04221024138608,-1.05762027108944,-1.0730303007928,-1.08978881848224,-1.10144274543461,-1.11386702668942,-1.11743032009075,-1.11993448671322,-1.12166829903323,-1.13447819898742,-1.14854032943554,-1.15403083323739,-1.15903946084776,-1.1631808879327,-1.16241023926482,-1.16029110261087,-1.17493048364636,-1.19120712514431,-1.20873629150162,-1.22019770346972,-1.23108157048505,-1.23300819215474,-1.23464604134804,-1.23512762317411,-1.24639622579253,-1.26007214881046,-1.26421298716457,-1.2672944043744,-1.26979827663145,-1.26661971883323,-1.26113009812764,-1.27480690424183,-1.28809809165665,-1.29204700375733,-1.29580340087375,-1.29869259746474,-1.23406643583733,-1.13313059409759,-1.01794010692548,-0.84640631229583
-0.612678468116892,-0.427841405143212,-0.226947757150105,-0.0151926837045618,0.172383550749434,0.437974645138685,0.620827981016503,0.752584178762838,0.863750836515007,0.940254519013289,0.918059118449531,0.917209279600543,0.924576377856317,0.932226370837629,0.954704954795024,0.983605826358492,1.00731211569114,1.02724089443348,1.03763063623129,1.04329776812099,1.05746559784526,1.08126714764672,1.09543440003482,1.10582356449644,1.11942416142919,1.13104131993415,1.14265847843911,1.16192620726156,1.18270511352099,1.18789998441989,1.18912768979514,1.18931676739231,1.19328393291596,1.19696762637789,1.20924583480275,1.22312990379722,1.23389664611702,1.23512406282419,1.23569042961146,1.24201861142106,1.25108567604289,1.26100315684988,1.27526509237061,1.29169954391629,1.2950997653165,1.29273874903054,1.29075531060275,1.29510005398459,1.29783893679681,1.30898383431096,1.32220656471745,1.33590155611473,1.33665700049917,1.3369404725609,1.33476824520403,1.33826286106878,1.34128550461081,1.35176964087316,1.36253667186105,1.37207599747369,1.37179281408006,1.37037603110762,1.36801472615357,1.37094297523106,1.37793249562865,1.38879420974917,1.40126149577121,1.4129733374088,1.4147679869075,1.41127337104274,1.40957340467669,1.40579560541831,1.40503987236577,1.40296175080536,1.37764902356693,1.31417899387795,1.2116071397568,1.0607720021171,0.874896022697252,0.693553864256406,0.541679521502453,0.420500988478755,0.334929664022467,0.281376826472389,0.240480063873438,0.193444485730147,0.147825690559281,0.105512722324082,0.0637664095442283,0.0288205395647968,0.000769218182230544,-0.0250154813789101,-0.0502335254847119,-0.0717678761285711,-0.101613847009832,-0.129854245989572,-0.15762209531041,-0.183784372729741,-0.209663466755429,-0.230442373014848,-0.250559940686289,-0.269166330920763,-0.288811348933302,-0.310156621979993,-0.329896034457085,-0.350107996593067,-0.371642635905018,-0.391288519921826,-0.40876188791367,-0.427463249948857,-0.445219801334337,-0.461559281079307,-0.478654493876802,-0.496410756594197,-0.513505969391693,-0.524934338967567,-0.536457103007983,-0.5463740064788,-0.555441071100622,-0.564035586063562,-0.583208631753388,-0.602476360575841,-0.623066477906177,-0.643750989701048,-0.664057923637755,-0.679453170069196,-0.69465933890345,-0.708921274424181,-0.72204961036611,-0.736311257218756,-0.750572904071395,-0.76436228993323,-0.770878683335754,-0.778812148378794,-0.784856858126677,-0.789957334561026,-0.794302366610934,-0.812248284261693,-0.829344074395353,-0.848328619824176,-0.859756989400045,-0.870996570046831,-0.876002363348559,-0.881007867982195,-0.883463278732696,-0.901219541450091,-0.920486692936373,-0.939848527555281,-0.94976571969419,-0.960249567288444,-0.962799949839664,-0.962611449578661,-0.961005877677147,-0.977251251625655,-0.994630225152951,-1.01219769894126,-1.0223980744738,-1.03288221073614,-1.0339211271823,-1.03307099966523,-1.03070998337928,-1.04686096286324,-1.06386149252811,-1.08237348829803,-1.09616287415985,-1.11032983787987,-1.1142020316028,-1.11665801968948,-1.1169414917512,-1.12903119991506,-1.14234890212225,-1.14593820111964,-1.14933813385176,-1.15349379963641,-1.15075462815609,-1.14669306816791,-1.16274936451924,-1.18003365491391,-1.19703447324687,-1.20978494266254,-1.22291327860447,-1.223857511918,-1.223857511918,-1.22385780058609,-1.23311423147318,-1.24237037369219,-1.24718737806483,-1.25058731079694,-1.25389256039643,-1.25172004437147,-1.24860329503299,-1.25880395923361,-1.27174379491454,-1.27722213787516,-1.28270019216769,-1.28761159100488,-1.26050450293584,-1.18579518126817,-1.09899644010472,-0.971395619474939
-0.722723180712775,-0.464793794384115,-0.189881919955479,0.132507419109515,0.45553578505263,0.612759000205444,0.737752378515616,0.785412621582185,0.775278045966582,0.745969873496847,0.788516785334266,0.835720221850839,0.897988228679887,0.944187360508969,0.964639290170385,0.967104427044333,0.970117062055784,0.981894969237017,1.00581578235781,1.03530589610463,1.06041379234313,1.06863100827333,1.07319600421186,1.08369585763684,1.0986697363618,1.11656500040864,1.13902553944506,1.1601164959846,1.16760343534708,1.17025135065125,1.1711646847002,1.17463440531269,1.17865218216476,1.18814800995328,1.20020022430534,1.21280021584594,1.21992187739904,1.22466965176778,1.2357172823813,1.24603435737607,1.25671671018022,1.27004697828853,1.28483779953225,1.28684640890724,1.28739418609579,1.28602460359892,1.29031557141766,1.29506334578641,1.30638472546867,1.31989749295615,1.33340998139258,1.33569261888737,1.33550984045716,1.3338662298405,1.33550956140612,1.33861400420924,1.34747024701755,1.35769607232274,1.36901773105604,1.37066134167272,1.37057009198313,1.36892676041751,1.36755745697167,1.36938356696751,1.37604842197062,1.3850871641581,1.3950389613435,1.40416895322057,1.40663381104349,1.40900769822785,1.40836867134973,1.41238589009973,1.41695116508929,1.42489463195074,1.42188171788825,1.38746077229144,1.30373681016452,1.17545676872309,1.00024731888489,0.798012055020705,0.612850249895025,0.459643974441172,0.341041702065365,0.259873568399895,0.208926941253115,0.164097670971958,0.123924925369944,0.0857607891429374,0.053439702610708,0.0214836148368135,-0.00700303137563476,-0.0331155113526601,-0.0573106316442826,-0.0875313010098558,-0.114739056312929,-0.141764312236841,-0.168059570644077,-0.194263579361732,-0.215902871191887,-0.23799841146997,-0.259180617699099,-0.280545044256352,-0.300813916436527,-0.32135653768545,-0.341990687674996,-0.361894840147867,-0.38179927167178,-0.401886202574867,-0.421242577859198,-0.440142425644577,-0.45922449375808,-0.477758784683044,-0.495380020610091,-0.513092785277767,-0.530988049324611,-0.548244286493329,-0.564861217732878,-0.581843426781804,-0.598003551471358,-0.612520065544257,-0.627767135235893,-0.643196983357739,-0.658261832721251,-0.673692238945177,-0.689761951098273,-0.704736108874283,-0.71961873790967,-0.734318588514841,-0.7489269103794,-0.763718010674151,-0.779056609106423,-0.794121458469935,-0.80279492284805,-0.810738110658446,-0.817402965661566,-0.822516017839679,-0.826624765330295,-0.842420449363593,-0.857577106518765,-0.868990293992699,-0.879216398348926,-0.889533752394733,-0.893368471765557,-0.897385690515549,-0.909893874264488,-0.925414972075922,-0.941483847075888,-0.951526893950873,-0.961022163637319,-0.965313410507102,-0.967961325811267,-0.96923965861855,-0.983026454225815,-0.998091303589333,-1.00375213295599,-1.00968671139139,-1.01589531794659,-1.01562156887784,-1.01406976605283,-1.03196503009967,-1.04958654507776,-1.05981237038295,-1.06848583476106,-1.07706804944958,-1.07551596757355,-1.07323333007876,-1.08592457130895,-1.10235928222037,-1.11285913564535,-1.12189787783283,-1.13048009252137,-1.1315753678474,-1.12965745005992,-1.1392436903849,-1.15284742851092,-1.15996881101299,-1.16553811163903,-1.17028588600777,-1.16973838787026,-1.16572144817131,-1.17640435907754,-1.1906479612348,-1.19612657027333,-1.19996128964414,-1.20397850839413,-1.19950420404311,-1.19201698562959,-1.20452516937852,-1.21968154748266,-1.22415557278265,-1.22954293213159,-1.23447376398157,-1.2290869627347,-1.22160002337222,-1.23666487273574,-1.25182097178883,-1.24049931305553,-1.17695297341919,-1.07642902257147,-0.91701497771553
-0.824558559785395,-0.602545815885206,-0.397338055866966,-0.175698825803529,0.0647062644490745,0.402673511271901,0.622259128590438,0.796284618112184,0.9117725854175,0.942395013173187,0.880776643825055,0.875174506959599,0.896833744004854,0.929416477381984,0.978244066557391,1.02034954804286,1.03220640095227,1.02996588861754,1.03491401959009,1.04854484921689,1.06684388844583,1.09261177769532,1.11679230447437,1.12295428408063,1.12370131175413,1.12547528847152,1.13154367561142,1.13770565521767,1.15133619950159,1.16664712803656,1.18037097944394,1.18821334330123,1.19530867948503,1.20697891814752,1.21855584968653,1.23134662985925,1.24628432990034,1.2623422861088,1.26560974748742,1.26654338940785,1.26616959022822,1.26990415790994,1.27373231805801,1.28437589301947,1.2961397241483,1.30762363390672,1.31061145925784,1.31145179405479,1.31210551460483,1.31602669653348,1.32069490613563,1.32965752616028,1.33964709522884,1.3496363789545,1.35327706882699,1.35570391006575,1.35897137144437,1.36550657954449,1.37213538011096,1.38147179931525,1.39099511810935,1.39818404675951,1.39911797402283,1.39902466689935,1.39837123169221,1.40285225636165,1.4095740787087,1.41872302763741,1.4286190042396,1.43860828796527,1.43860828796528,1.4357143404234,1.43254018616826,1.42917941766618,1.41704264338636,1.37568390423151,1.29464652482996,1.16888935242859,0.994771126469131,0.788910216586647,0.598733749075853,0.437125525890085,0.314822429114259,0.231357352445283,0.180195087783035,0.139956034109771,0.105225524835617,0.0645196502021364,0.0262411874932051,-0.00942296370138121,-0.044526701469399,-0.0782299763567817,-0.105864578761363,-0.132565253902629,-0.158892700550038,-0.183166534452542,-0.207907189315255,-0.232274330341227,-0.254587858622287,-0.277554822110495,-0.300147986419066,-0.321154073600064,-0.341320111326989,-0.362886611934555,-0.381839086370654,-0.402099001906809,-0.421798789359291,-0.440845141604625,-0.458304131379497,-0.476509863484979,-0.492381205446503,-0.507972340694744,-0.523936704436848,-0.540181274892237,-0.556052331510872,-0.572390209089729,-0.589848628178827,-0.606373405347506,-0.622337769089604,-0.638395725298067,-0.654640581096338,-0.668644639217006,-0.68302221117442,-0.69786688943494,-0.712244746735232,-0.725688962115104,-0.740160126538877,-0.755191419046323,-0.76882224867312,-0.782639692546856,-0.796643750667523,-0.810460909198376,-0.822690990601648,-0.835761121459006,-0.840241860785559,-0.842855601614149,-0.844256064494791,-0.844629578331544,-0.84397642846728,-0.857981342616604,-0.874506975813927,-0.891499144628583,-0.903543182470697,-0.914933499762773,-0.91885468169142,-0.920254859229185,-0.921468422520005,-0.935472480640672,-0.950877001641981,-0.957132288371707,-0.963761088938174,-0.969176040870932,-0.965721679902501,-0.961613598384039,-0.975337164448532,-0.990554785860033,-1.00651943494503,-1.0209903140259,-1.03378080885574,-1.03770227612727,-1.04022299517528,-1.04274371422328,-1.05189294849487,-1.06262954523693,-1.06655072716557,-1.06916503867993,-1.07159245060447,-1.06935193826974,-1.06645770538499,-1.07616735308314,-1.08849102695277,-1.09147885230387,-1.09512011286213,-1.09857475917345,-1.09661416820912,-1.09222616532026,-1.10548319576742,-1.11995378950542,-1.12490134979219,-1.12956898870857,-1.13461014146169,-1.13152900898713,-1.12592744280744,-1.14133224915164,-1.15589700604175,-1.16252609195111,-1.16794132922675,-1.17466343691668,-1.16822153594003,-1.16159273537356,-1.17223573964926,-1.18418589968213,-1.18792018202097,-1.19249479915677,-1.19725603053948,-1.19174748614038,-1.15851074687033,-1.10212071520803,-1.02668518732906,-0.916145921682066
-0.639331826588144,-0.43100032107657,-0.193746192651939,0.0939155668889589,0.385800692766394,0.514895110868155,0.658680389507057,0.730297457680833,0.735439020339841,0.728093730382435,0.795762442120656,0.845618650323208,0.906309406757485,0.957635234196217,0.9741624873783,0.970673790348686,0.971592267293497,0.983804110008923,1.00501354706644,1.0359555283953,1.06478582655589,1.07396722853588,1.07497690774378,1.08379125569266,1.09682925060043,1.10931610321684,1.12758770491374,1.14861389557804,1.15494950632755,1.15669441608706,1.16670281212644,1.17753736035816,1.18782076629852,1.20489831990492,1.22353641438824,1.22775950010243,1.23051352782514,1.2305132472028,1.23262493037106,1.23602214451525,1.24584645229438,1.2564971928882,1.26898432612696,1.27596256205325,1.27908476629646,1.28688971565979,1.29451085738522,1.30213199911065,1.31186482400435,1.32426019373534,1.32646392103373,1.32729063447077,1.32628095526287,1.3311475080209,1.33684021297126,1.34739890943495,1.35915109274444,1.37255586106098,1.37439169246122,1.3726467827017,1.37136125172577,1.37393203305528,1.37732924719948,1.38651092980182,1.39743724154132,1.40799621862736,1.40928174960329,1.40680301240391,1.40368165002774,1.40395750179577,1.40349868425688,1.408181429377,1.41525114818873,1.42305525568501,1.41313862315341,1.37099447831702,1.28780847322696,1.15999958610114,0.986925191762748,0.791172021753017,0.610935864472777,0.458703853160795,0.341086889089889,0.25753382996872,0.201893153308024,0.155525922757445,0.119900915686111,0.0868466899442848,0.0581996381768962,0.0318480772156799,0.00714938188384562,-0.0270062865736603,-0.0602437587086948,-0.0925630345212642,-0.124790546826053,-0.152519402270964,-0.173361785297371,-0.193286252623658,-0.212476050643029,-0.228544205663883,-0.251222981335226,-0.275003760966935,-0.297590492508151,-0.319534598872584,-0.34202956690602,-0.359841789819337,-0.376368481756728,-0.392895454316465,-0.410340623198679,-0.428428417257678,-0.447067072985686,-0.465705728713695,-0.47892725063702,-0.490128852899854,-0.500687829985898,-0.510971516548601,-0.5207043414423,-0.541363197453152,-0.563766401978807,-0.585894035358794,-0.607837861100874,-0.627945574820364,-0.64254439122739,-0.654939760958364,-0.666968076658236,-0.678078476657982,-0.692402283164032,-0.705991420363159,-0.721784004238331,-0.731149213856229,-0.741524383304372,-0.750154923615346,-0.758234602257311,-0.763743499569774,-0.782106864774454,-0.799092654873087,-0.816354016117394,-0.826453895042202,-0.837471970289476,-0.841144474957003,-0.844909023754644,-0.847755376229832,-0.865384072127595,-0.882921004517583,-0.901284369722257,-0.912302444969537,-0.923687574247925,-0.926900980754216,-0.929747052607052,-0.931307874106314,-0.948293944827287,-0.964453863355914,-0.980797308900103,-0.989152558687749,-0.997599571983175,-0.997782818376383,-0.998241635915266,-0.999618649776627,-1.01688001102093,-1.03579395727227,-1.05461642063819,-1.0700416698599,-1.08464076688927,-1.09134371229224,-1.0962105456726,-1.10126090606853,-1.11292188711494,-1.12522549333815,-1.12724569362099,-1.13027557311173,-1.13229521214987,-1.13045853888259,-1.12650990182468,-1.14193458980171,-1.15616579093293,-1.16690829503452,-1.17645731229032,-1.18683304298315,-1.18729242176673,-1.18747651002698,-1.19564851342142,-1.20740125797561,-1.21961282006869,-1.22741720818733,-1.23577217735263,-1.23962820903571,-1.23981173605127,-1.23916883025213,-1.247432316532,-1.25551255641866,-1.25927710521632,-1.26478600252878,-1.27047870747915,-1.27121309616371,-1.27130457904914,-1.28103712332048,-1.2680908919205,-1.2108891131382,-1.12825425033949,-1.00430167551909
-0.757583028265642,-0.514337089254172,-0.256441142734778,0.0436543611935488,0.33858971023701,0.462054948529945,0.607725692887942,0.683832063706156,0.703917918722405,0.70705050783718,0.787026994819049,0.839638102457358,0.899712341767716,0.937581356619374,0.955824942848415,0.961168986684368,0.966605397405405,0.98337477435578,1.01285952314179,1.04418682232136,1.05966616055052,1.06768236710763,1.07809419894337,1.09274420645129,1.10960566868039,1.13310121346666,1.15475364464664,1.16055839648257,1.16157189776127,1.16581007343345,1.1732732051055,1.18119732638389,1.19769016589173,1.21445926123574,1.22100125851419,1.22109334379291,1.22284380890775,1.22993831785855,1.2387838551369,1.25343386264481,1.27149299671005,1.28715650549666,1.2894597638902,1.28936711539876,1.28752400179249,1.28789234290739,1.29019560130093,1.30069951841539,1.31129552080856,1.32290474287408,1.32843295726748,1.33082858254611,1.33202625438224,1.337554750382,1.34382077343062,1.3527583959877,1.3646444371021,1.37542489165909,1.37717563838028,1.37643839293777,1.37560934382289,1.3767149303803,1.37874165133132,1.38712591739697,1.39689230746256,1.40573728152819,1.40748802824939,1.40840972585571,1.40711996874085,1.40748887306846,1.40905544923221,1.41485991946178,1.42038813385519,1.42748292441234,1.41983534057649,1.37846511388879,1.29508006356233,1.16977171166311,0.999315102191275,0.804165276097039,0.625232033674469,0.475414354103941,0.356463265713008,0.268839758108001,0.210147924403942,0.160485235322958,0.116627298077916,0.0775603297837635,0.0452192477191473,0.0148130829331845,-0.0135657976890544,-0.0425895568687302,-0.0707839853271646,-0.0996235739493912,-0.127726198735459,-0.149470996800534,-0.168820169586981,-0.187892804930901,-0.205214411947268,-0.220416649521184,-0.247228672373319,-0.274132780504182,-0.300115472635094,-0.325453567814919,-0.348580208273576,-0.363414386338949,-0.378340931289404,-0.391240473682485,-0.404692527747919,-0.423949615255644,-0.444772997320756,-0.464306059058296,-0.486603368795719,-0.504754588139677,-0.520233644762473,-0.534607114827864,-0.548796695942162,-0.560959274499096,-0.578557982170706,-0.594866932727461,-0.611360053841665,-0.622324678956099,-0.63172272790679,-0.639186141185195,-0.646280650135979,-0.653190706922971,-0.671894437939276,-0.694283832955426,-0.714553576922764,-0.736205726496394,-0.756291863118999,-0.771310493348169,-0.781722325183912,-0.794253808068456,-0.804850373674353,-0.818855784231207,-0.829452068230748,-0.842812318623816,-0.850275450295866,-0.858751801640245,-0.863450685312407,-0.869992400984494,-0.876626483541665,-0.892013736492095,-0.90675639249145,-0.922512549769502,-0.932556040490335,-0.940940869768697,-0.944626533768535,-0.947114244325892,-0.951352419998084,-0.966186598063451,-0.981942192128786,-0.998250861079179,-1.01133457402971,-1.02193057642289,-1.02718253498013,-1.03068374681617,-1.03473747032454,-1.04671503350496,-1.05989055012785,-1.07315815202948,-1.08679437665236,-1.09683758576684,-1.10402474320907,-1.10900044593013,-1.11406823392991,-1.12014952320838,-1.12945548688034,-1.12724403215917,-1.12761265488042,-1.1257698228805,-1.12383490560186,-1.120609949602,-1.13783975294599,-1.15304227212626,-1.16400661563434,-1.17202254058509,-1.18142058953579,-1.1781035482572,-1.17607654569984,-1.18584321737179,-1.20086184760097,-1.21247135127284,-1.22371223222345,-1.23301819589542,-1.23698039733779,-1.23569064022293,-1.23873142566533,-1.24739279238623,-1.25863395494321,-1.26222725205797,-1.26941384628749,-1.2716250194023,-1.27134820035342,-1.26775462163231,-1.23605898133783,-1.09858833248804,-0.978163316424792,-0.75371403852742
-0.396843044410101,-0.0903125618845822,0.0871572463606125,0.372616853319181,0.54772549767208,0.64154692509146,0.726921625955616,0.850079112917156,0.883593150091924,0.929095937248389,0.964244412819325,0.980319813967539,0.995123584291563,1.01664831630854,1.0325418972887,1.04861757602497,1.06160536537281,1.06914382385189,1.07105140888221,1.08149649175774,1.09893485019625,1.11755379058089,1.13090466508875,1.13980524809399,1.15061341612955,1.16251139482125,1.17586254691715,1.19321041165369,1.21228376366445,1.21936808810546,1.22018558489159,1.22073076780771,1.22336452315806,1.22845049127876,1.23989405834435,1.25442579238639,1.26750435302424,1.27486126892332,1.27813097847979,1.2823089561124,1.28793982956116,1.294024837048,1.30274359988518,1.31327917646268,1.32181695189594,1.32490539646045,1.32790279214691,1.32953778571917,1.33153586445144,1.33480501883183,1.34188878809675,1.34851870091166,1.35705592116884,1.36295938607566,1.36613832434213,1.36786436679244,1.37304138379118,1.37776426675186,1.38512090506289,1.39574725293039,1.40664563707986,1.41118669987249,1.4140930466809,1.41518285733704,1.42008728287773,1.42626361683065,1.43589092533202,1.44624468174146,1.45668948702895,1.4562353529909,1.45260200309832,1.43743431485014,1.39020604041946,1.30701123845562,1.18603392798247,1.0216432355512,0.831004372966193,0.654533881675177,0.500587994531401,0.378702693570146,0.292329230927881,0.233929425713579,0.18579260561872,0.143195887682614,0.104958689959138,0.0697186103340706,0.0375666976854591,0.00668641586105034,-0.0226499212691508,-0.0513503041932331,-0.0794147329111966,-0.107388390339152,-0.134181188232919,-0.158703315936352,-0.181772270235585,-0.20375141387866,-0.224731795743656,-0.246257360524764,-0.268781964672003,-0.292033294315363,-0.315102803790678,-0.337627130349882,-0.357971558008754,-0.377498488881491,-0.396026380388097,-0.414009644154673,-0.432628584539321,-0.452519155748166,-0.472228184377007,-0.491392307677773,-0.510737695970506,-0.527903462950955,-0.544069912977224,-0.559055503469299,-0.574494950411388,-0.589662361071513,-0.606191896257795,-0.623085071780191,-0.640523430218692,-0.65778024607719,-0.67449187901957,-0.690658884221921,-0.706008115050098,-0.721084754420221,-0.735434945882253,-0.741701773537145,-0.746787464069795,-0.751328526862423,-0.755778818365042,-0.759048250333467,-0.777394321672022,-0.79655816738474,-0.815721735509423,-0.825802900460816,-0.836156656870255,-0.838518098350597,-0.840152814334813,-0.841969350487079,-0.860134156833665,-0.879207231256382,-0.892558383352282,-0.905546450288169,-0.917172115109846,-0.919806148048247,-0.921168550162451,-0.935064885174462,-0.949233534056497,-0.965127947800796,-0.977298795538596,-0.988742917780263,-0.992103398626743,-0.995463879473211,-0.997643500785503,-1.00863293381302,-1.02225639977894,-1.02815986468576,-1.03360919555451,-1.03887698384327,-1.04005756578942,-1.03878593496522,-1.05458929983147,-1.06957516791159,-1.07366209666614,-1.07656844347456,-1.07956556157296,-1.07475190732229,-1.0711191126058,-1.08919342525042,-1.10808495709313,-1.11589600703027,-1.12143610918903,-1.12679439117974,-1.12161681900491,-1.11516789359393,-1.13233310539829,-1.15122435965295,-1.15867204684203,-1.16421242658883,-1.17084289457983,-1.16412248806296,-1.15694766991999,-1.17175199542009,-1.18900881127859,-1.19582054426154,-1.2037218103126,-1.21153230507365,-1.20680914452494,-1.20090512444203,-1.21443754152989,-1.22869696170193,-1.23523665840292,-1.24350211996617,-1.25085931345329,-1.22606487187984,-1.15449573473768,-1.07275410617806,-0.947871131942292,-0.789565169409816,-0.642703051530978,-0.535440255901778
-0.481476399024056,-0.34354029196156,-0.191556629626628,-0.00812489102520434,0.219351881718666,0.50618985874773,0.677748691715758,0.809431192243991,0.908215573089547,0.946369857789465,0.91184054313491,0.916916110576729,0.919453894297636,0.920994790481815,0.945917809870604,0.978000470562403,1.00283236019305,1.02639535796322,1.04868974086311,1.05539622628666,1.06010865964662,1.06808403693064,1.07687542718582,1.08077267854504,1.09336991341116,1.11013612697006,1.12808065661157,1.13832153630263,1.14847184021584,1.16106935207209,1.17266997639161,1.1837265920637,1.20203342481664,1.22052168611544,1.22686586842757,1.23012881235164,1.23302917617413,1.23774216351437,1.24399549305849,1.25613929505502,1.27054859945859,1.28341728466813,1.28704197772334,1.28676997339963,1.28731398204707,1.29112065762843,1.29556191763509,1.30544077120487,1.31849143894056,1.32891347018734,1.33108839681653,1.33262873902041,1.33181300303939,1.33407850544644,1.33987895610127,1.34948580534732,1.35990839057439,1.37214332232907,1.37477195881799,1.37395649982712,1.37223472907737,1.37386592404926,1.37431880293856,1.38057157850239,1.38800239315867,1.39733640711057,1.39887674931445,1.40213913925823,1.40277344669338,1.40522065463643,1.40893675443994,1.41881533101957,1.4268815610716,1.43766672640025,1.41945046942516,1.35863866774351,1.25042858920761,1.09726661079009,0.894168571797419,0.694605204062388,0.520236860039876,0.380578982227628,0.276447583596814,0.21364256082198,0.165609976532587,0.125099336657629,0.0873073550691569,0.0580342054318487,0.0293953632296963,0.00265972032315613,-0.022172723287778,-0.0447391105113835,-0.0766400656671642,-0.107906713387795,-0.137179586034959,-0.166633887227984,-0.190560019080039,-0.208595124499409,-0.224273874743722,-0.240314928099473,-0.255087089594769,-0.280916143752292,-0.306292319020526,-0.333118260714777,-0.358766440306728,-0.379339329447005,-0.392661724516272,-0.405712115261823,-0.417222163803483,-0.428097350929699,-0.448307105988102,-0.46842628526865,-0.489089473196637,-0.509389804032902,-0.527424909452272,-0.540203849854383,-0.554432556682529,-0.566667211447062,-0.579445874859035,-0.597027547408821,-0.615606107495335,-0.632010017942803,-0.648957660047577,-0.665361570495046,-0.679499701545336,-0.692278364957321,-0.70587248736016,-0.720191769966167,-0.734782779905745,-0.748739482410162,-0.762696184914591,-0.770127553551173,-0.776833761984586,-0.782543082881272,-0.787436944787079,-0.793236841461626,-0.810003055020534,-0.827131848681025,-0.844532646665233,-0.85658614987405,-0.867008735101122,-0.87244632866423,-0.876162151477587,-0.880602857503961,-0.89682533940558,-0.913772704520198,-0.931445506828135,-0.949299460691782,-0.963075288630639,-0.971503821794093,-0.978935467420819,-0.984735641085505,-0.992257585499935,-1.00512654769962,-1.01690832357486,-1.02515542819246,-1.03231506949546,-1.03729978416928,-1.0405624511032,-1.0434622609454,-1.05479060395105,-1.06856587790961,-1.08397234684007,-1.08750674110757,-1.09158514402251,-1.09013537759648,-1.08841360684673,-1.08515121690296,-1.1029143179986,-1.12076799487211,-1.14016201394949,-1.15112777685356,-1.16182181242406,-1.16191238820191,-1.16127808076676,-1.15874085102614,-1.16997889524409,-1.18330129031336,-1.18583907403427,-1.18701711312672,-1.18910146397805,-1.18411702629438,-1.1765948048898,-1.19082323472779,-1.20749887250884,-1.21357077350711,-1.21909866585793,-1.2246268351989,-1.21909838886778,-1.2121198991205,-1.22562372273563,-1.2413936027381,-1.24728490616094,-1.25263247792648,-1.25779862114616,-1.25217959903719,-1.19825543433481,-1.13354638129393,-1.02515459722202,-0.861298583234002
-0.674764227452476,-0.490944056486506,-0.271386087987973,-0.0808144903691015,0.081761206069384,0.358392239683735,0.548063885528637,0.681743178751802,0.824874854471689,0.94019028920942,0.926057111992227,0.921826430723974,0.933529105351343,0.936229510934222,0.950812526473165,0.988620680807687,1.03092969453396,1.04767330966968,1.04974366647163,1.05379468754165,1.06387684368882,1.07963026425574,1.10654600320299,1.13580255220617,1.14615461134639,1.14534462723676,1.14309433510612,1.14435498292891,1.14624540440216,1.15677794913203,1.17127099700663,1.18594398020992,1.19485545619865,1.20115676939932,1.21411954158853,1.22726252423693,1.2399553934331,1.25570908913049,1.27317272071149,1.27578288349954,1.27695273826657,1.2779426577049,1.28253348476103,1.2884749273043,1.30188836320668,1.31584188022565,1.32736489465479,1.32817542902536,1.32565523390165,1.32340466664053,1.32484497466155,1.32943607684815,1.34131868680422,1.35392131320557,1.36481372859284,1.36670415006609,1.36562371270247,1.3624729185369,1.36472321066754,1.36949424818284,1.38011648544659,1.39163894961479,1.40379146256391,1.40640217561291,1.40595206216068,1.40370149489956,1.40343131677604,1.40325110631686,1.40739154479029,1.41225227483947,1.41765336113569,1.42062421997256,1.42233498124758,1.41999499658305,1.39091893316951,1.32601482942859,1.21844101591256,1.06648755673783,0.87474527896051,0.687504135705439,0.520337337080359,0.385667849288382,0.28619580278193,0.221381666705352,0.171510691955602,0.129291645893669,0.0911233457712875,0.0568261313902206,0.0257694037086065,-0.00384701595198822,-0.0318431922628504,-0.0588488988744367,-0.0798234704088788,-0.100528138950266,-0.120332580587202,-0.137886730093496,-0.154630895490163,-0.181637152362696,-0.207382761412434,-0.232677981879482,-0.257342878435127,-0.279397337072245,-0.295960741748787,-0.312884567343678,-0.32881847350024,-0.346552833465706,-0.368878020487296,-0.390482915933136,-0.41226774670767,-0.433962609817863,-0.453676808659981,-0.470780294453103,-0.488153958369749,-0.503367022689613,-0.519300103454764,-0.536403589247885,-0.552517155602678,-0.567910430381719,-0.580423364249192,-0.591766168219159,-0.601668939298571,-0.612021548699738,-0.622194222772204,-0.640378421059419,-0.658742554675335,-0.678096607729581,-0.697270725455125,-0.709333270739896,-0.715814519269266,-0.722655913586514,-0.727877064554037,-0.732738344864163,-0.75128241380878,-0.772257260473693,-0.791881766781933,-0.811866143747576,-0.829959824109497,-0.83977207726362,-0.847963811937541,-0.855795400823589,-0.863897167833162,-0.875419632001359,-0.88964250175243,-0.901884982365896,-0.909896506580651,-0.917367949678814,-0.922499132981989,-0.925019603236161,-0.929610430292286,-0.943923542838187,-0.958776736500655,-0.973089849046549,-0.981101648391769,-0.987493204387268,-0.987943317839488,-0.988663609415233,-0.99001367464144,-1.00594703053706,-1.02377080790593,-1.04339503908369,-1.05374709822392,-1.06400946483026,-1.06544977285129,-1.0658096435087,-1.06445930315202,-1.07859248036922,-1.09281562525076,-1.10775906170804,-1.11838184923274,-1.12864421583908,-1.13098475076455,-1.13233481599076,-1.13476504345011,-1.14457674634328,-1.15483883781916,-1.15483856268869,-1.15618890304536,-1.15483883781916,-1.15015804309868,-1.14574715137126,-1.16276121976097,-1.17878481845141,-1.19615848236806,-1.20948112521468,-1.22163363816381,-1.22208347648556,-1.22190354115686,-1.22235392973955,-1.23045624701007,-1.24098906687041,-1.2456706869823,-1.25044199962807,-1.25413287491022,-1.25323264800577,-1.24936183739492,-1.25485289135549,-1.23585870895865,-1.17383522125977,-1.08597615684681,-0.957607982255512
-0.715721534175727,-0.466946508744099,-0.198580648961847,0.111113655480332,0.418839717420383,0.595514020084065,0.733453944605421,0.790526142042489,0.783458896530949,0.762436787072871,0.79499822741647,0.838473174630115,0.899839470794569,0.954496681980592,0.974087516331203,0.979007712479048,0.983838778601087,0.999314594490861,1.02149949535908,1.0552240005178,1.0805396618933,1.08626421551318,1.08456445670839,1.09073684769714,1.10129246743908,1.11730497731853,1.13859557047395,1.16086987477295,1.16775776661294,1.16972573571008,1.16936784858197,1.17607693356041,1.18010227518547,1.19361012197811,1.20756525932964,1.22402505976799,1.2286767722185,1.2359228245916,1.23726442286329,1.24343654044706,1.24638849409278,1.25792809838328,1.26678423272541,1.28100812717926,1.28646556412675,1.29424858389451,1.30086881225215,1.31035131741971,1.31634462814192,1.32752607189932,1.33700803025692,1.3405858079181,1.34085401821045,1.341033098477,1.33978117704107,1.33996025730761,1.34416495260422,1.34953243931096,1.35659941141751,1.36241391527816,1.36563462602619,1.36778167538988,1.36992872475357,1.37118119299947,1.3757435020192,1.38146832904408,1.38916139857108,1.39479682216517,1.39944853461569,1.39998522860536,1.40061159943081,1.40302685908685,1.41054112175229,1.41769722388463,1.4183230479001,1.38495588305952,1.30471425339569,1.17580927007803,1.0030714524186,0.800187454071612,0.616536402947128,0.463836983602198,0.348082233354052,0.266588682254297,0.216225296390674,0.170692429839132,0.130884390312466,0.0910766241907782,0.056278457647714,0.0216593713712043,-0.010365648387705,-0.0414064101930643,-0.0691376046295795,-0.0983003475785409,-0.125942411989257,-0.151616233897846,-0.176932168678324,-0.203321218033166,-0.227562944619326,-0.250462799528805,-0.272826233853594,-0.294474167327139,-0.313796517980417,-0.333029738607908,-0.351458054953371,-0.36979669446307,-0.388224737403554,-0.407100070902927,-0.424991146448738,-0.444492030558594,-0.464171721530019,-0.482330733963186,-0.500847633524483,-0.519633016783095,-0.537434688898134,-0.553447472182575,-0.570802127143703,-0.587083120720484,-0.603990485122717,-0.619198090720149,-0.636642149112062,-0.652207368432621,-0.66875657230175,-0.683605743961106,-0.700512561553355,-0.715182652946151,-0.731284292851405,-0.745239156797948,-0.760804649523498,-0.774580980013464,-0.789341568456992,-0.802581478362275,-0.811527562945151,-0.816895049651886,-0.82244134322019,-0.826377554819451,-0.830313493013734,-0.84399987326295,-0.860459673701301,-0.876382780149977,-0.885149237656334,-0.892574096890995,-0.894095048834232,-0.894721146254691,-0.895794534234046,-0.912343738103181,-0.930771507638667,-0.945442145841446,-0.95930787976219,-0.972189355729378,-0.976393777620994,-0.980508522676839,-0.994015822659507,-1.00850710719074,-1.02389324624475,-1.0344485925817,-1.04366234064695,-1.04616727713875,-1.04777763251277,-1.04858281019978,-1.05994388103371,-1.0711258716011,-1.0749724063646,-1.07899774798966,-1.08230758876349,-1.0797132488409,-1.07711890891831,-1.09295233853122,-1.10842815442099,-1.11433206171242,-1.12059385613196,-1.12685592395649,-1.1220256780494,-1.11692694844499,-1.13213455404242,-1.14680546565018,-1.15118869440336,-1.15592953687967,-1.1609388630533,-1.15530316605422,-1.14930958192702,-1.16424870382712,-1.18052969740392,-1.1857181038441,-1.19063802658696,-1.19591583645792,-1.19063775318197,-1.18446508878822,-1.19985122784223,-1.2163107548756,-1.22400355099761,-1.23124932996573,-1.23724291409292,-1.23214391108351,-1.22579271323319,-1.23733286433367,-1.20396624630307,-1.13642755914986,-1.03561165739682,-0.884700853477497
-0.73369379458905,-0.513917061100437,-0.2770669242266,-0.0337686360620716,0.203081778378433,0.489063991356043,0.669880356898042,0.793028083426968,0.883663038166647,0.927890511226795,0.890837026297143,0.88992855058906,0.908182445018125,0.931431706791627,0.955044303335033,0.983470183487925,1.01098814306608,1.02887953542526,1.04041354079453,1.05966695279916,1.08318878504176,1.09454098424275,1.10053503646274,1.10743700925749,1.11442974635303,1.12160401205018,1.13867741543542,1.15983743289034,1.17109886779053,1.17500423082528,1.17854625909012,1.18535774515072,1.19216923121131,1.20442935098706,1.22077608483249,1.23603309193489,1.24148172565003,1.24556833971972,1.24711216553346,1.24929189658618,1.25201649101042,1.26037180288476,1.26890864336071,1.28035188442918,1.2878897624629,1.29361152178048,1.29942404539886,1.30696192343259,1.31359132575823,1.32176483146428,1.3319359844881,1.33920101448607,1.34210685994526,1.34392297866141,1.34510319213858,1.34773674469534,1.35264079260563,1.36081457587836,1.3699873215933,1.38079493498945,1.38606259523632,1.38860566105894,1.38951358163368,1.39360019570338,1.39768680977307,1.4042254477979,1.4133068740787,1.42293344129768,1.42420497420899,1.42347830466919,1.4228423994302,1.41966370593525,1.41957294163444,1.42402289047403,1.40486079790356,1.34773729982868,1.25110857043568,1.10153344377163,0.903643674844404,0.704028273935172,0.529115196312365,0.385987943372353,0.283183355591066,0.219248371455596,0.173839852218279,0.133607951360351,0.0931034800333303,0.0547784621923716,0.0190872744748377,-0.0158772437029013,-0.0477543878198301,-0.0755446403004056,-0.10160926079896,-0.126856725023576,-0.149833693894659,-0.17408164054372,-0.198147781024498,-0.22148725196547,-0.244372623835739,-0.266531603732882,-0.287056271082154,-0.306582253555868,-0.326108236029582,-0.34390858652128,-0.362889705623481,-0.381870547159009,-0.400851111127869,-0.419740910795925,-0.438267375694083,-0.455976129184962,-0.472958490702714,-0.489123695946541,-0.504744037818836,-0.52218077597397,-0.538981886456774,-0.555237856001399,-0.572492787988238,-0.58784083695812,-0.601645060114264,-0.615903659907789,-0.629617673896457,-0.641878626372215,-0.65677285383805,-0.67121298223319,-0.684472064451148,-0.694552453174168,-0.705813332941017,-0.71416808968201,-0.723340002696947,-0.732693721880154,-0.749494277229636,-0.764842048632838,-0.782914692026962,-0.798717117634214,-0.808707297189764,-0.815064961746319,-0.820604914895606,-0.824237429894597,-0.829867869778015,-0.84675974456163,-0.863197520274537,-0.881088635067046,-0.893803131480165,-0.905791235920144,-0.91187605244095,-0.917325241289427,-0.921502897226591,-0.936033789922536,-0.95092773982171,-0.966094260189977,-0.979716677177832,-0.992884995094985,-1.00015030265963,-1.00632588348124,-1.01231965813455,-1.02103802721212,-1.0319361273424,-1.04401471851653,-1.05582101678823,-1.06444889913166,-1.07107885659064,-1.0755290829969,-1.07898034696095,-1.08361210196882,-1.09269380581629,-1.10395524071648,-1.10767879758294,-1.10985852863566,-1.11122082584778,-1.11004033480394,-1.10686164130899,-1.11948537342131,-1.13474265809037,-1.14954584368874,-1.15662934508509,-1.16334951171155,-1.16234999413599,-1.15962512214508,-1.15690025015417,-1.17106753051355,-1.18596148041271,-1.19377165134888,-1.20076438844442,-1.20639510589451,-1.20294411949714,-1.19894826972825,-1.20784872254077,-1.21956453407834,-1.2346402901458,-1.24344970109083,-1.25207758343426,-1.25416627261951,-1.25389370215042,-1.25062424435466,-1.25997824110455,-1.27014939412837,-1.16017026308326,-0.971543726605122,-0.710717935984643,-0.346542694211379
0.141987576197826,0.455496292013894,0.695344617220488,0.870017735734354,0.93763048428709,0.901251654967975,0.897730945100912,0.89881383721189,0.912715412956083,0.945573808304217,0.983487447512094,1.01769994081708,1.04694768417633,1.0542594820681,1.05687690817176,1.0715005039553,1.08937415555218,1.10490075920304,1.1247605866743,1.14516227404517,1.150127299887,1.15238385391903,1.16023695991825,1.16971481792806,1.1780192899129,1.19264316159252,1.20916299112861,1.21476037078404,1.21683731646849,1.21728923424627,1.22026836010981,1.22360835804497,1.23353785793647,1.24500189182067,1.25809067771546,1.26468017967181,1.2683810496786,1.27506104554893,1.28327557541194,1.2906778672177,1.30178130492633,1.31496113652726,1.31884299436203,1.31938485426164,1.31875305224021,1.32317621818242,1.32859205821773,1.33870227004113,1.35061766991094,1.36442875174115,1.36659481185919,1.36596273394168,1.36533038012808,1.36912174404887,1.37381583994089,1.38528042561725,1.39782817930065,1.41127866495531,1.41479909892629,1.4147086050123,1.41326428903753,1.41624341490106,1.4190418288327,1.4270759226599,1.43655460835794,1.44612323617782,1.44639389023155,1.44404684228553,1.441158210336,1.41534068292982,1.35179022824768,1.25140930236472,1.10724753125297,0.915603769009558,0.720530066709139,0.549468427872404,0.408557264366144,0.302761050240048,0.23830841537882,0.192812324225462,0.152912785039284,0.117346193777426,0.0861125504398817,0.052261205102603,0.0186805138190402,-0.0124629115005924,-0.0387318048923771,-0.0647300442304396,-0.0871176315796107,-0.108060627057925,-0.128100614668928,-0.155091252203974,-0.181720741771321,-0.207898589456955,-0.232000319146389,-0.25348462273216,-0.269913958354266,-0.285711216058855,-0.300696235706181,-0.318028303299532,-0.340144408906736,-0.363524394452903,-0.386904379999063,-0.407756881563395,-0.427345779084847,-0.443414242635319,-0.458399262282652,-0.472572043872728,-0.49216094139418,-0.50994409907707,-0.528810424767017,-0.547947404510697,-0.564105258390842,-0.576471748350195,-0.590011900230593,-0.602288172172041,-0.613391333984599,-0.629730451588799,-0.647243231114039,-0.664394862671567,-0.674956992272752,-0.685157698010148,-0.692379277884008,-0.698517413854735,-0.704114241718012,-0.723431933393574,-0.743111048932944,-0.763151312440013,-0.77642136205885,-0.789871571817426,-0.795378181662791,-0.800794297594167,-0.805217187640309,-0.823180781359016,-0.839970989052755,-0.857302780750023,-0.867232280641542,-0.878606372403899,-0.881133856385729,-0.884835002288609,-0.887994564187955,-0.904875541691761,-0.919589907285366,-0.937914924867874,-0.947844424759386,-0.95714184673337,-0.960120144908667,-0.963820739019386,-0.96436204712683,-0.979888650777703,-0.997491648320854,-1.01509464586401,-1.02755218152951,-1.04145403316978,-1.04732151508678,-1.05120309702548,-1.05355014497149,-1.06645877072654,-1.07810351654262,-1.08270739441674,-1.0857764624021,-1.08929689637308,-1.08604711645582,-1.08315848450628,-1.09597689224341,-1.11168420782617,-1.12838447339808,-1.14192545296673,-1.15537621451745,-1.15889692438452,-1.16124397233053,-1.16160484440216,-1.17027018845864,-1.17974804646845,-1.18326848043944,-1.18588618243917,-1.18931667428833,-1.18796312812362,-1.18435275203081,-1.19590755572507,-1.20971918934743,-1.21423284920365,-1.2191073811315,-1.22461371508078,-1.22172480723516,-1.21612770347581,-1.22876512338496,-1.24149303720811,-1.24645778715387,-1.25106166502799,-1.25575576092002,-1.20845420582416,-1.12666922747351,-1.02926742745409,-0.883300192399853,-0.707092539893302,-0.571867594579992,-0.469320608578993,-0.390153608124154,-0.359461824686222
-0.376102356022549,-0.312325244897001,-0.201154870882416,-0.0458311122424573,0.158274711451769,0.469755679776462,0.657569883693298,0.794288106705509,0.894906243612512,0.933690573951519,0.880095371550111,0.87454129452671,0.886204516784591,0.897867456133096,0.925174152770007,0.959330651408274,0.983860309533482,0.998207776025174,1.01144454027594,1.02930941913681,1.04467507650092,1.06059636789487,1.07836901829662,1.09345742446457,1.10502841826333,1.12132003804072,1.14131409292433,1.15140349027994,1.15547597086021,1.16454717734343,1.17352587245813,1.18222703346729,1.19787079075569,1.21869829668407,1.22554809868542,1.22712192358769,1.22888077122697,1.23498991646146,1.24137659580148,1.25553903955614,1.27238544463523,1.28599225436005,1.28756579635293,1.28534439187107,1.28210451360741,1.28247512490024,1.28469681229147,1.29432393571391,1.3061724636182,1.31718810629651,1.32061300729718,1.32292720605693,1.32422293103489,1.32959170241188,1.33634899304473,1.34736463572301,1.35921316362732,1.36846967575693,1.36791404172708,1.365969605532,1.36217352741974,1.36393152633087,1.36948503753551,1.38050011439503,1.39262617640487,1.4057707121965,1.4068819802562,1.40475337005224,1.40206912581843,1.3973484998398,1.39475676697452,1.39808887369729,1.40299452241295,1.40780794266948,1.3908687433125,1.33394143418831,1.23693378683778,1.09595777759889,0.914715841577865,0.732547943143552,0.574632168728922,0.44550383866618,0.35080982425663,0.28221900996517,0.229179158684217,0.181600590148778,0.138557907764321,0.0986623093656197,0.0663571697351521,0.0356258550069417,0.00674589928654412,-0.022319362080281,-0.0529584483493571,-0.08322748914438,-0.11201578222442,-0.139138021943075,-0.165056765142908,-0.188105675553139,-0.209673272429616,-0.230407418261331,-0.252159472056071,-0.272615800872867,-0.293349946704576,-0.313621252784339,-0.328431559027976,-0.341946423203052,-0.355738821483658,-0.368790562997393,-0.381842587420517,-0.406465039823617,-0.431550049069293,-0.456172218563016,-0.481627556192127,-0.501436022519945,-0.514579992492815,-0.526798282961775,-0.538183405295355,-0.547624657252618,-0.567340895121296,-0.586223964854586,-0.605014523219367,-0.623527547478617,-0.637504968496255,-0.645836084031359,-0.655000084792468,-0.663979062816544,-0.673976231713045,-0.693137401370643,-0.713408990359789,-0.733773373626826,-0.754878130751359,-0.774316834514506,-0.788756812374708,-0.801160691399471,-0.812176051168374,-0.821432846207381,-0.831985366224338,-0.843186031639662,-0.855867444769962,-0.859384857139154,-0.864012688839887,-0.867159489916249,-0.869565634225753,-0.870490747910892,-0.8893735347348,-0.907238413595677,-0.926121766238356,-0.943709393903079,-0.960926976093761,-0.969073351801221,-0.977312238877196,-0.985088003291832,-0.995177683556844,-1.00702592855175,-1.0198920815097,-1.03359140260303,-1.04312544883818,-1.05164130420093,-1.0585836175708,-1.06423020596272,-1.06774761833191,-1.07885520655994,-1.08968526068245,-1.10144099430885,-1.10958680419754,-1.11819573674757,-1.12236186033389,-1.12615737262739,-1.12810152591309,-1.13819120617809,-1.14902097739121,-1.15300066369358,-1.15707314427385,-1.16123841913202,-1.16040525099664,-1.15901701465016,-1.17197624479539,-1.18539831469257,-1.20085648342518,-1.20715065139669,-1.21316700235328,-1.21196350583445,-1.20927897869126,-1.20446555843474,-1.2185352079115,-1.23251234601976,-1.23528910162207,-1.23806585722439,-1.24047256735265,-1.23325300278662,-1.22612594958911,-1.24093682165153,-1.25704370160127,-1.27250243615265,-1.28277713915469,-1.29194113991579,-1.24232647254491,-1.15827748952083,-1.04220090097183,-0.868363835163236
-0.680458651144538,-0.469579555271739,-0.23421457489991,-0.00797382330741307,0.172273872116011,0.429424602669493,0.604272029458134,0.723351111406069,0.842429908799851,0.943539680809022,0.942794433493472,0.939814582447873,0.939162099784817,0.932830769975362,0.941582517373994,0.968489673124655,1.00722119197204,1.04185598474002,1.05507693959876,1.05600800077344,1.05582161780602,1.06522470965111,1.07844537995569,1.09706574978676,1.11652413158587,1.13533088438437,1.14222050943365,1.14547893899087,1.14873765310223,1.15488259994427,1.16130697896036,1.17452764926494,1.18998263874543,1.20459961625789,1.21288554851503,1.21763333448675,1.22210197283855,1.22899159788784,1.23671923490515,1.24826388127366,1.26167093454568,1.2716334598472,1.27489245851271,1.27722039600356,1.27731429887264,1.28029414991824,1.28578746775965,1.29509779495226,1.30505975114548,1.31613858237251,1.32079331913759,1.32367898275996,1.32703046152381,1.33401313577974,1.34229935259103,1.35449591251431,1.36734438599234,1.37739967594635,1.37870321850173,1.37684138070652,1.37274493918127,1.36976565724397,1.37060338465786,1.37572365201028,1.38298518933196,1.39173665217644,1.39778826525768,1.39881266019314,1.39965095671534,1.39872018009482,1.40197889420618,1.40840298866812,1.41724750071924,1.42180947283183,1.40104754847735,1.33419951874716,1.22275530916405,1.06764569634858,0.875666971589219,0.69476764716518,0.541240724524988,0.420578952401772,0.333807010285133,0.279993837000406,0.227204489542846,0.181397816341202,0.137453265488902,0.0964877120197606,0.0625975974590298,0.0367145520896823,0.0117625678950071,-0.0111411955370417,-0.0325550334462784,-0.0644891227885764,-0.0958646323368941,-0.126588512884597,-0.156939912051608,-0.181332747344009,-0.197812131759961,-0.213546553414511,-0.22872211072094,-0.242035545678018,-0.267080294525181,-0.293893831960906,-0.320335172570087,-0.346590414765992,-0.367818154261953,-0.381876551980428,-0.394351974969462,-0.406547965784445,-0.41781317997889,-0.440809423509273,-0.463899000800445,-0.487640776200531,-0.511382836154771,-0.528700517092914,-0.539594103569096,-0.550301591632021,-0.559146672791442,-0.567618988016017,-0.589032541371113,-0.609608082758172,-0.629997241177801,-0.652248521946794,-0.667051597872525,-0.674778950335691,-0.682599352005498,-0.689861173881332,-0.695074774994539,-0.713974576999663,-0.733712390972837,-0.753450489500152,-0.774864327409401,-0.794602425936722,-0.806240690620166,-0.816668746509021,-0.826724036463031,-0.83417252586044,-0.845996604403019,-0.860241385088923,-0.874951411808006,-0.881841036857288,-0.889382290907185,-0.894596176574539,-0.898134038305818,-0.900834172623206,-0.919454827008426,-0.937889382980377,-0.956230605191527,-0.970195953703367,-0.982019747691793,-0.985650374075559,-0.988536322252082,-0.990957024395401,-1.00147784493676,-1.0169331189714,-1.03210924538611,-1.04486438510336,-1.0558504516779,-1.06246064455312,-1.06581240787112,-1.06832615922109,-1.07698485741308,-1.08946084951042,-1.10268151981501,-1.10752263954751,-1.11124659969207,-1.11208432710596,-1.10901142685372,-1.10584547739484,-1.11999692431996,-1.13750013456307,-1.15518972777362,-1.16561778366247,-1.1747425815501,-1.17409152165779,-1.17129890724206,-1.16673721968362,-1.18023703760812,-1.19476068135978,-1.20509454982542,-1.21338019752841,-1.22064173485009,-1.21887266170739,-1.21580033056344,-1.22296967234093,-1.23498041840508,-1.2501565448198,-1.25704616986909,-1.26328416591776,-1.26440132550571,-1.26142175901425,-1.25639397176018,-1.2667284093341,-1.27966964746462,-1.27696951314723,-1.24308025224895,-1.16273268914841,-1.04607487845211,-0.885100035522804
-0.665618587117401,-0.478405300337676,-0.285823767777562,-0.0485717972905285,0.179286109304009,0.264313755098436,0.452773958542541,0.583047452115589,0.63979680927155,0.682262876666813,0.796623240863592,0.846661631592363,0.896508414356261,0.940124422519307,0.966581849534392,0.969266118913849,0.969362215874833,0.986041777110601,1.01259471512959,1.03617597182181,1.05870279875014,1.07749121951367,1.08458481591353,1.09024076661977,1.10586589809166,1.12129912862013,1.13634885024031,1.15360352834924,1.17306257698984,1.17804702088339,1.18236054392136,1.18408589454084,1.19022057218072,1.19347995843333,1.20594180061357,1.21773272193822,1.23192020771649,1.23719294249297,1.24284860022066,1.24917517880395,1.25962367246033,1.26748370071969,1.28157450357989,1.29355673989086,1.29777445894639,1.29537789449278,1.29432375770744,1.2963371062313,1.30381450451799,1.31483870100461,1.33075183038089,1.34541833607132,1.3504991699044,1.35001985701367,1.34982795607027,1.35193652261949,1.35692125949159,1.36545250158507,1.37609289618487,1.38625427087247,1.38740509057587,1.38472140715348,1.38299634951254,1.38031237311162,1.38079168600235,1.38654314771248,1.39382805909867,1.40072946157657,1.40791886195888,1.41050703437736,1.41175307210612,1.41194497304953,1.41702580688261,1.42306497351859,1.42105162499471,1.38874663930852,1.31915222404257,1.19856049928786,1.03128528106091,0.836786203959373,0.654844773020515,0.500031689952334,0.380111764988849,0.29642683984123,0.241404005218904,0.197021858174904,0.154556962693793,0.115350867508233,0.0789245527060264,0.0492083253953896,0.0201627259618119,-0.00571987715866041,-0.0288224069172359,-0.0517333287109319,-0.0831757855766601,-0.112988402826812,-0.14318394302816,-0.173475287211954,-0.196385330070043,-0.214598340981871,-0.231756922129825,-0.246806936728554,-0.261761147344844,-0.287547360525807,-0.311703734091175,-0.336627125473124,-0.361742417798484,-0.38340671590635,-0.398840239413364,-0.415424289645236,-0.430762009169829,-0.446386847663171,-0.466517110137894,-0.488181115267216,-0.508119476798529,-0.528729052163976,-0.545217005434877,-0.559787707142883,-0.572153745340686,-0.585670310263355,-0.598132152443586,-0.617304082115412,-0.635325778040912,-0.653922590839574,-0.670889564022648,-0.685939578621378,-0.696004856348008,-0.706549446965363,-0.71651892070956,-0.727638921178616,-0.741826406956869,-0.75793114429803,-0.774419097568918,-0.78678484278819,-0.796562122610426,-0.805188875707816,-0.813048610988625,-0.818895583702656,-0.8329866795414,-0.849378535851323,-0.866249998030508,-0.881779618498492,-0.891653581238794,-0.897214020941119,-0.902390951735179,-0.905075221114636,-0.909484841113578,-0.927026931169816,-0.945431550046517,-0.962686228155448,-0.972655701899639,-0.980420219155097,-0.981953961809695,-0.980516023137536,-0.980228025233148,-0.996619881543065,-1.01560020325001,-1.03323868324576,-1.04579662238699,-1.05576638910972,-1.05864226645405,-1.05835485450674,-1.0580671495809,-1.07148732456405,-1.0876875729091,-1.10225798163857,-1.10791334638772,-1.11289779028127,-1.11117214668325,-1.10752925152235,-1.10311992450195,-1.119320172847,-1.13753347673737,-1.15574678062774,-1.16523664850267,-1.17568484918052,-1.17520524331125,-1.17376701166055,-1.17098664532011,-1.1867072877959,-1.20261983121509,-1.21623190714166,-1.22620138088584,-1.23559603073542,-1.23540500872763,-1.23367995108669,-1.23732284624759,-1.24681330007961,-1.258987437334,-1.26195882568224,-1.26588913279045,-1.26608103373387,-1.26272613647735,-1.25726237969307,-1.26962841789088,-1.28180255514527,-1.24614267220255,-1.17750688271805,-1.07148615264989,-0.901335643035672
-0.685415646730893,-0.477195047868203,-0.23792497243503,-0.0109804222795831,0.1955466785695,0.45984480844606,0.640873390808602,0.748041418950843,0.860760692746752,0.937632101815458,0.927188145140698,0.929446430061868,0.952875021786344,0.950522989140192,0.958802696188483,0.985994712688625,1.0174206180076,1.03812046076774,1.05919644470665,1.07726186136685,1.08215428481824,1.08751745988251,1.10116034199508,1.11376854829632,1.12327157688474,1.13907899619348,1.15761458932714,1.16316583498081,1.16495336828909,1.16946965056172,1.175961536732,1.1809482830478,1.19186270376574,1.2073877296207,1.21698479350381,1.21961950717345,1.22112522216737,1.22931118149068,1.2354269264822,1.24521234852441,1.25923165938545,1.27390950487905,1.27729678847593,1.27917864464862,1.28077839493723,1.28322475044778,1.28642367588558,1.29460906006947,1.30354730175031,1.31088579314255,1.31446114732883,1.31549611070986,1.31634329107122,1.31897800474087,1.32245989877187,1.32688243331951,1.33356325278832,1.33958525005486,1.34212592842981,1.34419585519189,1.3472064224706,1.34993459629552,1.35275680541513,1.35877822754225,1.36479964966936,1.37195064561164,1.3776905369941,1.38352446367126,1.3861591773409,1.39133428181579,1.39594459938311,1.40140152217236,1.40676440966693,1.41024572855852,1.38333610551216,1.31916693803938,1.21435094254329,1.07039383401779,0.88936525165524,0.715205271781196,0.564379560767207,0.443098186469224,0.34806761301533,0.283898445542554,0.232996019003568,0.191032121715133,0.151796685821328,0.119523887710704,0.0900735862893932,0.0620343894278883,0.0282555887536421,-0.00364135574792446,-0.0363849054714346,-0.0675287049063334,-0.0950968625852452,-0.118242773286227,-0.139600863109218,-0.158700955580746,-0.177518654598493,-0.201511458091124,-0.225315903424664,-0.249873206255158,-0.275183366582614,-0.300023350436603,-0.321476050693697,-0.341987822864451,-0.362123453856435,-0.38028290581133,-0.398818498944996,-0.417354092078661,-0.435607579328246,-0.448497603943847,-0.463740236345027,-0.477947905365164,-0.491120611004266,-0.504481387232747,-0.526686657417096,-0.545692427024221,-0.565451054128308,-0.580505040800676,-0.594430028797313,-0.603838734521329,-0.61503554869305,-0.624632900145872,-0.643827603051509,-0.663210376546538,-0.68278150820066,-0.701035283019945,-0.71919473497484,-0.732085047160154,-0.745540146253037,-0.758054029689874,-0.771132124894861,-0.785057112891504,-0.798982100888153,-0.812530660136306,-0.823350757989842,-0.833324538191141,-0.842733819054578,-0.851860994033934,-0.859764847473156,-0.874160874652392,-0.889121113599777,-0.904081352547163,-0.916406877824895,-0.929861401778371,-0.938423502280444,-0.946044674696178,-0.953289418363427,-0.965803301800264,-0.977094151266674,-0.986785250444478,-0.996288279032891,-1.00513277298875,-1.01040162518862,-1.01698783422332,-1.02912528891168,-1.04201560109699,-1.05603491195804,-1.06290380201622,-1.06826726465021,-1.06977297964412,-1.07033747898199,-1.06996105023351,-1.08520310749526,-1.09969230726006,-1.10966551232195,-1.11888643502628,-1.12782525184655,-1.1272613276481,-1.12801476028448,-1.13817689864487,-1.15172603303245,-1.16489873867155,-1.17571912409478,-1.18578665202107,-1.19077339833686,-1.19143193296942,-1.19321946627771,-1.20281624259111,-1.21278944765299,-1.21655287242866,-1.22219815337701,-1.22633800690115,-1.22455047359287,-1.22229247624141,-1.23339496754873,-1.24449745885605,-1.24967227576123,-1.25625819722622,-1.26209126119424,-1.26077361678971,-1.25860907959353,-1.26942917744706,-1.2786501001514,-1.28203767131801,-1.25691615671935,-1.17995128749537,-1.06760844244794,-0.915841803347612
-0.713941103721183,-0.594184572467887,-0.474235926919885,-0.313054971183845,-0.158601834548406,-0.116985002018208,0.156936200675719,0.371460010985254,0.519281679420199,0.65143692650103,0.836165983471022,0.884703336902019,0.934105498411972,0.975434159500112,1.00100034208678,1.0003273545498,0.99975042416017,1.01195643818751,1.03213960173656,1.0502083330328,1.06856582327661,1.08317502850432,1.09278632454206,1.10066771066917,1.10845303964892,1.12190897160286,1.13469220977257,1.14737939079492,1.16170071833329,1.17871282100862,1.1849600606197,1.18851593758834,1.19985714353672,1.21139017002708,1.22282743312282,1.24012770724021,1.25886971982618,1.26271406198964,1.26242589054757,1.26117656012645,1.26588629787434,1.27357556970673,1.28751237490295,1.30606256694695,1.32230591869067,1.32605449745952,1.32345948571719,1.32288255532756,1.32413159199593,1.32845621989617,1.33873991596541,1.35161891752973,1.36132627071483,1.36103780552002,1.35834673663034,1.35334882744037,1.35584748828261,1.3615180912568,1.37449344372122,1.38766091048035,1.40419243366614,1.40611475162424,1.40390396847133,1.3993866387709,1.39784884315497,1.39400420723877,1.39775278600762,1.40342368273456,1.40909428570875,1.40967092234563,1.40986333039309,1.40928669375621,1.40861399997197,1.41236257874081,1.40842188567726,1.37545489645302,1.30548446154635,1.19495441023589,1.0326195937206,0.843565615097621,0.66662218086012,0.515533100651351,0.393181851408468,0.309756365806102,0.255164768316968,0.210184173112844,0.167510124456228,0.130122156431649,0.0944640983177055,0.0589020973511218,0.030836960169473,0.00402144716168348,-0.0211602130828095,-0.0451886000535449,-0.0674870771136441,-0.0999734868483663,-0.128903725861708,-0.159083295296166,-0.186090922598655,-0.207716118369031,-0.222901960233619,-0.239433189666684,-0.252984885015227,-0.270189101985272,-0.294313252350624,-0.319686733137094,-0.342273087886515,-0.367166282936194,-0.38811849116959,-0.406668095708105,-0.422814802798996,-0.441652872532325,-0.458184101965376,-0.477887273530398,-0.496533228969001,-0.516043992486568,-0.527480961829572,-0.540071498199076,-0.551797226489636,-0.562081216311619,-0.57284607937587,-0.595913601120296,-0.617443033496068,-0.636665625571557,-0.657426013262983,-0.673188491764443,-0.681454106480976,-0.690104537292417,-0.700196412819687,-0.708654435583668,-0.72460932213259,-0.742678640934327,-0.761132188325483,-0.76959021108947,-0.779586029469387,-0.785256632443584,-0.789005211212426,-0.791023586317883,-0.811014929324969,-0.828795489179137,-0.847056628522832,-0.86166524624505,-0.877139259551703,-0.882425633936469,-0.888865575347749,-0.893287141653571,-0.907127889702426,-0.92154498063541,-0.937211108236782,-0.948648077579786,-0.961142263049189,-0.967773437496946,-0.972867110081509,-0.976999917439775,-0.990167384198907,-1.00468053227925,-1.01852098657537,-1.02428764669692,-1.03216873907127,-1.03236085336599,-1.03111122919212,-1.03101487829203,-1.04898784619367,-1.06398128001079,-1.08281934974411,-1.09416084944525,-1.10434907587262,-1.10482994911488,-1.10579140184668,-1.10415784283614,-1.1178058890848,-1.13328019614419,-1.14010436614489,-1.14519862623495,-1.15134980869867,-1.14904326215114,-1.14471804674542,-1.15721252596757,-1.17451250633222,-1.19113979291264,-1.20353792123468,-1.21651297994636,-1.22035761586256,-1.2203579096153,-1.22026243997344,-1.22968220922196,-1.23948620705991,-1.24217756970234,-1.24534921808155,-1.24765547087634,-1.24506016538126,-1.24083100712289,-1.25265249880806,-1.26553150037238,-1.27120210334657,-1.27466192316786,-1.2569771267083,-1.18719968735458,-1.0902222126509,-0.969697224218762
-0.710455647079918,-0.581094816146665,-0.425256779353947,-0.227275690897301,-0.0238893424240448,0.0591140476767145,0.308307622729846,0.472665160209749,0.575915314778044,0.669821067291089,0.814665179299695,0.856442261483645,0.911595290155035,0.956762140146736,0.973436292070139,0.977559118866897,0.985987617196783,1.00586813217708,1.03142887429667,1.06065407133946,1.080900835807,1.08859627514789,1.09372628803456,1.10407843619424,1.11662976132089,1.13147182578632,1.14805469534516,1.16042345574268,1.16582927577381,1.16866966935071,1.1730671832629,1.18057949786017,1.18790840770657,1.19862708536073,1.21218587658454,1.21960662881001,1.22391258035039,1.23637234310522,1.24947360247724,1.26184180286026,1.27787445816647,1.29399867584451,1.2975715683959,1.29683850940691,1.29528110906436,1.29748000602409,1.3007784914673,1.3101237335443,1.32285846342181,1.33522666380484,1.34026567433422,1.34319735027567,1.34841920554142,1.35199237810005,1.35538214590782,1.36152018490617,1.36903249950344,1.36958215374156,1.36976499847792,1.37058933983148,1.37553650798178,1.38066680087571,1.38982807818734,1.39990581923883,1.41007512266213,1.41254870673729,1.41328148571902,1.41355617283444,1.41602947690235,1.41657885113321,1.42106792741721,1.42638190506927,1.43224581696669,1.43307071833475,1.42427597051762,1.38249944834819,1.30352676265788,1.1825023076682,1.0183273349174,0.828866587169704,0.65488884049011,0.504548186100326,0.384441034872264,0.299880524436224,0.242804685956814,0.196905897005124,0.157419834167223,0.122147600483385,0.089898605112816,0.0593901348284072,0.02604155097435,-0.00684866100614781,-0.0394636258567075,-0.0646578384818042,-0.0878362788908028,-0.108174325722895,-0.125947506115277,-0.141980441428751,-0.168732334403638,-0.196583815862013,-0.2227866146133,-0.250363408956247,-0.275099809722293,-0.295163729453466,-0.313578686470281,-0.332084925851657,-0.349674981500424,-0.371387583938692,-0.391084414160849,-0.41078096437576,-0.425072534581313,-0.439089137664186,-0.450265907184655,-0.462908794683114,-0.475551682181566,-0.498638560218751,-0.521176064025072,-0.544446626820381,-0.561304183494657,-0.578803236786119,-0.589889283956536,-0.600333834509772,-0.610778105055762,-0.63075018240787,-0.647882146190323,-0.66657151031532,-0.686268620544741,-0.701568216861969,-0.712562141646069,-0.724930342029092,-0.735374332567825,-0.744444047507634,-0.760202015698427,-0.774951957777534,-0.789610057477593,-0.803810625325835,-0.817828068430469,-0.827813967102888,-0.837983270526198,-0.847419794967753,-0.858505002116414,-0.870964484863994,-0.884157306607819,-0.89533435613554,-0.907702276511306,-0.919703947399835,-0.930148217945819,-0.940775333228173,-0.95589180480178,-0.96926775128922,-0.974123357067715,-0.979986428943382,-0.984108975732888,-0.984750192342824,-0.986307592685362,-1.00261493510702,-1.01809793617513,-1.03495521284215,-1.04878897118865,-1.06088192444173,-1.06619562208653,-1.06986035701698,-1.07270075059388,-1.0821375550427,-1.09249054322413,-1.09368169407943,-1.09697989951538,-1.10018626257228,-1.09981973307778,-1.10128557104851,-1.11942556094264,-1.1373821460859,-1.14480289831136,-1.15194868341414,-1.15552129595827,-1.15213124814325,-1.14599292913765,-1.16092627596763,-1.17686736890204,-1.18575423910549,-1.18960209877956,-1.19546545066248,-1.19005991063862,-1.18355506213851,-1.19509836115348,-1.21287182155312,-1.22102591277482,-1.22716451178769,-1.23467738639946,-1.2309216491117,-1.22496673485697,-1.23669315861556,-1.2541000895207,-1.25877229054833,-1.26747547599364,-1.27379691974287,-1.24942732847857,-1.17622643229937,-1.09881142695885,-0.966793887206826
-0.746562156747959,-0.578292505577972,-0.394384820377413,-0.158075508337302,0.0508900936959405,0.13191556416158,0.352129851239413,0.504030282888069,0.597127581085739,0.687938527098926,0.829138942326243,0.872029567682474,0.923150781397704,0.961743176449168,0.982136990726548,0.99201414396559,1.00911566699835,1.0246625823477,1.0423127740037,1.06179204740729,1.0751440087585,1.08401494343225,1.09901291065321,1.11922392855789,1.12928359866447,1.13449609033789,1.14034892832605,1.14629316450057,1.15333445841641,1.16814907025436,1.18680492146533,1.1977785734354,1.20280826873611,1.20363141142356,1.20719845623755,1.21039962880099,1.21890525023451,1.23033701115694,1.24396344657237,1.24945041230998,1.2535655667369,1.26106413108964,1.27048317537632,1.27999389735451,1.29389424782382,1.30944088366802,1.31529372165619,1.31611686434363,1.31520232346983,1.31886048696502,1.32242697276869,1.33138930562878,1.34446679291581,1.35800155063972,1.36193390869394,1.36348851637733,1.36357991456368,1.36486032768802,1.36732947624521,1.37363958467026,1.38150458028387,1.39000936320192,1.39211236000339,1.39174620824769,1.39019132105914,1.39183704742372,1.39366612917131,1.39951924666463,1.40701864953285,1.41698692145309,1.41945634951543,1.42037089038923,1.42064536445343,1.4249435947582,1.41954830671209,1.38571169190746,1.3152031619853,1.20216959945231,1.03399106696351,0.836364989150883,0.653371006308662,0.496257803481434,0.371061294535224,0.287932268257792,0.234250787304188,0.190537578270815,0.150756727291668,0.114085091679307,0.0786935896861297,0.0444908231257913,0.0150435573071256,-0.0117517635816595,-0.0375411454103019,-0.0617756400504023,-0.0828095211373782,-0.110062391968218,-0.138503998231896,-0.164842328188944,-0.189443254089902,-0.216055778605998,-0.238461191498509,-0.258580531711687,-0.278882668297561,-0.300922208939518,-0.320492880529453,-0.339697959373982,-0.359177232777565,-0.375089740872321,-0.388807574474095,-0.403348271258154,-0.417523095791659,-0.431240649888278,-0.45135999010145,-0.473490928929752,-0.494158658261019,-0.509522218227369,-0.524885778193713,-0.536591174664884,-0.545919100270372,-0.556161566749657,-0.577012371958776,-0.596857238107751,-0.617159654198781,-0.638742483414156,-0.657398893635448,-0.670385262241275,-0.684194494029388,-0.697180303624905,-0.708245633286482,-0.724157861876082,-0.739155549591878,-0.754519389063384,-0.766316742731211,-0.778571087330788,-0.787990411122615,-0.797775886670169,-0.804908858277513,-0.818992284624679,-0.834630598160388,-0.850086115323394,-0.861334520862828,-0.875144032156102,-0.884563635453096,-0.89206275881615,-0.899470204487697,-0.914742645772857,-0.92846019986947,-0.943915437527326,-0.956261180313242,-0.96750958585267,-0.97509982789692,-0.98223279950427,-0.98671382618174,-0.997596638975776,-1.01040021120891,-1.01616193051588,-1.02073463488485,-1.02713614149626,-1.02951361236194,-1.03006172197486,-1.04377899656632,-1.06088024009392,-1.07606100368757,-1.08639486835321,-1.09709460526938,-1.10011242244982,-1.10075220975425,-1.10276380836938,-1.11602409202909,-1.12946745156666,-1.13358288549874,-1.13815586937287,-1.14117424556361,-1.13797363201049,-1.13468134076586,-1.15077636572815,-1.16595684981664,-1.17464442910739,-1.18095453753244,-1.18662457914791,-1.18260110241249,-1.17958328523206,-1.19165483345894,-1.20866467880018,-1.21579792991269,-1.22110209927761,-1.22530921090119,-1.22155992872482,-1.21433555893112,-1.2264987848495,-1.24296024107266,-1.24863028268812,-1.25173977756005,-1.25585521149213,-1.25045964394087,-1.24113143883022,-1.23491272859151,-1.18863841380429,-1.11657471718844,-1.00354087515028
-0.731468064081894,-0.51201202779282,-0.27490355831169,0.0014513974040074,0.281405405610409,0.413027485138899,0.579525959950151,0.67927094190534,0.725116040241719,0.741397418289781,0.815691845388645,0.855109615303092,0.903953225643976,0.939771943067731,0.966336103744929,0.981760539590284,0.988187606110561,0.997185499238944,1.01115323810037,1.02572073174302,1.03668917289498,1.0480860851483,1.06239639136948,1.08176270896695,1.09667303187102,1.10824122780421,1.1233225724865,1.13840417907045,1.15108624272617,1.16856713033669,1.18913321939827,1.19830265810819,1.20104503029783,1.20070246293807,1.20164530888237,1.20190223440218,1.20961419042321,1.22143931187622,1.235835521839,1.24371928534321,1.25031789744502,1.25828730278917,1.26608542445345,1.27345481311472,1.2846801797865,1.29624837571969,1.30070463231473,1.30284724972314,1.30336162456608,1.30653246785708,1.30978895298801,1.31707269980934,1.32564185993472,1.33609645004705,1.34020961547903,1.34320865128684,1.34500791563053,1.34834951879811,1.3524621604268,1.35897460688535,1.36685810848792,1.37577009787471,1.38108303477081,1.38194023887517,1.38236870997651,1.38262589739799,1.38605340430715,1.3922230215043,1.40079191972803,1.41158881529846,1.42075773020507,1.42307163129337,1.42298625135508,1.42384345545943,1.41056163702248,1.36668787241464,1.2855381695958,1.16342783423533,0.992387722890746,0.798039412196587,0.616373427059797,0.464185258469728,0.343103148991841,0.267437404847331,0.219278667324324,0.183801993457025,0.151324617299184,0.123817348776038,0.085941393882162,0.0508075492762724,0.0147313825294068,-0.0190311450308372,-0.0489374326789102,-0.0704458438814828,-0.0928109353851118,-0.11217672917927,-0.130771222610671,-0.155364311460996,-0.181328455455306,-0.204979222164632,-0.228458705194077,-0.249110436095599,-0.265991568924894,-0.281073175508839,-0.295897594671311,-0.312521801980788,-0.334287662506477,-0.356053523032178,-0.37773374171793,-0.400785015547678,-0.420151333145147,-0.436175523771736,-0.451343034097273,-0.466939015524158,-0.481163941807053,-0.498816374999116,-0.51569750782841,-0.533949433900045,-0.546802781235645,-0.559313299309828,-0.569338894517493,-0.57996424450639,-0.5887903301516,-0.6065284051836,-0.623752367274304,-0.642004817149244,-0.65948622856307,-0.672254457862026,-0.680481050627652,-0.688622001553329,-0.696248577636079,-0.704646454081573,-0.721870678073933,-0.739094640164637,-0.757175544458047,-0.767972701930124,-0.77936961418344,-0.785710515060469,-0.792222961519033,-0.797621278353425,-0.816473221107948,-0.832754337254354,-0.853662993675699,-0.870715672086523,-0.890682006366869,-0.905421045591054,-0.92435915398882,-0.938412534690179,-0.961292001036748,-0.980743698572498,-0.999852828748495,-1.00705067182822,-1.01639113231638,-1.01887631708455,-1.0224756314769,-1.02367540294101,-1.04175656913607,-1.05683843762166,-1.07346264493113,-1.08211744689646,-1.09025813592049,-1.08948657365608,-1.09042889579707,-1.09068582131689,-1.10542459863943,-1.12187726036736,-1.13524524444756,-1.1463849692794,-1.15761033595118,-1.15940960029488,-1.16086603537716,-1.16883517881966,-1.18031799481456,-1.19128669786818,-1.19797095180993,-1.2039698091305,-1.20671218132014,-1.20654089764026,-1.2057695972775,-1.21802345173351,-1.23019166434959,-1.23379071684028,-1.23773259859239,-1.24287425180861,-1.23978931225921,-1.2376466948508,-1.25152852997063,-1.26661013655458,-1.27072330198656,-1.27792140696795,-1.28126353393882,-1.2779216688696,-1.27200871529062,-1.28666185077322,-1.29617359494124,-1.30242911587998,-1.25649863760532,-1.17372121602432,-1.03181635386669,-0.822301056650297
-0.750296361611693,-0.646271106112918,-0.52757223066085,-0.434727041332639,-0.413677358714084,-0.0734777768535744,0.189860151457784,0.408566175009106,0.628232945871806,0.866678469267499,0.899170094442401,0.934456402474447,0.964851414872595,0.978040000846108,0.982843470454597,0.999176174748039,1.03018276594318,1.05123218161332,1.06214983750129,1.07236888941207,1.08092859003428,1.09062362222507,1.11097470086645,1.13805127763587,1.15106581324901,1.15883961776544,1.16390576460494,1.17080584699019,1.17875396881542,1.19386404941169,1.21072104037353,1.22443391301544,1.23011163865192,1.2317715238373,1.23840999678517,1.24513576186163,1.25421948220384,1.26723321697175,1.28208115423383,1.28644789625093,1.28863126725948,1.28941743031366,1.29544432446454,1.3019952383354,1.31413605181734,1.32697520232807,1.34094968440735,1.3436570751359,1.3433949318017,1.34077456625335,1.3437443672645,1.34688875253282,1.35614679018382,1.36750117366317,1.38051490843109,1.38435789767661,1.38601751591358,1.38610534193898,1.3901234493385,1.39492798674061,1.40217777153707,1.41099961549348,1.41990848463009,1.41877288611312,1.41580281815357,1.41388105658241,1.41169715167705,1.41126042408566,1.41781107100811,1.42392525728759,1.42934057264147,1.43362055642678,1.43615336289813,1.43065075541565,1.39824642236933,1.33221513257954,1.22373530903826,1.06948824916836,0.878382555158056,0.69339078047881,0.525168971581217,0.38961337211572,0.29074155558504,0.226894170700611,0.177807697898057,0.138940277006297,0.103129949254271,0.070725883156367,0.0398938762184163,0.00888728502328336,-0.0208093903460886,-0.0484975459125013,-0.0769718645331043,-0.105096747690921,-0.130688557428979,-0.155406645035848,-0.179600445974332,-0.200824445901671,-0.219515372409263,-0.238555734379647,-0.256722908115656,-0.269911494089168,-0.282925228857082,-0.296812685756191,-0.309652103215315,-0.322927981317427,-0.345025436427544,-0.367734470334658,-0.390879964884761,-0.414898914617636,-0.434900290847802,-0.450709509318077,-0.465994708068348,-0.479532996453063,-0.49106249808642,-0.509928809696423,-0.527047943992465,-0.544603805879882,-0.56128647953293,-0.578056178366168,-0.59002187369411,-0.602599147819036,-0.613953531298391,-0.627054558194905,-0.641902762405392,-0.655702927175894,-0.671686729903352,-0.681993340891138,-0.691251912438946,-0.699374885469771,-0.70837131368338,-0.714048505423052,-0.73099278851349,-0.748898085863711,-0.765842635902547,-0.777284578458906,-0.788290060372277,-0.79361835054597,-0.79798562645988,-0.801042719599614,-0.816502502607079,-0.833184909311724,-0.84960517268217,-0.860522828570138,-0.875632909166408,-0.884454219226015,-0.893886841134209,-0.905415808870752,-0.927949991572274,-0.949348842705205,-0.969175634678172,-0.980268408720142,-0.988304089622379,-0.99040043545074,-0.989002960547969,-0.988566232956577,-1.00393818993864,-1.0194849981263,-1.03555582603395,-1.04516356609615,-1.05381055884696,-1.05372353366677,-1.05398567700097,-1.0527630533038,-1.06804771815727,-1.08359425939653,-1.09905350850718,-1.11224209448071,-1.12586767499402,-1.12997334147054,-1.13530189859263,-1.14071774784333,-1.15128676911372,-1.1615933801015,-1.16412618657284,-1.16421347870144,-1.16447535508723,-1.1608939752791,-1.15722530334237,-1.17050118144448,-1.18438837139518,-1.1884059448979,-1.19189949868061,-1.19513117607755,-1.18997827100626,-1.1840392028808,-1.19722805580271,-1.21233840334739,-1.21845232267846,-1.22360496080133,-1.2294564698498,-1.22473949152469,-1.21879988950242,-1.23111502029314,-1.24456601654926,-1.24482842683187,-1.20229313484859,-1.11992967466217,-0.994069374335868,-0.811610940024779
-0.658665650792857,-0.468588005953413,-0.269075946152915,-0.0774258098278063,0.0918623762698343,0.365710834081748,0.548101692018738,0.681487681593699,0.812165995676694,0.904671478247931,0.893926742707643,0.901962734850039,0.919433141953488,0.925722306966725,0.947996955884211,0.979531150166303,1.00599919870441,1.02294553097147,1.03473814920806,1.04198842956059,1.05316940467432,1.07430833563256,1.09614647800011,1.10863804066956,1.11553911578214,1.12479866114675,1.13362116600846,1.14550055160208,1.16192227507977,1.17991622306665,1.18830168742547,1.19197047825673,1.20140489321779,1.21302290883442,1.22481552707102,1.24062614137882,1.25984337561142,1.26456004913899,1.2655208975018,1.26508439095187,1.26805477130324,1.27050107681822,1.28028469701922,1.29155297344294,1.30351992732302,1.30832390216058,1.31085670805609,1.31234163125529,1.31662206520941,1.32238742236273,1.33182157034731,1.34256603891112,1.35427108886124,1.35820178362246,1.35837638624243,1.35697876435321,1.36012348034807,1.36265708717304,1.37095578417483,1.3808269726623,1.39253228958892,1.39392991147814,1.39445371933805,1.39253175563596,1.39410371316866,1.39558863636785,1.4037124637732,1.41174898986856,1.42039715908679,1.42301806722173,1.42345484074814,1.42249372540886,1.42266832802883,1.42188181530951,1.39392884357221,1.32928823049884,1.21983641566054,1.06487418764797,0.864052341221209,0.672052999656153,0.504599742927111,0.374183599750562,0.279669119143719,0.223589373978587,0.180962039845709,0.14497307596601,0.107848394127052,0.0720337658908306,0.0385776079066507,0.00590742868881853,-0.0207352224692548,-0.0450191363988345,-0.0658958964506149,-0.0865104855959603,-0.10485390579927,-0.133592055373476,-0.159273057239299,-0.185478667894473,-0.21063612887687,-0.231775326811567,-0.244791231293897,-0.260078304718262,-0.274316694516876,-0.288118310789072,-0.310567829303016,-0.334502004039679,-0.35738776212706,-0.382195483916546,-0.403159812254797,-0.420193445831834,-0.437227079408878,-0.45260118716675,-0.465704125982581,-0.486057078174454,-0.504750237570675,-0.522307945984113,-0.541612748503192,-0.560393476185883,-0.575243509107355,-0.588783221449597,-0.603283782154646,-0.615600475227636,-0.629576961096296,-0.641631483262845,-0.656830721424258,-0.664954548829606,-0.673777320667801,-0.680590827493913,-0.689675770238549,-0.696314674444691,-0.714483759004517,-0.733002048804273,-0.752219283036888,-0.768815876111039,-0.784451887798858,-0.794235507999865,-0.802708807621642,-0.811880784699779,-0.823149061123498,-0.837386916969137,-0.851624772814776,-0.867871893672503,-0.878179054756935,-0.88892325634426,-0.896086502363283,-0.903424351002278,-0.907442881026436,-0.920109313292342,-0.931989232838926,-0.945790582134647,-0.954962559212783,-0.968327134982086,-0.97880916566297,-0.988417916267512,-0.998288837778502,-1.0166325249583,-1.03314208369894,-1.04772994571398,-1.06004663878698,-1.07148978480715,-1.07926440697256,-1.08415621707306,-1.09044538208629,-1.1012768849836,-1.11315653755371,-1.11359304410364,-1.11665019181203,-1.11665019181203,-1.11525230294633,-1.1105350954658,-1.12608353886715,-1.14049653128574,-1.15901508806198,-1.16958495400582,-1.18251329020168,-1.18417308299734,-1.18696832677577,-1.18513393136014,-1.19631490647387,-1.20627312929485,-1.2098548857926,-1.2102919262955,-1.21396098410323,-1.20924404359918,-1.20662340244072,-1.21859035632081,-1.23370229317224,-1.23675970785711,-1.24226316108048,-1.24444729568901,-1.24016739568786,-1.23309198493179,-1.24820392178322,-1.26226744198538,-1.26794496387575,-1.26707114984644,-1.22514195921697,-1.13560605606765,-1.003267949189,-0.839658085911179
-0.70459837559217,-0.484084829386976,-0.252313255092893,-0.0324250638657058,0.193002843992028,0.471950760898119,0.649934160821389,0.782171069078022,0.890998400856425,0.941212494025377,0.900111652527267,0.888138698965709,0.895822372771966,0.909403225945115,0.941568864438616,0.985082101515667,1.02439590241286,1.03636885597441,1.03779870691978,1.04101559846606,1.05272038670517,1.06826714838781,1.09114039422113,1.11195843413108,1.1238415441172,1.12929169025308,1.13250803563781,1.14340860099035,1.15636437226626,1.17235789409913,1.18915563881855,1.20765112672502,1.21310154594167,1.21631816440718,1.21694379246596,1.22400238437499,1.23052491871989,1.24285506193702,1.25625732028239,1.27225056903447,1.2753776170053,1.27716438452545,1.27752184726179,1.28207874617798,1.28592099270228,1.2979835167585,1.30933111534206,1.32273337368742,1.32559252941659,1.32764746225918,1.32755789176452,1.33443761576498,1.34069225786821,1.35284380625755,1.36544211479712,1.37705760562234,1.37732577094479,1.37535986243532,1.37259000412004,1.36803310520385,1.36615649410826,1.36910494725132,1.37518099452676,1.38072071115731,1.38813703888344,1.39242631863874,1.39698349063572,1.39796630835007,1.40511419767299,1.41190435117879,1.41976661981283,1.42709255780197,1.43674186703694,1.43549088400013,1.40761397910038,1.34194242166268,1.23302606555117,1.08193675281329,0.887512797826139,0.694875883439919,0.525827140359703,0.390195018809789,0.282171909917949,0.215338939938125,0.163516674076809,0.118842297538405,0.0799758029529924,0.0487039578407307,0.0178788728786949,-0.00919380913448425,-0.034747342788417,-0.064500585702982,-0.0937177710534271,-0.121594949033963,-0.149561151347612,-0.174400305690412,-0.195486784003593,-0.21433946156562,-0.232745105896634,-0.249006519971169,-0.269467370225561,-0.289302592421159,-0.310567392481341,-0.331028242735727,-0.349523457561416,-0.365784871635951,-0.38231445103293,-0.397593320473888,-0.411710504291931,-0.431724867476872,-0.450845983442118,-0.469788504579589,-0.489445678108954,-0.50812003392398,-0.521522565350129,-0.53546088125961,-0.548148214132301,-0.559138076898733,-0.573612723453115,-0.590857228322776,-0.608101733192438,-0.625792725131556,-0.64258992368943,-0.656795858759818,-0.669304323723947,-0.679489963603809,-0.690390802037128,-0.70432966410817,-0.718357823593101,-0.732475007411145,-0.741141772012541,-0.748110793426897,-0.752756989756974,-0.756688533695156,-0.759726830413661,-0.776882310950203,-0.794037518405983,-0.811817807758983,-0.830759509654129,-0.847199245475665,-0.855954761329388,-0.865425475736573,-0.874181537751845,-0.881686889811102,-0.895268289145801,-0.908403201411048,-0.921091080445289,-0.927167127720737,-0.933689935146411,-0.935119513011,-0.937263743267486,-0.938246560981837,-0.952095579477437,-0.966212490214706,-0.983724887326037,-0.992302354513533,-1.00391757225798,-1.01070799884455,-1.01651560771678,-1.02125110146076,-1.04287363733805,-1.06172658798086,-1.07995418364565,-1.09049755934262,-1.09970038150813,-1.09970010842736,-1.0997888596797,-1.09809057033111,-1.11220748106838,-1.12632466488643,-1.14124634467182,-1.15179026653034,-1.16197672565254,-1.16403220465669,-1.16564092351061,-1.16644514639718,-1.17654148886315,-1.18770994645736,-1.18815643352681,-1.18842405268772,-1.18815561428449,-1.18243675666461,-1.17609281714748,-1.19083535594354,-1.20718634051274,-1.22192915238958,-1.23291956131756,-1.24364153184233,-1.24256941671408,-1.23953139307636,-1.24024604546826,-1.2493592971391,-1.25883001154628,-1.26142072887222,-1.26419031410672,-1.26499426391251,-1.2198728541431,-1.1371356597443,-1.03527789554181,-0.879631956968511
-0.694198983476266,-0.539630693754977,-0.373036408090127,-0.209625506087903,-0.0693823077187894,0.231884322470407,0.443841082114644,0.611054531712854,0.780213307366201,0.91594723021017,0.911349579911465,0.924436883915396,0.939204119394565,0.940796216614741,0.957597423181858,0.991552794891808,1.01684257412715,1.03488129778325,1.04858695494281,1.05601448980993,1.06450333273741,1.08457575722221,1.10853910407653,1.12012268563384,1.12657755747338,1.13497802562732,1.14417440726171,1.15558123927192,1.17450452144128,1.19555014947213,1.20368522304616,1.20642646258177,1.2073993958686,1.21022901017775,1.21376589293458,1.223846562823,1.23657982721423,1.24745614032387,1.25276186984798,1.25514961028938,1.26293118476919,1.27044763492837,1.27990941114267,1.29255430076035,1.30643697772625,1.3087358028756,1.30917767674336,1.30767422455598,1.31068058841225,1.31448286574899,1.32447516086385,1.3360590126804,1.34835013294463,1.35082597790033,1.35135649680089,1.35126785176809,1.35462798497782,1.35896078121512,1.36859930697653,1.37894537144485,1.38867254223906,1.38991059984653,1.38858443772475,1.38601994773624,1.38796500353214,1.39123649170907,1.39857565180263,1.40759501363068,1.41652627094442,1.41696868533068,1.41528875385544,1.41352044760665,1.41431609082786,1.41183970535366,1.3857537423786,1.32305954293153,1.21960106032228,1.06529816518089,0.871911188611809,0.685244208202925,0.523336488128832,0.394234727190006,0.303863278325436,0.248066365104158,0.205091631566174,0.167776126646507,0.129134189345813,0.0927027024209039,0.0578630424569391,0.0288593606584073,0.00109346620810165,-0.0221626121985526,-0.0446225068655022,-0.0654911150900033,-0.093257009540309,-0.120492114830804,-0.148169364248309,-0.174962595671043,-0.198837567751814,-0.218645138175206,-0.237391670797459,-0.255077165618586,-0.271436228058692,-0.292481856089543,-0.313261819281262,-0.334130157246513,-0.35535226456523,-0.377458389878719,-0.397000025203698,-0.415746017307462,-0.433784470704322,-0.450319742173032,-0.465263727199312,-0.480473377064742,-0.496390565637082,-0.508151977778476,-0.521062802494553,-0.534238751531285,-0.546264747474845,-0.556256772330469,-0.574649265340016,-0.591449931388644,-0.609488384785486,-0.622575148270934,-0.636457825236836,-0.645300167258533,-0.654584923666478,-0.662101373825644,-0.679786868646776,-0.697118594114448,-0.715069213256247,-0.73301956213879,-0.749908602960962,-0.761226789938361,-0.772633351689321,-0.783244270219055,-0.794032208555138,-0.80711951255907,-0.820472211142907,-0.8340019295331,-0.849034559592174,-0.865039852678825,-0.88228293311369,-0.901648089150815,-0.923135320790193,-0.944269053335355,-0.964695247173607,-0.982822345603255,-0.997058521663374,-1.00811158432012,-1.01757309027517,-1.02579680888201,-1.03295948968771,-1.04215614158136,-1.05152954302211,-1.05250247630892,-1.05391755372275,-1.05506723655668,-1.05489075726881,-1.05497940230162,-1.07195708815659,-1.08796184072475,-1.10573516980093,-1.11864464322077,-1.13111197251361,-1.13456021023764,-1.13792034344736,-1.1391581307956,-1.15065360783859,-1.16091129753336,-1.16241474972075,-1.16409495145523,-1.16559867390185,-1.16170829205081,-1.1588789480009,-1.17435345192774,-1.19027009998159,-1.19867029787627,-1.20424088146181,-1.20954634072667,-1.20486004539517,-1.19867029787628,-1.20954661098591,-1.22457924104498,-1.23174165159144,-1.23846191801089,-1.2458013483637,-1.2434141484408,-1.23934647652416,-1.25119572292061,-1.26463625575951,-1.2687036574169,-1.27259403926794,-1.27542338331786,-1.26923309528048,-1.26039048299954,-1.15463290498168,-0.952402775613157,-0.68960106291831,-0.345624553252528
0.0679929883277577,0.406020557143493,0.63187640316741,0.815549805260263,0.921667879347912,0.914952555451128,0.922045979457981,0.94417784392828,0.956662663311964,0.962526972893744,0.981632302079319,1.01142502978896,1.03904252559624,1.05568875872958,1.07545605217515,1.09787149172801,1.11045083613921,1.11584194244866,1.11962496702088,1.12463768415291,1.12813713364258,1.13995941063155,1.15802380824501,1.17883145512798,1.18781653595463,1.19273472805915,1.1955725023562,1.20096418680038,1.20682849638216,1.21950265488824,1.23387913109172,1.24655271146307,1.25251096793763,1.25421299656766,1.25638765033527,1.26139978933258,1.26820934918952,1.27785639427615,1.29053026371486,1.30188020463361,1.30679897487285,1.30944769911487,1.31190708423448,1.31625783710653,1.32183799347103,1.33044439605289,1.34065859130461,1.35068373650131,1.35370998271867,1.35437194697866,1.35475033615609,1.3604250175481,1.36657261314505,1.37697643658655,1.3888935276704,1.40043222957682,1.4005270436717,1.39891954006918,1.3967445972342,1.39277252260695,1.39192150829194,1.3973126146014,1.40364926025339,1.41008043093291,1.41821391930981,1.42124016552718,1.42180731569228,1.42237475492473,1.41651073441032,1.38407014966077,1.31606763078204,1.20834176402452,1.05663603247629,0.86974646690896,0.686545111818968,0.5278396140893,0.399304944179335,0.306332497465903,0.247030617129195,0.202105212995949,0.162571204239534,0.12738794835517,0.0921098783759248,0.0566427583416457,0.0227831419098816,-0.0090902926745714,-0.0403017629990474,-0.0675405805615469,-0.0922257770442656,-0.115302891789748,-0.137718331342608,-0.159471517568123,-0.182548921380973,-0.204586260823758,-0.227191039499012,-0.249417139929477,-0.269184433375048,-0.288289762560636,-0.306638024323999,-0.324891761059848,-0.342010619330771,-0.361209895409151,-0.378706853790136,-0.397811893908357,-0.416349494794121,-0.433562878092551,-0.450492686308433,-0.467989644689418,-0.48435172460547,-0.498065658414233,-0.514428027397652,-0.529655517916138,-0.544504908324562,-0.559354009665613,-0.574392161061704,-0.588200619897995,-0.601441639501803,-0.615155573310566,-0.62764039269425,-0.642867883212743,-0.657717273621161,-0.672944764139647,-0.684010551841116,-0.694981525447717,-0.703966606274361,-0.712478483828701,-0.720801600395362,-0.734894501516282,-0.750311331157163,-0.766484650085554,-0.782941833163848,-0.791643049840583,-0.796844527960285,-0.800438502477472,-0.802992123557246,-0.805167644526958,-0.822003216782681,-0.84025724258589,-0.859362282704118,-0.877237919329892,-0.893599999245944,-0.902963180182662,-0.910718857516853,-0.917907095618601,-0.927459615677708,-0.939282181734041,-0.950726358612952,-0.963967378216773,-0.972479255771113,-0.97966691573812,-0.985719697240193,-0.990921464427262,-0.9940425247395,-1.0056760407408,-1.0174988958645,-1.02969985109827,-1.0366987500776,-1.04483281658924,-1.04795387690148,-1.05012910880382,-1.05154785141866,-1.0641269067625,-1.07509788036909,-1.0863527181256,-1.09789142003202,-1.11160535384079,-1.12323858077473,-1.1389386964308,-1.1596515292189,-1.18376928646916,-1.20665764022697,-1.21469718171108,-1.21772400606317,-1.21602197743313,-1.21053634609615,-1.20334810799441,-1.2177237169958,-1.23578811460925,-1.25347412304527,-1.26548573915664,-1.27778121941792,-1.27863281186767,-1.27711983329267,-1.27560685471767,-1.28601067815916,-1.29707646586063,-1.29802229427053,-1.29944103688537,-1.29991395109032,-1.29395569461576,-1.28421441356897,-1.24789599015231,-1.17629920768904,-1.05788536427274,-0.879318626204717,-0.730733376833999,-0.548193986003997,-0.341725887978767,-0.171671027465076,-0.0315034196885328
0.317570964577137,0.512551085915053,0.653547341406173,0.808571988231755,0.929679379629725,0.917515018086829,0.920001024335313,0.929057674541272,0.927282382228476,0.942554455108286,0.976649456861943,1.00657135479625,1.02645994752096,1.03915646256819,1.0464367349876,1.05433871249546,1.07165229012446,1.09411562657645,1.10663466666608,1.114892136826,1.12590209703922,1.13806618721367,1.15120693239175,1.17065183772249,1.18867585791873,1.19275995289086,1.1907179054048,1.18814343304595,1.18725578688956,1.18965359839611,1.19897700377533,1.21185153651702,1.2230387003194,1.2288098928624,1.2319173328309,1.24150640790963,1.25082954192041,1.26104059345603,1.27471430624376,1.2890094527515,1.29025232019153,1.28927512245102,1.2868775823129,1.28954079215053,1.29397983703785,1.30490078840384,1.31715388742552,1.3302946326036,1.33171551773809,1.33002869153565,1.32709872652475,1.33047265029807,1.33473449159622,1.34423482919616,1.35524451804094,1.36731959936816,1.36572123927608,1.36216956917673,1.35897312036101,1.35435632914767,1.351515372984,1.35684287813302,1.36296956332808,1.36936246095953,1.37708696350979,1.38117132985036,1.38321364870486,1.38472327131814,1.38490128901261,1.36030716759577,1.30223947814526,1.20723555940899,1.07192121624522,0.895053309845471,0.722003557349887,0.571506150153529,0.447911667033342,0.361164675720122,0.308157736245376,0.26838027942751,0.234107531347818,0.203830412129897,0.165118619162898,0.129780749969204,0.0950643144955399,0.0610585929575394,0.0323801052001385,0.010981889862143,-0.010505062954658,-0.0299499682853887,-0.0482410150233356,-0.0740790893539497,-0.0999168923161288,-0.125488482841922,-0.150171884474441,-0.171392353486409,-0.187551801154187,-0.203089815101953,-0.217562165198847,-0.233810621713853,-0.255741533293074,-0.278116403634702,-0.299869840256324,-0.321445801920347,-0.340091527205038,-0.354652886149178,-0.369391720050904,-0.384308028910217,-0.398869116485916,-0.41609395663612,-0.434739410552376,-0.451786775744987,-0.468034960891559,-0.484016933601744,-0.498223071262252,-0.511097604003942,-0.524682307944443,-0.539421413214604,-0.554781952204778,-0.569964744868918,-0.585502487448249,-0.593315727477308,-0.599353132456695,-0.604946578673669,-0.610096337496664,-0.614979883883261,-0.634691273018824,-0.655734267073194,-0.676511048691183,-0.697998001507972,-0.717797856753894,-0.729251504361103,-0.739284809570695,-0.748873884649426,-0.757752788529358,-0.768940223700169,-0.781637010115838,-0.794245059052694,-0.806498158074372,-0.824788933443884,-0.848229467636385,-0.876553276847047,-0.912335104803149,-0.955397476547097,-0.992777121858402,-1.02331991077585,-1.03965656203278,-1.04880140698066,-1.05039922433586,-1.05031021548863,-1.05137560797107,-1.06815676072729,-1.08476043852592,-1.10207455889179,-1.11326226543104,-1.1215200069594,-1.12196423709025,-1.12205324593749,-1.12134307473868,-1.13501651615798,-1.15197487250335,-1.16902196632754,-1.1825176614208,-1.19592461903526,-1.20089690290066,-1.20409362308483,-1.20613621330776,-1.21616951851735,-1.22673551996816,-1.2283336086918,-1.22975395108941,-1.23081880083496,-1.22691163808356,-1.22122864028248,-1.23543450657456,-1.24999586551869,-1.26580063463971,-1.27778752122501,-1.29101754661876,-1.29368157056171,-1.29501344684896,-1.29599010185259,-1.30469125940649,-1.31419159700643,-1.31650012829731,-1.31925261835063,-1.32147241216272,-1.31943036467665,-1.31516825201006,-1.32466858961001,-1.33505711610321,-1.29190573551203,-1.21403791944718,-1.09976711307465,-0.917039819389972,-0.724456695453293,-0.592783031236095,-0.4824188448781,-0.410411230203477,-0.407215052756188
-0.46812464997364,-0.389904146635602,-0.286996977431901,-0.128336827131244,0.0997599400403235,0.430948122136114,0.646100214514029,0.817704191851966,0.930319019394518,0.959720906261026,0.890469100281547,0.873456325192537,0.878818666898882,0.899436949883722,0.942615160555363,0.982372674222617,1.00141978204476,1.00761490310444,1.01371733613293,1.02564470326729,1.04432134155017,1.06854513243085,1.08842332409355,1.09628202576163,1.09951762928913,1.10746873640293,1.11819398498655,1.13187818593143,1.14889096102044,1.16673595029184,1.1728386659058,1.17570521282134,1.17977359570214,1.18652314943614,1.19244077157319,1.20492285396733,1.21916148758652,1.22849980672797,1.23330771576,1.23793053131512,1.24754634937919,1.25679226307491,1.26899684654643,1.28351269650278,1.29765864209079,1.29904500636206,1.29959943903637,1.29811953897755,1.30172504687338,1.30625517439733,1.31753485565527,1.32816741620772,1.34037199967924,1.34092671493902,1.33917016371396,1.33584187215528,1.33214367622827,1.32983240974344,1.33260655121326,1.33750686569101,1.34388651505665,1.35257743090714,1.35710784101655,1.36219296638574,1.36635375471228,1.37264128121765,1.37883668486279,1.38743576043847,1.39603455342869,1.40370872679081,1.40481815731036,1.40315344636011,1.40074920925863,1.40000940052195,1.37735678480397,1.32520959418831,1.23598662592948,1.10524931019289,0.926525874752631,0.746415792455661,0.584612726658687,0.449437688843864,0.351338993843126,0.29068626343934,0.245566408065741,0.207658416240188,0.174281117109505,0.1337843598765,0.095136559314271,0.0585228088997176,0.0247753228152379,-0.00481165752816813,-0.0276490841375952,-0.048822082382213,-0.0686081511846615,-0.0903361472745218,-0.116317337136625,-0.142390932444464,-0.168926837566351,-0.195370337242521,-0.219039695448881,-0.240582315476377,-0.26212493550388,-0.281911004306328,-0.301327168740433,-0.322130545202178,-0.34191689659008,-0.361148815303669,-0.380935449277036,-0.400259773436343,-0.418104480122292,-0.436411496622301,-0.452868991280609,-0.468956581570579,-0.485413793643421,-0.502148504638898,-0.517866190560524,-0.528498751112967,-0.53820669203729,-0.546805485027518,-0.5552194671263,-0.563633449225088,-0.585176634423509,-0.607366940327424,-0.629742057122784,-0.651654581518624,-0.669499005619114,-0.679761661803207,-0.689839507095868,-0.699362354543298,-0.708423174762115,-0.725805289048544,-0.742817498966641,-0.759182588179233,-0.768798406243292,-0.779153750458567,-0.783868971459424,-0.788492069600017,-0.793022762294888,-0.810775063535114,-0.828342553883907,-0.847019757337707,-0.866898796756797,-0.885575717625144,-0.898242893496176,-0.909245923587882,-0.9195091449429,-0.928292748824567,-0.938740498485565,-0.949095560115388,-0.960374958787872,-0.972671382534194,-0.98663251723076,-1.00161095958664,-1.01751430415609,-1.03526688798178,-1.05329668814463,-1.06966177735722,-1.07890740846748,-1.08417706214265,-1.08741266567014,-1.08889171797257,-1.09037105286047,-1.10322275703749,-1.11949544080436,-1.13456628860596,-1.14076112708016,-1.14667846663175,-1.1455690361122,-1.14288786525902,-1.14150093581684,-1.15786602502943,-1.17450861316464,-1.18994908274911,-1.20317069129447,-1.21463574861477,-1.21685517482481,-1.21787276506957,-1.22231161748964,-1.23128088001913,-1.24265381447918,-1.24709210172832,-1.25116020202368,-1.25328637503161,-1.25217637934113,-1.24912502153416,-1.26040470279209,-1.27353362330627,-1.2766771039735,-1.2802828944548,-1.28370359145919,-1.27871058895026,-1.27251575047605,-1.28564495357569,-1.2993288719351,-1.30274985152495,-1.27945039768694,-1.20492865544684,-1.09249863879572,-0.935225983108161
-0.740178298006376,-0.562255792840524,-0.38186475738706,-0.162642031370561,0.04870008508309,0.140604451389091,0.356503787563809,0.510595269054889,0.605632089158325,0.680921247313527,0.807194681954583,0.855425474968126,0.904890678213645,0.941443904004335,0.963850451931832,0.974768917799034,0.979136072004834,0.994516579747294,1.02223973892785,1.04749465799716,1.0661033777356,1.0841427714573,1.10237223069427,1.10806897297787,1.11471488213238,1.11832293498254,1.12278526703415,1.12582341351486,1.13873597132241,1.15307271470086,1.17139677143093,1.18288485349122,1.19190411508753,1.20358139213402,1.2172524709445,1.2290249258368,1.24582961915015,1.26301444349405,1.26823674743037,1.26671825454274,1.26529464932456,1.26738362893435,1.27118145712342,1.28105557827391,1.29520196596073,1.30953812898647,1.31371579802972,1.3142854142228,1.31390557336862,1.31153193075045,1.31172170608937,1.31627863563406,1.3239688895053,1.33260860042379,1.34314722543683,1.34741978214952,1.35235684272477,1.35567994239021,1.36280058006834,1.36906664836867,1.37903565718861,1.38919473152382,1.39792962028813,1.39764495727976,1.3966009027394,1.39441703546014,1.39223287800452,1.39460594026998,1.40106178390921,1.4090367007888,1.41786647722256,1.42555731144652,1.42679201185486,1.42916594464939,1.41843783447381,1.37989138727186,1.30355759422358,1.18886683913591,1.02860359666122,0.845079236881234,0.665922321483407,0.51230498816324,0.389164587672333,0.301532778079032,0.245137002670637,0.204786529043604,0.169183050476547,0.137946726115277,0.109368707380542,0.0722461555731361,0.0342690343879057,-0.00133444417915751,-0.03627341888367,-0.0644715967642283,-0.0844099045804703,-0.102639073641077,-0.120203448662794,-0.136913254306694,-0.16406650711781,-0.193023786354,-0.219892376156755,-0.247520647667863,-0.267933103655025,-0.282269266680758,-0.295560794813418,-0.310181620847519,-0.322523982109267,-0.348253339525837,-0.374362537796589,-0.399712344535333,-0.423637965703192,-0.442341573111082,-0.452880198124107,-0.463893551660774,-0.473577897472345,-0.483832149653366,-0.505194643040513,-0.528930779045819,-0.550578225617684,-0.574029408438259,-0.589125253172352,-0.598714421138114,-0.605265442623165,-0.612670743309676,-0.617702401378008,-0.637735306687344,-0.657673614503586,-0.678466201521275,-0.697075211436065,-0.713310578732694,-0.721950289651187,-0.730399644878062,-0.738469159250741,-0.749766885619411,-0.768565380696759,-0.787743716628277,-0.807112118075076,-0.824961736457869,-0.838064069604329,-0.84736857456173,-0.855533847132945,-0.862370111979079,-0.872339410975382,-0.88753043355529,-0.901581933572655,-0.915728321259478,-0.926931159958696,-0.936519747571744,-0.943640095073524,-0.949811275704392,-0.956077344004718,-0.968325107773379,-0.980857824726752,-0.992251019117595,-0.999656609980457,-1.00592296845715,-1.00972050646985,-1.01152453289493,-1.014562969552,-1.02785507803737,-1.04314098828673,-1.05728795632627,-1.06877603838657,-1.08016923277741,-1.08596086273046,-1.08871405602644,-1.09270107920171,-1.10504344046346,-1.1160562136474,-1.12592975444517,-1.13713288332074,-1.14795646151849,-1.15441259533408,-1.16162870103439,-1.17264234474742,-1.18697879794951,-1.20084052262797,-1.20397355677814,-1.2072011884214,-1.20720089824504,-1.20302322920179,-1.19865578481964,-1.21460619893154,-1.23036712788089,-1.23891224130629,-1.24612805683025,-1.25258419064584,-1.24869147478733,-1.24223505079537,-1.25096964938332,-1.26435635536179,-1.27888229372643,-1.28685721060603,-1.2975853207816,-1.30081295242487,-1.30043282139433,-1.26900672169415,-1.20605992480071,-1.11425073634052,-0.977058835832245
-0.774585788438571,-0.503205171143486,-0.210334348122431,0.123994617430113,0.458038193887594,0.666565786370425,0.790084627920218,0.837628068070179,0.816423251439264,0.770400336488209,0.774203683827292,0.816327637373814,0.878990596536223,0.935948098759608,0.96342856927913,0.968468215203101,0.970845488927684,0.979783805635937,0.999181836112117,1.03027587894112,1.06146495459506,1.07259018875777,1.07572801570207,1.08590234037494,1.10007007803677,1.1150936923635,1.13667864029414,1.15892939923982,1.16377927013419,1.16311404035968,1.16225845431503,1.1661571250993,1.17024586153344,1.18241674739066,1.19667980849767,1.21122825869974,1.21617287179878,1.21940573156802,1.22102216145263,1.22473018534652,1.23014967194997,1.24108425922229,1.25258962468474,1.26533128873206,1.27341372877541,1.27769282147967,1.28083093904423,1.28558548649341,1.29119591060749,1.29880347714643,1.30755201882508,1.31687104807357,1.32219637371286,1.32447861461252,1.32628511014699,1.33094433415098,1.33579362380483,1.34301989656301,1.35167253355594,1.36108601438885,1.36460397263289,1.36688592291228,1.36850264341715,1.37487391137121,1.38229112164003,1.39275112602822,1.40359126171614,1.41500159435365,1.41623760231828,1.41338487384877,1.41043711255433,1.40691886369004,1.40549279007555,1.41015201407953,1.40501704471037,1.36641104940787,1.28948502913847,1.16415911081366,0.991669883638628,0.79588424582339,0.621968945033863,0.474677947478689,0.362949860486381,0.287355171626786,0.239050597016591,0.187703228287024,0.140825017911581,0.096514146910597,0.0544852261890033,0.0189223156261382,-0.00865347833857669,-0.0343277439438792,-0.0578148014744616,-0.0787345196305848,-0.108497231049768,-0.136643221964073,-0.164028078418144,-0.191508258317402,-0.215374865907176,-0.23344127435328,-0.25179278127417,-0.269859189720269,-0.286974688676535,-0.311031943156694,-0.335564652381773,-0.359717230307131,-0.383394644107835,-0.405360304578725,-0.422476094155249,-0.438450908592066,-0.453855235459041,-0.469164238880823,-0.487230937947186,-0.506438902773502,-0.525646576979553,-0.542952432205941,-0.560258287432322,-0.57518686893412,-0.589544962866064,-0.603332859848424,-0.619973485300281,-0.635853266912182,-0.652398568918852,-0.668373383355675,-0.677596798538713,-0.684442939997168,-0.692144958120527,-0.699181746469361,-0.705457690978226,-0.725331176199318,-0.746726058480102,-0.766599543701201,-0.786948193046954,-0.80625090007794,-0.817661523335705,-0.827835848008588,-0.837439685111617,-0.845522125154954,-0.856647359317669,-0.869008310824756,-0.879753123067486,-0.885268223736376,-0.891734233895105,-0.895727937504303,-0.89896137851406,-0.904666835453072,-0.922733534519428,-0.940324778840865,-0.958391768527479,-0.968090638455437,-0.975983012848923,-0.976934212959019,-0.97740995832419,-0.978075478718972,-0.994430715075786,-1.01240238131721,-1.0305641132085,-1.04149899110109,-1.05043730780933,-1.05176863921916,-1.05138821729917,-1.05005659526909,-1.06336874688627,-1.07915291443271,-1.09503211480408,-1.10748838975636,-1.12051544289874,-1.12631564204243,-1.13040437847657,-1.13373256169099,-1.14447737393371,-1.15626841911147,-1.15798046306154,-1.16073873994663,-1.16425757005145,-1.16473360603687,-1.16444850756208,-1.18441673498785,-1.20419431552324,-1.22159462233403,-1.2346210942359,-1.24622149252327,-1.24736246766297,-1.24783821302815,-1.2510716540379,-1.26172172407596,-1.27370283490358,-1.2781719932577,-1.2815949186768,-1.28387657833594,-1.28140398116615,-1.27760034320681,-1.28863054454459,-1.30137249921218,-1.30546152626658,-1.30898006575113,-1.19183220153512,-0.979120839793223,-0.702415187479105,-0.353538062344761
0.133024305353471,0.440403634017912,0.663534846221711,0.844213907337614,0.941675960056848,0.9228401934984,0.917499053727065,0.91890508413985,0.919092688523702,0.93446164063598,0.967635824080556,1.00512061207032,1.03407756353328,1.04466675693128,1.04794625341249,1.06050343111812,1.07877753020061,1.1000504352358,1.12338526998,1.14625152339292,1.15140620445601,1.15365545212998,1.15759170716416,1.1634020011046,1.16958721739384,1.1828942397971,1.19788826956056,1.20782156366231,1.21484971079384,1.21916031533903,1.22928150024354,1.23949605771162,1.25252210316746,1.26732881496597,1.28297874402568,1.28672682183818,1.28672682183817,1.28588331815808,1.28972562779087,1.29469270447011,1.30481417579354,1.31755924430194,1.33049191719419,1.33189766118806,1.33161639782172,1.33077289414162,1.33180400220558,1.33367832753074,1.3419251871101,1.35026570567194,1.35944972791387,1.36404159582539,1.36629084349936,1.36704068819699,1.36863403657472,1.3729449275388,1.37875522147923,1.38625223636096,1.39524865421904,1.40283932808325,1.4038698633094,1.40452547618674,1.40330676373891,1.40564909755755,1.40892859403876,1.41614434555416,1.42326672450599,1.43188879285306,1.42551683143668,1.39178069409724,1.32046553694777,1.20941548487786,1.05956798696898,0.8808569101607,0.707956127292866,0.558670869697758,0.439467903449861,0.343411881143399,0.278187422043974,0.226457303312758,0.179694261260779,0.139678389392902,0.108096981488242,0.0777337131935922,0.0486828163292472,0.0230053613475035,-0.00941926381835392,-0.0404384314092424,-0.0691146923436808,-0.0970413949994011,-0.123375035696294,-0.144554568167907,-0.165827473203095,-0.186631796906992,-0.206686562332171,-0.23002111065747,-0.252980736633953,-0.27490982738429,-0.297588476413345,-0.318861095029622,-0.337884465971929,-0.357001495896708,-0.375555999088818,-0.391861541025863,-0.410041694706978,-0.4277535534757,-0.444715853965711,-0.462615603537202,-0.480046771777403,-0.495697273674924,-0.512003674868684,-0.527185595434914,-0.541336407937183,-0.559048266705911,-0.576947443439593,-0.594003116493172,-0.60749745686138,-0.620523215898297,-0.630362851017567,-0.639921509189415,-0.648917927047493,-0.666723444798695,-0.684997543881182,-0.703458960928628,-0.722669936254793,-0.735508663745674,-0.743286941993743,-0.749940739614275,-0.756407219269861,-0.760905714617801,-0.77805504665386,-0.794829456341095,-0.812634687673398,-0.825566787727842,-0.83887381013109,-0.845152685402811,-0.851993800988297,-0.857148195632488,-0.872048566413482,-0.887042596176949,-0.902973502184081,-0.918342454296359,-0.932492980379717,-0.941302080272848,-0.950111180165972,-0.957702140449087,-0.964636628598141,-0.975413426379999,-0.986565146510669,-0.997529548676379,-1.00568274927326,-1.01411749965539,-1.0200220254161,-1.02489544311287,-1.02911296151339,-1.03979638673166,-1.05113571124619,-1.05853906714544,-1.06650494977737,-1.07653218928051,-1.08346696384847,-1.09068271536386,-1.10755078403359,-1.12479348863321,-1.14128663495411,-1.14709664247563,-1.15150090600329,-1.14972023966061,-1.14709635605674,-1.14231717018026,-1.15815470362383,-1.17380491910245,-1.18804939058719,-1.19882618836904,-1.20969664513337,-1.21016494004575,-1.21063352137705,-1.21485075335865,-1.22609670530961,-1.23902937820187,-1.24324689660239,-1.24708920623518,-1.24821368686271,-1.24558980325883,-1.24090456278375,-1.25243149168214,-1.26564542794074,-1.26855086132986,-1.27145600830008,-1.27539169049644,-1.26761341224837,-1.20922978231552,-1.13922585092072,-1.0332359616747,-0.85958504769033,-0.672533165901315,-0.538897837365899,-0.424380111593093,-0.342381242806433,-0.340788467266505
-0.352267524230163,-0.266666865737586,-0.139568174629001,0.0187006073949908,0.243403153516952,0.521606075649863,0.692621979947392,0.822977621226634,0.928211549585716,0.96114988604035,0.91211590829886,0.904114440827338,0.909883277914706,0.920676173210819,0.956591065802377,1.003671385317,1.02832786026638,1.03363117500771,1.0352125859829,1.03949243406359,1.04944812851256,1.07131374438794,1.09615676952608,1.10769472807612,1.11113765968495,1.11150990693661,1.11709247821051,1.12555946802809,1.13914379114879,1.15505430412332,1.17189557741466,1.17961835710418,1.18454970896912,1.19320296460017,1.20204220166941,1.2105089071117,1.22306976357178,1.23721231538234,1.24400405037976,1.24800464192788,1.25079578537718,1.2574018233117,1.26456608993608,1.27619675482991,1.28875761128998,1.30159772428263,1.30531934367347,1.30606383817681,1.3047613993589,1.30438972085781,1.30532048117463,1.31108960263728,1.31844041945042,1.32718666580057,1.33425794170585,1.33797984547197,1.34067828257747,1.343004188056,1.34663281672773,1.35305258884878,1.36198424788654,1.37110217273779,1.38059262921598,1.38533799964273,1.38645502577303,1.38543241223826,1.39073658010544,1.39622672941081,1.40422876563291,1.41409146936278,1.4248843646589,1.42348836637132,1.42032469129506,1.41660278752894,1.3902710577594,1.33165277969474,1.23870130438902,1.10257682602242,0.922070465246681,0.737283972014964,0.568222294694872,0.427631986809383,0.321933673605392,0.251405758489618,0.201347745336931,0.160128684878194,0.123934251378781,0.0900657233579001,0.059360870413285,0.0271673128372724,-0.00381651226463219,-0.0343350993957705,-0.063364981895524,-0.0913713977346464,-0.117796118223292,-0.14273213408054,-0.166365711119886,-0.190557232473792,-0.214097250043462,-0.236427535139023,-0.258199591544726,-0.28062286735938,-0.301464732198842,-0.322027624881022,-0.342404536125004,-0.362874438088085,-0.382413864109634,-0.402139271569379,-0.421678697590928,-0.440566904203525,-0.459176138658827,-0.476855181547895,-0.493789729933628,-0.51063100322497,-0.528216486644361,-0.545243456998607,-0.562270142977568,-0.57976235130258,-0.597161568908501,-0.613630310572883,-0.630006345893464,-0.646847619184812,-0.663130379411003,-0.678389672976575,-0.693462985103957,-0.709280222984095,-0.724260260017099,-0.739426562863566,-0.755244369494283,-0.769387205680132,-0.781297411481833,-0.792462838404906,-0.80158104763143,-0.809117277132192,-0.818979980862065,-0.829679601063793,-0.836471904811792,-0.843357483654175,-0.851266529157176,-0.856756109711968,-0.861408773794904,-0.874248886787553,-0.889507895977839,-0.902906237660352,-0.907279360835434,-0.912954922828416,-0.913420160799176,-0.911838749823979,-0.911559777666689,-0.93137846022082,-0.9492429157975,-0.969526551947092,-0.98218039912627,-0.994369008334675,-0.995205924806531,-0.996508363624439,-0.994926383898669,-1.00776621251604,-1.02144352635583,-1.02702609762972,-1.03335316340695,-1.04284390426044,-1.04656580802656,-1.05028771179268,-1.07308380360959,-1.09681008699274,-1.11765195183219,-1.13253928252138,-1.14640314654994,-1.15012533469135,-1.15124236082165,-1.15235910257666,-1.16371051093792,-1.17459668132842,-1.17580612942723,-1.17738782477772,-1.17962102391245,-1.17496892858009,-1.17106104337577,-1.18511060446724,-1.19869464321265,-1.20102054869119,-1.20390468285959,-1.20548637821007,-1.19832182721041,-1.19273925593652,-1.20892874106833,-1.22474626332377,-1.22902611140446,-1.23135230125828,-1.23265502445148,-1.22176913843628,-1.2132091578996,-1.22911995524941,-1.24763591461034,-1.25396298038757,-1.25241209235992,-1.21026255595966,-1.1535257679933,-1.01344092138316
